#,"Date Time, GMT-04:00",Temp,Intensity,"GDD, DDc "
1,7/4/2017 20:00,27.567,0,
2,7/4/2017 21:00,26.977,0,
3,7/4/2017 22:00,26.292,0,
4,7/4/2017 23:00,25.708,0,
5,7/5/2017 0:00,25.125,0,
6,7/5/2017 1:00,24.545,0,
7,7/5/2017 2:00,23.966,0,
8,7/5/2017 3:00,23.292,0,
9,7/5/2017 4:00,22.717,0,
10,7/5/2017 5:00,22.142,0,
11,7/5/2017 6:00,21.664,0,
12,7/5/2017 7:00,20.424,0,
13,7/5/2017 8:00,21.473,0,
14,7/5/2017 9:00,23.004,0,
15,7/5/2017 10:00,23.869,0,
16,7/5/2017 11:00,23.677,0,
17,7/5/2017 12:00,24.255,0,10.403
18,7/5/2017 13:00,26.195,0,
19,7/5/2017 14:00,32.911,0,
20,7/5/2017 15:00,35.222,0,
21,7/5/2017 16:00,36.187,0,
22,7/5/2017 17:00,34.268,0,
23,7/5/2017 18:00,34.058,0,
24,7/5/2017 19:00,26.977,0,
25,7/5/2017 20:00,22.908,64.6,
26,7/5/2017 21:00,22.908,10.8,
27,7/5/2017 22:00,23.1,0,
28,7/5/2017 23:00,23.004,0,
29,7/6/2017 0:00,23.004,0,
30,7/6/2017 1:00,22.908,0,
31,7/6/2017 2:00,22.812,0,
32,7/6/2017 3:00,22.812,0,
33,7/6/2017 4:00,22.717,0,
34,7/6/2017 5:00,22.717,0,
35,7/6/2017 6:00,22.717,0,
36,7/6/2017 7:00,22.621,64.6,
37,7/6/2017 8:00,22.621,172.2,
38,7/6/2017 9:00,22.717,290.6,
39,7/6/2017 10:00,23.1,355.2,
40,7/6/2017 11:00,23.581,462.9,
41,7/6/2017 12:00,24.158,1097.9,14.009
42,7/6/2017 13:00,24.062,559.7,
43,7/6/2017 14:00,23.581,322.9,
44,7/6/2017 15:00,23.869,1345.5,
45,7/6/2017 16:00,24.255,2755.6,
46,7/6/2017 17:00,23.966,355.2,
47,7/6/2017 18:00,23.869,968.8,
48,7/6/2017 19:00,23.773,96.9,
49,7/6/2017 20:00,23.773,75.3,
50,7/6/2017 21:00,23.581,10.8,
51,7/6/2017 22:00,23.484,0,
52,7/6/2017 23:00,23.388,0,
53,7/7/2017 0:00,23.292,0,
54,7/7/2017 1:00,23.292,0,
55,7/7/2017 2:00,23.1,0,
56,7/7/2017 3:00,23.1,0,
57,7/7/2017 4:00,23.004,0,
58,7/7/2017 5:00,23.004,0,
59,7/7/2017 6:00,22.908,0,
60,7/7/2017 7:00,22.908,129.2,
61,7/7/2017 8:00,22.908,269.1,
62,7/7/2017 9:00,23.004,624.3,
63,7/7/2017 10:00,23.1,215.3,
64,7/7/2017 11:00,23.1,215.3,
65,7/7/2017 12:00,23.1,398.3,17.966
66,7/7/2017 13:00,23.388,936.5,
67,7/7/2017 14:00,23.581,322.9,
68,7/7/2017 15:00,23.966,3272.2,
69,7/7/2017 16:00,24.641,3961.1,
70,7/7/2017 17:00,23.869,290.6,
71,7/7/2017 18:00,23.677,258.3,
72,7/7/2017 19:00,23.484,118.4,
73,7/7/2017 20:00,23.292,43.1,
74,7/7/2017 21:00,23.196,0,
75,7/7/2017 22:00,23.004,0,
76,7/7/2017 23:00,22.908,0,
77,7/8/2017 0:00,22.908,0,
78,7/8/2017 1:00,22.812,0,
79,7/8/2017 2:00,22.717,0,
80,7/8/2017 3:00,22.621,0,
81,7/8/2017 4:00,22.525,0,
82,7/8/2017 5:00,22.429,0,
83,7/8/2017 6:00,22.333,0,
84,7/8/2017 7:00,22.333,129.2,
85,7/8/2017 8:00,22.429,258.3,
86,7/8/2017 9:00,22.429,484.4,
87,7/8/2017 10:00,22.717,710.4,
88,7/8/2017 11:00,23.1,1001,
89,7/8/2017 12:00,23.773,3100,21.467
90,7/8/2017 13:00,23.966,2238.9,
91,7/8/2017 14:00,24.255,6200,
92,7/8/2017 15:00,24.158,1722.2,
93,7/8/2017 16:00,24.158,419.8,
94,7/8/2017 17:00,23.869,322.9,
95,7/8/2017 18:00,23.773,925.7,
96,7/8/2017 19:00,23.388,96.9,
97,7/8/2017 20:00,23.1,64.6,
98,7/8/2017 21:00,22.908,10.8,
99,7/8/2017 22:00,22.717,0,
100,7/8/2017 23:00,22.717,0,
101,7/9/2017 0:00,22.621,0,
102,7/9/2017 1:00,22.621,0,
103,7/9/2017 2:00,22.525,0,
104,7/9/2017 3:00,22.429,0,
105,7/9/2017 4:00,22.429,0,
106,7/9/2017 5:00,22.333,0,
107,7/9/2017 6:00,22.238,0,
108,7/9/2017 7:00,22.238,53.8,
109,7/9/2017 8:00,22.238,139.9,
110,7/9/2017 9:00,22.333,322.9,
111,7/9/2017 10:00,22.525,452.1,
112,7/9/2017 11:00,23.004,527.4,
113,7/9/2017 12:00,23.773,1313.2,25.118
114,7/9/2017 13:00,24.158,1808.3,
115,7/9/2017 14:00,24.158,2238.9,
116,7/9/2017 15:00,24.545,1808.3,
117,7/9/2017 16:00,24.545,3616.7,
118,7/9/2017 17:00,24.062,581.3,
119,7/9/2017 18:00,23.484,172.2,
120,7/9/2017 19:00,23.484,21.5,
121,7/9/2017 20:00,23.196,21.5,
122,7/9/2017 21:00,23.004,0,
123,7/9/2017 22:00,22.908,0,
124,7/9/2017 23:00,22.717,0,
125,7/10/2017 0:00,22.621,0,
126,7/10/2017 1:00,22.621,0,
127,7/10/2017 2:00,22.621,0,
128,7/10/2017 3:00,22.525,0,
129,7/10/2017 4:00,22.429,0,
130,7/10/2017 5:00,22.333,0,
131,7/10/2017 6:00,22.333,0,
132,7/10/2017 7:00,22.333,75.3,
133,7/10/2017 8:00,22.429,247.6,
134,7/10/2017 9:00,22.429,279.9,
135,7/10/2017 10:00,22.621,635.1,
136,7/10/2017 11:00,23.004,581.3,
137,7/10/2017 12:00,23.869,1184,28.866
138,7/10/2017 13:00,24.351,6200,
139,7/10/2017 14:00,24.641,656.6,
140,7/10/2017 15:00,24.641,592,
141,7/10/2017 16:00,24.545,1280.9,
142,7/10/2017 17:00,24.351,495.1,
143,7/10/2017 18:00,24.158,3100,
144,7/10/2017 19:00,24.062,613.5,
145,7/10/2017 20:00,23.966,193.8,
146,7/10/2017 21:00,23.869,21.5,
147,7/10/2017 22:00,23.773,0,
148,7/10/2017 23:00,23.773,0,
149,7/11/2017 0:00,23.677,0,
150,7/11/2017 1:00,23.581,0,
151,7/11/2017 2:00,23.484,0,
152,7/11/2017 3:00,23.388,0,
153,7/11/2017 4:00,23.292,0,
154,7/11/2017 5:00,23.196,0,
155,7/11/2017 6:00,23.1,0,
156,7/11/2017 7:00,23.004,269.1,
157,7/11/2017 8:00,23.004,473.6,
158,7/11/2017 9:00,23.1,775,
159,7/11/2017 10:00,23.484,1044.1,
160,7/11/2017 11:00,23.966,1345.5,
161,7/11/2017 12:00,24.835,1894.5,33.97
162,7/11/2017 13:00,24.835,1808.3,
163,7/11/2017 14:00,25.708,2152.8,
164,7/11/2017 15:00,25.708,2152.8,
165,7/11/2017 16:00,25.805,3444.5,
166,7/11/2017 17:00,26.39,699.7,
167,7/11/2017 18:00,25.902,1722.2,
168,7/11/2017 19:00,25.708,269.1,
169,7/11/2017 20:00,25.416,355.2,
170,7/11/2017 21:00,25.416,10.8,
171,7/11/2017 22:00,25.416,0,
172,7/11/2017 23:00,25.125,0,
173,7/12/2017 0:00,24.835,0,
174,7/12/2017 1:00,24.738,0,
175,7/12/2017 2:00,24.738,0,
176,7/12/2017 3:00,24.545,0,
177,7/12/2017 4:00,24.448,0,
178,7/12/2017 5:00,24.351,0,
179,7/12/2017 6:00,24.255,0,
180,7/12/2017 7:00,24.158,107.6,
181,7/12/2017 8:00,24.158,193.8,
182,7/12/2017 9:00,24.062,279.9,
183,7/12/2017 10:00,24.062,269.1,
184,7/12/2017 11:00,24.062,139.9,
185,7/12/2017 12:00,24.062,527.4,38.469
186,7/12/2017 13:00,24.351,1636.1,
187,7/12/2017 14:00,24.545,699.7,
188,7/12/2017 15:00,24.641,2238.9,
189,7/12/2017 16:00,24.738,1377.8,
190,7/12/2017 17:00,24.545,409,
191,7/12/2017 18:00,24.545,1980.6,
192,7/12/2017 19:00,24.545,301.4,
193,7/12/2017 20:00,24.448,150.7,
194,7/12/2017 21:00,24.448,10.8,
195,7/12/2017 22:00,24.351,0,
196,7/12/2017 23:00,24.255,0,
197,7/13/2017 0:00,24.158,0,
198,7/13/2017 1:00,24.158,0,
199,7/13/2017 2:00,23.966,0,
200,7/13/2017 3:00,23.869,0,
201,7/13/2017 4:00,23.773,0,
202,7/13/2017 5:00,23.773,0,
203,7/13/2017 6:00,23.677,0,
204,7/13/2017 7:00,23.677,21.5,
205,7/13/2017 8:00,23.677,64.6,
206,7/13/2017 9:00,23.581,96.9,
207,7/13/2017 10:00,23.581,258.3,
208,7/13/2017 11:00,23.581,387.5,
209,7/13/2017 12:00,23.581,441.3,42.257
210,7/13/2017 13:00,23.581,441.3,
211,7/13/2017 14:00,23.581,441.3,
212,7/13/2017 15:00,23.581,452.1,
213,7/13/2017 16:00,23.581,430.6,
214,7/13/2017 17:00,23.581,624.3,
215,7/13/2017 18:00,23.581,376.7,
216,7/13/2017 19:00,23.581,366,
217,7/13/2017 20:00,23.484,75.3,
218,7/13/2017 21:00,23.388,0,
219,7/13/2017 22:00,23.292,0,
220,7/13/2017 23:00,23.292,0,
221,7/14/2017 0:00,23.292,0,
222,7/14/2017 1:00,23.196,0,
223,7/14/2017 2:00,23.1,0,
224,7/14/2017 3:00,23.004,0,
225,7/14/2017 4:00,23.004,0,
226,7/14/2017 5:00,23.004,0,
227,7/14/2017 6:00,23.004,0,
228,7/14/2017 7:00,23.004,53.8,
229,7/14/2017 8:00,23.004,107.6,
230,7/14/2017 9:00,22.908,172.2,
231,7/14/2017 10:00,23.004,473.6,
232,7/14/2017 11:00,22.908,301.4,
233,7/14/2017 12:00,22.908,527.4,45.251
234,7/14/2017 13:00,23.004,742.7,
235,7/14/2017 14:00,22.908,269.1,
236,7/14/2017 15:00,22.908,452.1,
237,7/14/2017 16:00,22.908,688.9,
238,7/14/2017 17:00,22.908,312.2,
239,7/14/2017 18:00,22.908,376.7,
240,7/14/2017 19:00,22.812,279.9,
241,7/14/2017 20:00,22.812,258.3,
242,7/14/2017 21:00,22.812,32.3,
243,7/14/2017 22:00,22.717,0,
244,7/14/2017 23:00,22.621,0,
245,7/15/2017 0:00,22.621,0,
246,7/15/2017 1:00,22.525,0,
247,7/15/2017 2:00,22.525,0,
248,7/15/2017 3:00,22.429,0,
249,7/15/2017 4:00,22.429,0,
250,7/15/2017 5:00,22.429,0,
251,7/15/2017 6:00,22.333,0,
252,7/15/2017 7:00,22.333,75.3,
253,7/15/2017 8:00,22.333,279.9,
254,7/15/2017 9:00,22.429,527.4,
255,7/15/2017 10:00,22.525,753.5,
256,7/15/2017 11:00,22.812,1280.9,
257,7/15/2017 12:00,23.581,1894.5,48.445
258,7/15/2017 13:00,23.773,2238.9,
259,7/15/2017 14:00,23.773,14466.8,
260,7/15/2017 15:00,23.773,2669.5,
261,7/15/2017 16:00,23.773,2927.8,
262,7/15/2017 17:00,23.196,699.7,
263,7/15/2017 18:00,23.004,1065.6,
264,7/15/2017 19:00,23.004,193.8,
265,7/15/2017 20:00,22.908,215.3,
266,7/15/2017 21:00,22.908,10.8,
267,7/15/2017 22:00,22.908,0,
268,7/15/2017 23:00,22.812,0,
269,7/16/2017 0:00,23.1,0,
270,7/16/2017 1:00,23.1,0,
271,7/16/2017 2:00,23.1,0,
272,7/16/2017 3:00,23.004,0,
273,7/16/2017 4:00,23.004,0,
274,7/16/2017 5:00,22.908,0,
275,7/16/2017 6:00,22.812,0,
276,7/16/2017 7:00,22.812,53.8,
277,7/16/2017 8:00,22.717,75.3,
278,7/16/2017 9:00,22.717,96.9,
279,7/16/2017 10:00,22.812,592,
280,7/16/2017 11:00,22.717,570.5,
281,7/16/2017 12:00,22.812,1205.6,51.84
282,7/16/2017 13:00,23.388,1636.1,
283,7/16/2017 14:00,23.677,2325,
284,7/16/2017 15:00,23.773,2497.2,
285,7/16/2017 16:00,23.869,828.8,
286,7/16/2017 17:00,23.773,1184,
287,7/16/2017 18:00,23.677,398.3,
288,7/16/2017 19:00,23.484,398.3,
289,7/16/2017 20:00,23.292,161.5,
290,7/16/2017 21:00,23.1,32.3,
291,7/16/2017 22:00,23.004,0,
292,7/16/2017 23:00,22.908,0,
293,7/17/2017 0:00,22.812,0,
294,7/17/2017 1:00,22.717,0,
295,7/17/2017 2:00,22.717,0,
296,7/17/2017 3:00,22.621,0,
297,7/17/2017 4:00,22.525,0,
298,7/17/2017 5:00,22.429,0,
299,7/17/2017 6:00,22.429,0,
300,7/17/2017 7:00,22.429,355.2,
301,7/17/2017 8:00,22.525,516.7,
302,7/17/2017 9:00,22.525,775,
303,7/17/2017 10:00,22.812,979.5,
304,7/17/2017 11:00,23.1,1722.2,
305,7/17/2017 12:00,23.484,2238.9,55.869
306,7/17/2017 13:00,24.448,2152.8,
307,7/17/2017 14:00,24.255,2066.7,
308,7/17/2017 15:00,24.255,2927.8,
309,7/17/2017 16:00,25.028,3961.1,
310,7/17/2017 17:00,24.835,430.6,
311,7/17/2017 18:00,24.545,452.1,
312,7/17/2017 19:00,24.448,215.3,
313,7/17/2017 20:00,24.158,129.2,
314,7/17/2017 21:00,23.869,32.3,
315,7/17/2017 22:00,23.773,0,
316,7/17/2017 23:00,23.966,0,
317,7/18/2017 0:00,23.869,0,
318,7/18/2017 1:00,23.677,0,
319,7/18/2017 2:00,23.484,0,
320,7/18/2017 3:00,23.292,0,
321,7/18/2017 4:00,23.196,0,
322,7/18/2017 5:00,23.1,0,
323,7/18/2017 6:00,23.004,0,
324,7/18/2017 7:00,22.908,312.2,
325,7/18/2017 8:00,23.004,516.7,
326,7/18/2017 9:00,23.004,839.6,
327,7/18/2017 10:00,23.196,1065.6,
328,7/18/2017 11:00,23.773,1302.4,
329,7/18/2017 12:00,24.158,1636.1,60.133
330,7/18/2017 13:00,24.351,1980.6,
331,7/18/2017 14:00,24.351,2411.1,
332,7/18/2017 15:00,24.448,13089,
333,7/18/2017 16:00,25.125,99200.7,
334,7/18/2017 17:00,23.966,462.9,
335,7/18/2017 18:00,23.773,344.4,
336,7/18/2017 19:00,23.773,322.9,
337,7/18/2017 20:00,23.677,150.7,
338,7/18/2017 21:00,23.677,21.5,
339,7/18/2017 22:00,23.869,0,
340,7/18/2017 23:00,23.869,0,
341,7/19/2017 0:00,23.869,0,
342,7/19/2017 1:00,23.869,0,
343,7/19/2017 2:00,23.773,0,
344,7/19/2017 3:00,23.773,0,
345,7/19/2017 4:00,23.677,0,
346,7/19/2017 5:00,23.677,0,
347,7/19/2017 6:00,23.581,0,
348,7/19/2017 7:00,23.484,32.3,
349,7/19/2017 8:00,23.484,333.7,
350,7/19/2017 9:00,23.484,527.4,
351,7/19/2017 10:00,23.677,990.3,
352,7/19/2017 11:00,24.158,1377.8,
353,7/19/2017 12:00,24.448,1722.2,65.288
354,7/19/2017 13:00,25.028,3444.5,
355,7/19/2017 14:00,25.222,2152.8,
356,7/19/2017 15:00,25.319,2755.6,
357,7/19/2017 16:00,26.195,30311.3,
358,7/19/2017 17:00,25.416,990.3,
359,7/19/2017 18:00,25.319,247.6,
360,7/19/2017 19:00,24.931,258.3,
361,7/19/2017 20:00,24.641,64.6,
362,7/19/2017 21:00,24.545,10.8,
363,7/19/2017 22:00,24.351,0,
364,7/19/2017 23:00,24.158,0,
365,7/20/2017 0:00,24.158,0,
366,7/20/2017 1:00,24.062,0,
367,7/20/2017 2:00,23.966,0,
368,7/20/2017 3:00,23.869,0,
369,7/20/2017 4:00,23.869,0,
370,7/20/2017 5:00,23.773,0,
371,7/20/2017 6:00,23.773,0,
372,7/20/2017 7:00,23.677,118.4,
373,7/20/2017 8:00,23.677,118.4,
374,7/20/2017 9:00,23.773,215.3,
375,7/20/2017 10:00,23.773,226,
376,7/20/2017 11:00,23.869,871.9,
377,7/20/2017 12:00,24.255,1894.5,69.955
378,7/20/2017 13:00,24.641,2238.9,
379,7/20/2017 14:00,24.931,1808.3,
380,7/20/2017 15:00,25.222,1636.1,
381,7/20/2017 16:00,25.319,2755.6,
382,7/20/2017 17:00,25.125,387.5,
383,7/20/2017 18:00,24.931,139.9,
384,7/20/2017 19:00,24.738,247.6,
385,7/20/2017 20:00,24.641,183,
386,7/20/2017 21:00,24.448,53.8,
387,7/20/2017 22:00,24.255,0,
388,7/20/2017 23:00,24.158,0,
389,7/21/2017 0:00,24.062,0,
390,7/21/2017 1:00,23.966,0,
391,7/21/2017 2:00,23.966,0,
392,7/21/2017 3:00,23.869,0,
393,7/21/2017 4:00,23.869,0,
394,7/21/2017 5:00,23.869,0,
395,7/21/2017 6:00,23.773,0,
396,7/21/2017 7:00,23.773,193.8,
397,7/21/2017 8:00,23.773,538.2,
398,7/21/2017 9:00,23.966,688.9,
399,7/21/2017 10:00,24.158,1119.5,
400,7/21/2017 11:00,24.545,1808.3,
401,7/21/2017 12:00,25.028,2238.9,74.904
402,7/21/2017 13:00,25.513,2325,
403,7/21/2017 14:00,25.708,2583.4,
404,7/21/2017 15:00,25.416,2325,
405,7/21/2017 16:00,25.513,2411.1,
406,7/21/2017 17:00,25.416,2066.7,
407,7/21/2017 18:00,25.125,731.9,
408,7/21/2017 19:00,25.125,592,
409,7/21/2017 20:00,24.835,139.9,
410,7/21/2017 21:00,24.641,43.1,
411,7/21/2017 22:00,24.545,0,
412,7/21/2017 23:00,24.448,0,
413,7/22/2017 0:00,24.351,0,
414,7/22/2017 1:00,24.351,0,
415,7/22/2017 2:00,24.448,0,
416,7/22/2017 3:00,24.351,0,
417,7/22/2017 4:00,24.255,0,
418,7/22/2017 5:00,24.158,0,
419,7/22/2017 6:00,24.158,0,
420,7/22/2017 7:00,24.158,10.8,
421,7/22/2017 8:00,24.062,290.6,
422,7/22/2017 9:00,24.255,1087.2,
423,7/22/2017 10:00,24.351,2066.7,
424,7/22/2017 11:00,24.448,1550,
425,7/22/2017 12:00,24.545,1173.3,79.65
426,7/22/2017 13:00,24.835,2066.7,
427,7/22/2017 14:00,25.222,1463.9,
428,7/22/2017 15:00,24.931,215.3,
429,7/22/2017 16:00,24.835,1054.9,
430,7/22/2017 17:00,24.931,1636.1,
431,7/22/2017 18:00,24.931,452.1,
432,7/22/2017 19:00,24.835,322.9,
433,7/22/2017 20:00,24.738,183,
434,7/22/2017 21:00,24.738,10.8,
435,7/22/2017 22:00,24.545,0,
436,7/22/2017 23:00,24.545,0,
437,7/23/2017 0:00,24.545,0,
438,7/23/2017 1:00,24.448,0,
439,7/23/2017 2:00,24.351,0,
440,7/23/2017 3:00,24.351,0,
441,7/23/2017 4:00,24.255,0,
442,7/23/2017 5:00,24.255,0,
443,7/23/2017 6:00,24.158,0,
444,7/23/2017 7:00,24.158,43.1,
445,7/23/2017 8:00,24.158,269.1,
446,7/23/2017 9:00,24.158,764.2,
447,7/23/2017 10:00,24.158,1377.8,
448,7/23/2017 11:00,24.255,602.8,
449,7/23/2017 12:00,24.351,742.7,83.894
450,7/23/2017 13:00,24.448,1313.2,
451,7/23/2017 14:00,24.448,150.7,
452,7/23/2017 15:00,24.255,1808.3,
453,7/23/2017 16:00,24.448,1044.1,
454,7/23/2017 17:00,24.448,592,
455,7/23/2017 18:00,24.351,645.8,
456,7/23/2017 19:00,24.351,269.1,
457,7/23/2017 20:00,24.255,344.4,
458,7/23/2017 21:00,24.255,32.3,
459,7/23/2017 22:00,24.062,0,
460,7/23/2017 23:00,23.966,0,
461,7/24/2017 0:00,23.869,0,
462,7/24/2017 1:00,23.773,0,
463,7/24/2017 2:00,23.677,0,
464,7/24/2017 3:00,23.773,0,
465,7/24/2017 4:00,23.677,0,
466,7/24/2017 5:00,23.677,0,
467,7/24/2017 6:00,23.581,0,
468,7/24/2017 7:00,23.581,96.9,
469,7/24/2017 8:00,23.484,495.1,
470,7/24/2017 9:00,23.484,893.4,
471,7/24/2017 10:00,23.581,839.6,
472,7/24/2017 11:00,23.773,1141,
473,7/24/2017 12:00,24.158,1313.2,88.491
474,7/24/2017 13:00,24.448,1227.1,
475,7/24/2017 14:00,24.738,2497.2,
476,7/24/2017 15:00,24.738,2152.8,
477,7/24/2017 16:00,25.319,5511.1,
478,7/24/2017 17:00,24.448,441.3,
479,7/24/2017 18:00,24.255,290.6,
480,7/24/2017 19:00,24.062,183,
481,7/24/2017 20:00,24.062,139.9,
482,7/24/2017 21:00,24.062,43.1,
483,7/24/2017 22:00,23.966,0,
484,7/24/2017 23:00,23.773,0,
485,7/25/2017 0:00,23.773,0,
486,7/25/2017 1:00,23.677,0,
487,7/25/2017 2:00,23.581,0,
488,7/25/2017 3:00,23.388,0,
489,7/25/2017 4:00,23.388,0,
490,7/25/2017 5:00,23.292,0,
491,7/25/2017 6:00,23.1,0,
492,7/25/2017 7:00,23.196,333.7,
493,7/25/2017 8:00,23.292,495.1,
494,7/25/2017 9:00,23.484,688.9,
495,7/25/2017 10:00,23.773,796.5,
496,7/25/2017 11:00,24.158,1065.6,
497,7/25/2017 12:00,24.545,1550,92.825
498,7/25/2017 13:00,24.931,3100,
499,7/25/2017 14:00,25.125,1550,
500,7/25/2017 15:00,24.931,2927.8,
501,7/25/2017 16:00,25.125,19289,
502,7/25/2017 17:00,24.545,936.5,
503,7/25/2017 18:00,24.255,301.4,
504,7/25/2017 19:00,24.158,193.8,
505,7/25/2017 20:00,24.158,204.5,
506,7/25/2017 21:00,24.158,0,
507,7/25/2017 22:00,24.158,0,
508,7/25/2017 23:00,24.062,0,
509,7/26/2017 0:00,23.966,0,
510,7/26/2017 1:00,23.966,0,
511,7/26/2017 2:00,23.869,0,
512,7/26/2017 3:00,23.773,0,
513,7/26/2017 4:00,23.773,0,
514,7/26/2017 5:00,23.773,0,
515,7/26/2017 6:00,23.677,0,
516,7/26/2017 7:00,23.677,0,
517,7/26/2017 8:00,23.581,21.5,
518,7/26/2017 9:00,23.581,215.3,
519,7/26/2017 10:00,23.677,1011.8,
520,7/26/2017 11:00,23.677,882.6,
521,7/26/2017 12:00,23.677,624.3,96.561
522,7/26/2017 13:00,23.677,376.7,
523,7/26/2017 14:00,23.581,150.7,
524,7/26/2017 15:00,23.581,635.1,
525,7/26/2017 16:00,23.581,549,
526,7/26/2017 17:00,23.581,398.3,
527,7/26/2017 18:00,23.581,183,
528,7/26/2017 19:00,23.581,139.9,
529,7/26/2017 20:00,23.581,64.6,
530,7/26/2017 21:00,23.581,0,
531,7/26/2017 22:00,23.484,0,
532,7/26/2017 23:00,23.484,0,
533,7/27/2017 0:00,23.484,0,
534,7/27/2017 1:00,23.388,0,
535,7/27/2017 2:00,23.388,0,
536,7/27/2017 3:00,23.388,0,
537,7/27/2017 4:00,23.388,0,
538,7/27/2017 5:00,23.388,0,
539,7/27/2017 6:00,23.388,0,
540,7/27/2017 7:00,23.388,118.4,
541,7/27/2017 8:00,23.388,258.3,
542,7/27/2017 9:00,23.388,473.6,
543,7/27/2017 10:00,23.773,731.9,
544,7/27/2017 11:00,24.062,1065.6,
545,7/27/2017 12:00,24.448,1636.1,101.062
546,7/27/2017 13:00,24.835,2152.8,
547,7/27/2017 14:00,25.028,775,
548,7/27/2017 15:00,25.028,2497.2,
549,7/27/2017 16:00,25.222,14466.8,
550,7/27/2017 17:00,24.641,344.4,
551,7/27/2017 18:00,24.448,290.6,
552,7/27/2017 19:00,24.351,129.2,
553,7/27/2017 20:00,24.158,75.3,
554,7/27/2017 21:00,24.062,10.8,
555,7/27/2017 22:00,24.062,0,
556,7/27/2017 23:00,23.869,0,
557,7/28/2017 0:00,23.773,0,
558,7/28/2017 1:00,23.581,0,
559,7/28/2017 2:00,23.581,0,
560,7/28/2017 3:00,23.388,0,
561,7/28/2017 4:00,23.388,0,
562,7/28/2017 5:00,23.388,0,
563,7/28/2017 6:00,23.292,0,
564,7/28/2017 7:00,23.196,96.9,
565,7/28/2017 8:00,23.292,161.5,
566,7/28/2017 9:00,23.388,484.4,
567,7/28/2017 10:00,23.484,1636.1,
568,7/28/2017 11:00,23.677,936.5,
569,7/28/2017 12:00,24.062,1722.2,105.184
570,7/28/2017 13:00,24.641,2583.4,
571,7/28/2017 14:00,24.545,1259.4,
572,7/28/2017 15:00,24.641,1808.3,
573,7/28/2017 16:00,24.738,6544.5,
574,7/28/2017 17:00,24.351,839.6,
575,7/28/2017 18:00,24.158,355.2,
576,7/28/2017 19:00,23.966,107.6,
577,7/28/2017 20:00,23.773,53.8,
578,7/28/2017 21:00,23.773,10.8,
579,7/28/2017 22:00,23.773,0,
580,7/28/2017 23:00,23.677,0,
581,7/29/2017 0:00,23.677,0,
582,7/29/2017 1:00,23.581,0,
583,7/29/2017 2:00,23.484,0,
584,7/29/2017 3:00,23.484,0,
585,7/29/2017 4:00,23.484,0,
586,7/29/2017 5:00,23.484,0,
587,7/29/2017 6:00,23.388,0,
588,7/29/2017 7:00,23.388,161.5,
589,7/29/2017 8:00,23.388,301.4,
590,7/29/2017 9:00,23.484,505.9,
591,7/29/2017 10:00,23.677,753.5,
592,7/29/2017 11:00,24.062,990.3,
593,7/29/2017 12:00,24.448,1636.1,109.561
594,7/29/2017 13:00,24.931,2411.1,
595,7/29/2017 14:00,25.028,1980.6,
596,7/29/2017 15:00,24.835,3100,
597,7/29/2017 16:00,24.931,1808.3,
598,7/29/2017 17:00,24.835,376.7,
599,7/29/2017 18:00,24.641,366,
600,7/29/2017 19:00,24.448,193.8,
601,7/29/2017 20:00,24.255,118.4,
602,7/29/2017 21:00,24.062,21.5,
603,7/29/2017 22:00,23.869,0,
604,7/29/2017 23:00,23.773,0,
605,7/30/2017 0:00,23.677,0,
606,7/30/2017 1:00,23.581,0,
607,7/30/2017 2:00,23.581,0,
608,7/30/2017 3:00,23.484,0,
609,7/30/2017 4:00,23.484,0,
610,7/30/2017 5:00,23.388,0,
611,7/30/2017 6:00,23.292,0,
612,7/30/2017 7:00,23.196,183,
613,7/30/2017 8:00,23.292,344.4,
614,7/30/2017 9:00,23.388,549,
615,7/30/2017 10:00,23.581,807.3,
616,7/30/2017 11:00,23.869,1248.6,
617,7/30/2017 12:00,24.545,2152.8,114.053
618,7/30/2017 13:00,25.028,2411.1,
619,7/30/2017 14:00,24.835,1636.1,
620,7/30/2017 15:00,25.028,1636.1,
621,7/30/2017 16:00,25.319,3616.7,
622,7/30/2017 17:00,25.028,516.7,
623,7/30/2017 18:00,24.738,452.1,
624,7/30/2017 19:00,24.545,398.3,
625,7/30/2017 20:00,24.351,215.3,
626,7/30/2017 21:00,24.255,10.8,
627,7/30/2017 22:00,24.062,0,
628,7/30/2017 23:00,23.966,0,
629,7/31/2017 0:00,23.966,0,
630,7/31/2017 1:00,23.869,0,
631,7/31/2017 2:00,23.773,0,
632,7/31/2017 3:00,23.773,0,
633,7/31/2017 4:00,23.677,0,
634,7/31/2017 5:00,23.677,0,
635,7/31/2017 6:00,23.677,0,
636,7/31/2017 7:00,23.581,139.9,
637,7/31/2017 8:00,23.581,355.2,
638,7/31/2017 9:00,23.677,592,
639,7/31/2017 10:00,23.966,882.6,
640,7/31/2017 11:00,24.351,1377.8,
641,7/31/2017 12:00,25.028,2066.7,119.119
642,7/31/2017 13:00,25.708,3100,
643,7/31/2017 14:00,26,2238.9,
644,7/31/2017 15:00,26,3100,
645,7/31/2017 16:00,25.902,4477.8,
646,7/31/2017 17:00,25.416,710.4,
647,7/31/2017 18:00,25.319,645.8,
648,7/31/2017 19:00,25.125,279.9,
649,7/31/2017 20:00,24.835,161.5,
650,7/31/2017 21:00,24.738,0,
651,7/31/2017 22:00,24.738,0,
652,7/31/2017 23:00,24.641,0,
653,8/1/2017 0:00,24.545,0,
654,8/1/2017 1:00,24.545,0,
655,8/1/2017 2:00,24.448,0,
656,8/1/2017 3:00,24.255,0,
657,8/1/2017 4:00,24.062,0,
658,8/1/2017 5:00,24.062,0,
659,8/1/2017 6:00,24.062,0,
660,8/1/2017 7:00,23.966,129.2,
661,8/1/2017 8:00,24.062,344.4,
662,8/1/2017 9:00,24.062,624.3,
663,8/1/2017 10:00,24.351,807.3,
664,8/1/2017 11:00,24.641,1227.1,
665,8/1/2017 12:00,25.222,2066.7,124.015
666,8/1/2017 13:00,25.416,2927.8,
667,8/1/2017 14:00,25.416,5166.7,
668,8/1/2017 15:00,25.416,1894.5,
669,8/1/2017 16:00,25.513,4477.8,
670,8/1/2017 17:00,25.028,290.6,
671,8/1/2017 18:00,24.738,247.6,
672,8/1/2017 19:00,24.641,204.5,
673,8/1/2017 20:00,24.641,129.2,
674,8/1/2017 21:00,24.545,0,
675,8/1/2017 22:00,24.738,0,
676,8/1/2017 23:00,24.738,0,
677,8/2/2017 0:00,24.738,0,
678,8/2/2017 1:00,24.641,0,
679,8/2/2017 2:00,24.641,0,
680,8/2/2017 3:00,24.641,0,
681,8/2/2017 4:00,24.545,0,
682,8/2/2017 5:00,24.545,0,
683,8/2/2017 6:00,24.351,0,
684,8/2/2017 7:00,24.448,64.6,
685,8/2/2017 8:00,24.351,355.2,
686,8/2/2017 9:00,24.351,21.5,
687,8/2/2017 10:00,24.062,43.1,
688,8/2/2017 11:00,24.448,2325,
689,8/2/2017 12:00,24.448,764.2,128.76
690,8/2/2017 13:00,24.738,2755.6,
691,8/2/2017 14:00,25.125,2497.2,
692,8/2/2017 15:00,25.222,2325,
693,8/2/2017 16:00,25.222,4133.4,
694,8/2/2017 17:00,25.125,958,
695,8/2/2017 18:00,25.028,366,
696,8/2/2017 19:00,24.931,247.6,
697,8/2/2017 20:00,24.835,204.5,
698,8/2/2017 21:00,24.641,0,
699,8/2/2017 22:00,24.641,0,
700,8/2/2017 23:00,24.545,0,
701,8/3/2017 0:00,24.448,0,
702,8/3/2017 1:00,24.351,0,
703,8/3/2017 2:00,24.255,0,
704,8/3/2017 3:00,24.158,0,
705,8/3/2017 4:00,24.158,0,
706,8/3/2017 5:00,24.158,0,
707,8/3/2017 6:00,24.062,0,
708,8/3/2017 7:00,24.062,21.5,
709,8/3/2017 8:00,23.966,32.3,
710,8/3/2017 9:00,23.966,129.2,
711,8/3/2017 10:00,23.966,279.9,
712,8/3/2017 11:00,23.966,96.9,
713,8/3/2017 12:00,23.966,107.6,132.838
714,8/3/2017 13:00,23.869,53.8,
715,8/3/2017 14:00,23.869,86.1,
716,8/3/2017 15:00,23.966,139.9,
717,8/3/2017 16:00,23.966,139.9,
718,8/3/2017 17:00,23.869,75.3,
719,8/3/2017 18:00,23.773,32.3,
720,8/3/2017 19:00,23.773,0,
721,8/3/2017 20:00,23.773,0,
722,8/3/2017 21:00,23.677,0,
723,8/3/2017 22:00,23.581,0,
724,8/3/2017 23:00,23.581,0,
725,8/4/2017 0:00,23.581,0,
726,8/4/2017 1:00,23.581,0,
727,8/4/2017 2:00,23.581,0,
728,8/4/2017 3:00,23.484,0,
729,8/4/2017 4:00,23.484,0,
730,8/4/2017 5:00,23.484,0,
731,8/4/2017 6:00,23.484,0,
732,8/4/2017 7:00,23.484,10.8,
733,8/4/2017 8:00,23.484,64.6,
734,8/4/2017 9:00,23.484,161.5,
735,8/4/2017 10:00,23.581,204.5,
736,8/4/2017 11:00,23.484,183,
737,8/4/2017 12:00,23.484,312.2,136.338
738,8/4/2017 13:00,23.773,710.4,
739,8/4/2017 14:00,23.869,322.9,
740,8/4/2017 15:00,23.773,301.4,
741,8/4/2017 16:00,23.773,150.7,
742,8/4/2017 17:00,23.581,96.9,
743,8/4/2017 18:00,23.484,64.6,
744,8/4/2017 19:00,23.292,43.1,
745,8/4/2017 20:00,23.1,0,
746,8/4/2017 21:00,23.196,0,
747,8/4/2017 22:00,23.1,0,
748,8/4/2017 23:00,23.004,0,
749,8/5/2017 0:00,23.004,0,
750,8/5/2017 1:00,23.004,0,
751,8/5/2017 2:00,23.004,0,
752,8/5/2017 3:00,22.908,0,
753,8/5/2017 4:00,22.908,0,
754,8/5/2017 5:00,22.812,0,
755,8/5/2017 6:00,22.717,0,
756,8/5/2017 7:00,22.717,10.8,
757,8/5/2017 8:00,22.717,64.6,
758,8/5/2017 9:00,22.717,226,
759,8/5/2017 10:00,22.812,333.7,
760,8/5/2017 11:00,23.1,290.6,
761,8/5/2017 12:00,23.388,699.7,139.856
762,8/5/2017 13:00,23.966,2411.1,
763,8/5/2017 14:00,24.062,1550,
764,8/5/2017 15:00,24.062,753.5,
765,8/5/2017 16:00,23.966,172.2,
766,8/5/2017 17:00,23.581,75.3,
767,8/5/2017 18:00,23.388,43.1,
768,8/5/2017 19:00,23.196,21.5,
769,8/5/2017 20:00,23.1,10.8,
770,8/5/2017 21:00,23.004,0,
771,8/5/2017 22:00,22.812,0,
772,8/5/2017 23:00,22.717,0,
773,8/6/2017 0:00,22.717,0,
774,8/6/2017 1:00,22.717,0,
775,8/6/2017 2:00,22.621,0,
776,8/6/2017 3:00,22.525,0,
777,8/6/2017 4:00,22.525,0,
778,8/6/2017 5:00,22.525,0,
779,8/6/2017 6:00,22.525,0,
780,8/6/2017 7:00,22.525,0,
781,8/6/2017 8:00,22.429,64.6,
782,8/6/2017 9:00,22.525,161.5,
783,8/6/2017 10:00,22.621,322.9,
784,8/6/2017 11:00,23.004,269.1,
785,8/6/2017 12:00,23.581,419.8,143.515
786,8/6/2017 13:00,24.448,1033.3,
787,8/6/2017 14:00,24.158,656.6,
788,8/6/2017 15:00,23.773,667.4,
789,8/6/2017 16:00,24.062,753.5,
790,8/6/2017 17:00,23.581,226,
791,8/6/2017 18:00,23.388,107.6,
792,8/6/2017 19:00,23.196,32.3,
793,8/6/2017 20:00,23.1,10.8,
794,8/6/2017 21:00,23.004,0,
795,8/6/2017 22:00,22.908,0,
796,8/6/2017 23:00,22.812,0,
797,8/7/2017 0:00,22.812,0,
798,8/7/2017 1:00,22.717,0,
799,8/7/2017 2:00,22.621,0,
800,8/7/2017 3:00,22.621,0,
801,8/7/2017 4:00,22.621,0,
802,8/7/2017 5:00,22.621,0,
803,8/7/2017 6:00,22.621,0,
804,8/7/2017 7:00,22.525,0,
805,8/7/2017 8:00,22.621,10.8,
806,8/7/2017 9:00,22.621,215.3,
807,8/7/2017 10:00,22.621,279.9,
808,8/7/2017 11:00,23.1,419.8,
809,8/7/2017 12:00,23.677,904.2,146.779
810,8/7/2017 13:00,23.677,688.9,
811,8/7/2017 14:00,23.773,1044.1,
812,8/7/2017 15:00,23.773,807.3,
813,8/7/2017 16:00,23.773,96.9,
814,8/7/2017 17:00,23.388,193.8,
815,8/7/2017 18:00,23.196,43.1,
816,8/7/2017 19:00,23.1,21.5,
817,8/7/2017 20:00,23.004,10.8,
818,8/7/2017 21:00,22.908,0,
819,8/7/2017 22:00,22.812,0,
820,8/7/2017 23:00,22.717,0,
821,8/8/2017 0:00,22.621,0,
822,8/8/2017 1:00,22.621,0,
823,8/8/2017 2:00,22.621,0,
824,8/8/2017 3:00,22.525,0,
825,8/8/2017 4:00,22.525,0,
826,8/8/2017 5:00,22.429,0,
827,8/8/2017 6:00,22.429,0,
828,8/8/2017 7:00,22.429,0,
829,8/8/2017 8:00,22.429,75.3,
830,8/8/2017 9:00,22.525,183,
831,8/8/2017 10:00,22.621,290.6,
832,8/8/2017 11:00,22.812,430.6,
833,8/8/2017 12:00,23.388,516.7,150.193
834,8/8/2017 13:00,23.581,602.8,
835,8/8/2017 14:00,23.677,699.7,
836,8/8/2017 15:00,23.773,753.5,
837,8/8/2017 16:00,23.966,1463.9,
838,8/8/2017 17:00,24.062,150.7,
839,8/8/2017 18:00,23.677,43.1,
840,8/8/2017 19:00,23.388,21.5,
841,8/8/2017 20:00,23.1,10.8,
842,8/8/2017 21:00,23.004,0,
843,8/8/2017 22:00,22.908,0,
844,8/8/2017 23:00,22.812,0,
845,8/9/2017 0:00,22.717,0,
846,8/9/2017 1:00,22.717,0,
847,8/9/2017 2:00,22.621,0,
848,8/9/2017 3:00,22.621,0,
849,8/9/2017 4:00,22.621,0,
850,8/9/2017 5:00,22.525,0,
851,8/9/2017 6:00,22.525,0,
852,8/9/2017 7:00,22.429,10.8,
853,8/9/2017 8:00,22.525,86.1,
854,8/9/2017 9:00,22.621,183,
855,8/9/2017 10:00,22.812,269.1,
856,8/9/2017 11:00,23.196,419.8,
857,8/9/2017 12:00,23.677,925.7,153.667
858,8/9/2017 13:00,23.677,290.6,
859,8/9/2017 14:00,23.773,398.3,
860,8/9/2017 15:00,23.869,118.4,
861,8/9/2017 16:00,24.158,1044.1,
862,8/9/2017 17:00,23.966,129.2,
863,8/9/2017 18:00,23.966,118.4,
864,8/9/2017 19:00,23.773,86.1,
865,8/9/2017 20:00,23.677,0,
866,8/9/2017 21:00,23.388,0,
867,8/9/2017 22:00,23.196,0,
868,8/9/2017 23:00,23.1,0,
869,8/10/2017 0:00,23.1,0,
870,8/10/2017 1:00,23.004,0,
871,8/10/2017 2:00,22.908,0,
872,8/10/2017 3:00,22.812,0,
873,8/10/2017 4:00,22.812,0,
874,8/10/2017 5:00,22.812,0,
875,8/10/2017 6:00,22.812,0,
876,8/10/2017 7:00,22.812,0,
877,8/10/2017 8:00,22.812,43.1,
878,8/10/2017 9:00,22.812,193.8,
879,8/10/2017 10:00,23.004,290.6,
880,8/10/2017 11:00,23.292,409,
881,8/10/2017 12:00,23.388,301.4,156.791
882,8/10/2017 13:00,23.388,269.1,
883,8/10/2017 14:00,23.292,107.6,
884,8/10/2017 15:00,23.196,333.7,
885,8/10/2017 16:00,23.292,269.1,
886,8/10/2017 17:00,23.196,86.1,
887,8/10/2017 18:00,23.196,75.3,
888,8/10/2017 19:00,23.196,53.8,
889,8/10/2017 20:00,23.1,10.8,
890,8/10/2017 21:00,23.004,0,
891,8/10/2017 22:00,22.908,0,
892,8/10/2017 23:00,22.908,0,
893,8/11/2017 0:00,22.908,0,
894,8/11/2017 1:00,22.812,0,
895,8/11/2017 2:00,22.812,0,
896,8/11/2017 3:00,22.908,0,
897,8/11/2017 4:00,22.812,0,
898,8/11/2017 5:00,22.812,0,
899,8/11/2017 6:00,22.812,0,
900,8/11/2017 7:00,22.812,0,
901,8/11/2017 8:00,22.717,43.1,
902,8/11/2017 9:00,22.717,32.3,
903,8/11/2017 10:00,22.812,204.5,
904,8/11/2017 11:00,22.908,279.9,
905,8/11/2017 12:00,23.388,226,160.309
906,8/11/2017 13:00,23.677,861.1,
907,8/11/2017 14:00,23.677,290.6,
908,8/11/2017 15:00,23.869,505.9,
909,8/11/2017 16:00,24.062,785.8,
910,8/11/2017 17:00,23.677,107.6,
911,8/11/2017 18:00,23.581,53.8,
912,8/11/2017 19:00,23.388,43.1,
913,8/11/2017 20:00,23.196,10.8,
914,8/11/2017 21:00,23.1,0,
915,8/11/2017 22:00,23.004,0,
916,8/11/2017 23:00,22.908,0,
917,8/12/2017 0:00,22.812,0,
918,8/12/2017 1:00,22.812,0,
919,8/12/2017 2:00,22.812,0,
920,8/12/2017 3:00,22.717,0,
921,8/12/2017 4:00,22.717,0,
922,8/12/2017 5:00,22.717,0,
923,8/12/2017 6:00,22.717,0,
924,8/12/2017 7:00,22.621,0,
925,8/12/2017 8:00,22.621,32.3,
926,8/12/2017 9:00,22.621,96.9,
927,8/12/2017 10:00,22.621,86.1,
928,8/12/2017 11:00,22.621,215.3,
929,8/12/2017 12:00,22.812,279.9,163.548
930,8/12/2017 13:00,23.004,645.8,
931,8/12/2017 14:00,23.1,462.9,
932,8/12/2017 15:00,23.196,473.6,
933,8/12/2017 16:00,23.677,839.6,
934,8/12/2017 17:00,23.1,32.3,
935,8/12/2017 18:00,23.004,21.5,
936,8/12/2017 19:00,23.004,10.8,
937,8/12/2017 20:00,22.908,0,
938,8/12/2017 21:00,22.908,0,
939,8/12/2017 22:00,22.717,0,
940,8/12/2017 23:00,22.621,0,
941,8/13/2017 0:00,22.621,0,
942,8/13/2017 1:00,22.525,0,
943,8/13/2017 2:00,22.429,0,
944,8/13/2017 3:00,22.429,0,
945,8/13/2017 4:00,22.429,0,
946,8/13/2017 5:00,22.429,0,
947,8/13/2017 6:00,22.333,0,
948,8/13/2017 7:00,22.333,0,
949,8/13/2017 8:00,22.333,75.3,
950,8/13/2017 9:00,22.429,161.5,
951,8/13/2017 10:00,22.621,247.6,
952,8/13/2017 11:00,23.004,366,
953,8/13/2017 12:00,23.581,807.3,166.865
954,8/13/2017 13:00,23.581,419.8,
955,8/13/2017 14:00,23.677,473.6,
956,8/13/2017 15:00,23.773,161.5,
957,8/13/2017 16:00,23.966,796.5,
958,8/13/2017 17:00,23.581,183,
959,8/13/2017 18:00,23.581,129.2,
960,8/13/2017 19:00,23.484,43.1,
961,8/13/2017 20:00,23.292,64.6,
962,8/13/2017 21:00,23.1,0,
963,8/13/2017 22:00,23.004,0,
964,8/13/2017 23:00,23.004,0,
965,8/14/2017 0:00,23.004,0,
966,8/14/2017 1:00,22.908,0,
967,8/14/2017 2:00,22.812,0,
968,8/14/2017 3:00,22.717,0,
969,8/14/2017 4:00,22.621,0,
970,8/14/2017 5:00,22.717,0,
971,8/14/2017 6:00,22.621,0,
972,8/14/2017 7:00,22.621,0,
973,8/14/2017 8:00,22.621,53.8,
974,8/14/2017 9:00,22.717,193.8,
975,8/14/2017 10:00,22.717,290.6,
976,8/14/2017 11:00,22.908,430.6,
977,8/14/2017 12:00,23.004,419.8,170.288
978,8/14/2017 13:00,23.196,355.2,
979,8/14/2017 14:00,23.484,473.6,
980,8/14/2017 15:00,23.292,441.3,
981,8/14/2017 16:00,23.966,1894.5,
982,8/14/2017 17:00,23.388,258.3,
983,8/14/2017 18:00,23.292,193.8,
984,8/14/2017 19:00,23.196,86.1,
985,8/14/2017 20:00,23.196,21.5,
986,8/14/2017 21:00,23.004,0,
987,8/14/2017 22:00,22.908,0,
988,8/14/2017 23:00,22.812,0,
989,8/15/2017 0:00,22.717,0,
990,8/15/2017 1:00,22.717,0,
991,8/15/2017 2:00,22.621,0,
992,8/15/2017 3:00,22.621,0,
993,8/15/2017 4:00,22.621,0,
994,8/15/2017 5:00,22.621,0,
995,8/15/2017 6:00,22.525,0,
996,8/15/2017 7:00,22.429,0,
997,8/15/2017 8:00,22.429,64.6,
998,8/15/2017 9:00,22.525,236.8,
999,8/15/2017 10:00,22.717,322.9,
1000,8/15/2017 11:00,22.908,538.2,
1001,8/15/2017 12:00,23.004,409,173.456
1002,8/15/2017 13:00,23.004,731.9,
1003,8/15/2017 14:00,23.484,366,
1004,8/15/2017 15:00,23.484,215.3,
1005,8/15/2017 16:00,23.677,1377.8,
1006,8/15/2017 17:00,23.484,172.2,
1007,8/15/2017 18:00,23.292,86.1,
1008,8/15/2017 19:00,23.196,64.6,
1009,8/15/2017 20:00,23.1,21.5,
1010,8/15/2017 21:00,22.908,0,
1011,8/15/2017 22:00,22.908,0,
1012,8/15/2017 23:00,22.812,0,
1013,8/16/2017 0:00,22.908,0,
1014,8/16/2017 1:00,22.717,0,
1015,8/16/2017 2:00,22.717,0,
1016,8/16/2017 3:00,22.621,0,
1017,8/16/2017 4:00,22.621,0,
1018,8/16/2017 5:00,22.525,0,
1019,8/16/2017 6:00,22.525,0,
1020,8/16/2017 7:00,22.525,0,
1021,8/16/2017 8:00,22.525,64.6,
1022,8/16/2017 9:00,22.525,96.9,
1023,8/16/2017 10:00,22.621,322.9,
1024,8/16/2017 11:00,22.908,742.7,
1025,8/16/2017 12:00,23.388,1636.1,176.966
1026,8/16/2017 13:00,23.581,1550,
1027,8/16/2017 14:00,23.869,1808.3,
1028,8/16/2017 15:00,24.062,1722.2,
1029,8/16/2017 16:00,24.158,861.1,
1030,8/16/2017 17:00,23.869,75.3,
1031,8/16/2017 18:00,23.677,64.6,
1032,8/16/2017 19:00,23.581,43.1,
1033,8/16/2017 20:00,23.484,10.8,
1034,8/16/2017 21:00,23.388,0,
1035,8/16/2017 22:00,23.292,0,
1036,8/16/2017 23:00,23.196,0,
1037,8/17/2017 0:00,23.1,0,
1038,8/17/2017 1:00,23.1,0,
1039,8/17/2017 2:00,23.004,0,
1040,8/17/2017 3:00,23.004,0,
1041,8/17/2017 4:00,23.004,0,
1042,8/17/2017 5:00,22.908,0,
1043,8/17/2017 6:00,22.908,0,
1044,8/17/2017 7:00,22.908,0,
1045,8/17/2017 8:00,22.908,21.5,
1046,8/17/2017 9:00,22.812,53.8,
1047,8/17/2017 10:00,22.812,10.8,
1048,8/17/2017 11:00,22.621,43.1,
1049,8/17/2017 12:00,22.812,129.2,179.836
1050,8/17/2017 13:00,22.812,193.8,
1051,8/17/2017 14:00,22.908,269.1,
1052,8/17/2017 15:00,22.908,96.9,
1053,8/17/2017 16:00,23.004,64.6,
1054,8/17/2017 17:00,23.1,290.6,
1055,8/17/2017 18:00,23.1,86.1,
1056,8/17/2017 19:00,23.1,43.1,
1057,8/17/2017 20:00,23.004,0,
1058,8/17/2017 21:00,22.908,0,
1059,8/17/2017 22:00,22.908,0,
1060,8/17/2017 23:00,22.812,0,
1061,8/18/2017 0:00,22.812,0,
1062,8/18/2017 1:00,22.717,0,
1063,8/18/2017 2:00,22.717,0,
1064,8/18/2017 3:00,22.717,0,
1065,8/18/2017 4:00,22.717,0,
1066,8/18/2017 5:00,22.717,0,
1067,8/18/2017 6:00,22.717,0,
1068,8/18/2017 7:00,22.621,0,
1069,8/18/2017 8:00,22.621,0,
1070,8/18/2017 9:00,22.621,10.8,
1071,8/18/2017 10:00,22.525,32.3,
1072,8/18/2017 11:00,22.525,107.6,
1073,8/18/2017 12:00,22.621,161.5,182.419
1074,8/18/2017 13:00,22.525,139.9,
1075,8/18/2017 14:00,22.621,161.5,
1076,8/18/2017 15:00,22.525,75.3,
1077,8/18/2017 16:00,22.621,118.4,
1078,8/18/2017 17:00,22.621,204.5,
1079,8/18/2017 18:00,22.525,53.8,
1080,8/18/2017 19:00,22.525,21.5,
1081,8/18/2017 20:00,22.525,0,
1082,8/18/2017 21:00,22.429,0,
1083,8/18/2017 22:00,22.429,0,
1084,8/18/2017 23:00,22.429,0,
1085,8/19/2017 0:00,22.333,0,
1086,8/19/2017 1:00,22.333,0,
1087,8/19/2017 2:00,22.333,0,
1088,8/19/2017 3:00,22.238,0,
1089,8/19/2017 4:00,22.238,0,
1090,8/19/2017 5:00,22.238,0,
1091,8/19/2017 6:00,22.142,0,
1092,8/19/2017 7:00,22.142,0,
1093,8/19/2017 8:00,22.238,64.6,
1094,8/19/2017 9:00,22.238,215.3,
1095,8/19/2017 10:00,22.333,129.2,
1096,8/19/2017 11:00,22.621,183,
1097,8/19/2017 12:00,23.196,1894.5,185.545
1098,8/19/2017 13:00,23.388,624.3,
1099,8/19/2017 14:00,23.677,828.8,
1100,8/19/2017 15:00,23.773,215.3,
1101,8/19/2017 16:00,23.581,172.2,
1102,8/19/2017 17:00,23.581,139.9,
1103,8/19/2017 18:00,23.196,96.9,
1104,8/19/2017 19:00,22.908,43.1,
1105,8/19/2017 20:00,22.621,10.8,
1106,8/19/2017 21:00,22.429,0,
1107,8/19/2017 22:00,22.429,0,
1108,8/19/2017 23:00,22.525,0,
1109,8/20/2017 0:00,22.429,0,
1110,8/20/2017 1:00,22.429,0,
1111,8/20/2017 2:00,22.333,0,
1112,8/20/2017 3:00,22.333,0,
1113,8/20/2017 4:00,22.238,0,
1114,8/20/2017 5:00,22.142,0,
1115,8/20/2017 6:00,22.142,0,
1116,8/20/2017 7:00,22.142,0,
1117,8/20/2017 8:00,22.142,64.6,
1118,8/20/2017 9:00,22.238,161.5,
1119,8/20/2017 10:00,22.429,290.6,
1120,8/20/2017 11:00,23.1,1636.1,
1121,8/20/2017 12:00,23.292,645.8,188.548
1122,8/20/2017 13:00,23.484,807.3,
1123,8/20/2017 14:00,23.581,559.7,
1124,8/20/2017 15:00,23.388,635.1,
1125,8/20/2017 16:00,23.388,1463.9,
1126,8/20/2017 17:00,23.1,183,
1127,8/20/2017 18:00,23.1,193.8,
1128,8/20/2017 19:00,23.1,86.1,
1129,8/20/2017 20:00,22.908,10.8,
1130,8/20/2017 21:00,23.004,0,
1131,8/20/2017 22:00,22.908,0,
1132,8/20/2017 23:00,22.908,0,
1133,8/21/2017 0:00,22.812,0,
1134,8/21/2017 1:00,22.717,0,
1135,8/21/2017 2:00,22.717,0,
1136,8/21/2017 3:00,22.621,0,
1137,8/21/2017 4:00,22.621,0,
1138,8/21/2017 5:00,22.621,0,
1139,8/21/2017 6:00,22.621,0,
1140,8/21/2017 7:00,22.621,0,
1141,8/21/2017 8:00,22.621,43.1,
1142,8/21/2017 9:00,22.621,193.8,
1143,8/21/2017 10:00,22.812,269.1,
1144,8/21/2017 11:00,23.388,721.2,
1145,8/21/2017 12:00,23.677,1550,192.031
1146,8/21/2017 13:00,23.869,1141,
1147,8/21/2017 14:00,23.292,236.8,
1148,8/21/2017 15:00,23.196,215.3,
1149,8/21/2017 16:00,24.062,592,
1150,8/21/2017 17:00,23.869,183,
1151,8/21/2017 18:00,23.581,139.9,
1152,8/21/2017 19:00,23.484,96.9,
1153,8/21/2017 20:00,23.388,0,
1154,8/21/2017 21:00,23.292,0,
1155,8/21/2017 22:00,23.677,0,
1156,8/21/2017 23:00,23.773,0,
1157,8/22/2017 0:00,23.677,0,
1158,8/22/2017 1:00,23.677,0,
1159,8/22/2017 2:00,23.677,0,
1160,8/22/2017 3:00,23.581,0,
1161,8/22/2017 4:00,23.484,0,
1162,8/22/2017 5:00,23.484,0,
1163,8/22/2017 6:00,23.388,0,
1164,8/22/2017 7:00,23.388,0,
1165,8/22/2017 8:00,23.292,43.1,
1166,8/22/2017 9:00,23.196,96.9,
1167,8/22/2017 10:00,23.196,226,
1168,8/22/2017 11:00,23.196,667.4,
1169,8/22/2017 12:00,23.004,139.9,195.165
1170,8/22/2017 13:00,23.004,279.9,
1171,8/22/2017 14:00,23.1,775,
1172,8/22/2017 15:00,23.196,301.4,
1173,8/22/2017 16:00,23.196,269.1,
1174,8/22/2017 17:00,23.1,236.8,
1175,8/22/2017 18:00,22.908,53.8,
1176,8/22/2017 19:00,22.717,43.1,
1177,8/22/2017 20:00,22.621,0,
1178,8/22/2017 21:00,22.525,0,
1179,8/22/2017 22:00,22.525,0,
1180,8/22/2017 23:00,22.429,0,
1181,8/23/2017 0:00,22.333,0,
1182,8/23/2017 1:00,22.333,0,
1183,8/23/2017 2:00,22.333,0,
1184,8/23/2017 3:00,22.238,0,
1185,8/23/2017 4:00,22.238,0,
1186,8/23/2017 5:00,22.142,0,
1187,8/23/2017 6:00,22.142,0,
1188,8/23/2017 7:00,22.142,0,
1189,8/23/2017 8:00,22.142,64.6,
1190,8/23/2017 9:00,22.142,193.8,
1191,8/23/2017 10:00,22.238,279.9,
1192,8/23/2017 11:00,22.333,419.8,
1193,8/23/2017 12:00,22.525,1054.9,197.766
1194,8/23/2017 13:00,22.621,376.7,
1195,8/23/2017 14:00,22.717,753.5,
1196,8/23/2017 15:00,23.004,570.5,
1197,8/23/2017 16:00,23.004,1377.8,
1198,8/23/2017 17:00,22.717,172.2,
1199,8/23/2017 18:00,22.525,64.6,
1200,8/23/2017 19:00,22.429,43.1,
1201,8/23/2017 20:00,22.238,0,
1202,8/23/2017 21:00,22.046,0,
1203,8/23/2017 22:00,22.046,0,
1204,8/23/2017 23:00,22.046,0,
1205,8/24/2017 0:00,22.046,0,
1206,8/24/2017 1:00,21.951,0,
1207,8/24/2017 2:00,21.855,0,
1208,8/24/2017 3:00,21.76,0,
1209,8/24/2017 4:00,21.76,0,
1210,8/24/2017 5:00,21.76,0,
1211,8/24/2017 6:00,21.664,0,
1212,8/24/2017 7:00,21.664,0,
1213,8/24/2017 8:00,21.664,53.8,
1214,8/24/2017 9:00,21.664,150.7,
1215,8/24/2017 10:00,21.76,258.3,
1216,8/24/2017 11:00,22.046,2238.9,
1217,8/24/2017 12:00,21.855,462.9,199.61
1218,8/24/2017 13:00,22.142,2411.1,
1219,8/24/2017 14:00,21.951,301.4,
1220,8/24/2017 15:00,21.951,215.3,
1221,8/24/2017 16:00,21.855,301.4,
1222,8/24/2017 17:00,21.855,139.9,
1223,8/24/2017 18:00,21.855,75.3,
1224,8/24/2017 19:00,21.664,43.1,
1225,8/24/2017 20:00,21.664,0,
1226,8/24/2017 21:00,21.569,0,
1227,8/24/2017 22:00,21.473,0,
1228,8/24/2017 23:00,21.569,0,
1229,8/25/2017 0:00,21.473,0,
1230,8/25/2017 1:00,21.378,0,
1231,8/25/2017 2:00,21.282,0,
1232,8/25/2017 3:00,21.282,0,
1233,8/25/2017 4:00,21.378,0,
1234,8/25/2017 5:00,21.187,0,
1235,8/25/2017 6:00,21.187,0,
1236,8/25/2017 7:00,21.091,0,
1237,8/25/2017 8:00,21.091,64.6,
1238,8/25/2017 9:00,21.378,161.5,
1239,8/25/2017 10:00,21.473,279.9,
1240,8/25/2017 11:00,21.951,2755.6,
1241,8/25/2017 12:00,22.429,2238.9,201.62
1242,8/25/2017 13:00,22.621,2411.1,
1243,8/25/2017 14:00,22.429,688.9,
1244,8/25/2017 15:00,22.621,635.1,
1245,8/25/2017 16:00,22.525,1550,
1246,8/25/2017 17:00,22.333,129.2,
1247,8/25/2017 18:00,22.142,53.8,
1248,8/25/2017 19:00,22.142,32.3,
1249,8/25/2017 20:00,21.951,0,
1250,8/25/2017 21:00,21.855,0,
1251,8/25/2017 22:00,21.76,0,
1252,8/25/2017 23:00,21.664,0,
1253,8/26/2017 0:00,21.473,0,
1254,8/26/2017 1:00,21.473,0,
1255,8/26/2017 2:00,21.378,0,
1256,8/26/2017 3:00,21.282,0,
1257,8/26/2017 4:00,21.187,0,
1258,8/26/2017 5:00,21.282,0,
1259,8/26/2017 6:00,21.282,0,
1260,8/26/2017 7:00,21.187,0,
1261,8/26/2017 8:00,21.187,64.6,
1262,8/26/2017 9:00,21.187,183,
1263,8/26/2017 10:00,21.378,333.7,
1264,8/26/2017 11:00,21.855,1894.5,
1265,8/26/2017 12:00,22.142,1808.3,203.665
1266,8/26/2017 13:00,22.238,484.4,
1267,8/26/2017 14:00,22.525,818.1,
1268,8/26/2017 15:00,22.621,1356.3,
1269,8/26/2017 16:00,22.525,441.3,
1270,8/26/2017 17:00,22.238,161.5,
1271,8/26/2017 18:00,22.238,150.7,
1272,8/26/2017 19:00,22.142,75.3,
1273,8/26/2017 20:00,22.046,10.8,
1274,8/26/2017 21:00,21.951,0,
1275,8/26/2017 22:00,21.855,0,
1276,8/26/2017 23:00,21.855,0,
1277,8/27/2017 0:00,21.76,0,
1278,8/27/2017 1:00,21.569,0,
1279,8/27/2017 2:00,21.569,0,
1280,8/27/2017 3:00,21.473,0,
1281,8/27/2017 4:00,21.378,0,
1282,8/27/2017 5:00,21.378,0,
1283,8/27/2017 6:00,21.378,0,
1284,8/27/2017 7:00,21.282,0,
1285,8/27/2017 8:00,21.282,0,
1286,8/27/2017 9:00,21.187,86.1,
1287,8/27/2017 10:00,21.282,64.6,
1288,8/27/2017 11:00,21.282,129.2,
1289,8/27/2017 12:00,21.664,958,205.127
1290,8/27/2017 13:00,21.569,398.3,
1291,8/27/2017 14:00,21.473,312.2,
1292,8/27/2017 15:00,21.473,538.2,
1293,8/27/2017 16:00,21.473,226,
1294,8/27/2017 17:00,21.473,247.6,
1295,8/27/2017 18:00,21.378,21.5,
1296,8/27/2017 19:00,21.378,21.5,
1297,8/27/2017 20:00,21.282,0,
1298,8/27/2017 21:00,21.187,0,
1299,8/27/2017 22:00,21.187,0,
1300,8/27/2017 23:00,21.187,0,
1301,8/28/2017 0:00,21.091,0,
1302,8/28/2017 1:00,21.091,0,
1303,8/28/2017 2:00,21.091,0,
1304,8/28/2017 3:00,20.996,0,
1305,8/28/2017 4:00,20.901,0,
1306,8/28/2017 5:00,20.996,0,
1307,8/28/2017 6:00,20.901,0,
1308,8/28/2017 7:00,20.901,0,
1309,8/28/2017 8:00,20.996,21.5,
1310,8/28/2017 9:00,20.996,118.4,
1311,8/28/2017 10:00,21.091,279.9,
1312,8/28/2017 11:00,21.187,495.1,
1313,8/28/2017 12:00,21.187,226,206.276
1314,8/28/2017 13:00,21.282,215.3,
1315,8/28/2017 14:00,21.282,96.9,
1316,8/28/2017 15:00,21.378,290.6,
1317,8/28/2017 16:00,21.282,10.8,
1318,8/28/2017 17:00,21.282,183,
1319,8/28/2017 18:00,21.282,53.8,
1320,8/28/2017 19:00,21.187,53.8,
1321,8/28/2017 20:00,21.187,10.8,
1322,8/28/2017 21:00,21.091,0,
1323,8/28/2017 22:00,20.996,0,
1324,8/28/2017 23:00,20.996,0,
1325,8/29/2017 0:00,20.901,0,
1326,8/29/2017 1:00,20.996,0,
1327,8/29/2017 2:00,20.996,0,
1328,8/29/2017 3:00,20.996,0,
1329,8/29/2017 4:00,20.996,0,
1330,8/29/2017 5:00,20.901,0,
1331,8/29/2017 6:00,20.901,0,
1332,8/29/2017 7:00,20.901,0,
1333,8/29/2017 8:00,20.901,86.1,
1334,8/29/2017 9:00,20.901,107.6,
1335,8/29/2017 10:00,20.996,129.2,
1336,8/29/2017 11:00,21.091,527.4,
1337,8/29/2017 12:00,21.378,236.8,207.669
1338,8/29/2017 13:00,21.282,183,
1339,8/29/2017 14:00,21.569,645.8,
1340,8/29/2017 15:00,21.664,462.9,
1341,8/29/2017 16:00,21.76,1044.1,
1342,8/29/2017 17:00,21.664,86.1,
1343,8/29/2017 18:00,21.569,53.8,
1344,8/29/2017 19:00,21.473,21.5,
1345,8/29/2017 20:00,21.378,0,
1346,8/29/2017 21:00,21.282,0,
1347,8/29/2017 22:00,21.282,0,
1348,8/29/2017 23:00,21.282,0,
1349,8/30/2017 0:00,21.187,0,
1350,8/30/2017 1:00,21.187,0,
1351,8/30/2017 2:00,21.187,0,
1352,8/30/2017 3:00,21.091,0,
1353,8/30/2017 4:00,21.187,0,
1354,8/30/2017 5:00,21.091,0,
1355,8/30/2017 6:00,20.996,0,
1356,8/30/2017 7:00,20.996,0,
1357,8/30/2017 8:00,20.996,21.5,
1358,8/30/2017 9:00,20.996,139.9,
1359,8/30/2017 10:00,21.187,387.5,
1360,8/30/2017 11:00,21.76,3788.9,
1361,8/30/2017 12:00,22.333,2927.8,209.644
1362,8/30/2017 13:00,22.429,387.5,
1363,8/30/2017 14:00,22.238,236.8,
1364,8/30/2017 15:00,22.429,462.9,
1365,8/30/2017 16:00,22.621,775,
1366,8/30/2017 17:00,22.525,193.8,
1367,8/30/2017 18:00,22.238,107.6,
1368,8/30/2017 19:00,22.046,64.6,
1369,8/30/2017 20:00,21.855,0,
1370,8/30/2017 21:00,21.664,0,
1371,8/30/2017 22:00,21.569,0,
1372,8/30/2017 23:00,21.378,0,
1373,8/31/2017 0:00,21.282,0,
1374,8/31/2017 1:00,21.187,0,
1375,8/31/2017 2:00,21.091,0,
1376,8/31/2017 3:00,21.091,0,
1377,8/31/2017 4:00,21.091,0,
1378,8/31/2017 5:00,20.996,0,
1379,8/31/2017 6:00,20.996,0,
1380,8/31/2017 7:00,20.901,0,
1381,8/31/2017 8:00,20.901,75.3,
1382,8/31/2017 9:00,20.805,215.3,
1383,8/31/2017 10:00,20.901,139.9,
1384,8/31/2017 11:00,21.282,2669.5,
1385,8/31/2017 12:00,21.378,2411.1,211.063
1386,8/31/2017 13:00,21.378,2583.4,
1387,8/31/2017 14:00,21.664,710.4,
1388,8/31/2017 15:00,21.855,775,
1389,8/31/2017 16:00,21.855,1808.3,
1390,8/31/2017 17:00,21.569,96.9,
1391,8/31/2017 18:00,21.473,64.6,
1392,8/31/2017 19:00,21.282,21.5,
1393,8/31/2017 20:00,21.187,0,
1394,8/31/2017 21:00,20.996,0,
1395,8/31/2017 22:00,20.996,0,
1396,8/31/2017 23:00,20.901,0,
1397,9/1/2017 0:00,20.805,0,
1398,9/1/2017 1:00,20.71,0,
1399,9/1/2017 2:00,20.901,0,
1400,9/1/2017 3:00,20.71,0,
1401,9/1/2017 4:00,20.71,0,
1402,9/1/2017 5:00,20.615,0,
1403,9/1/2017 6:00,20.615,0,
1404,9/1/2017 7:00,20.519,0,
1405,9/1/2017 8:00,20.615,64.6,
1406,9/1/2017 9:00,20.71,150.7,
1407,9/1/2017 10:00,20.805,516.7,
1408,9/1/2017 11:00,21.378,4822.3,
1409,9/1/2017 12:00,21.855,2238.9,212.621
1410,9/1/2017 13:00,22.046,2583.4,
1411,9/1/2017 14:00,22.046,699.7,
1412,9/1/2017 15:00,22.238,871.9,
1413,9/1/2017 16:00,22.142,581.3,
1414,9/1/2017 17:00,21.855,53.8,
1415,9/1/2017 18:00,21.664,53.8,
1416,9/1/2017 19:00,21.569,32.3,
1417,9/1/2017 20:00,21.473,0,
1418,9/1/2017 21:00,21.378,0,
1419,9/1/2017 22:00,21.187,0,
1420,9/1/2017 23:00,20.996,0,
1421,9/2/2017 0:00,20.901,0,
1422,9/2/2017 1:00,20.805,0,
1423,9/2/2017 2:00,20.805,0,
1424,9/2/2017 3:00,20.71,0,
1425,9/2/2017 4:00,20.71,0,
1426,9/2/2017 5:00,20.71,0,
1427,9/2/2017 6:00,20.615,0,
1428,9/2/2017 7:00,20.519,0,
1429,9/2/2017 8:00,20.519,64.6,
1430,9/2/2017 9:00,20.615,129.2,
1431,9/2/2017 10:00,20.615,269.1,
1432,9/2/2017 11:00,21.187,1636.1,
1433,9/2/2017 12:00,21.378,1205.6,213.632
1434,9/2/2017 13:00,21.378,495.1,
1435,9/2/2017 14:00,21.282,667.4,
1436,9/2/2017 15:00,21.282,484.4,
1437,9/2/2017 16:00,21.282,322.9,
1438,9/2/2017 17:00,21.187,204.5,
1439,9/2/2017 18:00,21.091,43.1,
1440,9/2/2017 19:00,20.996,10.8,
1441,9/2/2017 20:00,20.901,0,
1442,9/2/2017 21:00,20.805,0,
1443,9/2/2017 22:00,20.71,0,
1444,9/2/2017 23:00,20.71,0,
1445,9/3/2017 0:00,20.615,0,
1446,9/3/2017 1:00,20.615,0,
1447,9/3/2017 2:00,20.615,0,
1448,9/3/2017 3:00,20.519,0,
1449,9/3/2017 4:00,20.519,0,
1450,9/3/2017 5:00,20.424,0,
1451,9/3/2017 6:00,20.519,0,
1452,9/3/2017 7:00,20.424,0,
1453,9/3/2017 8:00,20.424,32.3,
1454,9/3/2017 9:00,20.424,32.3,
1455,9/3/2017 10:00,20.519,150.7,
1456,9/3/2017 11:00,20.615,269.1,
1457,9/3/2017 12:00,21.282,1894.5,215.094
1458,9/3/2017 13:00,22.046,1894.5,
1459,9/3/2017 14:00,22.142,2152.8,
1460,9/3/2017 15:00,21.855,742.7,
1461,9/3/2017 16:00,21.855,376.7,
1462,9/3/2017 17:00,21.664,64.6,
1463,9/3/2017 18:00,21.473,43.1,
1464,9/3/2017 19:00,21.282,21.5,
1465,9/3/2017 20:00,21.091,53.8,
1466,9/3/2017 21:00,20.901,0,
1467,9/3/2017 22:00,20.805,0,
1468,9/3/2017 23:00,20.71,0,
1469,9/4/2017 0:00,20.615,0,
1470,9/4/2017 1:00,20.615,0,
1471,9/4/2017 2:00,20.519,0,
1472,9/4/2017 3:00,20.519,0,
1473,9/4/2017 4:00,20.519,0,
1474,9/4/2017 5:00,20.329,0,
1475,9/4/2017 6:00,20.329,0,
1476,9/4/2017 7:00,20.329,0,
1477,9/4/2017 8:00,20.424,96.9,
1478,9/4/2017 9:00,20.424,333.7,
1479,9/4/2017 10:00,20.519,678.1,
1480,9/4/2017 11:00,20.519,1636.1,
1481,9/4/2017 12:00,20.424,75.3,215.55
1482,9/4/2017 13:00,20.424,10.8,
1483,9/4/2017 14:00,20.424,570.5,
1484,9/4/2017 15:00,20.424,699.7,
1485,9/4/2017 16:00,20.615,1270.1,
1486,9/4/2017 17:00,20.615,764.2,
1487,9/4/2017 18:00,20.519,527.4,
1488,9/4/2017 19:00,20.519,495.1,
1489,9/4/2017 20:00,20.519,21.5,
1490,9/4/2017 21:00,20.424,0,
1491,9/4/2017 22:00,20.424,0,
1492,9/4/2017 23:00,20.329,0,
1493,9/5/2017 0:00,20.329,0,
1494,9/5/2017 1:00,20.329,0,
1495,9/5/2017 2:00,20.234,0,
1496,9/5/2017 3:00,20.234,0,
1497,9/5/2017 4:00,20.138,0,
1498,9/5/2017 5:00,20.138,0,
1499,9/5/2017 6:00,20.234,0,
1500,9/5/2017 7:00,20.138,0,
1501,9/5/2017 8:00,20.138,107.6,
1502,9/5/2017 9:00,20.138,333.7,
1503,9/5/2017 10:00,20.138,699.7,
1504,9/5/2017 11:00,20.329,1980.6,
1505,9/5/2017 12:00,20.329,1894.5,215.993
1506,9/5/2017 13:00,20.805,419.8,
1507,9/5/2017 14:00,20.805,1636.1,
1508,9/5/2017 15:00,20.519,1636.1,
1509,9/5/2017 16:00,20.615,495.1,
1510,9/5/2017 17:00,20.424,409,
1511,9/5/2017 18:00,20.329,161.5,
1512,9/5/2017 19:00,20.234,10.8,
1513,9/5/2017 20:00,20.234,0,
1514,9/5/2017 21:00,20.138,0,
1515,9/5/2017 22:00,20.043,0,
1516,9/5/2017 23:00,20.043,0,
1517,9/6/2017 0:00,19.948,0,
1518,9/6/2017 1:00,19.948,0,
1519,9/6/2017 2:00,19.948,0,
1520,9/6/2017 3:00,19.948,0,
1521,9/6/2017 4:00,19.853,0,
1522,9/6/2017 5:00,19.853,0,
1523,9/6/2017 6:00,19.853,0,
1524,9/6/2017 7:00,19.853,0,
1525,9/6/2017 8:00,19.853,64.6,
1526,9/6/2017 9:00,19.853,183,
1527,9/6/2017 10:00,19.853,215.3,
1528,9/6/2017 11:00,20.138,376.7,
1529,9/6/2017 12:00,20.138,538.2,218.749
1530,9/6/2017 13:00,20.234,172.2,
1531,9/6/2017 14:00,20.519,3616.7,
1532,9/6/2017 15:00,24.545,0,
1533,9/6/2017 16:00,20.424,710.4,
1534,9/6/2017 17:00,20.234,226,
1535,9/6/2017 18:00,20.138,183,
1536,9/6/2017 19:00,20.043,75.3,
1537,9/6/2017 20:00,19.948,0,
1538,9/6/2017 21:00,19.853,0,
1539,9/6/2017 22:00,19.853,0,
1540,9/6/2017 23:00,19.853,0,
1541,9/7/2017 0:00,19.758,0,
1542,9/7/2017 1:00,19.758,0,
1543,9/7/2017 2:00,19.662,0,
1544,9/7/2017 3:00,19.567,0,
1545,9/7/2017 4:00,19.567,0,
1546,9/7/2017 5:00,19.567,0,
1547,9/7/2017 6:00,19.567,0,
1548,9/7/2017 7:00,19.567,0,
1549,9/7/2017 8:00,19.567,21.5,
1550,9/7/2017 9:00,19.662,193.8,
1551,9/7/2017 10:00,19.567,118.4,
1552,9/7/2017 11:00,19.948,430.6,
1553,9/7/2017 12:00,19.853,247.6,219.379
1554,9/7/2017 13:00,20.043,495.1,
1555,9/7/2017 14:00,20.71,1722.2,
1556,9/7/2017 15:00,21.282,2238.9,
1557,9/7/2017 16:00,20.424,462.9,
1558,9/7/2017 17:00,20.234,215.3,
1559,9/7/2017 18:00,20.043,96.9,
1560,9/7/2017 19:00,19.853,21.5,
1561,9/7/2017 20:00,19.758,0,
1562,9/7/2017 21:00,19.662,0,
1563,9/7/2017 22:00,19.567,0,
1564,9/7/2017 23:00,19.472,0,
1565,9/8/2017 0:00,19.472,0,
1566,9/8/2017 1:00,19.472,0,
1567,9/8/2017 2:00,19.472,0,
1568,9/8/2017 3:00,19.472,0,
1569,9/8/2017 4:00,19.377,0,
1570,9/8/2017 5:00,19.282,0,
1571,9/8/2017 6:00,19.092,0,
1572,9/8/2017 7:00,18.996,0,
1573,9/8/2017 8:00,19.092,53.8,
1574,9/8/2017 9:00,19.282,193.8,
1575,9/8/2017 10:00,19.377,505.9,
1576,9/8/2017 11:00,19.853,990.3,
1577,9/8/2017 12:00,19.758,1259.4,220.099
1578,9/8/2017 13:00,19.853,1033.3,
1579,9/8/2017 14:00,20.043,236.8,
1580,9/8/2017 15:00,21.569,1722.2,
1581,9/8/2017 16:00,20.234,344.4,
1582,9/8/2017 17:00,19.948,129.2,
1583,9/8/2017 18:00,19.758,32.3,
1584,9/8/2017 19:00,19.662,32.3,
1585,9/8/2017 20:00,19.472,0,
1586,9/8/2017 21:00,19.567,0,
1587,9/8/2017 22:00,19.377,0,
1588,9/8/2017 23:00,19.282,0,
1589,9/9/2017 0:00,19.282,0,
1590,9/9/2017 1:00,19.282,0,
1591,9/9/2017 2:00,19.187,0,
1592,9/9/2017 3:00,19.187,0,
1593,9/9/2017 4:00,19.092,0,
1594,9/9/2017 5:00,19.092,0,
1595,9/9/2017 6:00,18.996,0,
1596,9/9/2017 7:00,18.996,0,
1597,9/9/2017 8:00,18.996,53.8,
1598,9/9/2017 9:00,18.996,150.7,
1599,9/9/2017 10:00,19.282,344.4,
1600,9/9/2017 11:00,20.901,958,
1601,9/9/2017 12:00,20.805,602.8,220.708
1602,9/9/2017 13:00,20.043,1216.3,
1603,9/9/2017 14:00,20.424,1377.8,
1604,9/9/2017 15:00,21.378,1894.5,
1605,9/9/2017 16:00,21.378,398.3,
1606,9/9/2017 17:00,21.091,150.7,
1607,9/9/2017 18:00,20.901,86.1,
1608,9/9/2017 19:00,20.329,43.1,
1609,9/9/2017 20:00,20.043,0,
1610,9/9/2017 21:00,19.758,0,
1611,9/9/2017 22:00,19.662,0,
1612,9/9/2017 23:00,19.567,0,
1613,9/10/2017 0:00,19.567,0,
1614,9/10/2017 1:00,19.472,0,
1615,9/10/2017 2:00,19.377,0,
1616,9/10/2017 3:00,19.282,0,
1617,9/10/2017 4:00,19.187,0,
1618,9/10/2017 5:00,19.187,0,
1619,9/10/2017 6:00,19.092,0,
1620,9/10/2017 7:00,19.092,0,
1621,9/10/2017 8:00,18.996,43.1,
1622,9/10/2017 9:00,19.092,150.7,
1623,9/10/2017 10:00,19.187,333.7,
1624,9/10/2017 11:00,20.424,839.6,
1625,9/10/2017 12:00,20.519,785.8,221.106
1626,9/10/2017 13:00,20.043,409,
1627,9/10/2017 14:00,20.234,775,
1628,9/10/2017 15:00,20.424,871.9,
1629,9/10/2017 16:00,20.996,312.2,
1630,9/10/2017 17:00,20.615,139.9,
1631,9/10/2017 18:00,20.234,86.1,
1632,9/10/2017 19:00,20.043,32.3,
1633,9/10/2017 20:00,19.853,0,
1634,9/10/2017 21:00,19.662,0,
1635,9/10/2017 22:00,19.758,0,
1636,9/10/2017 23:00,19.758,0,
1637,9/11/2017 0:00,19.662,0,
1638,9/11/2017 1:00,19.567,0,
1639,9/11/2017 2:00,19.377,0,
1640,9/11/2017 3:00,19.377,0,
1641,9/11/2017 4:00,19.187,0,
1642,9/11/2017 5:00,19.187,0,
1643,9/11/2017 6:00,19.187,0,
1644,9/11/2017 7:00,19.092,0,
1645,9/11/2017 8:00,19.092,32.3,
1646,9/11/2017 9:00,19.092,129.2,
1647,9/11/2017 10:00,19.282,258.3,
1648,9/11/2017 11:00,19.853,484.4,
1649,9/11/2017 12:00,20.424,764.2,221.267
1650,9/11/2017 13:00,20.519,828.8,
1651,9/11/2017 14:00,20.234,731.9,
1652,9/11/2017 15:00,20.234,731.9,
1653,9/11/2017 16:00,20.043,247.6,
1654,9/11/2017 17:00,19.567,96.9,
1655,9/11/2017 18:00,19.567,53.8,
1656,9/11/2017 19:00,19.567,21.5,
1657,9/11/2017 20:00,19.472,0,
1658,9/11/2017 21:00,19.282,0,
1659,9/11/2017 22:00,19.662,0,
1660,9/11/2017 23:00,19.662,0,
1661,9/12/2017 0:00,19.567,0,
1662,9/12/2017 1:00,19.472,0,
1663,9/12/2017 2:00,19.377,0,
1664,9/12/2017 3:00,19.377,0,
1665,9/12/2017 4:00,19.377,0,
1666,9/12/2017 5:00,19.187,0,
1667,9/12/2017 6:00,19.282,0,
1668,9/12/2017 7:00,19.187,0,
1669,9/12/2017 8:00,19.187,32.3,
1670,9/12/2017 9:00,19.282,118.4,
1671,9/12/2017 10:00,19.377,226,
1672,9/12/2017 11:00,19.758,387.5,
1673,9/12/2017 12:00,20.329,947.2,222.537
1674,9/12/2017 13:00,21.187,1280.9,
1675,9/12/2017 14:00,21.855,818.1,
1676,9/12/2017 15:00,22.429,592,
1677,9/12/2017 16:00,22.333,150.7,
1678,9/12/2017 17:00,21.951,53.8,
1679,9/12/2017 18:00,21.187,32.3,
1680,9/12/2017 19:00,21.378,10.8,
1681,9/12/2017 20:00,20.615,0,
1682,9/12/2017 21:00,20.329,0,
1683,9/12/2017 22:00,20.043,0,
1684,9/12/2017 23:00,19.853,0,
1685,9/13/2017 0:00,19.758,0,
1686,9/13/2017 1:00,19.662,0,
1687,9/13/2017 2:00,19.853,0,
1688,9/13/2017 3:00,19.662,0,
1689,9/13/2017 4:00,19.567,0,
1690,9/13/2017 5:00,19.472,0,
1691,9/13/2017 6:00,19.472,0,
1692,9/13/2017 7:00,19.472,0,
1693,9/13/2017 8:00,19.472,32.3,
1694,9/13/2017 9:00,19.567,129.2,
1695,9/13/2017 10:00,19.662,247.6,
1696,9/13/2017 11:00,20.043,473.6,
1697,9/13/2017 12:00,20.996,1151.7,223.755
1698,9/13/2017 13:00,21.569,1270.1,
1699,9/13/2017 14:00,21.282,1377.8,
1700,9/13/2017 15:00,21.569,419.8,
1701,9/13/2017 16:00,21.187,161.5,
1702,9/13/2017 17:00,20.805,96.9,
1703,9/13/2017 18:00,22.238,53.8,
1704,9/13/2017 19:00,21.378,10.8,
1705,9/13/2017 20:00,20.519,0,
1706,9/13/2017 21:00,21.091,0,
1707,9/13/2017 22:00,21.855,0,
1708,9/13/2017 23:00,21.378,0,
1709,9/14/2017 0:00,21.091,0,
1710,9/14/2017 1:00,20.805,0,
1711,9/14/2017 2:00,20.519,0,
1712,9/14/2017 3:00,20.424,0,
1713,9/14/2017 4:00,20.329,0,
1714,9/14/2017 5:00,20.138,0,
1715,9/14/2017 6:00,20.043,0,
1716,9/14/2017 7:00,19.948,0,
1717,9/14/2017 8:00,19.948,21.5,
1718,9/14/2017 9:00,19.853,107.6,
1719,9/14/2017 10:00,20.043,236.8,
1720,9/14/2017 11:00,20.329,505.9,
1721,9/14/2017 12:00,20.901,807.3,225.137
1722,9/14/2017 13:00,21.282,936.5,
1723,9/14/2017 14:00,21.76,656.6,
1724,9/14/2017 15:00,22.238,527.4,
1725,9/14/2017 16:00,22.333,215.3,
1726,9/14/2017 17:00,22.238,107.6,
1727,9/14/2017 18:00,20.615,64.6,
1728,9/14/2017 19:00,20.901,21.5,
1729,9/14/2017 20:00,20.996,0,
1730,9/14/2017 21:00,20.615,0,
1731,9/14/2017 22:00,20.519,0,
1732,9/14/2017 23:00,20.424,0,
1733,9/15/2017 0:00,20.424,0,
1734,9/15/2017 1:00,20.424,0,
1735,9/15/2017 2:00,20.329,0,
1736,9/15/2017 3:00,20.329,0,
1737,9/15/2017 4:00,20.234,0,
1738,9/15/2017 5:00,20.138,0,
1739,9/15/2017 6:00,20.043,0,
1740,9/15/2017 7:00,20.043,0,
1741,9/15/2017 8:00,19.948,21.5,
1742,9/15/2017 9:00,19.948,107.6,
1743,9/15/2017 10:00,20.043,215.3,
1744,9/15/2017 11:00,20.519,430.6,
1745,9/15/2017 12:00,21.378,699.7,226.124
1746,9/15/2017 13:00,21.664,990.3,
1747,9/15/2017 14:00,21.378,667.4,
1748,9/15/2017 15:00,21.664,419.8,
1749,9/15/2017 16:00,21.473,161.5,
1750,9/15/2017 17:00,21.187,53.8,
1751,9/15/2017 18:00,20.901,32.3,
1752,9/15/2017 19:00,20.71,10.8,
1753,9/15/2017 20:00,20.71,0,
1754,9/15/2017 21:00,21.091,0,
1755,9/15/2017 22:00,21.187,0,
1756,9/15/2017 23:00,21.091,0,
1757,9/16/2017 0:00,20.996,0,
1758,9/16/2017 1:00,20.901,0,
1759,9/16/2017 2:00,20.901,0,
1760,9/16/2017 3:00,20.805,0,
1761,9/16/2017 4:00,20.71,0,
1762,9/16/2017 5:00,20.615,0,
1763,9/16/2017 6:00,20.519,0,
1764,9/16/2017 7:00,20.424,0,
1765,9/16/2017 8:00,20.424,21.5,
1766,9/16/2017 9:00,20.424,118.4,
1767,9/16/2017 10:00,20.519,226,
1768,9/16/2017 11:00,21.091,871.9,
1769,9/16/2017 12:00,21.855,742.7,227.587
1770,9/16/2017 13:00,22.046,785.8,
1771,9/16/2017 14:00,21.951,742.7,
1772,9/16/2017 15:00,22.142,236.8,
1773,9/16/2017 16:00,21.855,247.6,
1774,9/16/2017 17:00,21.569,86.1,
1775,9/16/2017 18:00,21.187,53.8,
1776,9/16/2017 19:00,21.187,21.5,
1777,9/16/2017 20:00,21.091,0,
1778,9/16/2017 21:00,21.282,0,
1779,9/16/2017 22:00,21.187,0,
1780,9/16/2017 23:00,21.187,0,
1781,9/17/2017 0:00,21.091,0,
1782,9/17/2017 1:00,21.091,0,
1783,9/17/2017 2:00,21.091,0,
1784,9/17/2017 3:00,20.996,0,
1785,9/17/2017 4:00,20.901,0,
1786,9/17/2017 5:00,20.901,0,
1787,9/17/2017 6:00,20.805,0,
1788,9/17/2017 7:00,20.805,0,
1789,9/17/2017 8:00,20.805,32.3,
1790,9/17/2017 9:00,20.805,118.4,
1791,9/17/2017 10:00,20.901,172.2,
1792,9/17/2017 11:00,21.091,204.5,
1793,9/17/2017 12:00,21.76,699.7,229.127
1794,9/17/2017 13:00,21.855,236.8,
1795,9/17/2017 14:00,21.951,721.2,
1796,9/17/2017 15:00,21.855,32.3,
1797,9/17/2017 16:00,22.046,290.6,
1798,9/17/2017 17:00,21.76,172.2,
1799,9/17/2017 18:00,21.569,43.1,
1800,9/17/2017 19:00,21.473,10.8,
1801,9/17/2017 20:00,21.473,0,
1802,9/17/2017 21:00,21.378,0,
1803,9/17/2017 22:00,21.187,0,
1804,9/17/2017 23:00,21.091,0,
1805,9/18/2017 0:00,21.091,0,
1806,9/18/2017 1:00,20.996,0,
1807,9/18/2017 2:00,20.996,0,
1808,9/18/2017 3:00,20.901,0,
1809,9/18/2017 4:00,20.805,0,
1810,9/18/2017 5:00,20.71,0,
1811,9/18/2017 6:00,20.519,0,
1812,9/18/2017 7:00,20.519,0,
1813,9/18/2017 8:00,20.424,10.8,
1814,9/18/2017 9:00,20.519,129.2,
1815,9/18/2017 10:00,20.424,226,
1816,9/18/2017 11:00,20.71,484.4,
1817,9/18/2017 12:00,21.282,1011.8,230.346
1818,9/18/2017 13:00,21.473,979.5,
1819,9/18/2017 14:00,21.473,602.8,
1820,9/18/2017 15:00,21.76,581.3,
1821,9/18/2017 16:00,21.569,107.6,
1822,9/18/2017 17:00,21.378,32.3,
1823,9/18/2017 18:00,21.282,21.5,
1824,9/18/2017 19:00,21.091,10.8,
1825,9/18/2017 20:00,20.996,0,
1826,9/18/2017 21:00,20.901,0,
1827,9/18/2017 22:00,20.901,0,
1828,9/18/2017 23:00,20.805,0,
1829,9/19/2017 0:00,20.71,0,
1830,9/19/2017 1:00,20.615,0,
1831,9/19/2017 2:00,20.615,0,
1832,9/19/2017 3:00,20.519,0,
1833,9/19/2017 4:00,20.519,0,
1834,9/19/2017 5:00,20.519,0,
1835,9/19/2017 6:00,20.424,0,
1836,9/19/2017 7:00,20.424,0,
1837,9/19/2017 8:00,20.329,10.8,
1838,9/19/2017 9:00,20.329,53.8,
1839,9/19/2017 10:00,20.329,172.2,
1840,9/19/2017 11:00,20.615,1345.5,
1841,9/19/2017 12:00,21.091,527.4,231.591
1842,9/19/2017 13:00,21.378,602.8,
1843,9/19/2017 14:00,21.473,818.1,
1844,9/19/2017 15:00,21.855,850.4,
1845,9/19/2017 16:00,21.378,107.6,
1846,9/19/2017 17:00,21.473,43.1,
1847,9/19/2017 18:00,21.282,32.3,
1848,9/19/2017 19:00,21.187,10.8,
1849,9/19/2017 20:00,20.996,0,
1850,9/19/2017 21:00,20.901,0,
1851,9/19/2017 22:00,20.901,0,
1852,9/19/2017 23:00,20.805,0,
1853,9/20/2017 0:00,20.71,0,
1854,9/20/2017 1:00,20.71,0,
1855,9/20/2017 2:00,20.71,0,
1856,9/20/2017 3:00,20.615,0,
1857,9/20/2017 4:00,20.615,0,
1858,9/20/2017 5:00,20.615,0,
1859,9/20/2017 6:00,20.519,0,
1860,9/20/2017 7:00,20.519,0,
1861,9/20/2017 8:00,20.519,0,
1862,9/20/2017 9:00,20.519,75.3,
1863,9/20/2017 10:00,20.615,107.6,
1864,9/20/2017 11:00,20.71,161.5,
1865,9/20/2017 12:00,21.091,452.1,232.906
1866,9/20/2017 13:00,21.664,1356.3,
1867,9/20/2017 14:00,21.855,333.7,
1868,9/20/2017 15:00,21.664,215.3,
1869,9/20/2017 16:00,21.855,355.2,
1870,9/20/2017 17:00,21.569,118.4,
1871,9/20/2017 18:00,21.378,32.3,
1872,9/20/2017 19:00,21.282,0,
1873,9/20/2017 20:00,21.187,0,
1874,9/20/2017 21:00,21.091,0,
1875,9/20/2017 22:00,20.996,0,
1876,9/20/2017 23:00,20.901,0,
1877,9/21/2017 0:00,20.901,0,
1878,9/21/2017 1:00,20.901,0,
1879,9/21/2017 2:00,20.901,0,
1880,9/21/2017 3:00,20.901,0,
1881,9/21/2017 4:00,20.901,0,
1882,9/21/2017 5:00,20.901,0,
1883,9/21/2017 6:00,20.805,0,
1884,9/21/2017 7:00,20.805,0,
1885,9/21/2017 8:00,20.805,10.8,
1886,9/21/2017 9:00,20.805,43.1,
1887,9/21/2017 10:00,20.901,161.5,
1888,9/21/2017 11:00,21.473,764.2,
1889,9/21/2017 12:00,22.142,871.9,235.79
1890,9/21/2017 13:00,22.525,818.1,
1891,9/21/2017 14:00,23.773,624.3,
1892,9/21/2017 15:00,24.158,699.7,
1893,9/21/2017 16:00,22.142,226,
1894,9/21/2017 17:00,22.717,107.6,
1895,9/21/2017 18:00,21.76,64.6,
1896,9/21/2017 19:00,21.473,10.8,
1897,9/21/2017 20:00,22.142,0,
1898,9/21/2017 21:00,21.664,0,
1899,9/21/2017 22:00,22.238,0,
1900,9/21/2017 23:00,22.429,0,
1901,9/22/2017 0:00,22.429,0,
1902,9/22/2017 1:00,22.525,0,
1903,9/22/2017 2:00,22.142,0,
1904,9/22/2017 3:00,21.855,0,
1905,9/22/2017 4:00,21.664,0,
1906,9/22/2017 5:00,21.664,0,
1907,9/22/2017 6:00,21.951,0,
1908,9/22/2017 7:00,21.951,0,
1909,9/22/2017 8:00,21.855,21.5,
1910,9/22/2017 9:00,21.951,107.6,
1911,9/22/2017 10:00,22.142,226,
1912,9/22/2017 11:00,22.621,796.5,
1913,9/22/2017 12:00,23.484,839.6,238.803
1914,9/22/2017 13:00,23.677,968.8,
1915,9/22/2017 14:00,23.581,613.5,
1916,9/22/2017 15:00,23.869,656.6,
1917,9/22/2017 16:00,23.292,139.9,
1918,9/22/2017 17:00,23.196,96.9,
1919,9/22/2017 18:00,23.1,53.8,
1920,9/22/2017 19:00,23.1,10.8,
1921,9/22/2017 20:00,23.004,0,
1922,9/22/2017 21:00,22.621,0,
1923,9/22/2017 22:00,22.525,0,
1924,9/22/2017 23:00,22.525,0,
1925,9/23/2017 0:00,22.429,0,
1926,9/23/2017 1:00,22.429,0,
1927,9/23/2017 2:00,22.429,0,
1928,9/23/2017 3:00,22.238,0,
1929,9/23/2017 4:00,22.142,0,
1930,9/23/2017 5:00,22.046,0,
1931,9/23/2017 6:00,21.951,0,
1932,9/23/2017 7:00,21.951,0,
1933,9/23/2017 8:00,21.855,10.8,
1934,9/23/2017 9:00,21.951,96.9,
1935,9/23/2017 10:00,22.046,204.5,
1936,9/23/2017 11:00,22.621,882.6,
1937,9/23/2017 12:00,23.292,1377.8,241.763
1938,9/23/2017 13:00,23.677,871.9,
1939,9/23/2017 14:00,23.292,193.8,
1940,9/23/2017 15:00,23.004,1087.2,
1941,9/23/2017 16:00,22.717,269.1,
1942,9/23/2017 17:00,23.004,86.1,
1943,9/23/2017 18:00,22.621,43.1,
1944,9/23/2017 19:00,22.812,10.8,
1945,9/23/2017 20:00,22.621,0,
1946,9/23/2017 21:00,22.621,0,
1947,9/23/2017 22:00,22.525,0,
1948,9/23/2017 23:00,22.525,0,
1949,9/24/2017 0:00,22.429,0,
1950,9/24/2017 1:00,22.429,0,
1951,9/24/2017 2:00,22.429,0,
1952,9/24/2017 3:00,22.333,0,
1953,9/24/2017 4:00,22.333,0,
1954,9/24/2017 5:00,22.238,0,
1955,9/24/2017 6:00,22.142,0,
1956,9/24/2017 7:00,22.046,0,
1957,9/24/2017 8:00,22.142,43.1,
1958,9/24/2017 9:00,22.142,150.7,
1959,9/24/2017 10:00,22.238,322.9,
1960,9/24/2017 11:00,22.717,839.6,
1961,9/24/2017 12:00,23.773,1313.2,245.16
1962,9/24/2017 13:00,24.255,1356.3,
1963,9/24/2017 14:00,23.677,1550,
1964,9/24/2017 15:00,24.062,1377.8,
1965,9/24/2017 16:00,23.677,258.3,
1966,9/24/2017 17:00,23.292,86.1,
1967,9/24/2017 18:00,23.196,107.6,
1968,9/24/2017 19:00,23.004,43.1,
1969,9/24/2017 20:00,23.1,0,
1970,9/24/2017 21:00,23.388,0,
1971,9/24/2017 22:00,23.388,0,
1972,9/24/2017 23:00,23.196,0,
1973,9/25/2017 0:00,23.1,0,
1974,9/25/2017 1:00,23.004,0,
1975,9/25/2017 2:00,23.004,0,
1976,9/25/2017 3:00,22.812,0,
1977,9/25/2017 4:00,22.717,0,
1978,9/25/2017 5:00,22.717,0,
1979,9/25/2017 6:00,22.525,0,
1980,9/25/2017 7:00,22.429,0,
1981,9/25/2017 8:00,22.429,129.2,
1982,9/25/2017 9:00,22.525,333.7,
1983,9/25/2017 10:00,23.1,753.5,
1984,9/25/2017 11:00,23.677,1894.5,
1985,9/25/2017 12:00,23.869,1463.9,249.065
1986,9/25/2017 13:00,24.835,1463.9,
1987,9/25/2017 14:00,23.966,1636.1,
1988,9/25/2017 15:00,23.869,2152.8,
1989,9/25/2017 16:00,23.484,376.7,
1990,9/25/2017 17:00,23.196,290.6,
1991,9/25/2017 18:00,23.1,118.4,
1992,9/25/2017 19:00,23.773,43.1,
1993,9/25/2017 20:00,23.581,0,
1994,9/25/2017 21:00,23.388,0,
1995,9/25/2017 22:00,23.292,0,
1996,9/25/2017 23:00,23.196,0,
1997,9/26/2017 0:00,23.196,0,
1998,9/26/2017 1:00,23.004,0,
1999,9/26/2017 2:00,22.908,0,
2000,9/26/2017 3:00,22.908,0,
2001,9/26/2017 4:00,22.812,0,
2002,9/26/2017 5:00,22.717,0,
2003,9/26/2017 6:00,22.621,0,
2004,9/26/2017 7:00,22.525,0,
2005,9/26/2017 8:00,22.525,107.6,
2006,9/26/2017 9:00,22.717,785.8,
2007,9/26/2017 10:00,22.908,1151.7,
2008,9/26/2017 11:00,23.292,1377.8,
2009,9/26/2017 12:00,23.966,1550,252.698
2010,9/26/2017 13:00,24.351,1722.2,
2011,9/26/2017 14:00,23.581,1463.9,
2012,9/26/2017 15:00,23.869,1980.6,
2013,9/26/2017 16:00,23.484,592,
2014,9/26/2017 17:00,23.1,129.2,
2015,9/26/2017 18:00,23.1,150.7,
2016,9/26/2017 19:00,23.004,43.1,
2017,9/26/2017 20:00,22.908,0,
2018,9/26/2017 21:00,22.812,0,
2019,9/26/2017 22:00,22.812,0,
2020,9/26/2017 23:00,22.812,0,
2021,9/27/2017 0:00,22.812,0,
2022,9/27/2017 1:00,22.812,0,
2023,9/27/2017 2:00,22.717,0,
2024,9/27/2017 3:00,22.717,0,
2025,9/27/2017 4:00,22.621,0,
2026,9/27/2017 5:00,22.525,0,
2027,9/27/2017 6:00,22.525,0,
2028,9/27/2017 7:00,22.333,0,
2029,9/27/2017 8:00,22.333,21.5,
2030,9/27/2017 9:00,22.238,193.8,
2031,9/27/2017 10:00,22.238,193.8,
2032,9/27/2017 11:00,22.238,376.7,
2033,9/27/2017 12:00,22.333,624.3,254.934
2034,9/27/2017 13:00,22.333,775,
2035,9/27/2017 14:00,22.333,656.6,
2036,9/27/2017 15:00,22.238,462.9,
2037,9/27/2017 16:00,22.142,656.6,
2038,9/27/2017 17:00,21.951,150.7,
2039,9/27/2017 18:00,21.855,215.3,
2040,9/27/2017 19:00,21.664,53.8,
2041,9/27/2017 20:00,21.664,0,
2042,9/27/2017 21:00,21.473,0,
2043,9/27/2017 22:00,21.473,0,
2044,9/27/2017 23:00,21.473,0,
2045,9/28/2017 0:00,21.378,0,
2046,9/28/2017 1:00,21.282,0,
2047,9/28/2017 2:00,21.282,0,
2048,9/28/2017 3:00,21.282,0,
2049,9/28/2017 4:00,21.187,0,
2050,9/28/2017 5:00,21.091,0,
2051,9/28/2017 6:00,21.091,0,
2052,9/28/2017 7:00,21.091,0,
2053,9/28/2017 8:00,20.996,32.3,
2054,9/28/2017 9:00,21.473,656.6,
2055,9/28/2017 10:00,21.378,1097.9,
2056,9/28/2017 11:00,21.855,1550,
2057,9/28/2017 12:00,22.525,1636.1,256.779
2058,9/28/2017 13:00,22.525,871.9,
2059,9/28/2017 14:00,22.142,1550,
2060,9/28/2017 15:00,21.951,236.8,
2061,9/28/2017 16:00,21.76,247.6,
2062,9/28/2017 17:00,21.569,312.2,
2063,9/28/2017 18:00,21.378,139.9,
2064,9/28/2017 19:00,21.187,32.3,
2065,9/28/2017 20:00,21.091,0,
2066,9/28/2017 21:00,20.901,0,
2067,9/28/2017 22:00,20.901,0,
2068,9/28/2017 23:00,20.901,0,
2069,9/29/2017 0:00,20.805,0,
2070,9/29/2017 1:00,20.805,0,
2071,9/29/2017 2:00,20.71,0,
2072,9/29/2017 3:00,20.71,0,
2073,9/29/2017 4:00,20.615,0,
2074,9/29/2017 5:00,20.615,0,
2075,9/29/2017 6:00,20.519,0,
2076,9/29/2017 7:00,20.615,0,
2077,9/29/2017 8:00,20.519,53.8,
2078,9/29/2017 9:00,20.519,129.2,
2079,9/29/2017 10:00,20.615,462.9,
2080,9/29/2017 11:00,21.282,1377.8,
2081,9/29/2017 12:00,20.996,516.7,257.59
2082,9/29/2017 13:00,21.091,398.3,
2083,9/29/2017 14:00,21.282,1550,
2084,9/29/2017 15:00,21.187,559.7,
2085,9/29/2017 16:00,21.091,624.3,
2086,9/29/2017 17:00,20.805,269.1,
2087,9/29/2017 18:00,20.519,118.4,
2088,9/29/2017 19:00,20.329,32.3,
2089,9/29/2017 20:00,20.424,0,
2090,9/29/2017 21:00,20.329,0,
2091,9/29/2017 22:00,20.329,0,
2092,9/29/2017 23:00,20.234,0,
2093,9/30/2017 0:00,20.138,0,
2094,9/30/2017 1:00,20.138,0,
2095,9/30/2017 2:00,20.138,0,
2096,9/30/2017 3:00,20.043,0,
2097,9/30/2017 4:00,19.948,0,
2098,9/30/2017 5:00,19.948,0,
2099,9/30/2017 6:00,19.853,0,
2100,9/30/2017 7:00,19.853,0,
2101,9/30/2017 8:00,19.853,43.1,
2102,9/30/2017 9:00,20.043,645.8,
2103,9/30/2017 10:00,20.234,1033.3,
2104,9/30/2017 11:00,20.71,1377.8,
2105,9/30/2017 12:00,21.76,1636.1,258.609
2106,9/30/2017 13:00,21.473,1463.9,
2107,9/30/2017 14:00,20.805,1463.9,
2108,9/30/2017 15:00,20.996,1808.3,
2109,9/30/2017 16:00,20.71,150.7,
2110,9/30/2017 17:00,20.615,96.9,
2111,9/30/2017 18:00,20.329,75.3,
2112,9/30/2017 19:00,20.138,21.5,
2113,9/30/2017 20:00,20.043,0,
2114,9/30/2017 21:00,19.948,0,
2115,9/30/2017 22:00,19.853,0,
2116,9/30/2017 23:00,19.853,0,
2117,10/1/2017 0:00,19.853,0,
2118,10/1/2017 1:00,19.853,0,
2119,10/1/2017 2:00,19.758,0,
2120,10/1/2017 3:00,19.662,0,
2121,10/1/2017 4:00,19.662,0,
2122,10/1/2017 5:00,19.567,0,
2123,10/1/2017 6:00,19.567,0,
2124,10/1/2017 7:00,19.567,0,
2125,10/1/2017 8:00,19.567,96.9,
2126,10/1/2017 9:00,19.948,667.4,
2127,10/1/2017 10:00,19.948,1065.6,
2128,10/1/2017 11:00,20.138,1377.8,
2129,10/1/2017 12:00,20.805,1550,259.354
2130,10/1/2017 13:00,21.473,1980.6,
2131,10/1/2017 14:00,20.615,1377.8,
2132,10/1/2017 15:00,20.615,1636.1,
2133,10/1/2017 16:00,20.329,312.2,
2134,10/1/2017 17:00,20.234,183,
2135,10/1/2017 18:00,19.758,161.5,
2136,10/1/2017 19:00,19.758,64.6,
2137,10/1/2017 20:00,19.758,0,
2138,10/1/2017 21:00,19.662,0,
2139,10/1/2017 22:00,19.567,0,
2140,10/1/2017 23:00,19.472,0,
2141,10/2/2017 0:00,19.472,0,
2142,10/2/2017 1:00,19.472,0,
2143,10/2/2017 2:00,19.472,0,
2144,10/2/2017 3:00,19.377,0,
2145,10/2/2017 4:00,19.472,0,
2146,10/2/2017 5:00,19.282,0,
2147,10/2/2017 6:00,19.282,0,
2148,10/2/2017 7:00,19.377,0,
2149,10/2/2017 8:00,19.377,129.2,
2150,10/2/2017 9:00,19.472,344.4,
2151,10/2/2017 10:00,19.472,710.4,
2152,10/2/2017 11:00,19.662,947.2,
2153,10/2/2017 12:00,20.043,1636.1,259.627
2154,10/2/2017 13:00,20.71,2066.7,
2155,10/2/2017 14:00,20.519,1463.9,
2156,10/2/2017 15:00,20.71,1377.8,
2157,10/2/2017 16:00,20.424,505.9,
2158,10/2/2017 17:00,20.138,366,
2159,10/2/2017 18:00,20.043,279.9,
2160,10/2/2017 19:00,19.948,43.1,
2161,10/2/2017 20:00,19.853,0,
2162,10/2/2017 21:00,19.758,0,
2163,10/2/2017 22:00,19.662,0,
2164,10/2/2017 23:00,19.567,0,
2165,10/3/2017 0:00,19.377,0,
2166,10/3/2017 1:00,19.282,0,
2167,10/3/2017 2:00,19.282,0,
2168,10/3/2017 3:00,19.377,0,
2169,10/3/2017 4:00,19.377,0,
2170,10/3/2017 5:00,19.377,0,
2171,10/3/2017 6:00,19.377,0,
2172,10/3/2017 7:00,19.282,0,
2173,10/3/2017 8:00,19.282,118.4,
2174,10/3/2017 9:00,19.472,527.4,
2175,10/3/2017 10:00,19.758,1808.3,
2176,10/3/2017 11:00,19.853,1808.3,
2177,10/3/2017 12:00,20.519,1636.1,259.9
2178,10/3/2017 13:00,20.71,2497.2,
2179,10/3/2017 14:00,20.329,1280.9,
2180,10/3/2017 15:00,20.234,678.1,
2181,10/3/2017 16:00,20.138,624.3,
2182,10/3/2017 17:00,20.043,290.6,
2183,10/3/2017 18:00,19.948,86.1,
2184,10/3/2017 19:00,19.853,10.8,
2185,10/3/2017 20:00,19.758,0,
2186,10/3/2017 21:00,19.758,0,
2187,10/3/2017 22:00,19.662,0,
2188,10/3/2017 23:00,19.662,0,
2189,10/4/2017 0:00,19.662,0,
2190,10/4/2017 1:00,19.567,0,
2191,10/4/2017 2:00,19.567,0,
2192,10/4/2017 3:00,19.472,0,
2193,10/4/2017 4:00,19.472,0,
2194,10/4/2017 5:00,19.567,0,
2195,10/4/2017 6:00,19.567,0,
2196,10/4/2017 7:00,19.567,0,
2197,10/4/2017 8:00,19.472,0,
2198,10/4/2017 9:00,19.472,53.8,
2199,10/4/2017 10:00,19.472,236.8,
2200,10/4/2017 11:00,19.567,247.6,
2201,10/4/2017 12:00,19.662,312.2,269.079
2202,10/4/2017 13:00,19.853,1302.4,
2203,10/4/2017 14:00,21.569,3272.2,
2204,10/4/2017 15:00,38.379,139.9,
2205,10/4/2017 16:00,26.781,0,
2206,10/4/2017 17:00,21.76,0,
2207,10/4/2017 18:00,19.377,0,
2208,10/4/2017 19:00,18.14,0,
2209,10/4/2017 20:00,17.95,0,
2210,10/4/2017 21:00,16.427,0,
2211,10/4/2017 22:00,14.804,0,
2212,10/4/2017 23:00,13.269,0,
2213,10/5/2017 0:00,11.916,0,
2214,10/5/2017 1:00,11.041,0,
2215,10/5/2017 2:00,10.259,0,
2216,10/5/2017 3:00,9.571,0,
2217,10/5/2017 4:00,9.077,0,
2218,10/5/2017 5:00,8.481,0,
2219,10/5/2017 6:00,8.082,0,
2220,10/5/2017 7:00,7.582,0,
2221,10/5/2017 8:00,7.179,0,
2222,10/5/2017 9:00,8.282,0,
2223,10/5/2017 10:00,11.819,0,
2224,10/5/2017 11:00,24.351,0,
2225,10/5/2017 12:00,19.187,0,270.386
2226,10/5/2017 13:00,20.615,0,
2227,10/5/2017 14:00,21.378,0,
2228,10/5/2017 15:00,19.282,0,
2229,10/5/2017 16:00,17.76,0,
2230,10/5/2017 17:00,18.236,0,
2231,10/5/2017 18:00,15.951,0,
2232,10/5/2017 19:00,15.378,0,
2233,10/5/2017 20:00,15.664,0,
2234,10/5/2017 21:00,15.473,0,
2235,10/5/2017 22:00,14.996,0,
2236,10/5/2017 23:00,14.9,0,
2237,10/6/2017 0:00,14.613,0,
2238,10/6/2017 1:00,14.421,0,
2239,10/6/2017 2:00,14.038,0,
2240,10/6/2017 3:00,13.846,0,
2241,10/6/2017 4:00,13.75,0,
2242,10/6/2017 5:00,13.558,0,
2243,10/6/2017 6:00,13.269,0,
2244,10/6/2017 7:00,13.173,0,
2245,10/6/2017 8:00,14.134,0,
2246,10/6/2017 9:00,15.76,0,
2247,10/6/2017 10:00,15.855,0,
2248,10/6/2017 11:00,20.71,0,
2249,10/6/2017 12:00,20.615,0,271.732
2250,10/6/2017 13:00,20.996,0,
2251,10/6/2017 14:00,23.773,0,
2252,10/6/2017 15:00,22.429,0,
2253,10/6/2017 16:00,21.569,0,
2254,10/6/2017 17:00,21.473,0,
2255,10/6/2017 18:00,21.378,0,
2256,10/6/2017 19:00,21.282,0,
2257,10/6/2017 20:00,21.091,0,
2258,10/6/2017 21:00,21.091,0,
2259,10/6/2017 22:00,21.091,0,
2260,10/6/2017 23:00,20.996,0,
2261,10/7/2017 0:00,20.996,0,
2262,10/7/2017 1:00,20.996,0,
2263,10/7/2017 2:00,20.996,0,
2264,10/7/2017 3:00,21.091,0,
2265,10/7/2017 4:00,21.091,0,
2266,10/7/2017 5:00,21.091,0,
2267,10/7/2017 6:00,21.091,0,
2268,10/7/2017 7:00,21.187,0,
2269,10/7/2017 8:00,21.282,0,
2270,10/7/2017 9:00,21.282,0,
2271,10/7/2017 10:00,21.282,0,
2272,10/7/2017 11:00,21.76,0,
2273,10/7/2017 12:00,21.951,0,273.524
2274,10/7/2017 13:00,21.951,0,
2275,10/7/2017 14:00,22.046,0,
2276,10/7/2017 15:00,22.046,0,
2277,10/7/2017 16:00,22.046,0,
2278,10/7/2017 17:00,22.046,0,
2279,10/7/2017 18:00,22.142,0,
2280,10/7/2017 19:00,22.142,0,
2281,10/7/2017 20:00,22.142,0,
2282,10/7/2017 21:00,21.951,0,
2283,10/7/2017 22:00,22.046,0,
2284,10/7/2017 23:00,22.142,0,
2285,10/8/2017 0:00,22.333,0,
2286,10/8/2017 1:00,22.333,0,
2287,10/8/2017 2:00,22.333,0,
2288,10/8/2017 3:00,22.238,0,
2289,10/8/2017 4:00,22.142,0,
2290,10/8/2017 5:00,22.046,0,
2291,10/8/2017 6:00,21.76,0,
2292,10/8/2017 7:00,21.473,0,
2293,10/8/2017 8:00,21.187,0,
2294,10/8/2017 9:00,21.76,0,
2295,10/8/2017 10:00,22.238,0,
2296,10/8/2017 11:00,22.429,0,
2297,10/8/2017 12:00,22.525,0,274.971
2298,10/8/2017 13:00,22.429,0,
2299,10/8/2017 14:00,22.333,0,
2300,10/8/2017 15:00,22.333,0,
2301,10/8/2017 16:00,22.333,0,
2302,10/8/2017 17:00,22.333,0,
2303,10/8/2017 18:00,22.238,0,
2304,10/8/2017 19:00,22.525,0,
2305,10/8/2017 20:00,21.664,0,
2306,10/8/2017 21:00,20.996,0,
2307,10/8/2017 22:00,20.71,0,
2308,10/8/2017 23:00,20.329,0,
2309,10/9/2017 0:00,19.662,0,
2310,10/9/2017 1:00,19.758,0,
2311,10/9/2017 2:00,19.853,0,
2312,10/9/2017 3:00,19.948,0,
2313,10/9/2017 4:00,19.758,0,
2314,10/9/2017 5:00,19.758,0,
2315,10/9/2017 6:00,19.662,0,
2316,10/9/2017 7:00,19.187,0,
2317,10/9/2017 8:00,18.901,0,
2318,10/9/2017 9:00,19.377,0,
2319,10/9/2017 10:00,24.351,10.8,
2320,10/9/2017 11:00,27.567,0,
2321,10/9/2017 12:00,26.781,0,279.383
2322,10/9/2017 13:00,23.484,0,
2323,10/9/2017 14:00,23.196,0,
2324,10/9/2017 15:00,23.1,0,
2325,10/9/2017 16:00,22.908,0,
2326,10/9/2017 17:00,22.717,0,
2327,10/9/2017 18:00,22.429,0,
2328,10/9/2017 19:00,22.238,0,
2329,10/9/2017 20:00,22.142,0,
2330,10/9/2017 21:00,21.951,0,
2331,10/9/2017 22:00,21.855,0,
2332,10/9/2017 23:00,21.664,0,
2333,10/10/2017 0:00,21.664,0,
2334,10/10/2017 1:00,21.569,0,
2335,10/10/2017 2:00,21.569,0,
2336,10/10/2017 3:00,21.473,0,
2337,10/10/2017 4:00,21.473,0,
2338,10/10/2017 5:00,21.378,0,
2339,10/10/2017 6:00,21.282,0,
2340,10/10/2017 7:00,21.091,0,
2341,10/10/2017 8:00,21.091,0,
2342,10/10/2017 9:00,21.473,0,
2343,10/10/2017 10:00,22.333,0,
2344,10/10/2017 11:00,22.238,0,
