#,"Date Time, GMT-04:00",Temp,"Intensity, Lux (LGR S/N: 10957587, SEN S/N: 10957587)","GDD, DDc (LGR S/N: 10957587)"
1,7/4/2017 20:00,27.272,0,
2,7/4/2017 21:00,26.879,0,
3,7/4/2017 22:00,26.292,0,
4,7/4/2017 23:00,25.708,0,
5,7/5/2017 0:00,25.125,0,
6,7/5/2017 1:00,24.545,0,
7,7/5/2017 2:00,23.966,0,
8,7/5/2017 3:00,23.292,0,
9,7/5/2017 4:00,22.717,0,
10,7/5/2017 5:00,22.142,0,
11,7/5/2017 6:00,21.664,0,
12,7/5/2017 7:00,20.996,0,
13,7/5/2017 8:00,21.378,0,
14,7/5/2017 9:00,22.908,0,
15,7/5/2017 10:00,23.196,0,
16,7/5/2017 11:00,23.677,0,
17,7/5/2017 12:00,24.545,0,10.474
18,7/5/2017 13:00,26.195,0,
19,7/5/2017 14:00,32.6,0,
20,7/5/2017 15:00,35.328,0,
21,7/5/2017 16:00,35.971,0,
22,7/5/2017 17:00,34.903,0,
23,7/5/2017 18:00,34.374,0,
24,7/5/2017 19:00,32.394,0,
25,7/5/2017 20:00,28.853,0,
26,7/5/2017 21:00,25.61,0,
27,7/5/2017 22:00,24.545,0,
28,7/5/2017 23:00,23.581,0,
29,7/6/2017 0:00,22.238,0,
30,7/6/2017 1:00,21.282,0,
31,7/6/2017 2:00,19.948,0,
32,7/6/2017 3:00,18.901,0,
33,7/6/2017 4:00,18.14,0,
34,7/6/2017 5:00,17.76,0,
35,7/6/2017 6:00,17.189,0,
36,7/6/2017 7:00,16.903,0,
37,7/6/2017 8:00,18.711,0,
38,7/6/2017 9:00,22.717,0,
39,7/6/2017 10:00,23.966,0,
40,7/6/2017 11:00,26.879,0,
41,7/6/2017 12:00,34.268,0,19.762
42,7/6/2017 13:00,36.187,0,
43,7/6/2017 14:00,30.054,0,
44,7/6/2017 15:00,35.864,0,
45,7/6/2017 16:00,35.649,0,
46,7/6/2017 17:00,28.159,0,
47,7/6/2017 18:00,26.195,0,
48,7/6/2017 19:00,25.222,0,
49,7/6/2017 20:00,24.931,0,
50,7/6/2017 21:00,23.966,0,
51,7/6/2017 22:00,23.677,0,
52,7/6/2017 23:00,23.196,0,
53,7/7/2017 0:00,22.717,0,
54,7/7/2017 1:00,20.519,0,
55,7/7/2017 2:00,19.948,0,
56,7/7/2017 3:00,19.377,0,
57,7/7/2017 4:00,18.521,0,
58,7/7/2017 5:00,18.14,0,
59,7/7/2017 6:00,17.95,0,
60,7/7/2017 7:00,18.901,0,
61,7/7/2017 8:00,24.448,699.7,
62,7/7/2017 9:00,24.738,1980.6,
63,7/7/2017 10:00,24.738,4133.4,
64,7/7/2017 11:00,24.641,925.7,
65,7/7/2017 12:00,24.931,1280.9,23.137
66,7/7/2017 13:00,25.125,753.5,
67,7/7/2017 14:00,25.513,1722.2,
68,7/7/2017 15:00,25.805,3616.7,
69,7/7/2017 16:00,26.097,9644.5,
70,7/7/2017 17:00,26.292,6544.5,
71,7/7/2017 18:00,26,3272.2,
72,7/7/2017 19:00,25.805,1291.7,
73,7/7/2017 20:00,25.513,549,
74,7/7/2017 21:00,25.222,43.1,
75,7/7/2017 22:00,24.835,0,
76,7/7/2017 23:00,24.448,0,
77,7/8/2017 0:00,24.158,0,
78,7/8/2017 1:00,24.158,0,
79,7/8/2017 2:00,23.484,0,
80,7/8/2017 3:00,23.484,0,
81,7/8/2017 4:00,23.484,0,
82,7/8/2017 5:00,23.196,0,
83,7/8/2017 6:00,23.1,0,
84,7/8/2017 7:00,23.004,409,
85,7/8/2017 8:00,23.1,1808.3,
86,7/8/2017 9:00,23.388,2755.6,
87,7/8/2017 10:00,23.966,5166.7,
88,7/8/2017 11:00,24.351,6200,
89,7/8/2017 12:00,24.351,904.2,27.931
90,7/8/2017 13:00,24.641,925.7,
91,7/8/2017 14:00,24.931,753.5,
92,7/8/2017 15:00,25.319,807.3,
93,7/8/2017 16:00,25.513,1033.3,
94,7/8/2017 17:00,25.902,1463.9,
95,7/8/2017 18:00,25.513,656.6,
96,7/8/2017 19:00,25.708,1463.9,
97,7/8/2017 20:00,25.222,1550,
98,7/8/2017 21:00,24.835,64.6,
99,7/8/2017 22:00,24.641,0,
100,7/8/2017 23:00,24.448,0,
101,7/9/2017 0:00,24.062,0,
102,7/9/2017 1:00,23.677,0,
103,7/9/2017 2:00,23.581,0,
104,7/9/2017 3:00,23.196,0,
105,7/9/2017 4:00,23.004,0,
106,7/9/2017 5:00,22.812,0,
107,7/9/2017 6:00,22.717,0,
108,7/9/2017 7:00,22.812,366,
109,7/9/2017 8:00,22.812,925.7,
110,7/9/2017 9:00,23.1,3788.9,
111,7/9/2017 10:00,23.677,21355.7,
112,7/9/2017 11:00,24.158,33066.9,
113,7/9/2017 12:00,24.062,2669.5,32.373
114,7/9/2017 13:00,24.641,1550,
115,7/9/2017 14:00,25.125,3788.9,
116,7/9/2017 15:00,25.125,1313.2,
117,7/9/2017 16:00,25.513,2411.1,
118,7/9/2017 17:00,25.222,1463.9,
119,7/9/2017 18:00,25.125,484.4,
120,7/9/2017 19:00,24.931,183,
121,7/9/2017 20:00,24.738,75.3,
122,7/9/2017 21:00,24.545,0,
123,7/9/2017 22:00,24.448,0,
124,7/9/2017 23:00,24.351,0,
125,7/10/2017 0:00,24.158,0,
126,7/10/2017 1:00,23.966,0,
127,7/10/2017 2:00,23.869,0,
128,7/10/2017 3:00,23.773,0,
129,7/10/2017 4:00,23.677,0,
130,7/10/2017 5:00,23.581,0,
131,7/10/2017 6:00,23.484,10.8,
132,7/10/2017 7:00,23.388,172.2,
133,7/10/2017 8:00,23.292,366,
134,7/10/2017 9:00,23.581,1065.6,
135,7/10/2017 10:00,23.869,3272.2,
136,7/10/2017 11:00,24.448,5511.1,
137,7/10/2017 12:00,24.931,1894.5,37.21
138,7/10/2017 13:00,25.805,1550,
139,7/10/2017 14:00,25.513,473.6,
140,7/10/2017 15:00,24.835,107.6,
141,7/10/2017 16:00,24.641,505.9,
142,7/10/2017 17:00,24.835,3100,
143,7/10/2017 18:00,23.869,247.6,
144,7/10/2017 19:00,24.448,1345.5,
145,7/10/2017 20:00,24.255,452.1,
146,7/10/2017 21:00,23.966,53.8,
147,7/10/2017 22:00,23.869,0,
148,7/10/2017 23:00,23.773,0,
149,7/11/2017 0:00,23.677,0,
150,7/11/2017 1:00,23.677,0,
151,7/11/2017 2:00,23.581,0,
152,7/11/2017 3:00,23.581,0,
153,7/11/2017 4:00,23.388,0,
154,7/11/2017 5:00,23.292,0,
155,7/11/2017 6:00,23.196,0,
156,7/11/2017 7:00,23.196,258.3,
157,7/11/2017 8:00,23.292,1130.2,
158,7/11/2017 9:00,23.773,3272.2,
159,7/11/2017 10:00,24.448,6544.5,
160,7/11/2017 11:00,25.222,1302.4,
161,7/11/2017 12:00,25.61,2238.9,43.259
162,7/11/2017 13:00,26.292,1463.9,
163,7/11/2017 14:00,26.683,914.9,
164,7/11/2017 15:00,26.879,1550,
165,7/11/2017 16:00,27.764,1808.3,
166,7/11/2017 17:00,27.764,516.7,
167,7/11/2017 18:00,27.173,2066.7,
168,7/11/2017 19:00,27.173,721.2,
169,7/11/2017 20:00,27.075,861.1,
170,7/11/2017 21:00,26.585,64.6,
171,7/11/2017 22:00,26.488,0,
172,7/11/2017 23:00,26.488,0,
173,7/12/2017 0:00,26.488,0,
174,7/12/2017 1:00,26.195,0,
175,7/12/2017 2:00,25.902,0,
176,7/12/2017 3:00,25.805,0,
177,7/12/2017 4:00,25.61,0,
178,7/12/2017 5:00,25.416,0,
179,7/12/2017 6:00,25.319,0,
180,7/12/2017 7:00,25.222,86.1,
181,7/12/2017 8:00,25.125,96.9,
182,7/12/2017 9:00,25.222,602.8,
183,7/12/2017 10:00,25.125,516.7,
184,7/12/2017 11:00,25.028,258.3,
185,7/12/2017 12:00,24.931,721.2,49.375
186,7/12/2017 13:00,25.222,1054.9,
187,7/12/2017 14:00,25.61,1463.9,
188,7/12/2017 15:00,26.39,990.3,
189,7/12/2017 16:00,26.39,2497.2,
190,7/12/2017 17:00,26.781,1722.2,
191,7/12/2017 18:00,26.781,624.3,
192,7/12/2017 19:00,26.879,1173.3,
193,7/12/2017 20:00,26.488,226,
194,7/12/2017 21:00,26.195,21.5,
195,7/12/2017 22:00,25.902,0,
196,7/12/2017 23:00,25.902,0,
197,7/13/2017 0:00,25.805,0,
198,7/13/2017 1:00,25.416,0,
199,7/13/2017 2:00,25.222,0,
200,7/13/2017 3:00,24.931,0,
201,7/13/2017 4:00,24.835,0,
202,7/13/2017 5:00,24.641,0,
203,7/13/2017 6:00,24.641,0,
204,7/13/2017 7:00,24.448,10.8,
205,7/13/2017 8:00,24.351,75.3,
206,7/13/2017 9:00,24.351,376.7,
207,7/13/2017 10:00,24.545,473.6,
208,7/13/2017 11:00,24.738,3100,
209,7/13/2017 12:00,25.319,1808.3,55.843
210,7/13/2017 13:00,25.805,1463.9,
211,7/13/2017 14:00,26.39,1162.5,
212,7/13/2017 15:00,26.879,1044.1,
213,7/13/2017 16:00,27.173,1011.8,
214,7/13/2017 17:00,27.665,2755.6,
215,7/13/2017 18:00,27.764,1636.1,
216,7/13/2017 19:00,27.468,613.5,
217,7/13/2017 20:00,26.977,150.7,
218,7/13/2017 21:00,26.683,0,
219,7/13/2017 22:00,26.488,0,
220,7/13/2017 23:00,26.195,0,
221,7/14/2017 0:00,25.902,0,
222,7/14/2017 1:00,25.61,0,
223,7/14/2017 2:00,25.319,0,
224,7/14/2017 3:00,24.931,0,
225,7/14/2017 4:00,24.545,0,
226,7/14/2017 5:00,24.255,0,
227,7/14/2017 6:00,24.062,0,
228,7/14/2017 7:00,23.773,53.8,
229,7/14/2017 8:00,23.966,333.7,
230,7/14/2017 9:00,24.351,667.4,
231,7/14/2017 10:00,24.062,527.4,
232,7/14/2017 11:00,24.351,861.1,
233,7/14/2017 12:00,24.448,1808.3,60.917
234,7/14/2017 13:00,24.351,775,
235,7/14/2017 14:00,24.545,796.5,
236,7/14/2017 15:00,24.448,1194.8,
237,7/14/2017 16:00,24.351,1205.6,
238,7/14/2017 17:00,24.545,1550,
239,7/14/2017 18:00,24.448,624.3,
240,7/14/2017 19:00,24.738,914.9,
241,7/14/2017 20:00,24.545,710.4,
242,7/14/2017 21:00,24.255,64.6,
243,7/14/2017 22:00,24.062,0,
244,7/14/2017 23:00,23.869,0,
245,7/15/2017 0:00,23.773,0,
246,7/15/2017 1:00,23.581,0,
247,7/15/2017 2:00,23.388,0,
248,7/15/2017 3:00,23.292,0,
249,7/15/2017 4:00,23.388,0,
250,7/15/2017 5:00,23.1,0,
251,7/15/2017 6:00,23.1,0,
252,7/15/2017 7:00,23.004,118.4,
253,7/15/2017 8:00,22.908,258.3,
254,7/15/2017 9:00,23.196,904.2,
255,7/15/2017 10:00,23.677,5511.1,
256,7/15/2017 11:00,24.062,3100,
257,7/15/2017 12:00,24.448,1550,65.8
258,7/15/2017 13:00,24.738,1162.5,
259,7/15/2017 14:00,25.125,753.5,
260,7/15/2017 15:00,25.416,1044.1,
261,7/15/2017 16:00,25.805,1065.6,
262,7/15/2017 17:00,26.097,1980.6,
263,7/15/2017 18:00,26.097,1894.5,
264,7/15/2017 19:00,26.097,1377.8,
265,7/15/2017 20:00,25.805,366,
266,7/15/2017 21:00,25.61,10.8,
267,7/15/2017 22:00,25.416,0,
268,7/15/2017 23:00,25.125,0,
269,7/16/2017 0:00,24.931,0,
270,7/16/2017 1:00,24.738,0,
271,7/16/2017 2:00,24.545,0,
272,7/16/2017 3:00,24.448,0,
273,7/16/2017 4:00,24.351,0,
274,7/16/2017 5:00,24.158,0,
275,7/16/2017 6:00,23.966,0,
276,7/16/2017 7:00,23.581,53.8,
277,7/16/2017 8:00,23.581,183,
278,7/16/2017 9:00,23.677,204.5,
279,7/16/2017 10:00,23.773,678.1,
280,7/16/2017 11:00,23.581,979.5,
281,7/16/2017 12:00,23.773,1636.1,70.432
282,7/16/2017 13:00,24.158,2325,
283,7/16/2017 14:00,24.448,1550,
284,7/16/2017 15:00,24.545,602.8,
285,7/16/2017 16:00,24.835,1291.7,
286,7/16/2017 17:00,25.222,1550,
287,7/16/2017 18:00,25.319,1463.9,
288,7/16/2017 19:00,25.222,925.7,
289,7/16/2017 20:00,24.931,419.8,
290,7/16/2017 21:00,24.545,75.3,
291,7/16/2017 22:00,24.158,0,
292,7/16/2017 23:00,23.966,0,
293,7/17/2017 0:00,23.773,0,
294,7/17/2017 1:00,23.581,0,
295,7/17/2017 2:00,23.388,0,
296,7/17/2017 3:00,23.292,0,
297,7/17/2017 4:00,23.004,0,
298,7/17/2017 5:00,22.812,0,
299,7/17/2017 6:00,22.621,0,
300,7/17/2017 7:00,22.525,247.6,
301,7/17/2017 8:00,22.621,1636.1,
302,7/17/2017 9:00,22.812,3272.2,
303,7/17/2017 10:00,23.388,6200,
304,7/17/2017 11:00,23.966,9300.1,
305,7/17/2017 12:00,24.255,1894.5,76.362
306,7/17/2017 13:00,24.255,656.6,
307,7/17/2017 14:00,24.448,721.2,
308,7/17/2017 15:00,26.488,753.5,
309,7/17/2017 16:00,26.683,1054.9,
310,7/17/2017 17:00,27.862,1636.1,
311,7/17/2017 18:00,27.961,1334.7,
312,7/17/2017 19:00,27.567,947.2,
313,7/17/2017 20:00,26.39,269.1,
314,7/17/2017 21:00,25.902,75.3,
315,7/17/2017 22:00,26.292,0,
316,7/17/2017 23:00,26.097,0,
317,7/18/2017 0:00,25.902,0,
318,7/18/2017 1:00,25.708,0,
319,7/18/2017 2:00,25.513,0,
320,7/18/2017 3:00,25.222,0,
321,7/18/2017 4:00,24.255,0,
322,7/18/2017 5:00,23.484,0,
323,7/18/2017 6:00,23.388,0,
324,7/18/2017 7:00,23.581,226,
325,7/18/2017 8:00,23.388,1463.9,
326,7/18/2017 9:00,23.966,3616.7,
327,7/18/2017 10:00,24.351,4477.8,
328,7/18/2017 11:00,24.738,6200,
329,7/18/2017 12:00,24.931,1808.3,82.042
330,7/18/2017 13:00,25.319,1087.2,
331,7/18/2017 14:00,25.708,818.1,
332,7/18/2017 15:00,26.097,785.8,
333,7/18/2017 16:00,26.488,990.3,
334,7/18/2017 17:00,26.977,1550,
335,7/18/2017 18:00,27.075,1291.7,
336,7/18/2017 19:00,27.075,850.4,
337,7/18/2017 20:00,26.781,527.4,
338,7/18/2017 21:00,26.39,21.5,
339,7/18/2017 22:00,26.097,0,
340,7/18/2017 23:00,25.708,0,
341,7/19/2017 0:00,25.513,0,
342,7/19/2017 1:00,25.513,0,
343,7/19/2017 2:00,25.319,0,
344,7/19/2017 3:00,25.125,0,
345,7/19/2017 4:00,24.835,0,
346,7/19/2017 5:00,24.641,0,
347,7/19/2017 6:00,24.448,0,
348,7/19/2017 7:00,24.255,355.2,
349,7/19/2017 8:00,24.255,656.6,
350,7/19/2017 9:00,24.351,2497.2,
351,7/19/2017 10:00,24.931,11022.3,
352,7/19/2017 11:00,25.416,5166.7,
353,7/19/2017 12:00,25.513,2497.2,88.727
354,7/19/2017 13:00,25.902,1270.1,
355,7/19/2017 14:00,26.292,947.2,
356,7/19/2017 15:00,27.075,861.1,
357,7/19/2017 16:00,27.567,1076.4,
358,7/19/2017 17:00,27.961,1722.2,
359,7/19/2017 18:00,28.159,1377.8,
360,7/19/2017 19:00,28.159,882.6,
361,7/19/2017 20:00,27.665,387.5,
362,7/19/2017 21:00,26.781,53.8,
363,7/19/2017 22:00,26.488,0,
364,7/19/2017 23:00,25.028,0,
365,7/20/2017 0:00,24.448,0,
366,7/20/2017 1:00,24.448,0,
367,7/20/2017 2:00,24.351,0,
368,7/20/2017 3:00,24.158,0,
369,7/20/2017 4:00,24.158,0,
370,7/20/2017 5:00,24.062,0,
371,7/20/2017 6:00,23.869,0,
372,7/20/2017 7:00,23.869,86.1,
373,7/20/2017 8:00,23.869,419.8,
374,7/20/2017 9:00,24.062,3616.7,
375,7/20/2017 10:00,24.255,968.8,
376,7/20/2017 11:00,24.738,14466.8,
377,7/20/2017 12:00,25.125,1894.5,94.958
378,7/20/2017 13:00,25.513,2325,
379,7/20/2017 14:00,25.902,441.3,
380,7/20/2017 15:00,26.292,850.4,
381,7/20/2017 16:00,26.781,1065.6,
382,7/20/2017 17:00,27.173,5166.7,
383,7/20/2017 18:00,27.567,3100,
384,7/20/2017 19:00,27.665,1980.6,
385,7/20/2017 20:00,27.468,753.5,
386,7/20/2017 21:00,27.37,129.2,
387,7/20/2017 22:00,27.173,0,
388,7/20/2017 23:00,26.781,0,
389,7/21/2017 0:00,26.39,0,
390,7/21/2017 1:00,26,0,
391,7/21/2017 2:00,25.805,0,
392,7/21/2017 3:00,25.61,0,
393,7/21/2017 4:00,25.416,0,
394,7/21/2017 5:00,25.319,0,
395,7/21/2017 6:00,25.125,0,
396,7/21/2017 7:00,25.125,775,
397,7/21/2017 8:00,25.125,3616.7,
398,7/21/2017 9:00,25.319,12400.1,
399,7/21/2017 10:00,25.708,17222.3,
400,7/21/2017 11:00,26.097,10677.8,
401,7/21/2017 12:00,26.488,3616.7,101.896
402,7/21/2017 13:00,27.173,3100,
403,7/21/2017 14:00,27.764,1808.3,
404,7/21/2017 15:00,27.862,3444.5,
405,7/21/2017 16:00,28.06,1808.3,
406,7/21/2017 17:00,27.961,1054.9,
407,7/21/2017 18:00,27.961,861.1,
408,7/21/2017 19:00,27.764,688.9,
409,7/21/2017 20:00,27.567,75.3,
410,7/21/2017 21:00,27.468,21.5,
411,7/21/2017 22:00,27.272,0,
412,7/21/2017 23:00,27.272,0,
413,7/22/2017 0:00,26.977,0,
414,7/22/2017 1:00,26.585,0,
415,7/22/2017 2:00,26.39,0,
416,7/22/2017 3:00,26.292,0,
417,7/22/2017 4:00,26.097,0,
418,7/22/2017 5:00,25.902,0,
419,7/22/2017 6:00,25.805,0,
420,7/22/2017 7:00,25.708,0,
421,7/22/2017 8:00,25.513,32.3,
422,7/22/2017 9:00,25.513,107.6,
423,7/22/2017 10:00,25.416,484.4,
424,7/22/2017 11:00,25.416,419.8,
425,7/22/2017 12:00,25.319,656.6,108.216
426,7/22/2017 13:00,25.708,1291.7,
427,7/22/2017 14:00,25.708,678.1,
428,7/22/2017 15:00,26,1722.2,
429,7/22/2017 16:00,26.292,1001,
430,7/22/2017 17:00,26.683,818.1,
431,7/22/2017 18:00,26.879,1636.1,
432,7/22/2017 19:00,26.195,333.7,
433,7/22/2017 20:00,25.805,387.5,
434,7/22/2017 21:00,25.805,10.8,
435,7/22/2017 22:00,25.61,0,
436,7/22/2017 23:00,25.513,0,
437,7/23/2017 0:00,25.416,0,
438,7/23/2017 1:00,25.319,0,
439,7/23/2017 2:00,25.222,0,
440,7/23/2017 3:00,25.028,0,
441,7/23/2017 4:00,24.931,0,
442,7/23/2017 5:00,24.738,0,
443,7/23/2017 6:00,24.641,0,
444,7/23/2017 7:00,24.545,118.4,
445,7/23/2017 8:00,24.545,312.2,
446,7/23/2017 9:00,24.738,4305.6,
447,7/23/2017 10:00,24.641,1097.9,
448,7/23/2017 11:00,25.125,645.8,
449,7/23/2017 12:00,25.416,1463.9,114.066
450,7/23/2017 13:00,25.61,1173.3,
451,7/23/2017 14:00,25.805,3788.9,
452,7/23/2017 15:00,26,1324,
453,7/23/2017 16:00,26.39,1270.1,
454,7/23/2017 17:00,26.39,1463.9,
455,7/23/2017 18:00,26.683,1722.2,
456,7/23/2017 19:00,26.585,1550,
457,7/23/2017 20:00,26.39,602.8,
458,7/23/2017 21:00,26,64.6,
459,7/23/2017 22:00,25.708,0,
460,7/23/2017 23:00,25.513,0,
461,7/24/2017 0:00,25.319,0,
462,7/24/2017 1:00,24.835,0,
463,7/24/2017 2:00,24.641,0,
464,7/24/2017 3:00,24.641,0,
465,7/24/2017 4:00,24.641,0,
466,7/24/2017 5:00,24.448,0,
467,7/24/2017 6:00,24.351,0,
468,7/24/2017 7:00,24.158,43.1,
469,7/24/2017 8:00,24.255,1130.2,
470,7/24/2017 9:00,24.448,10333.4,
471,7/24/2017 10:00,24.158,1722.2,
472,7/24/2017 11:00,24.448,4822.3,
473,7/24/2017 12:00,24.738,2583.4,119.59
474,7/24/2017 13:00,25.028,1463.9,
475,7/24/2017 14:00,25.222,861.1,
476,7/24/2017 15:00,25.708,979.5,
477,7/24/2017 16:00,26.097,1356.3,
478,7/24/2017 17:00,26.39,1980.6,
479,7/24/2017 18:00,26.195,1894.5,
480,7/24/2017 19:00,26,1044.1,
481,7/24/2017 20:00,25.513,452.1,
482,7/24/2017 21:00,25.125,64.6,
483,7/24/2017 22:00,24.738,0,
484,7/24/2017 23:00,24.545,0,
485,7/25/2017 0:00,24.448,0,
486,7/25/2017 1:00,24.255,0,
487,7/25/2017 2:00,23.966,0,
488,7/25/2017 3:00,23.869,0,
489,7/25/2017 4:00,23.484,0,
490,7/25/2017 5:00,23.388,0,
491,7/25/2017 6:00,23.004,0,
492,7/25/2017 7:00,22.812,290.6,
493,7/25/2017 8:00,23.1,2411.1,
494,7/25/2017 9:00,23.581,5166.7,
495,7/25/2017 10:00,24.062,4994.5,
496,7/25/2017 11:00,24.448,3961.1,
497,7/25/2017 12:00,24.738,2066.7,124.811
498,7/25/2017 13:00,24.931,1980.6,
499,7/25/2017 14:00,25.416,1248.6,
500,7/25/2017 15:00,25.902,1054.9,
501,7/25/2017 16:00,26.195,1636.1,
502,7/25/2017 17:00,26.585,2325,
503,7/25/2017 18:00,26.683,1463.9,
504,7/25/2017 19:00,26.292,947.2,
505,7/25/2017 20:00,26.097,366,
506,7/25/2017 21:00,25.61,32.3,
507,7/25/2017 22:00,25.319,0,
508,7/25/2017 23:00,25.125,0,
509,7/26/2017 0:00,24.931,0,
510,7/26/2017 1:00,24.835,0,
511,7/26/2017 2:00,24.738,0,
512,7/26/2017 3:00,24.545,0,
513,7/26/2017 4:00,24.351,0,
514,7/26/2017 5:00,24.158,0,
515,7/26/2017 6:00,23.869,0,
516,7/26/2017 7:00,23.581,43.1,
517,7/26/2017 8:00,23.581,161.5,
518,7/26/2017 9:00,23.966,215.3,
519,7/26/2017 10:00,23.966,1377.8,
520,7/26/2017 11:00,23.869,1722.2,
521,7/26/2017 12:00,24.062,2066.7,129.197
522,7/26/2017 13:00,24.062,549,
523,7/26/2017 14:00,23.869,150.7,
524,7/26/2017 15:00,23.966,925.7,
525,7/26/2017 16:00,23.966,333.7,
526,7/26/2017 17:00,24.062,258.3,
527,7/26/2017 18:00,24.062,279.9,
528,7/26/2017 19:00,23.966,236.8,
529,7/26/2017 20:00,23.869,107.6,
530,7/26/2017 21:00,23.869,0,
531,7/26/2017 22:00,23.773,0,
532,7/26/2017 23:00,23.677,0,
533,7/27/2017 0:00,23.581,0,
534,7/27/2017 1:00,23.677,0,
535,7/27/2017 2:00,23.581,0,
536,7/27/2017 3:00,23.484,0,
537,7/27/2017 4:00,23.484,0,
538,7/27/2017 5:00,23.484,0,
539,7/27/2017 6:00,23.484,0,
540,7/27/2017 7:00,23.388,43.1,
541,7/27/2017 8:00,23.484,3444.5,
542,7/27/2017 9:00,23.869,6544.5,
543,7/27/2017 10:00,24.158,6200,
544,7/27/2017 11:00,24.448,5166.7,
545,7/27/2017 12:00,24.641,2238.9,134.192
546,7/27/2017 13:00,25.125,1248.6,
547,7/27/2017 14:00,25.61,1313.2,
548,7/27/2017 15:00,26,1022.6,
549,7/27/2017 16:00,26,624.3,
550,7/27/2017 17:00,25.902,1808.3,
551,7/27/2017 18:00,25.708,1722.2,
552,7/27/2017 19:00,25.222,710.4,
553,7/27/2017 20:00,24.931,731.9,
554,7/27/2017 21:00,24.738,32.3,
555,7/27/2017 22:00,24.448,0,
556,7/27/2017 23:00,24.158,0,
557,7/28/2017 0:00,23.966,0,
558,7/28/2017 1:00,23.773,0,
559,7/28/2017 2:00,23.677,0,
560,7/28/2017 3:00,23.484,0,
561,7/28/2017 4:00,23.388,0,
562,7/28/2017 5:00,23.196,0,
563,7/28/2017 6:00,23.1,0,
564,7/28/2017 7:00,22.908,118.4,
565,7/28/2017 8:00,23.1,4133.4,
566,7/28/2017 9:00,23.388,4133.4,
567,7/28/2017 10:00,23.677,11022.3,
568,7/28/2017 11:00,24.448,27555.7,
569,7/28/2017 12:00,24.545,2152.8,138.272
570,7/28/2017 13:00,24.545,1636.1,
571,7/28/2017 14:00,24.641,850.4,
572,7/28/2017 15:00,24.545,1313.2,
573,7/28/2017 16:00,24.545,1636.1,
574,7/28/2017 17:00,24.835,2325,
575,7/28/2017 18:00,24.545,1636.1,
576,7/28/2017 19:00,24.351,893.4,
577,7/28/2017 20:00,23.966,473.6,
578,7/28/2017 21:00,23.581,53.8,
579,7/28/2017 22:00,23.388,0,
580,7/28/2017 23:00,23.292,0,
581,7/29/2017 0:00,23.004,0,
582,7/29/2017 1:00,22.812,0,
583,7/29/2017 2:00,22.525,0,
584,7/29/2017 3:00,22.621,0,
585,7/29/2017 4:00,22.525,0,
586,7/29/2017 5:00,22.717,0,
587,7/29/2017 6:00,22.525,0,
588,7/29/2017 7:00,22.333,64.6,
589,7/29/2017 8:00,22.525,2755.6,
590,7/29/2017 9:00,23.292,4305.6,
591,7/29/2017 10:00,23.581,8611.2,
592,7/29/2017 11:00,23.869,5166.7,
593,7/29/2017 12:00,24.062,1636.1,143.132
594,7/29/2017 13:00,24.738,721.2,
595,7/29/2017 14:00,25.222,2325,
596,7/29/2017 15:00,25.708,1722.2,
597,7/29/2017 16:00,25.61,1270.1,
598,7/29/2017 17:00,26.39,3100,
599,7/29/2017 18:00,26.097,1722.2,
600,7/29/2017 19:00,25.708,861.1,
601,7/29/2017 20:00,25.222,473.6,
602,7/29/2017 21:00,24.545,43.1,
603,7/29/2017 22:00,24.062,0,
604,7/29/2017 23:00,23.869,0,
605,7/30/2017 0:00,23.677,0,
606,7/30/2017 1:00,23.484,0,
607,7/30/2017 2:00,23.388,0,
608,7/30/2017 3:00,23.196,0,
609,7/30/2017 4:00,23.004,0,
610,7/30/2017 5:00,22.812,0,
611,7/30/2017 6:00,22.525,0,
612,7/30/2017 7:00,22.333,107.6,
613,7/30/2017 8:00,22.621,4477.8,
614,7/30/2017 9:00,23.292,3788.9,
615,7/30/2017 10:00,23.388,18600.1,
616,7/30/2017 11:00,23.773,14466.8,
617,7/30/2017 12:00,24.062,947.2,148.242
618,7/30/2017 13:00,24.351,1097.9,
619,7/30/2017 14:00,24.931,1550,
620,7/30/2017 15:00,25.513,968.8,
621,7/30/2017 16:00,26.097,1463.9,
622,7/30/2017 17:00,26.488,1980.6,
623,7/30/2017 18:00,26.781,1313.2,
624,7/30/2017 19:00,26.585,1302.4,
625,7/30/2017 20:00,26.195,398.3,
626,7/30/2017 21:00,25.805,10.8,
627,7/30/2017 22:00,25.513,0,
628,7/30/2017 23:00,25.416,0,
629,7/31/2017 0:00,25.319,0,
630,7/31/2017 1:00,24.931,0,
631,7/31/2017 2:00,24.738,0,
632,7/31/2017 3:00,24.545,0,
633,7/31/2017 4:00,24.351,0,
634,7/31/2017 5:00,24.158,0,
635,7/31/2017 6:00,23.966,0,
636,7/31/2017 7:00,23.869,118.4,
637,7/31/2017 8:00,23.869,1463.9,
638,7/31/2017 9:00,24.062,3616.7,
639,7/31/2017 10:00,24.448,5511.1,
640,7/31/2017 11:00,25.125,4994.5,
641,7/31/2017 12:00,25.416,1636.1,153.785
642,7/31/2017 13:00,26,1162.5,
643,7/31/2017 14:00,26.097,796.5,
644,7/31/2017 15:00,26.585,1119.5,
645,7/31/2017 16:00,26.097,21.5,
646,7/31/2017 17:00,25.902,592,
647,7/31/2017 18:00,25.902,828.8,
648,7/31/2017 19:00,26,1808.3,
649,7/31/2017 20:00,25.708,495.1,
650,7/31/2017 21:00,25.61,43.1,
651,7/31/2017 22:00,25.416,0,
652,7/31/2017 23:00,25.319,0,
653,8/1/2017 0:00,25.125,0,
654,8/1/2017 1:00,24.931,0,
655,8/1/2017 2:00,24.835,0,
656,8/1/2017 3:00,24.738,0,
657,8/1/2017 4:00,24.545,0,
658,8/1/2017 5:00,24.351,0,
659,8/1/2017 6:00,24.255,0,
660,8/1/2017 7:00,24.158,96.9,
661,8/1/2017 8:00,24.255,1377.8,
662,8/1/2017 9:00,24.351,9644.5,
663,8/1/2017 10:00,24.448,5166.7,
664,8/1/2017 11:00,24.835,10333.4,
665,8/1/2017 12:00,25.222,1722.2,159.744
666,8/1/2017 13:00,25.513,473.6,
667,8/1/2017 14:00,25.805,818.1,
668,8/1/2017 15:00,26.195,796.5,
669,8/1/2017 16:00,26.585,1173.3,
670,8/1/2017 17:00,26.977,1808.3,
671,8/1/2017 18:00,27.075,914.9,
672,8/1/2017 19:00,26.879,1087.2,
673,8/1/2017 20:00,26.488,398.3,
674,8/1/2017 21:00,26,10.8,
675,8/1/2017 22:00,25.902,0,
676,8/1/2017 23:00,25.708,0,
677,8/2/2017 0:00,25.513,0,
678,8/2/2017 1:00,25.222,0,
679,8/2/2017 2:00,24.931,0,
680,8/2/2017 3:00,24.835,0,
681,8/2/2017 4:00,24.641,0,
682,8/2/2017 5:00,24.545,0,
683,8/2/2017 6:00,24.351,0,
684,8/2/2017 7:00,24.255,75.3,
685,8/2/2017 8:00,24.255,516.7,
686,8/2/2017 9:00,24.351,5338.9,
687,8/2/2017 10:00,24.545,2927.8,
688,8/2/2017 11:00,24.641,5338.9,
689,8/2/2017 12:00,25.028,1377.8,164.993
690,8/2/2017 13:00,25.222,1054.9,
691,8/2/2017 14:00,25.222,818.1,
692,8/2/2017 15:00,25.125,495.1,
693,8/2/2017 16:00,25.416,1808.3,
694,8/2/2017 17:00,25.708,2583.4,
695,8/2/2017 18:00,25.902,1808.3,
696,8/2/2017 19:00,25.805,1313.2,
697,8/2/2017 20:00,25.513,355.2,
698,8/2/2017 21:00,25.125,10.8,
699,8/2/2017 22:00,24.931,0,
700,8/2/2017 23:00,24.641,0,
701,8/3/2017 0:00,24.448,0,
702,8/3/2017 1:00,24.351,0,
703,8/3/2017 2:00,24.255,0,
704,8/3/2017 3:00,24.158,0,
705,8/3/2017 4:00,23.966,0,
706,8/3/2017 5:00,23.966,0,
707,8/3/2017 6:00,23.869,0,
708,8/3/2017 7:00,23.869,10.8,
709,8/3/2017 8:00,23.773,215.3,
710,8/3/2017 9:00,23.677,333.7,
711,8/3/2017 10:00,23.581,484.4,
712,8/3/2017 11:00,23.677,602.8,
713,8/3/2017 12:00,23.773,635.1,168.966
714,8/3/2017 13:00,24.158,1980.6,
715,8/3/2017 14:00,24.255,1356.3,
716,8/3/2017 15:00,24.448,1980.6,
717,8/3/2017 16:00,24.351,581.3,
718,8/3/2017 17:00,24.351,990.3,
719,8/3/2017 18:00,24.255,344.4,
720,8/3/2017 19:00,24.158,129.2,
721,8/3/2017 20:00,24.062,0,
722,8/3/2017 21:00,23.677,0,
723,8/3/2017 22:00,23.484,0,
724,8/3/2017 23:00,23.484,0,
725,8/4/2017 0:00,23.292,0,
726,8/4/2017 1:00,23.292,0,
727,8/4/2017 2:00,23.196,0,
728,8/4/2017 3:00,23.292,0,
729,8/4/2017 4:00,23.196,0,
730,8/4/2017 5:00,23.004,0,
731,8/4/2017 6:00,22.717,0,
732,8/4/2017 7:00,22.717,10.8,
733,8/4/2017 8:00,22.621,53.8,
734,8/4/2017 9:00,19.567,0,
735,8/4/2017 10:00,22.717,387.5,
736,8/4/2017 11:00,22.908,559.7,
737,8/4/2017 12:00,22.908,516.7,171.052
738,8/4/2017 13:00,23.292,1377.8,
739,8/4/2017 14:00,23.581,1119.5,
740,8/4/2017 15:00,23.484,4822.3,
741,8/4/2017 16:00,23.581,7577.8,
742,8/4/2017 17:00,23.388,2238.9,
743,8/4/2017 18:00,23.1,1097.9,
744,8/4/2017 19:00,22.812,107.6,
745,8/4/2017 20:00,22.621,129.2,
746,8/4/2017 21:00,22.142,10.8,
747,8/4/2017 22:00,21.76,0,
748,8/4/2017 23:00,21.473,0,
749,8/5/2017 0:00,21.282,0,
750,8/5/2017 1:00,21.282,0,
751,8/5/2017 2:00,21.091,0,
752,8/5/2017 3:00,20.996,0,
753,8/5/2017 4:00,20.996,0,
754,8/5/2017 5:00,20.519,0,
755,8/5/2017 6:00,20.615,0,
756,8/5/2017 7:00,20.519,86.1,
757,8/5/2017 8:00,20.901,1248.6,
758,8/5/2017 9:00,21.091,1808.3,
759,8/5/2017 10:00,21.378,3616.7,
760,8/5/2017 11:00,21.855,2583.4,
761,8/5/2017 12:00,21.951,947.2,173.465
762,8/5/2017 13:00,22.429,1463.9,
763,8/5/2017 14:00,22.621,710.4,
764,8/5/2017 15:00,22.908,1636.1,
765,8/5/2017 16:00,23.292,2411.1,
766,8/5/2017 17:00,23.581,3444.5,
767,8/5/2017 18:00,23.581,2152.8,
768,8/5/2017 19:00,23.581,4305.6,
769,8/5/2017 20:00,23.292,613.5,
770,8/5/2017 21:00,23.1,0,
771,8/5/2017 22:00,22.908,0,
772,8/5/2017 23:00,22.717,0,
773,8/6/2017 0:00,22.525,0,
774,8/6/2017 1:00,22.429,0,
775,8/6/2017 2:00,22.333,0,
776,8/6/2017 3:00,22.142,0,
777,8/6/2017 4:00,22.046,0,
778,8/6/2017 5:00,21.855,0,
779,8/6/2017 6:00,21.76,0,
780,8/6/2017 7:00,21.664,53.8,
781,8/6/2017 8:00,21.951,721.2,
782,8/6/2017 9:00,22.429,1463.9,
783,8/6/2017 10:00,22.717,1894.5,
784,8/6/2017 11:00,23.004,2152.8,
785,8/6/2017 12:00,23.1,1894.5,176.785
786,8/6/2017 13:00,23.388,3788.9,
787,8/6/2017 14:00,23.677,5511.1,
788,8/6/2017 15:00,23.677,2755.6,
789,8/6/2017 16:00,23.966,1808.3,
790,8/6/2017 17:00,24.255,5511.1,
791,8/6/2017 18:00,24.351,1463.9,
792,8/6/2017 19:00,24.158,904.2,
793,8/6/2017 20:00,24.062,172.2,
794,8/6/2017 21:00,23.869,10.8,
795,8/6/2017 22:00,23.677,0,
796,8/6/2017 23:00,23.581,0,
797,8/7/2017 0:00,23.388,0,
798,8/7/2017 1:00,23.196,0,
799,8/7/2017 2:00,23.1,0,
800,8/7/2017 3:00,22.908,0,
801,8/7/2017 4:00,22.908,0,
802,8/7/2017 5:00,22.812,0,
803,8/7/2017 6:00,22.717,0,
804,8/7/2017 7:00,22.525,21.5,
805,8/7/2017 8:00,22.333,183,
806,8/7/2017 9:00,22.333,656.6,
807,8/7/2017 10:00,22.812,1722.2,
808,8/7/2017 11:00,23.1,2325,
809,8/7/2017 12:00,23.004,1151.7,180.224
810,8/7/2017 13:00,23.196,656.6,
811,8/7/2017 14:00,23.484,1076.4,
812,8/7/2017 15:00,23.581,3788.9,
813,8/7/2017 16:00,23.773,527.4,
814,8/7/2017 17:00,23.966,23422.4,
815,8/7/2017 18:00,24.158,1722.2,
816,8/7/2017 19:00,24.062,1377.8,
817,8/7/2017 20:00,23.677,484.4,
818,8/7/2017 21:00,23.581,0,
819,8/7/2017 22:00,23.196,0,
820,8/7/2017 23:00,23.1,0,
821,8/8/2017 0:00,22.812,0,
822,8/8/2017 1:00,22.717,0,
823,8/8/2017 2:00,22.525,0,
824,8/8/2017 3:00,22.046,0,
825,8/8/2017 4:00,21.951,0,
826,8/8/2017 5:00,21.855,0,
827,8/8/2017 6:00,21.76,0,
828,8/8/2017 7:00,21.378,43.1,
829,8/8/2017 8:00,21.473,376.7,
830,8/8/2017 9:00,21.569,1022.6,
831,8/8/2017 10:00,22.142,1894.5,
832,8/8/2017 11:00,22.429,1280.9,
833,8/8/2017 12:00,22.717,2583.4,183.686
834,8/8/2017 13:00,22.908,5338.9,
835,8/8/2017 14:00,23.484,2497.2,
836,8/8/2017 15:00,23.869,1808.3,
837,8/8/2017 16:00,24.158,785.8,
838,8/8/2017 17:00,24.545,8611.2,
839,8/8/2017 18:00,24.738,1980.6,
840,8/8/2017 19:00,24.545,1808.3,
841,8/8/2017 20:00,24.255,775,
842,8/8/2017 21:00,23.966,0,
843,8/8/2017 22:00,23.869,0,
844,8/8/2017 23:00,23.773,0,
845,8/9/2017 0:00,23.581,0,
846,8/9/2017 1:00,23.388,0,
847,8/9/2017 2:00,23.196,0,
848,8/9/2017 3:00,22.908,0,
849,8/9/2017 4:00,22.908,0,
850,8/9/2017 5:00,22.812,0,
851,8/9/2017 6:00,22.621,0,
852,8/9/2017 7:00,22.525,43.1,
853,8/9/2017 8:00,22.621,452.1,
854,8/9/2017 9:00,22.812,2066.7,
855,8/9/2017 10:00,22.908,2755.6,
856,8/9/2017 11:00,22.812,5166.7,
857,8/9/2017 12:00,23.196,1033.3,187.442
858,8/9/2017 13:00,23.292,5338.9,
859,8/9/2017 14:00,23.581,1377.8,
860,8/9/2017 15:00,23.966,1808.3,
861,8/9/2017 16:00,24.255,2927.8,
862,8/9/2017 17:00,24.351,1097.9,
863,8/9/2017 18:00,24.545,1173.3,
864,8/9/2017 19:00,24.545,968.8,
865,8/9/2017 20:00,24.255,1162.5,
866,8/9/2017 21:00,24.158,0,
867,8/9/2017 22:00,23.869,0,
868,8/9/2017 23:00,23.581,0,
869,8/10/2017 0:00,23.484,0,
870,8/10/2017 1:00,23.292,0,
871,8/10/2017 2:00,23.1,0,
872,8/10/2017 3:00,22.908,0,
873,8/10/2017 4:00,22.717,0,
874,8/10/2017 5:00,22.621,0,
875,8/10/2017 6:00,22.429,0,
876,8/10/2017 7:00,22.238,21.5,
877,8/10/2017 8:00,22.238,118.4,
878,8/10/2017 9:00,22.333,581.3,
879,8/10/2017 10:00,22.525,721.2,
880,8/10/2017 11:00,22.812,1001,
881,8/10/2017 12:00,22.908,1054.9,190.663
882,8/10/2017 13:00,23.292,6544.5,
883,8/10/2017 14:00,23.196,527.4,
884,8/10/2017 15:00,23.388,645.8,
885,8/10/2017 16:00,23.484,1076.4,
886,8/10/2017 17:00,23.869,1463.9,
887,8/10/2017 18:00,23.677,764.2,
888,8/10/2017 19:00,23.484,247.6,
889,8/10/2017 20:00,23.292,21.5,
890,8/10/2017 21:00,23.1,0,
891,8/10/2017 22:00,23.004,0,
892,8/10/2017 23:00,22.812,0,
893,8/11/2017 0:00,22.717,0,
894,8/11/2017 1:00,22.525,0,
895,8/11/2017 2:00,22.429,0,
896,8/11/2017 3:00,22.238,0,
897,8/11/2017 4:00,22.046,0,
898,8/11/2017 5:00,21.855,0,
899,8/11/2017 6:00,21.855,0,
900,8/11/2017 7:00,21.76,43.1,
901,8/11/2017 8:00,21.664,215.3,
902,8/11/2017 9:00,21.855,247.6,
903,8/11/2017 10:00,22.046,645.8,
904,8/11/2017 11:00,22.238,775,
905,8/11/2017 12:00,22.621,1722.2,193.798
906,8/11/2017 13:00,23.004,4477.8,
907,8/11/2017 14:00,23.484,6544.5,
908,8/11/2017 15:00,23.773,3100,
909,8/11/2017 16:00,24.062,1808.3,
910,8/11/2017 17:00,24.062,2755.6,
911,8/11/2017 18:00,23.966,3788.9,
912,8/11/2017 19:00,23.869,452.1,
913,8/11/2017 20:00,23.677,118.4,
914,8/11/2017 21:00,23.484,32.3,
915,8/11/2017 22:00,23.196,0,
916,8/11/2017 23:00,23.004,0,
917,8/12/2017 0:00,22.717,0,
918,8/12/2017 1:00,22.525,0,
919,8/12/2017 2:00,22.333,0,
920,8/12/2017 3:00,22.142,0,
921,8/12/2017 4:00,22.046,0,
922,8/12/2017 5:00,21.855,0,
923,8/12/2017 6:00,21.76,0,
924,8/12/2017 7:00,21.569,0,
925,8/12/2017 8:00,21.473,86.1,
926,8/12/2017 9:00,21.76,86.1,
927,8/12/2017 10:00,22.046,452.1,
928,8/12/2017 11:00,22.333,936.5,
929,8/12/2017 12:00,22.525,5166.7,196.68
930,8/12/2017 13:00,22.812,2066.7,
931,8/12/2017 14:00,22.908,559.7,
932,8/12/2017 15:00,23.196,947.2,
933,8/12/2017 16:00,23.484,1463.9,
934,8/12/2017 17:00,23.773,5166.7,
935,8/12/2017 18:00,23.677,4822.3,
936,8/12/2017 19:00,23.388,925.7,
937,8/12/2017 20:00,23.004,796.5,
938,8/12/2017 21:00,22.717,0,
939,8/12/2017 22:00,22.525,0,
940,8/12/2017 23:00,22.333,0,
941,8/13/2017 0:00,22.142,0,
942,8/13/2017 1:00,21.951,0,
943,8/13/2017 2:00,21.76,0,
944,8/13/2017 3:00,21.664,0,
945,8/13/2017 4:00,21.473,0,
946,8/13/2017 5:00,21.187,0,
947,8/13/2017 6:00,21.091,0,
948,8/13/2017 7:00,20.996,43.1,
949,8/13/2017 8:00,20.996,559.7,
950,8/13/2017 9:00,21.664,1291.7,
951,8/13/2017 10:00,22.429,1722.2,
952,8/13/2017 11:00,23.1,1894.5,
953,8/13/2017 12:00,23.484,742.7,200.497
954,8/13/2017 13:00,23.869,850.4,
955,8/13/2017 14:00,24.448,1141,
956,8/13/2017 15:00,24.738,2411.1,
957,8/13/2017 16:00,25.028,882.6,
958,8/13/2017 17:00,25.319,1463.9,
959,8/13/2017 18:00,25.513,1324,
960,8/13/2017 19:00,25.319,1280.9,
961,8/13/2017 20:00,24.931,322.9,
962,8/13/2017 21:00,24.545,0,
963,8/13/2017 22:00,24.255,0,
964,8/13/2017 23:00,23.966,0,
965,8/14/2017 0:00,23.677,0,
966,8/14/2017 1:00,23.484,0,
967,8/14/2017 2:00,23.292,0,
968,8/14/2017 3:00,23.1,0,
969,8/14/2017 4:00,23.004,0,
970,8/14/2017 5:00,22.812,0,
971,8/14/2017 6:00,22.717,0,
972,8/14/2017 7:00,22.621,21.5,
973,8/14/2017 8:00,22.621,215.3,
974,8/14/2017 9:00,22.908,1162.5,
975,8/14/2017 10:00,22.812,613.5,
976,8/14/2017 11:00,23.388,3100,
977,8/14/2017 12:00,23.581,1377.8,204.287
978,8/14/2017 13:00,23.966,1636.1,
979,8/14/2017 14:00,24.255,1377.8,
980,8/14/2017 15:00,24.351,1162.5,
981,8/14/2017 16:00,24.448,1291.7,
982,8/14/2017 17:00,24.545,1636.1,
983,8/14/2017 18:00,24.351,269.1,
984,8/14/2017 19:00,24.255,592,
985,8/14/2017 20:00,24.158,387.5,
986,8/14/2017 21:00,23.966,0,
987,8/14/2017 22:00,23.773,0,
988,8/14/2017 23:00,23.581,0,
989,8/15/2017 0:00,23.484,0,
990,8/15/2017 1:00,23.484,0,
991,8/15/2017 2:00,23.292,0,
992,8/15/2017 3:00,23.196,0,
993,8/15/2017 4:00,23.004,0,
994,8/15/2017 5:00,22.812,0,
995,8/15/2017 6:00,22.621,0,
996,8/15/2017 7:00,22.238,21.5,
997,8/15/2017 8:00,22.333,958,
998,8/15/2017 9:00,22.621,2497.2,
999,8/15/2017 10:00,23.004,4305.6,
1000,8/15/2017 11:00,23.388,2927.8,
1001,8/15/2017 12:00,23.388,624.3,208.617
1002,8/15/2017 13:00,23.581,1162.5,
1003,8/15/2017 14:00,24.158,430.6,
1004,8/15/2017 15:00,24.351,581.3,
1005,8/15/2017 16:00,24.931,2497.2,
1006,8/15/2017 17:00,25.416,3444.5,
1007,8/15/2017 18:00,25.61,5511.1,
1008,8/15/2017 19:00,25.513,1162.5,
1009,8/15/2017 20:00,25.319,193.8,
1010,8/15/2017 21:00,24.835,0,
1011,8/15/2017 22:00,24.448,0,
1012,8/15/2017 23:00,24.158,0,
1013,8/16/2017 0:00,24.062,0,
1014,8/16/2017 1:00,23.869,0,
1015,8/16/2017 2:00,23.581,0,
1016,8/16/2017 3:00,23.004,0,
1017,8/16/2017 4:00,22.621,0,
1018,8/16/2017 5:00,22.429,0,
1019,8/16/2017 6:00,22.333,0,
1020,8/16/2017 7:00,22.142,10.8,
1021,8/16/2017 8:00,22.046,150.7,
1022,8/16/2017 9:00,21.951,193.8,
1023,8/16/2017 10:00,22.525,2325,
1024,8/16/2017 11:00,22.621,1636.1,
1025,8/16/2017 12:00,22.525,678.1,211.857
1026,8/16/2017 13:00,22.717,1237.9,
1027,8/16/2017 14:00,22.621,1065.6,
1028,8/16/2017 15:00,22.812,2325,
1029,8/16/2017 16:00,23.004,2152.8,
1030,8/16/2017 17:00,23.1,2066.7,
1031,8/16/2017 18:00,23.196,613.5,
1032,8/16/2017 19:00,23.196,592,
1033,8/16/2017 20:00,23.196,139.9,
1034,8/16/2017 21:00,22.908,0,
1035,8/16/2017 22:00,22.812,0,
1036,8/16/2017 23:00,22.621,0,
1037,8/17/2017 0:00,22.525,0,
1038,8/17/2017 1:00,22.333,0,
1039,8/17/2017 2:00,22.238,0,
1040,8/17/2017 3:00,22.142,0,
1041,8/17/2017 4:00,22.046,0,
1042,8/17/2017 5:00,21.951,0,
1043,8/17/2017 6:00,21.76,0,
1044,8/17/2017 7:00,21.664,0,
1045,8/17/2017 8:00,21.664,269.1,
1046,8/17/2017 9:00,21.569,86.1,
1047,8/17/2017 10:00,21.569,204.5,
1048,8/17/2017 11:00,21.664,226,
1049,8/17/2017 12:00,21.855,1237.9,214.407
1050,8/17/2017 13:00,22.046,1194.8,
1051,8/17/2017 14:00,22.525,785.8,
1052,8/17/2017 15:00,22.812,495.1,
1053,8/17/2017 16:00,22.717,193.8,
1054,8/17/2017 17:00,23.1,1054.9,
1055,8/17/2017 18:00,23.196,7577.8,
1056,8/17/2017 19:00,23.1,279.9,
1057,8/17/2017 20:00,23.004,75.3,
1058,8/17/2017 21:00,22.812,0,
1059,8/17/2017 22:00,22.812,0,
1060,8/17/2017 23:00,22.717,0,
1061,8/18/2017 0:00,22.525,0,
1062,8/18/2017 1:00,22.429,0,
1063,8/18/2017 2:00,22.238,0,
1064,8/18/2017 3:00,22.142,0,
1065,8/18/2017 4:00,21.951,0,
1066,8/18/2017 5:00,21.76,0,
1067,8/18/2017 6:00,21.569,0,
1068,8/18/2017 7:00,21.473,0,
1069,8/18/2017 8:00,21.473,161.5,
1070,8/18/2017 9:00,21.282,409,
1071,8/18/2017 10:00,21.187,3100,
1072,8/18/2017 11:00,21.187,624.3,
1073,8/18/2017 12:00,21.187,882.6,216.355
1074,8/18/2017 13:00,21.378,5338.9,
1075,8/18/2017 14:00,21.473,904.2,
1076,8/18/2017 15:00,21.473,1076.4,
1077,8/18/2017 16:00,21.569,3788.9,
1078,8/18/2017 17:00,21.473,1270.1,
1079,8/18/2017 18:00,21.378,1463.9,
1080,8/18/2017 19:00,21.282,742.7,
1081,8/18/2017 20:00,21.282,807.3,
1082,8/18/2017 21:00,21.187,0,
1083,8/18/2017 22:00,21.091,0,
1084,8/18/2017 23:00,21.091,0,
1085,8/19/2017 0:00,21.187,0,
1086,8/19/2017 1:00,21.187,0,
1087,8/19/2017 2:00,20.996,0,
1088,8/19/2017 3:00,20.805,0,
1089,8/19/2017 4:00,20.71,0,
1090,8/19/2017 5:00,20.615,0,
1091,8/19/2017 6:00,20.519,0,
1092,8/19/2017 7:00,20.519,10.8,
1093,8/19/2017 8:00,20.71,818.1,
1094,8/19/2017 9:00,20.996,1894.5,
1095,8/19/2017 10:00,21.091,4133.4,
1096,8/19/2017 11:00,21.664,3961.1,
1097,8/19/2017 12:00,21.76,1367,219.014
1098,8/19/2017 13:00,22.142,1280.9,
1099,8/19/2017 14:00,22.621,2927.8,
1100,8/19/2017 15:00,23.196,3100,
1101,8/19/2017 16:00,23.581,7577.8,
1102,8/19/2017 17:00,23.869,6200,
1103,8/19/2017 18:00,23.966,2669.5,
1104,8/19/2017 19:00,23.677,2927.8,
1105,8/19/2017 20:00,23.484,495.1,
1106,8/19/2017 21:00,23.292,0,
1107,8/19/2017 22:00,23.196,0,
1108,8/19/2017 23:00,22.908,0,
1109,8/20/2017 0:00,22.812,0,
1110,8/20/2017 1:00,22.621,0,
1111,8/20/2017 2:00,22.525,0,
1112,8/20/2017 3:00,22.429,0,
1113,8/20/2017 4:00,22.333,0,
1114,8/20/2017 5:00,22.238,0,
1115,8/20/2017 6:00,22.046,0,
1116,8/20/2017 7:00,21.855,10.8,
1117,8/20/2017 8:00,21.951,258.3,
1118,8/20/2017 9:00,22.238,1044.1,
1119,8/20/2017 10:00,22.429,1722.2,
1120,8/20/2017 11:00,22.621,1377.8,
1121,8/20/2017 12:00,22.812,958,222.464
1122,8/20/2017 13:00,23.196,4133.4,
1123,8/20/2017 14:00,23.581,1022.6,
1124,8/20/2017 15:00,23.869,2066.7,
1125,8/20/2017 16:00,24.351,4822.3,
1126,8/20/2017 17:00,24.448,2325,
1127,8/20/2017 18:00,24.351,656.6,
1128,8/20/2017 19:00,24.255,441.3,
1129,8/20/2017 20:00,23.966,75.3,
1130,8/20/2017 21:00,23.773,0,
1131,8/20/2017 22:00,23.484,0,
1132,8/20/2017 23:00,23.196,0,
1133,8/21/2017 0:00,23.004,0,
1134,8/21/2017 1:00,22.908,0,
1135,8/21/2017 2:00,22.717,0,
1136,8/21/2017 3:00,22.621,0,
1137,8/21/2017 4:00,22.525,0,
1138,8/21/2017 5:00,22.429,0,
1139,8/21/2017 6:00,22.333,0,
1140,8/21/2017 7:00,22.333,10.8,
1141,8/21/2017 8:00,22.333,236.8,
1142,8/21/2017 9:00,22.429,850.4,
1143,8/21/2017 10:00,22.621,1237.9,
1144,8/21/2017 11:00,23.388,1270.1,
1145,8/21/2017 12:00,24.545,1033.3,227.325
1146,8/21/2017 13:00,25.61,1324,
1147,8/21/2017 14:00,26.097,355.2,
1148,8/21/2017 15:00,25.805,990.3,
1149,8/21/2017 16:00,26.292,1722.2,
1150,8/21/2017 17:00,26.39,570.5,
1151,8/21/2017 18:00,26.292,721.2,
1152,8/21/2017 19:00,25.416,64.6,
1153,8/21/2017 20:00,24.931,43.1,
1154,8/21/2017 21:00,24.931,0,
1155,8/21/2017 22:00,24.641,0,
1156,8/21/2017 23:00,24.448,0,
1157,8/22/2017 0:00,24.351,0,
1158,8/22/2017 1:00,24.158,0,
1159,8/22/2017 2:00,23.966,0,
1160,8/22/2017 3:00,23.869,0,
1161,8/22/2017 4:00,23.677,0,
1162,8/22/2017 5:00,23.581,0,
1163,8/22/2017 6:00,23.484,0,
1164,8/22/2017 7:00,23.292,10.8,
1165,8/22/2017 8:00,23.1,226,
1166,8/22/2017 9:00,22.812,1184,
1167,8/22/2017 10:00,22.812,5166.7,
1168,8/22/2017 11:00,22.621,4133.4,
1169,8/22/2017 12:00,22.525,1894.5,230.644
1170,8/22/2017 13:00,22.525,312.2,
1171,8/22/2017 14:00,22.621,4994.5,
1172,8/22/2017 15:00,22.812,1065.6,
1173,8/22/2017 16:00,23.004,2152.8,
1174,8/22/2017 17:00,23.292,2755.6,
1175,8/22/2017 18:00,22.908,8266.7,
1176,8/22/2017 19:00,22.717,3788.9,
1177,8/22/2017 20:00,22.525,742.7,
1178,8/22/2017 21:00,22.238,0,
1179,8/22/2017 22:00,21.951,0,
1180,8/22/2017 23:00,21.664,0,
1181,8/23/2017 0:00,21.664,0,
1182,8/23/2017 1:00,21.282,0,
1183,8/23/2017 2:00,21.187,0,
1184,8/23/2017 3:00,20.996,0,
1185,8/23/2017 4:00,20.901,0,
1186,8/23/2017 5:00,20.71,0,
1187,8/23/2017 6:00,20.71,0,
1188,8/23/2017 7:00,20.901,10.8,
1189,8/23/2017 8:00,20.901,516.7,
1190,8/23/2017 9:00,20.901,312.2,
1191,8/23/2017 10:00,21.378,764.2,
1192,8/23/2017 11:00,21.569,2927.8,
1193,8/23/2017 12:00,21.569,2152.8,232.637
1194,8/23/2017 13:00,21.855,3272.2,
1195,8/23/2017 14:00,22.046,6200,
1196,8/23/2017 15:00,22.717,2755.6,
1197,8/23/2017 16:00,22.812,2927.8,
1198,8/23/2017 17:00,22.621,4650,
1199,8/23/2017 18:00,22.717,19289,
1200,8/23/2017 19:00,22.429,3100,
1201,8/23/2017 20:00,21.951,236.8,
1202,8/23/2017 21:00,21.855,0,
1203,8/23/2017 22:00,21.76,0,
1204,8/23/2017 23:00,21.569,0,
1205,8/24/2017 0:00,21.473,0,
1206,8/24/2017 1:00,21.282,0,
1207,8/24/2017 2:00,20.996,0,
1208,8/24/2017 3:00,20.901,0,
1209,8/24/2017 4:00,20.519,0,
1210,8/24/2017 5:00,20.424,0,
1211,8/24/2017 6:00,20.234,0,
1212,8/24/2017 7:00,20.138,0,
1213,8/24/2017 8:00,19.948,150.7,
1214,8/24/2017 9:00,20.71,215.3,
1215,8/24/2017 10:00,20.996,473.6,
1216,8/24/2017 11:00,21.187,1033.3,
1217,8/24/2017 12:00,21.378,484.4,234.05
1218,8/24/2017 13:00,21.378,505.9,
1219,8/24/2017 14:00,21.569,559.7,
1220,8/24/2017 15:00,21.76,1636.1,
1221,8/24/2017 16:00,22.333,2152.8,
1222,8/24/2017 17:00,22.142,710.4,
1223,8/24/2017 18:00,21.951,559.7,
1224,8/24/2017 19:00,21.76,1001,
1225,8/24/2017 20:00,21.473,204.5,
1226,8/24/2017 21:00,21.282,0,
1227,8/24/2017 22:00,21.091,0,
1228,8/24/2017 23:00,20.901,0,
1229,8/25/2017 0:00,20.805,0,
1230,8/25/2017 1:00,20.519,0,
1231,8/25/2017 2:00,20.329,0,
1232,8/25/2017 3:00,20.234,0,
1233,8/25/2017 4:00,20.043,0,
1234,8/25/2017 5:00,19.853,0,
1235,8/25/2017 6:00,19.662,0,
1236,8/25/2017 7:00,19.567,0,
1237,8/25/2017 8:00,19.472,215.3,
1238,8/25/2017 9:00,19.948,850.4,
1239,8/25/2017 10:00,21.091,1377.8,
1240,8/25/2017 11:00,21.855,2152.8,
1241,8/25/2017 12:00,22.142,602.8,236.718
1242,8/25/2017 13:00,22.717,667.4,
1243,8/25/2017 14:00,23.196,828.8,
1244,8/25/2017 15:00,23.677,1550,
1245,8/25/2017 16:00,24.255,2583.4,
1246,8/25/2017 17:00,24.545,1722.2,
1247,8/25/2017 18:00,24.545,1377.8,
1248,8/25/2017 19:00,24.448,656.6,
1249,8/25/2017 20:00,24.062,139.9,
1250,8/25/2017 21:00,23.677,0,
1251,8/25/2017 22:00,23.388,0,
1252,8/25/2017 23:00,23.004,0,
1253,8/26/2017 0:00,22.812,0,
1254,8/26/2017 1:00,22.525,0,
1255,8/26/2017 2:00,22.238,0,
1256,8/26/2017 3:00,21.951,0,
1257,8/26/2017 4:00,21.569,0,
1258,8/26/2017 5:00,21.091,0,
1259,8/26/2017 6:00,20.901,0,
1260,8/26/2017 7:00,20.615,0,
1261,8/26/2017 8:00,20.424,376.7,
1262,8/26/2017 9:00,20.519,1324,
1263,8/26/2017 10:00,20.901,1345.5,
1264,8/26/2017 11:00,21.282,2669.5,
1265,8/26/2017 12:00,21.855,1216.3,239.097
1266,8/26/2017 13:00,22.142,1291.7,
1267,8/26/2017 14:00,22.429,1808.3,
1268,8/26/2017 15:00,23.1,1722.2,
1269,8/26/2017 16:00,23.581,2755.6,
1270,8/26/2017 17:00,23.292,1377.8,
1271,8/26/2017 18:00,23.196,699.7,
1272,8/26/2017 19:00,23.004,333.7,
1273,8/26/2017 20:00,22.717,43.1,
1274,8/26/2017 21:00,22.429,0,
1275,8/26/2017 22:00,22.238,0,
1276,8/26/2017 23:00,22.142,0,
1277,8/27/2017 0:00,21.951,0,
1278,8/27/2017 1:00,21.76,0,
1279,8/27/2017 2:00,21.569,0,
1280,8/27/2017 3:00,21.282,0,
1281,8/27/2017 4:00,20.901,0,
1282,8/27/2017 5:00,20.615,0,
1283,8/27/2017 6:00,20.519,0,
1284,8/27/2017 7:00,20.329,0,
1285,8/27/2017 8:00,20.234,107.6,
1286,8/27/2017 9:00,20.329,355.2,
1287,8/27/2017 10:00,20.329,344.4,
1288,8/27/2017 11:00,20.519,925.7,
1289,8/27/2017 12:00,20.519,710.4,240.267
1290,8/27/2017 13:00,20.424,462.9,
1291,8/27/2017 14:00,20.615,581.3,
1292,8/27/2017 15:00,20.71,753.5,
1293,8/27/2017 16:00,20.615,344.4,
1294,8/27/2017 17:00,20.615,818.1,
1295,8/27/2017 18:00,20.519,183,
1296,8/27/2017 19:00,20.424,183,
1297,8/27/2017 20:00,20.329,64.6,
1298,8/27/2017 21:00,20.138,0,
1299,8/27/2017 22:00,20.138,0,
1300,8/27/2017 23:00,20.043,0,
1301,8/28/2017 0:00,19.948,0,
1302,8/28/2017 1:00,19.853,0,
1303,8/28/2017 2:00,19.853,0,
1304,8/28/2017 3:00,19.853,0,
1305,8/28/2017 4:00,19.853,0,
1306,8/28/2017 5:00,19.758,0,
1307,8/28/2017 6:00,19.662,0,
1308,8/28/2017 7:00,19.662,0,
1309,8/28/2017 8:00,19.758,53.8,
1310,8/28/2017 9:00,19.853,129.2,
1311,8/28/2017 10:00,20.043,258.3,
1312,8/28/2017 11:00,20.234,775,
1313,8/28/2017 12:00,20.519,1119.5,240.478
1314,8/28/2017 13:00,20.519,990.3,
1315,8/28/2017 14:00,20.519,495.1,
1316,8/28/2017 15:00,20.424,236.8,
1317,8/28/2017 16:00,20.329,215.3,
1318,8/28/2017 17:00,20.234,204.5,
1319,8/28/2017 18:00,20.234,247.6,
1320,8/28/2017 19:00,20.234,366,
1321,8/28/2017 20:00,20.138,21.5,
1322,8/28/2017 21:00,20.043,0,
1323,8/28/2017 22:00,19.948,0,
1324,8/28/2017 23:00,19.758,0,
1325,8/29/2017 0:00,19.662,0,
1326,8/29/2017 1:00,19.567,0,
1327,8/29/2017 2:00,19.377,0,
1328,8/29/2017 3:00,19.187,0,
1329,8/29/2017 4:00,19.187,0,
1330,8/29/2017 5:00,19.092,0,
1331,8/29/2017 6:00,18.996,0,
1332,8/29/2017 7:00,18.806,0,
1333,8/29/2017 8:00,18.616,150.7,
1334,8/29/2017 9:00,19.282,398.3,
1335,8/29/2017 10:00,19.758,549,
1336,8/29/2017 11:00,20.615,387.5,
1337,8/29/2017 12:00,20.519,656.6,241.926
1338,8/29/2017 13:00,21.282,947.2,
1339,8/29/2017 14:00,21.951,2755.6,
1340,8/29/2017 15:00,22.717,3788.9,
1341,8/29/2017 16:00,22.908,1722.2,
1342,8/29/2017 17:00,22.717,592,
1343,8/29/2017 18:00,22.908,1463.9,
1344,8/29/2017 19:00,22.525,118.4,
1345,8/29/2017 20:00,22.429,592,
1346,8/29/2017 21:00,21.855,0,
1347,8/29/2017 22:00,21.76,0,
1348,8/29/2017 23:00,21.282,0,
1349,8/30/2017 0:00,20.901,0,
1350,8/30/2017 1:00,20.71,0,
1351,8/30/2017 2:00,20.519,0,
1352,8/30/2017 3:00,20.424,0,
1353,8/30/2017 4:00,20.329,0,
1354,8/30/2017 5:00,20.329,0,
1355,8/30/2017 6:00,20.329,0,
1356,8/30/2017 7:00,20.138,0,
1357,8/30/2017 8:00,20.329,204.5,
1358,8/30/2017 9:00,20.71,828.8,
1359,8/30/2017 10:00,21.282,1463.9,
1360,8/30/2017 11:00,21.569,1636.1,
1361,8/30/2017 12:00,21.664,559.7,244.507
1362,8/30/2017 13:00,22.238,828.8,
1363,8/30/2017 14:00,22.812,731.9,
1364,8/30/2017 15:00,23.388,473.6,
1365,8/30/2017 16:00,23.966,3272.2,
1366,8/30/2017 17:00,24.062,4994.5,
1367,8/30/2017 18:00,23.869,1216.3,
1368,8/30/2017 19:00,23.581,236.8,
1369,8/30/2017 20:00,23.292,118.4,
1370,8/30/2017 21:00,23.1,0,
1371,8/30/2017 22:00,22.812,0,
1372,8/30/2017 23:00,22.812,0,
1373,8/31/2017 0:00,22.525,0,
1374,8/31/2017 1:00,22.142,0,
1375,8/31/2017 2:00,21.951,0,
1376,8/31/2017 3:00,21.76,0,
1377,8/31/2017 4:00,21.569,0,
1378,8/31/2017 5:00,21.282,0,
1379,8/31/2017 6:00,21.091,0,
1380,8/31/2017 7:00,20.996,0,
1381,8/31/2017 8:00,20.805,139.9,
1382,8/31/2017 9:00,20.996,753.5,
1383,8/31/2017 10:00,21.378,656.6,
1384,8/31/2017 11:00,21.378,2066.7,
1385,8/31/2017 12:00,21.187,1130.2,246.136
1386,8/31/2017 13:00,21.473,979.5,
1387,8/31/2017 14:00,21.569,1248.6,
1388,8/31/2017 15:00,21.951,678.1,
1389,8/31/2017 16:00,22.621,3272.2,
1390,8/31/2017 17:00,22.621,3100,
1391,8/31/2017 18:00,22.333,1259.4,
1392,8/31/2017 19:00,21.855,731.9,
1393,8/31/2017 20:00,21.282,150.7,
1394,8/31/2017 21:00,20.805,0,
1395,8/31/2017 22:00,20.424,0,
1396,8/31/2017 23:00,20.234,0,
1397,9/1/2017 0:00,20.043,0,
1398,9/1/2017 1:00,19.853,0,
1399,9/1/2017 2:00,19.472,0,
1400,9/1/2017 3:00,19.377,0,
1401,9/1/2017 4:00,18.901,0,
1402,9/1/2017 5:00,18.806,0,
1403,9/1/2017 6:00,18.711,0,
1404,9/1/2017 7:00,18.521,0,
1405,9/1/2017 8:00,18.806,258.3,
1406,9/1/2017 9:00,19.758,925.7,
1407,9/1/2017 10:00,19.853,1377.8,
1408,9/1/2017 11:00,20.234,1463.9,
1409,9/1/2017 12:00,20.329,441.3,246.54
1410,9/1/2017 13:00,20.71,667.4,
1411,9/1/2017 14:00,21.091,828.8,
1412,9/1/2017 15:00,20.996,1550,
1413,9/1/2017 16:00,21.091,1463.9,
1414,9/1/2017 17:00,20.996,1345.5,
1415,9/1/2017 18:00,20.71,1054.9,
1416,9/1/2017 19:00,20.424,441.3,
1417,9/1/2017 20:00,20.234,53.8,
1418,9/1/2017 21:00,19.948,0,
1419,9/1/2017 22:00,19.758,0,
1420,9/1/2017 23:00,19.567,0,
1421,9/2/2017 0:00,19.377,0,
1422,9/2/2017 1:00,19.187,0,
1423,9/2/2017 2:00,18.996,0,
1424,9/2/2017 3:00,18.901,0,
1425,9/2/2017 4:00,18.711,0,
1426,9/2/2017 5:00,18.521,0,
1427,9/2/2017 6:00,18.521,0,
1428,9/2/2017 7:00,18.426,0,
1429,9/2/2017 8:00,18.236,258.3,
1430,9/2/2017 9:00,18.901,1065.6,
1431,9/2/2017 10:00,19.472,1259.4,
1432,9/2/2017 11:00,20.138,2152.8,
1433,9/2/2017 12:00,20.138,958,247.017
1434,9/2/2017 13:00,20.424,1550,
1435,9/2/2017 14:00,20.805,1722.2,
1436,9/2/2017 15:00,21.282,2238.9,
1437,9/2/2017 16:00,21.187,2497.2,
1438,9/2/2017 17:00,21.282,2325,
1439,9/2/2017 18:00,20.901,301.4,
1440,9/2/2017 19:00,20.71,64.6,
1441,9/2/2017 20:00,20.519,0,
1442,9/2/2017 21:00,20.424,0,
1443,9/2/2017 22:00,20.234,0,
1444,9/2/2017 23:00,20.043,0,
1445,9/3/2017 0:00,19.853,0,
1446,9/3/2017 1:00,19.662,0,
1447,9/3/2017 2:00,19.377,0,
1448,9/3/2017 3:00,19.282,0,
1449,9/3/2017 4:00,19.092,0,
1450,9/3/2017 5:00,18.901,0,
1451,9/3/2017 6:00,18.711,0,
1452,9/3/2017 7:00,18.806,0,
1453,9/3/2017 8:00,18.616,226,
1454,9/3/2017 9:00,18.616,107.6,
1455,9/3/2017 10:00,18.711,2238.9,
1456,9/3/2017 11:00,19.377,850.4,
1457,9/3/2017 12:00,19.472,549,247.794
1458,9/3/2017 13:00,19.948,1463.9,
1459,9/3/2017 14:00,20.424,2152.8,
1460,9/3/2017 15:00,20.901,1130.2,
1461,9/3/2017 16:00,21.664,2497.2,
1462,9/3/2017 17:00,21.76,2066.7,
1463,9/3/2017 18:00,21.76,1636.1,
1464,9/3/2017 19:00,21.569,645.8,
1465,9/3/2017 20:00,21.282,118.4,
1466,9/3/2017 21:00,21.187,0,
1467,9/3/2017 22:00,20.901,0,
1468,9/3/2017 23:00,20.805,0,
1469,9/4/2017 0:00,20.519,0,
1470,9/4/2017 1:00,20.234,0,
1471,9/4/2017 2:00,20.043,0,
1472,9/4/2017 3:00,19.948,0,
1473,9/4/2017 4:00,19.758,0,
1474,9/4/2017 5:00,19.662,0,
1475,9/4/2017 6:00,19.472,0,
1476,9/4/2017 7:00,19.377,0,
1477,9/4/2017 8:00,19.282,139.9,
1478,9/4/2017 9:00,19.187,118.4,
1479,9/4/2017 10:00,19.187,204.5,
1480,9/4/2017 11:00,19.092,861.1,
1481,9/4/2017 12:00,19.377,5511.1,247.95
1482,9/4/2017 13:00,19.377,731.9,
1483,9/4/2017 14:00,19.567,118.4,
1484,9/4/2017 15:00,19.472,366,
1485,9/4/2017 16:00,19.567,2497.2,
1486,9/4/2017 17:00,19.662,645.8,
1487,9/4/2017 18:00,19.662,1377.8,
1488,9/4/2017 19:00,19.567,344.4,
1489,9/4/2017 20:00,19.472,10.8,
1490,9/4/2017 21:00,19.377,0,
1491,9/4/2017 22:00,19.377,0,
1492,9/4/2017 23:00,19.187,0,
1493,9/5/2017 0:00,18.996,0,
1494,9/5/2017 1:00,18.901,0,
1495,9/5/2017 2:00,18.901,0,
1496,9/5/2017 3:00,18.711,0,
1497,9/5/2017 4:00,18.426,0,
1498,9/5/2017 5:00,18.426,0,
1499,9/5/2017 6:00,18.331,0,
1500,9/5/2017 7:00,18.331,0,
1501,9/5/2017 8:00,18.236,193.8,
1502,9/5/2017 9:00,18.616,839.6,
1503,9/5/2017 10:00,18.616,731.9,
1504,9/5/2017 11:00,18.711,1894.5,
1505,9/5/2017 12:00,19.092,1151.7,247.95
1506,9/5/2017 13:00,19.282,2325,
1507,9/5/2017 14:00,19.282,699.7,
1508,9/5/2017 15:00,19.853,3100,
1509,9/5/2017 16:00,19.758,1377.8,
1510,9/5/2017 17:00,19.758,1011.8,
1511,9/5/2017 18:00,19.758,2066.7,
1512,9/5/2017 19:00,19.567,387.5,
1513,9/5/2017 20:00,19.282,204.5,
1514,9/5/2017 21:00,18.996,0,
1515,9/5/2017 22:00,18.711,0,
1516,9/5/2017 23:00,18.521,0,
1517,9/6/2017 0:00,18.331,0,
1518,9/6/2017 1:00,18.14,0,
1519,9/6/2017 2:00,17.95,0,
1520,9/6/2017 3:00,17.855,0,
1521,9/6/2017 4:00,17.95,0,
1522,9/6/2017 5:00,17.855,0,
1523,9/6/2017 6:00,17.379,0,
1524,9/6/2017 7:00,17.855,0,
1525,9/6/2017 8:00,17.95,226,
1526,9/6/2017 9:00,17.95,936.5,
1527,9/6/2017 10:00,18.996,1205.6,
1528,9/6/2017 11:00,18.711,839.6,
1529,9/6/2017 12:00,18.901,1808.3,247.95
1530,9/6/2017 13:00,18.901,1722.2,
1531,9/6/2017 14:00,19.187,645.8,
1532,9/6/2017 15:00,19.472,1808.3,
1533,9/6/2017 16:00,19.377,1065.6,
1534,9/6/2017 17:00,19.377,441.3,
1535,9/6/2017 18:00,19.282,516.7,
1536,9/6/2017 19:00,19.187,366,
1537,9/6/2017 20:00,18.901,107.6,
1538,9/6/2017 21:00,18.711,0,
1539,9/6/2017 22:00,18.616,0,
1540,9/6/2017 23:00,18.331,0,
1541,9/7/2017 0:00,18.236,0,
1542,9/7/2017 1:00,18.045,0,
1543,9/7/2017 2:00,17.76,0,
1544,9/7/2017 3:00,17.57,0,
1545,9/7/2017 4:00,17.475,0,
1546,9/7/2017 5:00,17.379,0,
1547,9/7/2017 6:00,17.189,0,
1548,9/7/2017 7:00,17.094,0,
1549,9/7/2017 8:00,16.999,409,
1550,9/7/2017 9:00,17.094,570.5,
1551,9/7/2017 10:00,17.76,2669.5,
1552,9/7/2017 11:00,17.95,979.5,
1553,9/7/2017 12:00,17.855,1324,247.95
1554,9/7/2017 13:00,17.57,3616.7,
1555,9/7/2017 14:00,17.95,2066.7,
1556,9/7/2017 15:00,18.331,5166.7,
1557,9/7/2017 16:00,18.236,2325,
1558,9/7/2017 17:00,18.236,1087.2,
1559,9/7/2017 18:00,18.14,1980.6,
1560,9/7/2017 19:00,18.14,721.2,
1561,9/7/2017 20:00,18.045,21.5,
1562,9/7/2017 21:00,17.855,0,
1563,9/7/2017 22:00,17.76,0,
1564,9/7/2017 23:00,17.57,0,
1565,9/8/2017 0:00,17.475,0,
1566,9/8/2017 1:00,17.284,0,
1567,9/8/2017 2:00,17.189,0,
1568,9/8/2017 3:00,17.189,0,
1569,9/8/2017 4:00,16.808,0,
1570,9/8/2017 5:00,16.808,0,
1571,9/8/2017 6:00,16.618,0,
1572,9/8/2017 7:00,16.427,0,
1573,9/8/2017 8:00,16.903,269.1,
1574,9/8/2017 9:00,17.284,1011.8,
1575,9/8/2017 10:00,17.475,5511.1,
1576,9/8/2017 11:00,18.045,1808.3,
1577,9/8/2017 12:00,18.426,2325,247.95
1578,9/8/2017 13:00,18.616,1550,
1579,9/8/2017 14:00,18.996,1345.5,
1580,9/8/2017 15:00,19.377,882.6,
1581,9/8/2017 16:00,19.853,5166.7,
1582,9/8/2017 17:00,19.662,3444.5,
1583,9/8/2017 18:00,19.282,1377.8,
1584,9/8/2017 19:00,18.711,828.8,
1585,9/8/2017 20:00,18.331,32.3,
1586,9/8/2017 21:00,18.045,0,
1587,9/8/2017 22:00,17.855,0,
1588,9/8/2017 23:00,17.665,0,
1589,9/9/2017 0:00,17.475,0,
1590,9/9/2017 1:00,17.284,0,
1591,9/9/2017 2:00,17.094,0,
1592,9/9/2017 3:00,16.999,0,
1593,9/9/2017 4:00,16.618,0,
1594,9/9/2017 5:00,16.523,0,
1595,9/9/2017 6:00,16.332,0,
1596,9/9/2017 7:00,16.237,0,
1597,9/9/2017 8:00,16.332,183,
1598,9/9/2017 9:00,16.618,3100,
1599,9/9/2017 10:00,17.284,5511.1,
1600,9/9/2017 11:00,17.76,4994.5,
1601,9/9/2017 12:00,18.14,1227.1,247.95
1602,9/9/2017 13:00,18.331,2669.5,
1603,9/9/2017 14:00,18.331,1722.2,
1604,9/9/2017 15:00,18.426,1367,
1605,9/9/2017 16:00,18.426,2669.5,
1606,9/9/2017 17:00,18.996,2152.8,
1607,9/9/2017 18:00,18.426,1291.7,
1608,9/9/2017 19:00,18.236,484.4,
1609,9/9/2017 20:00,17.95,10.8,
1610,9/9/2017 21:00,17.855,0,
1611,9/9/2017 22:00,17.665,0,
1612,9/9/2017 23:00,17.475,0,
1613,9/10/2017 0:00,17.284,0,
1614,9/10/2017 1:00,17.094,0,
1615,9/10/2017 2:00,16.999,0,
1616,9/10/2017 3:00,16.808,0,
1617,9/10/2017 4:00,16.713,0,
1618,9/10/2017 5:00,16.523,0,
1619,9/10/2017 6:00,16.332,0,
1620,9/10/2017 7:00,16.141,0,
1621,9/10/2017 8:00,16.332,290.6,
1622,9/10/2017 9:00,16.618,2238.9,
1623,9/10/2017 10:00,17.284,5166.7,
1624,9/10/2017 11:00,17.95,4822.3,
1625,9/10/2017 12:00,18.045,1636.1,247.95
1626,9/10/2017 13:00,18.711,1636.1,
1627,9/10/2017 14:00,19.472,1377.8,
1628,9/10/2017 15:00,19.853,3616.7,
1629,9/10/2017 16:00,19.948,3444.5,
1630,9/10/2017 17:00,19.662,2066.7,
1631,9/10/2017 18:00,19.377,1141,
1632,9/10/2017 19:00,18.901,376.7,
1633,9/10/2017 20:00,18.236,0,
1634,9/10/2017 21:00,17.855,0,
1635,9/10/2017 22:00,17.57,0,
1636,9/10/2017 23:00,17.475,0,
1637,9/11/2017 0:00,17.379,0,
1638,9/11/2017 1:00,17.189,0,
1639,9/11/2017 2:00,16.999,0,
1640,9/11/2017 3:00,16.903,0,
1641,9/11/2017 4:00,16.808,0,
1642,9/11/2017 5:00,16.618,0,
1643,9/11/2017 6:00,16.427,0,
1644,9/11/2017 7:00,16.523,0,
1645,9/11/2017 8:00,16.999,333.7,
1646,9/11/2017 9:00,17.284,2066.7,
1647,9/11/2017 10:00,17.284,3961.1,
1648,9/11/2017 11:00,17.379,4650,
1649,9/11/2017 12:00,17.76,2152.8,248.017
1650,9/11/2017 13:00,18.236,1377.8,
1651,9/11/2017 14:00,18.806,1377.8,
1652,9/11/2017 15:00,19.377,3444.5,
1653,9/11/2017 16:00,20.043,2755.6,
1654,9/11/2017 17:00,20.424,1808.3,
1655,9/11/2017 18:00,20.329,1356.3,
1656,9/11/2017 19:00,20.234,516.7,
1657,9/11/2017 20:00,19.853,21.5,
1658,9/11/2017 21:00,19.758,0,
1659,9/11/2017 22:00,19.567,0,
1660,9/11/2017 23:00,19.377,0,
1661,9/12/2017 0:00,19.187,0,
1662,9/12/2017 1:00,18.996,0,
1663,9/12/2017 2:00,18.711,0,
1664,9/12/2017 3:00,18.521,0,
1665,9/12/2017 4:00,18.426,0,
1666,9/12/2017 5:00,18.331,0,
1667,9/12/2017 6:00,18.14,0,
1668,9/12/2017 7:00,17.855,0,
1669,9/12/2017 8:00,17.95,236.8,
1670,9/12/2017 9:00,18.14,2497.2,
1671,9/12/2017 10:00,18.426,5511.1,
1672,9/12/2017 11:00,19.092,5511.1,
1673,9/12/2017 12:00,19.377,1636.1,249.963
1674,9/12/2017 13:00,20.424,1130.2,
1675,9/12/2017 14:00,21.569,1463.9,
1676,9/12/2017 15:00,22.429,2755.6,
1677,9/12/2017 16:00,23.1,3100,
1678,9/12/2017 17:00,23.773,2325,
1679,9/12/2017 18:00,23.773,990.3,
1680,9/12/2017 19:00,23.966,430.6,
1681,9/12/2017 20:00,23.292,0,
1682,9/12/2017 21:00,23.1,0,
1683,9/12/2017 22:00,22.812,0,
1684,9/12/2017 23:00,22.621,0,
1685,9/13/2017 0:00,22.429,0,
1686,9/13/2017 1:00,21.855,0,
1687,9/13/2017 2:00,21.187,0,
1688,9/13/2017 3:00,20.424,0,
1689,9/13/2017 4:00,19.567,0,
1690,9/13/2017 5:00,19.567,0,
1691,9/13/2017 6:00,19.758,0,
1692,9/13/2017 7:00,19.662,0,
1693,9/13/2017 8:00,19.472,236.8,
1694,9/13/2017 9:00,19.567,7233.4,
1695,9/13/2017 10:00,19.662,5166.7,
1696,9/13/2017 11:00,20.138,4305.6,
1697,9/13/2017 12:00,20.615,1377.8,251.359
1698,9/13/2017 13:00,20.996,1636.1,
1699,9/13/2017 14:00,22.525,2325,
1700,9/13/2017 15:00,22.333,8611.2,
1701,9/13/2017 16:00,21.951,8266.7,
1702,9/13/2017 17:00,20.805,6200,
1703,9/13/2017 18:00,20.996,9644.5,
1704,9/13/2017 19:00,20.901,1722.2,
1705,9/13/2017 20:00,20.805,43.1,
1706,9/13/2017 21:00,20.71,0,
1707,9/13/2017 22:00,20.615,0,
1708,9/13/2017 23:00,20.519,0,
1709,9/14/2017 0:00,20.424,0,
1710,9/14/2017 1:00,20.424,0,
1711,9/14/2017 2:00,20.329,0,
1712,9/14/2017 3:00,20.043,0,
1713,9/14/2017 4:00,19.948,0,
1714,9/14/2017 5:00,19.758,0,
1715,9/14/2017 6:00,19.472,0,
1716,9/14/2017 7:00,19.187,0,
1717,9/14/2017 8:00,19.282,247.6,
1718,9/14/2017 9:00,19.472,764.2,
1719,9/14/2017 10:00,19.567,1141,
1720,9/14/2017 11:00,19.758,1636.1,
1721,9/14/2017 12:00,20.138,2238.9,252.807
1722,9/14/2017 13:00,20.615,1894.5,
1723,9/14/2017 14:00,21.091,3272.2,
1724,9/14/2017 15:00,21.76,5166.7,
1725,9/14/2017 16:00,22.333,7577.8,
1726,9/14/2017 17:00,22.525,4133.4,
1727,9/14/2017 18:00,22.717,6200,
1728,9/14/2017 19:00,22.429,1550,
1729,9/14/2017 20:00,22.333,21.5,
1730,9/14/2017 21:00,22.238,0,
1731,9/14/2017 22:00,22.142,0,
1732,9/14/2017 23:00,21.951,0,
1733,9/15/2017 0:00,21.76,0,
1734,9/15/2017 1:00,21.569,0,
1735,9/15/2017 2:00,21.473,0,
1736,9/15/2017 3:00,21.282,0,
1737,9/15/2017 4:00,21.187,0,
1738,9/15/2017 5:00,20.996,0,
1739,9/15/2017 6:00,20.901,0,
1740,9/15/2017 7:00,20.615,0,
1741,9/15/2017 8:00,20.615,226,
1742,9/15/2017 9:00,20.805,893.4,
1743,9/15/2017 10:00,21.187,1894.5,
1744,9/15/2017 11:00,21.091,2755.6,
1745,9/15/2017 12:00,21.282,1377.8,255.255
1746,9/15/2017 13:00,21.76,1087.2,
1747,9/15/2017 14:00,22.333,1377.8,
1748,9/15/2017 15:00,23.004,3788.9,
1749,9/15/2017 16:00,23.292,3100,
1750,9/15/2017 17:00,23.484,3272.2,
1751,9/15/2017 18:00,23.581,1550,
1752,9/15/2017 19:00,23.004,344.4,
1753,9/15/2017 20:00,22.621,0,
1754,9/15/2017 21:00,22.333,0,
1755,9/15/2017 22:00,22.238,0,
1756,9/15/2017 23:00,22.046,0,
1757,9/16/2017 0:00,21.855,0,
1758,9/16/2017 1:00,21.664,0,
1759,9/16/2017 2:00,21.473,0,
1760,9/16/2017 3:00,21.378,0,
1761,9/16/2017 4:00,21.282,0,
1762,9/16/2017 5:00,21.091,0,
1763,9/16/2017 6:00,20.996,0,
1764,9/16/2017 7:00,20.805,0,
1765,9/16/2017 8:00,20.805,344.4,
1766,9/16/2017 9:00,21.282,4305.6,
1767,9/16/2017 10:00,21.664,5511.1,
1768,9/16/2017 11:00,21.76,16533.4,
1769,9/16/2017 12:00,21.76,2066.7,257.71
1770,9/16/2017 13:00,22.333,1291.7,
1771,9/16/2017 14:00,22.812,958,
1772,9/16/2017 15:00,23.196,4650,
1773,9/16/2017 16:00,23.484,2755.6,
1774,9/16/2017 17:00,23.292,3100,
1775,9/16/2017 18:00,23.484,1722.2,
1776,9/16/2017 19:00,23.196,549,
1777,9/16/2017 20:00,22.908,0,
1778,9/16/2017 21:00,22.429,0,
1779,9/16/2017 22:00,22.333,0,
1780,9/16/2017 23:00,22.142,0,
1781,9/17/2017 0:00,22.046,0,
1782,9/17/2017 1:00,21.855,0,
1783,9/17/2017 2:00,21.855,0,
1784,9/17/2017 3:00,21.76,0,
1785,9/17/2017 4:00,21.664,0,
1786,9/17/2017 5:00,21.378,0,
1787,9/17/2017 6:00,21.282,0,
1788,9/17/2017 7:00,21.282,0,
1789,9/17/2017 8:00,21.282,430.6,
1790,9/17/2017 9:00,21.282,5166.7,
1791,9/17/2017 10:00,21.664,3100,
1792,9/17/2017 11:00,21.76,12400.1,
1793,9/17/2017 12:00,22.142,2669.5,260.156
1794,9/17/2017 13:00,22.621,2755.6,
1795,9/17/2017 14:00,23.196,4305.6,
1796,9/17/2017 15:00,23.004,1808.3,
1797,9/17/2017 16:00,23.1,5511.1,
1798,9/17/2017 17:00,22.908,1108.7,
1799,9/17/2017 18:00,23.004,1980.6,
1800,9/17/2017 19:00,22.717,204.5,
1801,9/17/2017 20:00,22.621,0,
1802,9/17/2017 21:00,22.525,0,
1803,9/17/2017 22:00,22.333,0,
1804,9/17/2017 23:00,22.142,0,
1805,9/18/2017 0:00,22.046,0,
1806,9/18/2017 1:00,21.855,0,
1807,9/18/2017 2:00,21.76,0,
1808,9/18/2017 3:00,21.664,0,
1809,9/18/2017 4:00,21.664,0,
1810,9/18/2017 5:00,21.473,0,
1811,9/18/2017 6:00,21.473,0,
1812,9/18/2017 7:00,21.282,0,
1813,9/18/2017 8:00,21.187,86.1,
1814,9/18/2017 9:00,21.378,1980.6,
1815,9/18/2017 10:00,21.473,5166.7,
1816,9/18/2017 11:00,21.569,5511.1,
1817,9/18/2017 12:00,21.855,807.3,262.596
1818,9/18/2017 13:00,22.238,904.2,
1819,9/18/2017 14:00,22.717,1722.2,
1820,9/18/2017 15:00,23.196,5166.7,
1821,9/18/2017 16:00,23.677,4994.5,
1822,9/18/2017 17:00,23.388,2325,
1823,9/18/2017 18:00,22.621,1291.7,
1824,9/18/2017 19:00,21.76,527.4,
1825,9/18/2017 20:00,21.187,0,
1826,9/18/2017 21:00,20.996,0,
1827,9/18/2017 22:00,20.901,0,
1828,9/18/2017 23:00,20.71,0,
1829,9/19/2017 0:00,20.424,0,
1830,9/19/2017 1:00,20.234,0,
1831,9/19/2017 2:00,20.043,0,
1832,9/19/2017 3:00,19.853,0,
1833,9/19/2017 4:00,19.758,0,
1834,9/19/2017 5:00,19.758,0,
1835,9/19/2017 6:00,19.662,0,
1836,9/19/2017 7:00,19.472,0,
1837,9/19/2017 8:00,19.377,161.5,
1838,9/19/2017 9:00,19.377,1636.1,
1839,9/19/2017 10:00,19.282,2927.8,
1840,9/19/2017 11:00,19.472,1636.1,
1841,9/19/2017 12:00,19.758,1463.9,262.818
1842,9/19/2017 13:00,19.948,1636.1,
1843,9/19/2017 14:00,20.138,2152.8,
1844,9/19/2017 15:00,20.234,3100,
1845,9/19/2017 16:00,20.519,3100,
1846,9/19/2017 17:00,20.615,1722.2,
1847,9/19/2017 18:00,20.519,1151.7,
1848,9/19/2017 19:00,20.424,355.2,
1849,9/19/2017 20:00,20.138,0,
1850,9/19/2017 21:00,19.948,0,
1851,9/19/2017 22:00,19.948,0,
1852,9/19/2017 23:00,19.853,0,
1853,9/20/2017 0:00,19.758,0,
1854,9/20/2017 1:00,19.662,0,
1855,9/20/2017 2:00,19.567,0,
1856,9/20/2017 3:00,19.567,0,
1857,9/20/2017 4:00,19.472,0,
1858,9/20/2017 5:00,19.472,0,
1859,9/20/2017 6:00,19.472,0,
1860,9/20/2017 7:00,19.472,0,
1861,9/20/2017 8:00,19.377,53.8,
1862,9/20/2017 9:00,19.567,452.1,
1863,9/20/2017 10:00,19.758,678.1,
1864,9/20/2017 11:00,19.948,1108.7,
1865,9/20/2017 12:00,20.234,1808.3,263.545
1866,9/20/2017 13:00,20.424,1550,
1867,9/20/2017 14:00,20.519,1722.2,
1868,9/20/2017 15:00,20.805,7577.8,
1869,9/20/2017 16:00,21.473,11022.3,
1870,9/20/2017 17:00,21.473,14466.8,
1871,9/20/2017 18:00,21.282,2755.6,
1872,9/20/2017 19:00,20.901,570.5,
1873,9/20/2017 20:00,20.901,0,
1874,9/20/2017 21:00,20.71,0,
1875,9/20/2017 22:00,20.71,0,
1876,9/20/2017 23:00,20.71,0,
1877,9/21/2017 0:00,20.71,0,
1878,9/21/2017 1:00,20.615,0,
1879,9/21/2017 2:00,20.615,0,
1880,9/21/2017 3:00,20.519,0,
1881,9/21/2017 4:00,20.519,0,
1882,9/21/2017 5:00,20.519,0,
1883,9/21/2017 6:00,20.424,0,
1884,9/21/2017 7:00,20.424,0,
1885,9/21/2017 8:00,20.519,172.2,
1886,9/21/2017 9:00,20.805,785.8,
1887,9/21/2017 10:00,20.996,818.1,
1888,9/21/2017 11:00,21.473,1270.1,
1889,9/21/2017 12:00,22.142,1356.3,267.03
1890,9/21/2017 13:00,23.292,2152.8,
1891,9/21/2017 14:00,24.158,2411.1,
1892,9/21/2017 15:00,24.931,9644.5,
1893,9/21/2017 16:00,25.319,5166.7,
1894,9/21/2017 17:00,25.222,5338.9,
1895,9/21/2017 18:00,25.125,1894.5,
1896,9/21/2017 19:00,24.931,204.5,
1897,9/21/2017 20:00,24.738,0,
1898,9/21/2017 21:00,24.158,0,
1899,9/21/2017 22:00,23.388,0,
1900,9/21/2017 23:00,23.292,0,
1901,9/22/2017 0:00,23.004,0,
1902,9/22/2017 1:00,22.908,0,
1903,9/22/2017 2:00,22.717,0,
1904,9/22/2017 3:00,22.621,0,
1905,9/22/2017 4:00,22.525,0,
1906,9/22/2017 5:00,22.429,0,
1907,9/22/2017 6:00,22.333,0,
1908,9/22/2017 7:00,22.333,0,
1909,9/22/2017 8:00,22.238,139.9,
1910,9/22/2017 9:00,22.429,1377.8,
1911,9/22/2017 10:00,22.908,3100,
1912,9/22/2017 11:00,23.004,1119.5,
1913,9/22/2017 12:00,23.388,1324,271.421
1914,9/22/2017 13:00,23.869,2238.9,
1915,9/22/2017 14:00,24.448,4477.8,
1916,9/22/2017 15:00,25.028,11022.3,
1917,9/22/2017 16:00,25.513,7577.8,
1918,9/22/2017 17:00,25.708,4477.8,
1919,9/22/2017 18:00,25.708,2669.5,
1920,9/22/2017 19:00,25.416,731.9,
1921,9/22/2017 20:00,25.125,0,
1922,9/22/2017 21:00,24.931,0,
1923,9/22/2017 22:00,24.351,0,
1924,9/22/2017 23:00,23.966,0,
1925,9/23/2017 0:00,23.773,0,
1926,9/23/2017 1:00,23.677,0,
1927,9/23/2017 2:00,23.581,0,
1928,9/23/2017 3:00,23.484,0,
1929,9/23/2017 4:00,23.292,0,
1930,9/23/2017 5:00,23.1,0,
1931,9/23/2017 6:00,23.004,0,
1932,9/23/2017 7:00,22.812,0,
1933,9/23/2017 8:00,22.908,107.6,
1934,9/23/2017 9:00,23.1,1334.7,
1935,9/23/2017 10:00,23.292,2066.7,
1936,9/23/2017 11:00,23.388,807.3,
1937,9/23/2017 12:00,23.966,1237.9,276.394
1938,9/23/2017 13:00,24.351,2238.9,
1939,9/23/2017 14:00,25.028,3788.9,
1940,9/23/2017 15:00,25.513,7233.4,
1941,9/23/2017 16:00,26.097,8266.7,
1942,9/23/2017 17:00,26.292,5511.1,
1943,9/23/2017 18:00,26.195,2755.6,
1944,9/23/2017 19:00,26.097,279.9,
1945,9/23/2017 20:00,25.708,0,
1946,9/23/2017 21:00,25.416,0,
1947,9/23/2017 22:00,25.125,0,
1948,9/23/2017 23:00,24.835,0,
1949,9/24/2017 0:00,24.738,0,
1950,9/24/2017 1:00,24.545,0,
1951,9/24/2017 2:00,24.448,0,
1952,9/24/2017 3:00,24.255,0,
1953,9/24/2017 4:00,24.062,0,
1954,9/24/2017 5:00,23.966,0,
1955,9/24/2017 6:00,23.773,0,
1956,9/24/2017 7:00,23.677,0,
1957,9/24/2017 8:00,23.677,107.6,
1958,9/24/2017 9:00,23.869,1980.6,
1959,9/24/2017 10:00,24.158,3272.2,
1960,9/24/2017 11:00,24.158,1184,
1961,9/24/2017 12:00,24.545,925.7,281.743
1962,9/24/2017 13:00,25.028,1550,
1963,9/24/2017 14:00,25.708,3961.1,
1964,9/24/2017 15:00,26.39,8611.2,
1965,9/24/2017 16:00,26.39,4477.8,
1966,9/24/2017 17:00,26.39,6544.5,
1967,9/24/2017 18:00,26,1894.5,
1968,9/24/2017 19:00,25.61,279.9,
1969,9/24/2017 20:00,25.416,0,
1970,9/24/2017 21:00,25.222,0,
1971,9/24/2017 22:00,25.028,0,
1972,9/24/2017 23:00,24.931,0,
1973,9/25/2017 0:00,24.738,0,
1974,9/25/2017 1:00,24.641,0,
1975,9/25/2017 2:00,24.448,0,
1976,9/25/2017 3:00,24.255,0,
1977,9/25/2017 4:00,23.966,0,
1978,9/25/2017 5:00,23.966,0,
1979,9/25/2017 6:00,23.869,0,
1980,9/25/2017 7:00,23.773,0,
1981,9/25/2017 8:00,23.677,107.6,
1982,9/25/2017 9:00,23.773,2411.1,
1983,9/25/2017 10:00,24.255,3961.1,
1984,9/25/2017 11:00,24.062,656.6,
1985,9/25/2017 12:00,24.641,1367,287.092
1986,9/25/2017 13:00,25.028,1894.5,
1987,9/25/2017 14:00,25.513,5166.7,
1988,9/25/2017 15:00,26,4477.8,
1989,9/25/2017 16:00,26.39,9644.5,
1990,9/25/2017 17:00,26.292,2152.8,
1991,9/25/2017 18:00,26.195,2583.4,
1992,9/25/2017 19:00,25.708,204.5,
1993,9/25/2017 20:00,25.513,0,
1994,9/25/2017 21:00,25.319,0,
1995,9/25/2017 22:00,25.222,0,
1996,9/25/2017 23:00,24.931,0,
1997,9/26/2017 0:00,24.738,0,
1998,9/26/2017 1:00,24.545,0,
1999,9/26/2017 2:00,24.448,0,
2000,9/26/2017 3:00,24.255,0,
2001,9/26/2017 4:00,24.062,0,
2002,9/26/2017 5:00,23.869,0,
2003,9/26/2017 6:00,23.869,0,
2004,9/26/2017 7:00,23.677,0,
2005,9/26/2017 8:00,23.484,107.6,
2006,9/26/2017 9:00,23.677,1377.8,
2007,9/26/2017 10:00,24.062,2669.5,
2008,9/26/2017 11:00,24.062,1173.3,
2009,9/26/2017 12:00,24.255,1463.9,291.689
2010,9/26/2017 13:00,24.835,1722.2,
2011,9/26/2017 14:00,25.028,2927.8,
2012,9/26/2017 15:00,25.319,1463.9,
2013,9/26/2017 16:00,25.319,5166.7,
2014,9/26/2017 17:00,25.222,1324,
2015,9/26/2017 18:00,25.028,1237.9,
2016,9/26/2017 19:00,24.931,193.8,
2017,9/26/2017 20:00,24.835,0,
2018,9/26/2017 21:00,24.545,0,
2019,9/26/2017 22:00,24.351,0,
2020,9/26/2017 23:00,24.255,0,
2021,9/27/2017 0:00,24.158,0,
2022,9/27/2017 1:00,23.869,0,
2023,9/27/2017 2:00,23.677,0,
2024,9/27/2017 3:00,23.388,0,
2025,9/27/2017 4:00,23.1,0,
2026,9/27/2017 5:00,22.812,0,
2027,9/27/2017 6:00,22.621,0,
2028,9/27/2017 7:00,22.429,0,
2029,9/27/2017 8:00,22.238,43.1,
2030,9/27/2017 9:00,22.333,452.1,
2031,9/27/2017 10:00,22.046,968.8,
2032,9/27/2017 11:00,21.951,2238.9,
2033,9/27/2017 12:00,22.046,2497.2,294.573
2034,9/27/2017 13:00,22.238,1550,
2035,9/27/2017 14:00,22.525,5166.7,
2036,9/27/2017 15:00,22.429,775,
2037,9/27/2017 16:00,22.333,3100,
2038,9/27/2017 17:00,22.046,602.8,
2039,9/27/2017 18:00,21.76,312.2,
2040,9/27/2017 19:00,21.951,161.5,
2041,9/27/2017 20:00,21.187,0,
2042,9/27/2017 21:00,20.805,0,
2043,9/27/2017 22:00,20.901,0,
2044,9/27/2017 23:00,20.901,0,
2045,9/28/2017 0:00,21.282,0,
2046,9/28/2017 1:00,21.569,0,
2047,9/28/2017 2:00,21.76,0,
2048,9/28/2017 3:00,21.664,0,
2049,9/28/2017 4:00,21.473,0,
2050,9/28/2017 5:00,21.282,0,
2051,9/28/2017 6:00,20.71,0,
2052,9/28/2017 7:00,20.424,0,
2053,9/28/2017 8:00,20.138,96.9,
2054,9/28/2017 9:00,20.138,398.3,
2055,9/28/2017 10:00,20.805,2927.8,
2056,9/28/2017 11:00,20.901,1980.6,
2057,9/28/2017 12:00,20.996,1894.5,295.54
2058,9/28/2017 13:00,21.282,3100,
2059,9/28/2017 14:00,21.282,2583.4,
2060,9/28/2017 15:00,21.569,3616.7,
2061,9/28/2017 16:00,21.378,979.5,
2062,9/28/2017 17:00,21.664,2583.4,
2063,9/28/2017 18:00,21.378,1033.3,
2064,9/28/2017 19:00,21.091,602.8,
2065,9/28/2017 20:00,20.901,0,
2066,9/28/2017 21:00,20.71,0,
2067,9/28/2017 22:00,20.424,0,
2068,9/28/2017 23:00,20.234,0,
2069,9/29/2017 0:00,19.662,0,
2070,9/29/2017 1:00,20.043,0,
2071,9/29/2017 2:00,19.662,0,
2072,9/29/2017 3:00,19.662,0,
2073,9/29/2017 4:00,19.282,0,
2074,9/29/2017 5:00,19.567,0,
2075,9/29/2017 6:00,19.567,0,
2076,9/29/2017 7:00,19.472,0,
2077,9/29/2017 8:00,19.187,139.9,
2078,9/29/2017 9:00,19.377,1377.8,
2079,9/29/2017 10:00,19.567,2325,
2080,9/29/2017 11:00,18.806,947.2,
2081,9/29/2017 12:00,19.377,979.5,295.869
2082,9/29/2017 13:00,20.424,1808.3,
2083,9/29/2017 14:00,20.805,4477.8,
2084,9/29/2017 15:00,20.901,1302.4,
2085,9/29/2017 16:00,20.71,1550,
2086,9/29/2017 17:00,20.71,23422.4,
2087,9/29/2017 18:00,20.329,516.7,
2088,9/29/2017 19:00,20.043,204.5,
2089,9/29/2017 20:00,19.853,0,
2090,9/29/2017 21:00,19.567,0,
2091,9/29/2017 22:00,19.377,0,
2092,9/29/2017 23:00,19.187,0,
2093,9/30/2017 0:00,18.996,0,
2094,9/30/2017 1:00,18.996,0,
2095,9/30/2017 2:00,18.806,0,
2096,9/30/2017 3:00,18.616,0,
2097,9/30/2017 4:00,18.521,0,
2098,9/30/2017 5:00,18.331,0,
2099,9/30/2017 6:00,18.14,0,
2100,9/30/2017 7:00,17.665,0,
2101,9/30/2017 8:00,17.76,118.4,
2102,9/30/2017 9:00,18.236,1894.5,
2103,9/30/2017 10:00,18.616,7577.8,
2104,9/30/2017 11:00,19.187,1173.3,
2105,9/30/2017 12:00,19.472,613.5,296.261
2106,9/30/2017 13:00,19.853,936.5,
2107,9/30/2017 14:00,20.234,3444.5,
2108,9/30/2017 15:00,20.901,8611.2,
2109,9/30/2017 16:00,21.187,7233.4,
2110,9/30/2017 17:00,21.091,2325,
2111,9/30/2017 18:00,21.091,2755.6,
2112,9/30/2017 19:00,20.805,376.7,
2113,9/30/2017 20:00,20.519,0,
2114,9/30/2017 21:00,20.329,0,
2115,9/30/2017 22:00,19.853,0,
2116,9/30/2017 23:00,19.567,0,
2117,10/1/2017 0:00,19.377,0,
2118,10/1/2017 1:00,19.092,0,
2119,10/1/2017 2:00,18.806,0,
2120,10/1/2017 3:00,18.616,0,
2121,10/1/2017 4:00,18.236,0,
2122,10/1/2017 5:00,18.045,0,
2123,10/1/2017 6:00,17.855,0,
2124,10/1/2017 7:00,17.76,0,
2125,10/1/2017 8:00,17.665,139.9,
2126,10/1/2017 9:00,18.045,3788.9,
2127,10/1/2017 10:00,17.76,3100,
2128,10/1/2017 11:00,17.76,17222.3,
2129,10/1/2017 12:00,18.331,1076.4,296.261
2130,10/1/2017 13:00,18.901,1141,
2131,10/1/2017 14:00,19.282,3272.2,
2132,10/1/2017 15:00,19.662,6544.5,
2133,10/1/2017 16:00,19.948,20666.8,
2134,10/1/2017 17:00,19.472,2583.4,
2135,10/1/2017 18:00,19.377,3616.7,
2136,10/1/2017 19:00,18.996,215.3,
2137,10/1/2017 20:00,18.901,0,
2138,10/1/2017 21:00,18.711,0,
2139,10/1/2017 22:00,18.426,0,
2140,10/1/2017 23:00,18.331,0,
2141,10/2/2017 0:00,18.14,0,
2142,10/2/2017 1:00,18.14,0,
2143,10/2/2017 2:00,17.855,0,
2144,10/2/2017 3:00,17.855,0,
2145,10/2/2017 4:00,17.76,0,
2146,10/2/2017 5:00,17.665,0,
2147,10/2/2017 6:00,17.665,0,
2148,10/2/2017 7:00,17.57,0,
2149,10/2/2017 8:00,17.665,150.7,
2150,10/2/2017 9:00,18.045,818.1,
2151,10/2/2017 10:00,18.521,11022.3,
2152,10/2/2017 11:00,18.616,2238.9,
2153,10/2/2017 12:00,18.806,2152.8,296.261
2154,10/2/2017 13:00,18.806,1980.6,
2155,10/2/2017 14:00,18.901,3788.9,
2156,10/2/2017 15:00,19.282,2325,
2157,10/2/2017 16:00,19.092,710.4,
2158,10/2/2017 17:00,19.092,1636.1,
2159,10/2/2017 18:00,19.092,2497.2,
2160,10/2/2017 19:00,18.806,86.1,
2161,10/2/2017 20:00,18.616,0,
2162,10/2/2017 21:00,18.521,0,
2163,10/2/2017 22:00,18.521,0,
2164,10/2/2017 23:00,18.426,0,
2165,10/3/2017 0:00,18.331,0,
2166,10/3/2017 1:00,18.236,0,
2167,10/3/2017 2:00,18.14,0,
2168,10/3/2017 3:00,18.045,0,
2169,10/3/2017 4:00,18.045,0,
2170,10/3/2017 5:00,18.045,0,
2171,10/3/2017 6:00,17.95,0,
2172,10/3/2017 7:00,17.95,0,
2173,10/3/2017 8:00,17.855,118.4,
2174,10/3/2017 9:00,17.855,1377.8,
2175,10/3/2017 10:00,18.236,3788.9,
2176,10/3/2017 11:00,17.95,1550,
2177,10/3/2017 12:00,18.711,2927.8,296.261
2178,10/3/2017 13:00,18.901,3788.9,
2179,10/3/2017 14:00,19.187,2066.7,
2180,10/3/2017 15:00,19.282,1259.4,
2181,10/3/2017 16:00,19.377,688.9,
2182,10/3/2017 17:00,19.377,322.9,
2183,10/3/2017 18:00,19.377,183,
2184,10/3/2017 19:00,19.282,21.5,
2185,10/3/2017 20:00,19.282,0,
2186,10/3/2017 21:00,19.187,0,
2187,10/3/2017 22:00,18.996,0,
2188,10/3/2017 23:00,18.996,0,
2189,10/4/2017 0:00,18.901,0,
2190,10/4/2017 1:00,18.901,0,
2191,10/4/2017 2:00,18.806,0,
2192,10/4/2017 3:00,18.711,0,
2193,10/4/2017 4:00,18.616,0,
2194,10/4/2017 5:00,18.616,0,
2195,10/4/2017 6:00,18.616,0,
2196,10/4/2017 7:00,18.616,0,
2197,10/4/2017 8:00,18.616,0,
2198,10/4/2017 9:00,18.616,183,
2199,10/4/2017 10:00,18.616,301.4,
2200,10/4/2017 11:00,18.711,667.4,
2201,10/4/2017 12:00,18.806,355.2,296.261
2202,10/4/2017 13:00,18.901,2238.9,
2203,10/4/2017 14:00,19.187,3961.1,
2204,10/4/2017 15:00,19.662,9644.5,
2205,10/4/2017 16:00,19.853,41333.6,
2206,10/4/2017 17:00,19.662,3788.9,
2207,10/4/2017 18:00,19.377,3788.9,
2208,10/4/2017 19:00,19.092,215.3,
2209,10/4/2017 20:00,18.806,0,
2210,10/4/2017 21:00,18.711,0,
2211,10/4/2017 22:00,18.426,0,
2212,10/4/2017 23:00,18.14,0,
2213,10/5/2017 0:00,18.045,0,
2214,10/5/2017 1:00,17.76,0,
2215,10/5/2017 2:00,17.665,0,
2216,10/5/2017 3:00,17.284,0,
2217,10/5/2017 4:00,17.189,0,
2218,10/5/2017 5:00,17.094,0,
2219,10/5/2017 6:00,16.999,0,
2220,10/5/2017 7:00,17.475,0,
2221,10/5/2017 8:00,17.57,53.8,
2222,10/5/2017 9:00,17.57,344.4,
2223,10/5/2017 10:00,17.475,2583.4,
2224,10/5/2017 11:00,17.665,527.4,
2225,10/5/2017 12:00,17.76,1001,296.261
2226,10/5/2017 13:00,18.14,3272.2,
2227,10/5/2017 14:00,18.236,1894.5,
2228,10/5/2017 15:00,18.236,3100,
2229,10/5/2017 16:00,18.331,688.9,
2230,10/5/2017 17:00,18.426,1076.4,
2231,10/5/2017 18:00,18.14,505.9,
2232,10/5/2017 19:00,17.95,64.6,
2233,10/5/2017 20:00,17.855,0,
2234,10/5/2017 21:00,17.57,0,
2235,10/5/2017 22:00,17.475,0,
2236,10/5/2017 23:00,17.379,0,
2237,10/6/2017 0:00,17.284,0,
2238,10/6/2017 1:00,17.284,0,
2239,10/6/2017 2:00,17.094,0,
2240,10/6/2017 3:00,17.094,0,
2241,10/6/2017 4:00,17.094,0,
2242,10/6/2017 5:00,17.284,0,
2243,10/6/2017 6:00,17.379,0,
2244,10/6/2017 7:00,17.379,0,
2245,10/6/2017 8:00,17.379,53.8,
2246,10/6/2017 9:00,12.787,0,
2247,10/6/2017 10:00,14.517,0,
2248,10/6/2017 11:00,17.665,0,
2249,10/6/2017 12:00,18.711,0,297.446
2250,10/6/2017 13:00,20.234,0,
2251,10/6/2017 14:00,23.484,0,
2252,10/6/2017 15:00,22.525,0,
2253,10/6/2017 16:00,21.187,0,
2254,10/6/2017 17:00,21.187,0,
2255,10/6/2017 18:00,21.187,0,
2256,10/6/2017 19:00,21.091,0,
2257,10/6/2017 20:00,20.996,0,
2258,10/6/2017 21:00,20.901,0,
2259,10/6/2017 22:00,20.901,0,
2260,10/6/2017 23:00,20.901,0,
2261,10/7/2017 0:00,20.901,0,
2262,10/7/2017 1:00,20.996,0,
2263,10/7/2017 2:00,20.996,0,
2264,10/7/2017 3:00,20.996,0,
2265,10/7/2017 4:00,20.996,0,
2266,10/7/2017 5:00,21.091,0,
2267,10/7/2017 6:00,21.091,0,
2268,10/7/2017 7:00,20.996,0,
2269,10/7/2017 8:00,21.187,0,
2270,10/7/2017 9:00,21.091,0,
2271,10/7/2017 10:00,21.091,0,
2272,10/7/2017 11:00,21.569,0,
2273,10/7/2017 12:00,21.76,0,299.082
2274,10/7/2017 13:00,21.76,0,
2275,10/7/2017 14:00,21.76,0,
2276,10/7/2017 15:00,21.76,0,
2277,10/7/2017 16:00,21.76,0,
2278,10/7/2017 17:00,21.855,0,
2279,10/7/2017 18:00,21.855,0,
2280,10/7/2017 19:00,21.855,0,
2281,10/7/2017 20:00,21.855,0,
2282,10/7/2017 21:00,21.76,0,
2283,10/7/2017 22:00,21.76,0,
2284,10/7/2017 23:00,21.951,0,
2285,10/8/2017 0:00,22.142,0,
2286,10/8/2017 1:00,22.142,0,
2287,10/8/2017 2:00,22.142,0,
2288,10/8/2017 3:00,22.046,0,
2289,10/8/2017 4:00,22.046,0,
2290,10/8/2017 5:00,21.951,0,
2291,10/8/2017 6:00,21.664,0,
2292,10/8/2017 7:00,21.378,0,
2293,10/8/2017 8:00,21.091,0,
2294,10/8/2017 9:00,21.664,0,
2295,10/8/2017 10:00,22.142,0,
2296,10/8/2017 11:00,22.238,0,
2297,10/8/2017 12:00,22.238,0,301.075
2298,10/8/2017 13:00,22.142,0,
2299,10/8/2017 14:00,22.046,0,
2300,10/8/2017 15:00,22.046,0,
2301,10/8/2017 16:00,22.046,0,
2302,10/8/2017 17:00,22.046,0,
2303,10/8/2017 18:00,22.046,0,
2304,10/8/2017 19:00,22.812,0,
2305,10/8/2017 20:00,22.142,0,
2306,10/8/2017 21:00,21.76,0,
2307,10/8/2017 22:00,21.473,0,
2308,10/8/2017 23:00,21.187,0,
2309,10/9/2017 0:00,20.71,0,
2310,10/9/2017 1:00,20.805,0,
2311,10/9/2017 2:00,20.805,0,
2312,10/9/2017 3:00,20.805,0,
2313,10/9/2017 4:00,20.805,0,
2314,10/9/2017 5:00,20.71,0,
2315,10/9/2017 6:00,20.805,0,
2316,10/9/2017 7:00,20.424,0,
2317,10/9/2017 8:00,20.329,0,
2318,10/9/2017 9:00,20.329,0,
2319,10/9/2017 10:00,22.238,0,
2320,10/9/2017 11:00,23.677,0,
2321,10/9/2017 12:00,23.581,0,303.481
2322,10/9/2017 13:00,23.196,0,
2323,10/9/2017 14:00,23.004,0,
2324,10/9/2017 15:00,22.908,0,
2325,10/9/2017 16:00,22.812,0,
2326,10/9/2017 17:00,22.717,0,
2327,10/9/2017 18:00,22.429,0,
2328,10/9/2017 19:00,22.238,0,
2329,10/9/2017 20:00,22.142,0,
2330,10/9/2017 21:00,21.951,0,
2331,10/9/2017 22:00,21.76,0,
2332,10/9/2017 23:00,21.569,0,
2333,10/10/2017 0:00,21.569,0,
2334,10/10/2017 1:00,21.473,0,
2335,10/10/2017 2:00,21.378,0,
2336,10/10/2017 3:00,21.378,0,
2337,10/10/2017 4:00,21.282,0,
2338,10/10/2017 5:00,21.282,0,
2339,10/10/2017 6:00,21.091,0,
2340,10/10/2017 7:00,20.901,0,
2341,10/10/2017 8:00,20.805,0,
2342,10/10/2017 9:00,21.187,0,
2343,10/10/2017 10:00,21.855,0,
2344,10/10/2017 11:00,21.855,0,
2345,10/10/2017 12:00,22.812,0,
