#,"Date Time, GMT-04:00",Temp,Intensity,"GDD, DDc (LGR S/N: 20055142)"
1,7/4/2017 20:00,27.37,0,
2,7/4/2017 21:00,26.879,0,
3,7/4/2017 22:00,26.292,0,
4,7/4/2017 23:00,25.708,0,
5,7/5/2017 0:00,25.125,0,
6,7/5/2017 1:00,24.545,0,
7,7/5/2017 2:00,23.966,0,
8,7/5/2017 3:00,23.388,0,
9,7/5/2017 4:00,22.812,0,
10,7/5/2017 5:00,22.142,0,
11,7/5/2017 6:00,21.76,0,
12,7/5/2017 7:00,21.187,0,
13,7/5/2017 8:00,21.76,0,
14,7/5/2017 9:00,23.388,0,
15,7/5/2017 10:00,23.869,0,
16,7/5/2017 11:00,23.677,0,
17,7/5/2017 12:00,24.351,0,10.475
18,7/5/2017 13:00,26.292,0,
19,7/5/2017 14:00,32.394,0,
20,7/5/2017 15:00,35.009,0,
21,7/5/2017 16:00,35.864,0,
22,7/5/2017 17:00,34.585,0,
23,7/5/2017 18:00,34.058,0,
24,7/5/2017 19:00,32.704,0,
25,7/5/2017 20:00,29.953,0,
26,7/5/2017 21:00,28.159,0,
27,7/5/2017 22:00,25.222,0,
28,7/5/2017 23:00,23.773,0,
29,7/6/2017 0:00,22.238,0,
30,7/6/2017 1:00,21.187,0,
31,7/6/2017 2:00,19.758,0,
32,7/6/2017 3:00,18.711,0,
33,7/6/2017 4:00,18.045,0,
34,7/6/2017 5:00,17.665,0,
35,7/6/2017 6:00,17.094,0,
36,7/6/2017 7:00,16.903,0,
37,7/6/2017 8:00,19.377,0,
38,7/6/2017 9:00,23.484,0,
39,7/6/2017 10:00,24.351,0,
40,7/6/2017 11:00,27.665,0,
41,7/6/2017 12:00,34.585,0,19.898
42,7/6/2017 13:00,36.403,0,
43,7/6/2017 14:00,29.853,0,
44,7/6/2017 15:00,35.435,0,
45,7/6/2017 16:00,35.756,0,
46,7/6/2017 17:00,27.764,0,
47,7/6/2017 18:00,26.488,0,
48,7/6/2017 19:00,25.513,0,
49,7/6/2017 20:00,24.641,0,
50,7/6/2017 21:00,23.869,0,
51,7/6/2017 22:00,23.581,0,
52,7/6/2017 23:00,23.196,0,
53,7/7/2017 0:00,22.717,0,
54,7/7/2017 1:00,20.615,0,
55,7/7/2017 2:00,19.948,0,
56,7/7/2017 3:00,19.377,0,
57,7/7/2017 4:00,18.616,0,
58,7/7/2017 5:00,18.236,0,
59,7/7/2017 6:00,17.95,0,
60,7/7/2017 7:00,18.616,0,
61,7/7/2017 8:00,19.472,0,
62,7/7/2017 9:00,21.664,0,
63,7/7/2017 10:00,26.195,2669.5,
64,7/7/2017 11:00,26.781,2583.4,
65,7/7/2017 12:00,27.075,1980.6,24.063
66,7/7/2017 13:00,26.781,1205.6,
67,7/7/2017 14:00,27.567,3961.1,
68,7/7/2017 15:00,27.075,2927.8,
69,7/7/2017 16:00,27.075,419.8,
70,7/7/2017 17:00,26.585,1550,
71,7/7/2017 18:00,26.683,1377.8,
72,7/7/2017 19:00,26.683,635.1,
73,7/7/2017 20:00,26.195,75.3,
74,7/7/2017 21:00,26.097,21.5,
75,7/7/2017 22:00,25.61,0,
76,7/7/2017 23:00,25.319,0,
77,7/8/2017 0:00,25.222,0,
78,7/8/2017 1:00,24.835,0,
79,7/8/2017 2:00,24.738,0,
80,7/8/2017 3:00,24.545,0,
81,7/8/2017 4:00,23.869,0,
82,7/8/2017 5:00,23.773,0,
83,7/8/2017 6:00,24.062,0,
84,7/8/2017 7:00,23.966,43.1,
85,7/8/2017 8:00,23.869,75.3,
86,7/8/2017 9:00,24.448,527.4,
87,7/8/2017 10:00,25.125,861.1,
88,7/8/2017 11:00,25.125,861.1,
89,7/8/2017 12:00,24.738,376.7,29.26
90,7/8/2017 13:00,24.931,2152.8,
91,7/8/2017 14:00,25.222,6544.5,
92,7/8/2017 15:00,25.805,3272.2,
93,7/8/2017 16:00,26.097,3272.2,
94,7/8/2017 17:00,26,2583.4,
95,7/8/2017 18:00,25.513,516.7,
96,7/8/2017 19:00,25.416,139.9,
97,7/8/2017 20:00,25.416,312.2,
98,7/8/2017 21:00,24.931,118.4,
99,7/8/2017 22:00,24.641,0,
100,7/8/2017 23:00,24.351,0,
101,7/9/2017 0:00,24.351,0,
102,7/9/2017 1:00,24.448,0,
103,7/9/2017 2:00,24.255,0,
104,7/9/2017 3:00,24.062,0,
105,7/9/2017 4:00,23.966,0,
106,7/9/2017 5:00,23.869,0,
107,7/9/2017 6:00,23.677,0,
108,7/9/2017 7:00,23.484,129.2,
109,7/9/2017 8:00,23.484,247.6,
110,7/9/2017 9:00,23.677,8611.2,
111,7/9/2017 10:00,23.773,2927.8,
112,7/9/2017 11:00,24.062,3444.5,
113,7/9/2017 12:00,24.448,5338.9,33.98
114,7/9/2017 13:00,24.835,7577.8,
115,7/9/2017 14:00,25.319,9300.1,
116,7/9/2017 15:00,25.222,3100,
117,7/9/2017 16:00,24.545,1377.8,
118,7/9/2017 17:00,25.513,1141,
119,7/9/2017 18:00,24.641,968.8,
120,7/9/2017 19:00,25.125,775,
121,7/9/2017 20:00,25.028,344.4,
122,7/9/2017 21:00,24.931,32.3,
123,7/9/2017 22:00,24.641,0,
124,7/9/2017 23:00,24.448,0,
125,7/10/2017 0:00,24.255,0,
126,7/10/2017 1:00,23.966,0,
127,7/10/2017 2:00,23.869,0,
128,7/10/2017 3:00,23.773,0,
129,7/10/2017 4:00,23.773,0,
130,7/10/2017 5:00,23.773,0,
131,7/10/2017 6:00,23.677,32.3,
132,7/10/2017 7:00,23.677,161.5,
133,7/10/2017 8:00,23.677,570.5,
134,7/10/2017 9:00,23.677,731.9,
135,7/10/2017 10:00,23.581,1722.2,
136,7/10/2017 11:00,23.773,2411.1,
137,7/10/2017 12:00,23.966,3961.1,39.046
138,7/10/2017 13:00,24.062,3788.9,
139,7/10/2017 14:00,24.641,11022.3,
140,7/10/2017 15:00,25.125,6200,
141,7/10/2017 16:00,25.708,1894.5,
142,7/10/2017 17:00,25.708,1894.5,
143,7/10/2017 18:00,25.708,2411.1,
144,7/10/2017 19:00,26,807.3,
145,7/10/2017 20:00,26,172.2,
146,7/10/2017 21:00,25.902,32.3,
147,7/10/2017 22:00,25.416,0,
148,7/10/2017 23:00,25.125,0,
149,7/11/2017 0:00,24.931,0,
150,7/11/2017 1:00,24.738,0,
151,7/11/2017 2:00,24.641,0,
152,7/11/2017 3:00,24.545,0,
153,7/11/2017 4:00,24.545,0,
154,7/11/2017 5:00,24.448,0,
155,7/11/2017 6:00,24.255,0,
156,7/11/2017 7:00,24.255,96.9,
157,7/11/2017 8:00,24.158,204.5,
158,7/11/2017 9:00,24.448,2755.6,
159,7/11/2017 10:00,24.931,4477.8,
160,7/11/2017 11:00,25.028,7577.8,
161,7/11/2017 12:00,25.319,11711.2,46.012
162,7/11/2017 13:00,25.708,26178,
163,7/11/2017 14:00,27.862,28933.5,
164,7/11/2017 15:00,28.555,52355.9,
165,7/11/2017 16:00,28.655,9300.1,
166,7/11/2017 17:00,27.665,5511.1,
167,7/11/2017 18:00,27.862,850.4,
168,7/11/2017 19:00,28.06,667.4,
169,7/11/2017 20:00,27.961,290.6,
170,7/11/2017 21:00,27.764,10.8,
171,7/11/2017 22:00,27.173,0,
172,7/11/2017 23:00,27.468,0,
173,7/12/2017 0:00,27.37,0,
174,7/12/2017 1:00,27.173,0,
175,7/12/2017 2:00,27.075,0,
176,7/12/2017 3:00,26.879,0,
177,7/12/2017 4:00,26.781,0,
178,7/12/2017 5:00,26.585,0,
179,7/12/2017 6:00,26.488,0,
180,7/12/2017 7:00,26.292,43.1,
181,7/12/2017 8:00,26.097,269.1,
182,7/12/2017 9:00,26.097,484.4,
183,7/12/2017 10:00,26.097,150.7,
184,7/12/2017 11:00,26,118.4,
185,7/12/2017 12:00,25.708,118.4,52.973
186,7/12/2017 13:00,26,645.8,
187,7/12/2017 14:00,26.781,839.6,
188,7/12/2017 15:00,27.665,602.8,
189,7/12/2017 16:00,27.665,581.3,
190,7/12/2017 17:00,27.764,1377.8,
191,7/12/2017 18:00,27.567,290.6,
192,7/12/2017 19:00,27.665,549,
193,7/12/2017 20:00,27.468,183,
194,7/12/2017 21:00,27.272,0,
195,7/12/2017 22:00,27.272,0,
196,7/12/2017 23:00,27.075,0,
197,7/13/2017 0:00,26.977,0,
198,7/13/2017 1:00,26.683,0,
199,7/13/2017 2:00,26.683,0,
200,7/13/2017 3:00,26.488,0,
201,7/13/2017 4:00,26.488,0,
202,7/13/2017 5:00,26.292,0,
203,7/13/2017 6:00,26.097,0,
204,7/13/2017 7:00,26,43.1,
205,7/13/2017 8:00,26,107.6,
206,7/13/2017 9:00,26,64.6,
207,7/13/2017 10:00,26,64.6,
208,7/13/2017 11:00,26.195,678.1,
209,7/13/2017 12:00,26.39,1097.9,60.446
210,7/13/2017 13:00,26.585,527.4,
211,7/13/2017 14:00,26.585,979.5,
212,7/13/2017 15:00,26.488,279.9,
213,7/13/2017 16:00,27.764,1722.2,
214,7/13/2017 17:00,28.258,1722.2,
215,7/13/2017 18:00,28.456,968.8,
216,7/13/2017 19:00,27.764,409,
217,7/13/2017 20:00,27.665,247.6,
218,7/13/2017 21:00,27.075,21.5,
219,7/13/2017 22:00,26.683,0,
220,7/13/2017 23:00,26.39,0,
221,7/14/2017 0:00,25.902,0,
222,7/14/2017 1:00,25.708,0,
223,7/14/2017 2:00,25.416,0,
224,7/14/2017 3:00,25.125,0,
225,7/14/2017 4:00,25.222,0,
226,7/14/2017 5:00,25.125,0,
227,7/14/2017 6:00,25.028,0,
228,7/14/2017 7:00,25.125,21.5,
229,7/14/2017 8:00,25.125,118.4,
230,7/14/2017 9:00,24.931,279.9,
231,7/14/2017 10:00,25.319,505.9,
232,7/14/2017 11:00,25.222,387.5,
233,7/14/2017 12:00,25.416,495.1,65.792
234,7/14/2017 13:00,25.902,796.5,
235,7/14/2017 14:00,26,1141,
236,7/14/2017 15:00,25.805,1980.6,
237,7/14/2017 16:00,26,1184,
238,7/14/2017 17:00,25.708,3788.9,
239,7/14/2017 18:00,25.708,807.3,
240,7/14/2017 19:00,25.416,355.2,
241,7/14/2017 20:00,25.125,86.1,
242,7/14/2017 21:00,24.931,10.8,
243,7/14/2017 22:00,24.738,0,
244,7/14/2017 23:00,24.545,0,
245,7/15/2017 0:00,24.351,0,
246,7/15/2017 1:00,24.255,0,
247,7/15/2017 2:00,24.351,0,
248,7/15/2017 3:00,24.351,0,
249,7/15/2017 4:00,24.158,0,
250,7/15/2017 5:00,24.062,0,
251,7/15/2017 6:00,23.966,0,
252,7/15/2017 7:00,23.869,43.1,
253,7/15/2017 8:00,23.869,107.6,
254,7/15/2017 9:00,23.966,247.6,
255,7/15/2017 10:00,24.545,624.3,
256,7/15/2017 11:00,24.931,635.1,
257,7/15/2017 12:00,25.222,1033.3,71.585
258,7/15/2017 13:00,25.319,4305.6,
259,7/15/2017 14:00,26,7577.8,
260,7/15/2017 15:00,26.39,6200,
261,7/15/2017 16:00,26.977,2669.5,
262,7/15/2017 17:00,26.195,1377.8,
263,7/15/2017 18:00,26.292,1550,
264,7/15/2017 19:00,26.097,613.5,
265,7/15/2017 20:00,25.319,269.1,
266,7/15/2017 21:00,25.319,21.5,
267,7/15/2017 22:00,25.416,0,
268,7/15/2017 23:00,25.319,0,
269,7/16/2017 0:00,24.931,0,
270,7/16/2017 1:00,24.738,0,
271,7/16/2017 2:00,24.448,0,
272,7/16/2017 3:00,24.448,0,
273,7/16/2017 4:00,24.448,0,
274,7/16/2017 5:00,24.448,0,
275,7/16/2017 6:00,24.158,0,
276,7/16/2017 7:00,24.062,53.8,
277,7/16/2017 8:00,24.158,129.2,
278,7/16/2017 9:00,24.062,624.3,
279,7/16/2017 10:00,23.966,850.4,
280,7/16/2017 11:00,24.062,1162.5,
281,7/16/2017 12:00,24.545,8266.7,76.419
282,7/16/2017 13:00,24.835,1345.5,
283,7/16/2017 14:00,24.931,2927.8,
284,7/16/2017 15:00,25.222,742.7,
285,7/16/2017 16:00,25.125,1001,
286,7/16/2017 17:00,25.416,355.2,
287,7/16/2017 18:00,25.319,279.9,
288,7/16/2017 19:00,25.319,473.6,
289,7/16/2017 20:00,25.222,269.1,
290,7/16/2017 21:00,25.028,43.1,
291,7/16/2017 22:00,24.835,0,
292,7/16/2017 23:00,24.545,0,
293,7/17/2017 0:00,24.448,0,
294,7/17/2017 1:00,24.255,0,
295,7/17/2017 2:00,24.351,0,
296,7/17/2017 3:00,24.351,0,
297,7/17/2017 4:00,24.255,0,
298,7/17/2017 5:00,24.255,0,
299,7/17/2017 6:00,23.966,0,
300,7/17/2017 7:00,23.966,43.1,
301,7/17/2017 8:00,23.966,172.2,
302,7/17/2017 9:00,24.158,850.4,
303,7/17/2017 10:00,24.835,3272.2,
304,7/17/2017 11:00,25.222,3100,
305,7/17/2017 12:00,25.416,721.2,82.309
306,7/17/2017 13:00,25.805,645.8,
307,7/17/2017 14:00,26.195,581.3,
308,7/17/2017 15:00,26.488,1722.2,
309,7/17/2017 16:00,26.781,3444.5,
310,7/17/2017 17:00,26.488,1808.3,
311,7/17/2017 18:00,27.075,1259.4,
312,7/17/2017 19:00,26.585,667.4,
313,7/17/2017 20:00,26.879,279.9,
314,7/17/2017 21:00,26.488,53.8,
315,7/17/2017 22:00,26.292,0,
316,7/17/2017 23:00,26,0,
317,7/18/2017 0:00,26,0,
318,7/18/2017 1:00,25.902,0,
319,7/18/2017 2:00,25.708,0,
320,7/18/2017 3:00,25.416,0,
321,7/18/2017 4:00,25.319,0,
322,7/18/2017 5:00,25.125,0,
323,7/18/2017 6:00,24.931,0,
324,7/18/2017 7:00,24.738,247.6,
325,7/18/2017 8:00,24.641,366,
326,7/18/2017 9:00,24.835,419.8,
327,7/18/2017 10:00,25.222,893.4,
328,7/18/2017 11:00,26.195,2411.1,
329,7/18/2017 12:00,26.781,1808.3,89.576
330,7/18/2017 13:00,26.683,3961.1,
331,7/18/2017 14:00,27.075,12400.1,
332,7/18/2017 15:00,27.37,42711.4,
333,7/18/2017 16:00,28.555,23422.4,
334,7/18/2017 17:00,28.655,11022.3,
335,7/18/2017 18:00,28.853,12400.1,
336,7/18/2017 19:00,28.555,1377.8,
337,7/18/2017 20:00,28.159,667.4,
338,7/18/2017 21:00,27.665,53.8,
339,7/18/2017 22:00,27.173,0,
340,7/18/2017 23:00,26.879,0,
341,7/19/2017 0:00,26.585,0,
342,7/19/2017 1:00,26.195,0,
343,7/19/2017 2:00,26.097,0,
344,7/19/2017 3:00,26,0,
345,7/19/2017 4:00,25.708,0,
346,7/19/2017 5:00,25.61,0,
347,7/19/2017 6:00,25.416,0,
348,7/19/2017 7:00,25.416,161.5,
349,7/19/2017 8:00,25.319,301.4,
350,7/19/2017 9:00,25.513,635.1,
351,7/19/2017 10:00,26.195,1808.3,
352,7/19/2017 11:00,26.683,4477.8,
353,7/19/2017 12:00,26.585,2238.9,96.585
354,7/19/2017 13:00,26.488,3961.1,
355,7/19/2017 14:00,27.173,6544.5,
356,7/19/2017 15:00,26.683,17911.2,
357,7/19/2017 16:00,27.468,2755.6,
358,7/19/2017 17:00,27.468,2669.5,
359,7/19/2017 18:00,28.06,1980.6,
360,7/19/2017 19:00,27.272,581.3,
361,7/19/2017 20:00,27.468,226,
362,7/19/2017 21:00,27.272,10.8,
363,7/19/2017 22:00,26.977,0,
364,7/19/2017 23:00,26.781,0,
365,7/20/2017 0:00,27.075,0,
366,7/20/2017 1:00,27.075,0,
367,7/20/2017 2:00,26.879,0,
368,7/20/2017 3:00,26.781,0,
369,7/20/2017 4:00,26.683,0,
370,7/20/2017 5:00,26.585,0,
371,7/20/2017 6:00,26.488,0,
372,7/20/2017 7:00,26.39,96.9,
373,7/20/2017 8:00,26.195,731.9,
374,7/20/2017 9:00,26.195,1377.8,
375,7/20/2017 10:00,26.39,4477.8,
376,7/20/2017 11:00,25.902,1980.6,
377,7/20/2017 12:00,26.781,3616.7,103.806
378,7/20/2017 13:00,27.37,3444.5,
379,7/20/2017 14:00,28.06,2411.1,
380,7/20/2017 15:00,27.665,1463.9,
381,7/20/2017 16:00,27.37,2583.4,
382,7/20/2017 17:00,27.37,1980.6,
383,7/20/2017 18:00,27.764,2325,
384,7/20/2017 19:00,27.665,1722.2,
385,7/20/2017 20:00,27.665,290.6,
386,7/20/2017 21:00,27.272,21.5,
387,7/20/2017 22:00,27.075,0,
388,7/20/2017 23:00,26.879,0,
389,7/21/2017 0:00,26.781,0,
390,7/21/2017 1:00,26.585,0,
391,7/21/2017 2:00,26.585,0,
392,7/21/2017 3:00,26.39,0,
393,7/21/2017 4:00,26.195,0,
394,7/21/2017 5:00,26.195,0,
395,7/21/2017 6:00,26.195,0,
396,7/21/2017 7:00,26.195,215.3,
397,7/21/2017 8:00,26.195,473.6,
398,7/21/2017 9:00,26.292,699.7,
399,7/21/2017 10:00,26.977,4305.6,
400,7/21/2017 11:00,27.468,5511.1,
401,7/21/2017 12:00,28.456,3444.5,112.019
402,7/21/2017 13:00,28.754,3272.2,
403,7/21/2017 14:00,29.252,3100,
404,7/21/2017 15:00,29.452,2755.6,
405,7/21/2017 16:00,29.053,4994.5,
406,7/21/2017 17:00,29.152,2152.8,
407,7/21/2017 18:00,28.754,645.8,
408,7/21/2017 19:00,28.159,215.3,
409,7/21/2017 20:00,27.862,64.6,
410,7/21/2017 21:00,28.06,0,
411,7/21/2017 22:00,27.961,0,
412,7/21/2017 23:00,27.862,0,
413,7/22/2017 0:00,27.665,0,
414,7/22/2017 1:00,27.567,0,
415,7/22/2017 2:00,27.272,0,
416,7/22/2017 3:00,27.075,0,
417,7/22/2017 4:00,26.977,0,
418,7/22/2017 5:00,26.879,0,
419,7/22/2017 6:00,26.977,0,
420,7/22/2017 7:00,26.781,10.8,
421,7/22/2017 8:00,26.683,43.1,
422,7/22/2017 9:00,26.683,75.3,
423,7/22/2017 10:00,26.683,107.6,
424,7/22/2017 11:00,26.488,161.5,
425,7/22/2017 12:00,27.272,613.5,119.13
426,7/22/2017 13:00,26.879,1022.6,
427,7/22/2017 14:00,26.879,1377.8,
428,7/22/2017 15:00,27.173,1377.8,
429,7/22/2017 16:00,26.977,1097.9,
430,7/22/2017 17:00,26.977,914.9,
431,7/22/2017 18:00,26.781,1044.1,
432,7/22/2017 19:00,26.781,419.8,
433,7/22/2017 20:00,26.585,204.5,
434,7/22/2017 21:00,26.488,0,
435,7/22/2017 22:00,26.39,0,
436,7/22/2017 23:00,26.39,0,
437,7/23/2017 0:00,26.292,0,
438,7/23/2017 1:00,26.292,0,
439,7/23/2017 2:00,26.195,0,
440,7/23/2017 3:00,26,0,
441,7/23/2017 4:00,26.097,0,
442,7/23/2017 5:00,26,0,
443,7/23/2017 6:00,25.902,0,
444,7/23/2017 7:00,25.902,43.1,
445,7/23/2017 8:00,25.902,64.6,
446,7/23/2017 9:00,25.805,322.9,
447,7/23/2017 10:00,26.097,376.7,
448,7/23/2017 11:00,26.292,936.5,
449,7/23/2017 12:00,26.879,1550,126.568
450,7/23/2017 13:00,27.272,9644.5,
451,7/23/2017 14:00,27.075,1087.2,
452,7/23/2017 15:00,27.665,979.5,
453,7/23/2017 16:00,28.456,3444.5,
454,7/23/2017 17:00,28.06,3616.7,
455,7/23/2017 18:00,28.06,1980.6,
456,7/23/2017 19:00,27.468,2669.5,
457,7/23/2017 20:00,26.781,376.7,
458,7/23/2017 21:00,26.683,32.3,
459,7/23/2017 22:00,26.292,0,
460,7/23/2017 23:00,26.097,0,
461,7/24/2017 0:00,25.902,0,
462,7/24/2017 1:00,25.708,0,
463,7/24/2017 2:00,25.513,0,
464,7/24/2017 3:00,25.61,0,
465,7/24/2017 4:00,25.416,0,
466,7/24/2017 5:00,25.416,0,
467,7/24/2017 6:00,25.222,0,
468,7/24/2017 7:00,25.028,53.8,
469,7/24/2017 8:00,24.931,193.8,
470,7/24/2017 9:00,24.835,441.3,
471,7/24/2017 10:00,24.255,527.4,
472,7/24/2017 11:00,25.222,4305.6,
473,7/24/2017 12:00,25.61,3272.2,131.816
474,7/24/2017 13:00,25.902,3272.2,
475,7/24/2017 14:00,25.805,1463.9,
476,7/24/2017 15:00,25.902,5166.7,
477,7/24/2017 16:00,25.805,3100,
478,7/24/2017 17:00,25.902,2755.6,
479,7/24/2017 18:00,25.708,409,
480,7/24/2017 19:00,25.61,398.3,
481,7/24/2017 20:00,25.61,183,
482,7/24/2017 21:00,25.319,21.5,
483,7/24/2017 22:00,25.319,0,
484,7/24/2017 23:00,25.222,0,
485,7/25/2017 0:00,25.125,0,
486,7/25/2017 1:00,24.835,0,
487,7/25/2017 2:00,24.738,0,
488,7/25/2017 3:00,24.545,0,
489,7/25/2017 4:00,24.545,0,
490,7/25/2017 5:00,24.448,0,
491,7/25/2017 6:00,24.641,0,
492,7/25/2017 7:00,24.448,86.1,
493,7/25/2017 8:00,24.545,290.6,
494,7/25/2017 9:00,24.545,236.8,
495,7/25/2017 10:00,25.319,2411.1,
496,7/25/2017 11:00,25.513,2238.9,
497,7/25/2017 12:00,26,2755.6,138.445
498,7/25/2017 13:00,26.781,4133.4,
499,7/25/2017 14:00,27.272,3616.7,
500,7/25/2017 15:00,27.37,1722.2,
501,7/25/2017 16:00,27.37,4994.5,
502,7/25/2017 17:00,27.665,1894.5,
503,7/25/2017 18:00,27.764,1980.6,
504,7/25/2017 19:00,27.961,592,
505,7/25/2017 20:00,27.665,204.5,
506,7/25/2017 21:00,27.075,10.8,
507,7/25/2017 22:00,26.683,0,
508,7/25/2017 23:00,26.39,0,
509,7/26/2017 0:00,26.195,0,
510,7/26/2017 1:00,26,0,
511,7/26/2017 2:00,25.902,0,
512,7/26/2017 3:00,25.513,0,
513,7/26/2017 4:00,25.513,0,
514,7/26/2017 5:00,25.416,0,
515,7/26/2017 6:00,25.028,0,
516,7/26/2017 7:00,24.931,75.3,
517,7/26/2017 8:00,24.738,247.6,
518,7/26/2017 9:00,24.641,1087.2,
519,7/26/2017 10:00,24.641,1044.1,
520,7/26/2017 11:00,24.931,1808.3,
521,7/26/2017 12:00,25.319,3272.2,144.021
522,7/26/2017 13:00,25.416,1205.6,
523,7/26/2017 14:00,25.222,43.1,
524,7/26/2017 15:00,25.319,1808.3,
525,7/26/2017 16:00,25.416,107.6,
526,7/26/2017 17:00,25.319,193.8,
527,7/26/2017 18:00,24.738,64.6,
528,7/26/2017 19:00,24.931,161.5,
529,7/26/2017 20:00,24.931,107.6,
530,7/26/2017 21:00,24.835,0,
531,7/26/2017 22:00,24.835,0,
532,7/26/2017 23:00,24.835,0,
533,7/27/2017 0:00,24.835,0,
534,7/27/2017 1:00,24.835,0,
535,7/27/2017 2:00,24.738,0,
536,7/27/2017 3:00,24.738,0,
537,7/27/2017 4:00,24.738,0,
538,7/27/2017 5:00,24.738,0,
539,7/27/2017 6:00,24.641,0,
540,7/27/2017 7:00,24.545,10.8,
541,7/27/2017 8:00,24.641,75.3,
542,7/27/2017 9:00,24.641,312.2,
543,7/27/2017 10:00,24.641,624.3,
544,7/27/2017 11:00,25.028,2755.6,
545,7/27/2017 12:00,25.125,2669.5,149.499
546,7/27/2017 13:00,25.513,3100,
547,7/27/2017 14:00,25.416,3272.2,
548,7/27/2017 15:00,25.319,7233.4,
549,7/27/2017 16:00,25.902,968.8,
550,7/27/2017 17:00,26,656.6,
551,7/27/2017 18:00,26,1377.8,
552,7/27/2017 19:00,26.097,764.2,
553,7/27/2017 20:00,26,139.9,
554,7/27/2017 21:00,25.902,10.8,
555,7/27/2017 22:00,25.61,0,
556,7/27/2017 23:00,25.416,0,
557,7/28/2017 0:00,25.319,0,
558,7/28/2017 1:00,25.222,0,
559,7/28/2017 2:00,25.222,0,
560,7/28/2017 3:00,25.222,0,
561,7/28/2017 4:00,25.125,0,
562,7/28/2017 5:00,25.028,0,
563,7/28/2017 6:00,24.931,0,
564,7/28/2017 7:00,24.835,64.6,
565,7/28/2017 8:00,24.738,204.5,
566,7/28/2017 9:00,24.738,301.4,
567,7/28/2017 10:00,25.222,3100,
568,7/28/2017 11:00,25.61,1980.6,
569,7/28/2017 12:00,25.708,2497.2,155.109
570,7/28/2017 13:00,25.61,742.7,
571,7/28/2017 14:00,25.708,3100,
572,7/28/2017 15:00,25.902,6200,
573,7/28/2017 16:00,26,8266.7,
574,7/28/2017 17:00,26.195,6200,
575,7/28/2017 18:00,25.805,4305.6,
576,7/28/2017 19:00,25.902,882.6,
577,7/28/2017 20:00,25.902,226,
578,7/28/2017 21:00,25.513,10.8,
579,7/28/2017 22:00,25.125,0,
580,7/28/2017 23:00,25.028,0,
581,7/29/2017 0:00,24.835,0,
582,7/29/2017 1:00,24.738,0,
583,7/29/2017 2:00,24.545,0,
584,7/29/2017 3:00,24.448,0,
585,7/29/2017 4:00,24.351,0,
586,7/29/2017 5:00,24.158,0,
587,7/29/2017 6:00,24.062,0,
588,7/29/2017 7:00,23.966,75.3,
589,7/29/2017 8:00,24.062,96.9,
590,7/29/2017 9:00,24.158,107.6,
591,7/29/2017 10:00,24.835,1162.5,
592,7/29/2017 11:00,25.028,5166.7,
593,7/29/2017 12:00,25.125,3100,160.439
594,7/29/2017 13:00,25.125,4477.8,
595,7/29/2017 14:00,25.222,15155.7,
596,7/29/2017 15:00,25.61,5166.7,
597,7/29/2017 16:00,25.708,3788.9,
598,7/29/2017 17:00,25.805,1636.1,
599,7/29/2017 18:00,26,1463.9,
600,7/29/2017 19:00,26.195,656.6,
601,7/29/2017 20:00,25.708,226,
602,7/29/2017 21:00,25.61,10.8,
603,7/29/2017 22:00,25.513,0,
604,7/29/2017 23:00,25.513,0,
605,7/30/2017 0:00,25.416,0,
606,7/30/2017 1:00,25.319,0,
607,7/30/2017 2:00,25.222,0,
608,7/30/2017 3:00,25.028,0,
609,7/30/2017 4:00,24.835,0,
610,7/30/2017 5:00,24.738,0,
611,7/30/2017 6:00,24.545,0,
612,7/30/2017 7:00,24.448,75.3,
613,7/30/2017 8:00,24.448,183,
614,7/30/2017 9:00,24.545,279.9,
615,7/30/2017 10:00,25.222,3616.7,
616,7/30/2017 11:00,25.319,2927.8,
617,7/30/2017 12:00,25.513,3788.9,166.255
618,7/30/2017 13:00,26,9300.1,
619,7/30/2017 14:00,26.585,7233.4,
620,7/30/2017 15:00,26.585,8266.7,
621,7/30/2017 16:00,26.292,1463.9,
622,7/30/2017 17:00,26.39,1550,
623,7/30/2017 18:00,26.683,1980.6,
624,7/30/2017 19:00,26.39,721.2,
625,7/30/2017 20:00,26.097,150.7,
626,7/30/2017 21:00,25.708,10.8,
627,7/30/2017 22:00,25.513,0,
628,7/30/2017 23:00,25.319,0,
629,7/31/2017 0:00,25.125,0,
630,7/31/2017 1:00,24.835,0,
631,7/31/2017 2:00,24.835,0,
632,7/31/2017 3:00,24.641,0,
633,7/31/2017 4:00,24.641,0,
634,7/31/2017 5:00,24.641,0,
635,7/31/2017 6:00,24.641,0,
636,7/31/2017 7:00,24.545,96.9,
637,7/31/2017 8:00,24.545,301.4,
638,7/31/2017 9:00,24.641,419.8,
639,7/31/2017 10:00,25.028,4650,
640,7/31/2017 11:00,25.513,5166.7,
641,7/31/2017 12:00,25.902,2927.8,172.481
642,7/31/2017 13:00,26.585,2669.5,
643,7/31/2017 14:00,26.879,3616.7,
644,7/31/2017 15:00,27.272,3788.9,
645,7/31/2017 16:00,26.879,2238.9,
646,7/31/2017 17:00,26.879,333.7,
647,7/31/2017 18:00,26.488,204.5,
648,7/31/2017 19:00,26.097,1108.7,
649,7/31/2017 20:00,26.195,312.2,
650,7/31/2017 21:00,26,10.8,
651,7/31/2017 22:00,26.195,0,
652,7/31/2017 23:00,26.195,0,
653,8/1/2017 0:00,26.195,0,
654,8/1/2017 1:00,26,0,
655,8/1/2017 2:00,26.097,0,
656,8/1/2017 3:00,26,0,
657,8/1/2017 4:00,25.902,0,
658,8/1/2017 5:00,25.708,0,
659,8/1/2017 6:00,25.416,0,
660,8/1/2017 7:00,25.416,107.6,
661,8/1/2017 8:00,25.416,247.6,
662,8/1/2017 9:00,25.319,366,
663,8/1/2017 10:00,25.805,3788.9,
664,8/1/2017 11:00,26.195,6200,
665,8/1/2017 12:00,26.585,5166.7,179.552
666,8/1/2017 13:00,26.879,1722.2,
667,8/1/2017 14:00,27.468,9300.1,
668,8/1/2017 15:00,28.159,4994.5,
669,8/1/2017 16:00,28.06,7233.4,
670,8/1/2017 17:00,27.764,19289,
671,8/1/2017 18:00,27.173,1119.5,
672,8/1/2017 19:00,27.764,592,
673,8/1/2017 20:00,27.468,290.6,
674,8/1/2017 21:00,27.075,0,
675,8/1/2017 22:00,26.879,0,
676,8/1/2017 23:00,26.683,0,
677,8/2/2017 0:00,26.39,0,
678,8/2/2017 1:00,26.195,0,
679,8/2/2017 2:00,26.097,0,
680,8/2/2017 3:00,26,0,
681,8/2/2017 4:00,25.805,0,
682,8/2/2017 5:00,25.708,0,
683,8/2/2017 6:00,25.416,0,
684,8/2/2017 7:00,25.416,53.8,
685,8/2/2017 8:00,25.416,495.1,
686,8/2/2017 9:00,25.513,850.4,
687,8/2/2017 10:00,25.902,1808.3,
688,8/2/2017 11:00,26.097,3272.2,
689,8/2/2017 12:00,26.195,4133.4,185.782
690,8/2/2017 13:00,26.488,1334.7,
691,8/2/2017 14:00,26.781,2066.7,
692,8/2/2017 15:00,26.585,4994.5,
693,8/2/2017 16:00,26.39,96.9,
694,8/2/2017 17:00,26.195,258.3,
695,8/2/2017 18:00,26.097,527.4,
696,8/2/2017 19:00,26.097,742.7,
697,8/2/2017 20:00,26.097,215.3,
698,8/2/2017 21:00,25.805,0,
699,8/2/2017 22:00,25.805,0,
700,8/2/2017 23:00,25.708,0,
701,8/3/2017 0:00,25.513,0,
702,8/3/2017 1:00,25.513,0,
703,8/3/2017 2:00,25.513,0,
704,8/3/2017 3:00,25.416,0,
705,8/3/2017 4:00,25.416,0,
706,8/3/2017 5:00,25.319,0,
707,8/3/2017 6:00,25.319,0,
708,8/3/2017 7:00,25.222,0,
709,8/3/2017 8:00,25.222,279.9,
710,8/3/2017 9:00,25.125,592,
711,8/3/2017 10:00,25.222,279.9,
712,8/3/2017 11:00,25.222,549,
713,8/3/2017 12:00,25.125,1302.4,191.658
714,8/3/2017 13:00,25.319,1722.2,
715,8/3/2017 14:00,25.708,3272.2,
716,8/3/2017 15:00,26.195,2669.5,
717,8/3/2017 16:00,26.292,1377.8,
718,8/3/2017 17:00,26.39,1324,
719,8/3/2017 18:00,26.195,129.2,
720,8/3/2017 19:00,26.097,290.6,
721,8/3/2017 20:00,25.805,139.9,
722,8/3/2017 21:00,25.61,0,
723,8/3/2017 22:00,25.513,0,
724,8/3/2017 23:00,25.416,0,
725,8/4/2017 0:00,25.222,0,
726,8/4/2017 1:00,25.222,0,
727,8/4/2017 2:00,25.028,0,
728,8/4/2017 3:00,24.835,0,
729,8/4/2017 4:00,24.835,0,
730,8/4/2017 5:00,24.641,0,
731,8/4/2017 6:00,24.545,0,
732,8/4/2017 7:00,24.545,107.6,
733,8/4/2017 8:00,24.448,139.9,
734,8/4/2017 9:00,24.351,473.6,
735,8/4/2017 10:00,24.448,1463.9,
736,8/4/2017 11:00,24.351,1722.2,
737,8/4/2017 12:00,24.641,5166.7,195.984
738,8/4/2017 13:00,24.835,979.5,
739,8/4/2017 14:00,24.545,753.5,
740,8/4/2017 15:00,24.738,495.1,
741,8/4/2017 16:00,24.641,409,
742,8/4/2017 17:00,24.448,613.5,
743,8/4/2017 18:00,24.158,914.9,
744,8/4/2017 19:00,23.966,667.4,
745,8/4/2017 20:00,23.677,75.3,
746,8/4/2017 21:00,23.388,0,
747,8/4/2017 22:00,23.1,0,
748,8/4/2017 23:00,22.908,0,
749,8/5/2017 0:00,23.196,0,
750,8/5/2017 1:00,23.1,0,
751,8/5/2017 2:00,22.812,0,
752,8/5/2017 3:00,22.525,0,
753,8/5/2017 4:00,22.908,0,
754,8/5/2017 5:00,23.004,0,
755,8/5/2017 6:00,22.908,0,
756,8/5/2017 7:00,22.812,43.1,
757,8/5/2017 8:00,22.717,96.9,
758,8/5/2017 9:00,22.812,150.7,
759,8/5/2017 10:00,23.196,1463.9,
760,8/5/2017 11:00,23.581,1291.7,
761,8/5/2017 12:00,23.677,2238.9,200.109
762,8/5/2017 13:00,23.966,2152.8,
763,8/5/2017 14:00,24.448,5166.7,
764,8/5/2017 15:00,24.931,12400.1,
765,8/5/2017 16:00,25.125,6544.5,
766,8/5/2017 17:00,24.158,1345.5,
767,8/5/2017 18:00,24.641,818.1,
768,8/5/2017 19:00,24.255,1011.8,
769,8/5/2017 20:00,23.869,279.9,
770,8/5/2017 21:00,23.581,0,
771,8/5/2017 22:00,23.292,0,
772,8/5/2017 23:00,23.1,0,
773,8/6/2017 0:00,22.908,0,
774,8/6/2017 1:00,22.812,0,
775,8/6/2017 2:00,23.004,0,
776,8/6/2017 3:00,22.812,0,
777,8/6/2017 4:00,22.812,0,
778,8/6/2017 5:00,22.812,0,
779,8/6/2017 6:00,22.717,0,
780,8/6/2017 7:00,22.717,86.1,
781,8/6/2017 8:00,22.717,344.4,
782,8/6/2017 9:00,22.812,549,
783,8/6/2017 10:00,23.388,1550,
784,8/6/2017 11:00,23.869,2152.8,
785,8/6/2017 12:00,24.255,5166.7,203.935
786,8/6/2017 13:00,24.448,1065.6,
787,8/6/2017 14:00,24.448,3100,
788,8/6/2017 15:00,24.448,839.6,
789,8/6/2017 16:00,24.351,1356.3,
790,8/6/2017 17:00,24.351,1076.4,
791,8/6/2017 18:00,24.545,1377.8,
792,8/6/2017 19:00,24.351,387.5,
793,8/6/2017 20:00,24.158,226,
794,8/6/2017 21:00,24.062,0,
795,8/6/2017 22:00,23.869,0,
796,8/6/2017 23:00,23.677,0,
797,8/7/2017 0:00,23.388,0,
798,8/7/2017 1:00,23.292,0,
799,8/7/2017 2:00,23.196,0,
800,8/7/2017 3:00,23.1,0,
801,8/7/2017 4:00,22.908,0,
802,8/7/2017 5:00,22.908,0,
803,8/7/2017 6:00,22.908,0,
804,8/7/2017 7:00,22.812,10.8,
805,8/7/2017 8:00,22.812,64.6,
806,8/7/2017 9:00,22.717,172.2,
807,8/7/2017 10:00,22.812,279.9,
808,8/7/2017 11:00,23.004,699.7,
809,8/7/2017 12:00,23.484,818.1,207.541
810,8/7/2017 13:00,23.292,355.2,
811,8/7/2017 14:00,23.484,1894.5,
812,8/7/2017 15:00,24.255,2238.9,
813,8/7/2017 16:00,23.966,1550,
814,8/7/2017 17:00,23.869,3961.1,
815,8/7/2017 18:00,23.869,3788.9,
816,8/7/2017 19:00,23.581,1894.5,
817,8/7/2017 20:00,23.388,366,
818,8/7/2017 21:00,23.196,0,
819,8/7/2017 22:00,22.908,0,
820,8/7/2017 23:00,22.621,0,
821,8/8/2017 0:00,22.908,0,
822,8/8/2017 1:00,22.717,0,
823,8/8/2017 2:00,22.812,0,
824,8/8/2017 3:00,22.621,0,
825,8/8/2017 4:00,22.621,0,
826,8/8/2017 5:00,22.621,0,
827,8/8/2017 6:00,22.525,0,
828,8/8/2017 7:00,22.717,32.3,
829,8/8/2017 8:00,22.525,96.9,
830,8/8/2017 9:00,22.717,215.3,
831,8/8/2017 10:00,23.1,678.1,
832,8/8/2017 11:00,23.484,1097.9,
833,8/8/2017 12:00,24.351,1356.3,211.975
834,8/8/2017 13:00,24.255,1980.6,
835,8/8/2017 14:00,24.931,2669.5,
836,8/8/2017 15:00,24.545,5166.7,
837,8/8/2017 16:00,25.61,2755.6,
838,8/8/2017 17:00,25.222,5166.7,
839,8/8/2017 18:00,24.931,3100,
840,8/8/2017 19:00,24.835,1463.9,
841,8/8/2017 20:00,24.448,473.6,
842,8/8/2017 21:00,23.773,0,
843,8/8/2017 22:00,23.581,0,
844,8/8/2017 23:00,23.388,0,
845,8/9/2017 0:00,23.1,0,
846,8/9/2017 1:00,23.1,0,
847,8/9/2017 2:00,23.1,0,
848,8/9/2017 3:00,23.1,0,
849,8/9/2017 4:00,22.812,0,
850,8/9/2017 5:00,23.004,0,
851,8/9/2017 6:00,22.908,0,
852,8/9/2017 7:00,22.908,43.1,
853,8/9/2017 8:00,22.908,118.4,
854,8/9/2017 9:00,22.908,161.5,
855,8/9/2017 10:00,23.388,688.9,
856,8/9/2017 11:00,23.869,1119.5,
857,8/9/2017 12:00,24.158,645.8,216.823
858,8/9/2017 13:00,24.448,452.1,
859,8/9/2017 14:00,25.222,2927.8,
860,8/9/2017 15:00,25.222,2927.8,
861,8/9/2017 16:00,26.097,2152.8,
862,8/9/2017 17:00,25.805,2325,
863,8/9/2017 18:00,25.902,1894.5,
864,8/9/2017 19:00,25.416,1894.5,
865,8/9/2017 20:00,25.222,409,
866,8/9/2017 21:00,24.448,0,
867,8/9/2017 22:00,24.448,0,
868,8/9/2017 23:00,24.255,0,
869,8/10/2017 0:00,24.062,0,
870,8/10/2017 1:00,23.869,0,
871,8/10/2017 2:00,23.773,0,
872,8/10/2017 3:00,23.677,0,
873,8/10/2017 4:00,23.484,0,
874,8/10/2017 5:00,23.292,0,
875,8/10/2017 6:00,23.196,0,
876,8/10/2017 7:00,23.292,10.8,
877,8/10/2017 8:00,23.196,150.7,
878,8/10/2017 9:00,23.292,269.1,
879,8/10/2017 10:00,23.677,409,
880,8/10/2017 11:00,24.158,1141,
881,8/10/2017 12:00,24.641,1367,221.501
882,8/10/2017 13:00,25.125,1463.9,
883,8/10/2017 14:00,25.513,1054.9,
884,8/10/2017 15:00,25.222,635.1,
885,8/10/2017 16:00,25.125,839.6,
886,8/10/2017 17:00,25.61,3100,
887,8/10/2017 18:00,25.61,505.9,
888,8/10/2017 19:00,25.028,344.4,
889,8/10/2017 20:00,24.448,107.6,
890,8/10/2017 21:00,24.255,0,
891,8/10/2017 22:00,24.255,0,
892,8/10/2017 23:00,24.158,0,
893,8/11/2017 0:00,23.966,0,
894,8/11/2017 1:00,23.773,0,
895,8/11/2017 2:00,23.581,0,
896,8/11/2017 3:00,23.677,0,
897,8/11/2017 4:00,23.388,0,
898,8/11/2017 5:00,23.388,0,
899,8/11/2017 6:00,23.388,0,
900,8/11/2017 7:00,23.292,32.3,
901,8/11/2017 8:00,23.292,96.9,
902,8/11/2017 9:00,23.196,387.5,
903,8/11/2017 10:00,23.388,398.3,
904,8/11/2017 11:00,23.677,1550,
905,8/11/2017 12:00,24.255,1463.9,226.551
906,8/11/2017 13:00,25.125,1463.9,
907,8/11/2017 14:00,25.028,1377.8,
908,8/11/2017 15:00,26,2066.7,
909,8/11/2017 16:00,26.195,1808.3,
910,8/11/2017 17:00,24.738,731.9,
911,8/11/2017 18:00,24.931,398.3,
912,8/11/2017 19:00,25.222,204.5,
913,8/11/2017 20:00,24.255,53.8,
914,8/11/2017 21:00,24.158,0,
915,8/11/2017 22:00,23.773,0,
916,8/11/2017 23:00,23.581,0,
917,8/12/2017 0:00,23.292,0,
918,8/12/2017 1:00,23.196,0,
919,8/12/2017 2:00,23.004,0,
920,8/12/2017 3:00,23.004,0,
921,8/12/2017 4:00,22.812,0,
922,8/12/2017 5:00,22.525,0,
923,8/12/2017 6:00,22.525,0,
924,8/12/2017 7:00,22.717,10.8,
925,8/12/2017 8:00,22.717,75.3,
926,8/12/2017 9:00,22.812,333.7,
927,8/12/2017 10:00,22.717,484.4,
928,8/12/2017 11:00,22.812,1054.9,
929,8/12/2017 12:00,23.196,1808.3,229.999
930,8/12/2017 13:00,23.196,1377.8,
931,8/12/2017 14:00,23.773,5338.9,
932,8/12/2017 15:00,24.062,6200,
933,8/12/2017 16:00,23.773,3616.7,
934,8/12/2017 17:00,24.062,1237.9,
935,8/12/2017 18:00,23.677,721.2,
936,8/12/2017 19:00,23.484,764.2,
937,8/12/2017 20:00,23.484,183,
938,8/12/2017 21:00,23.292,0,
939,8/12/2017 22:00,23.1,0,
940,8/12/2017 23:00,22.908,0,
941,8/13/2017 0:00,22.812,0,
942,8/13/2017 1:00,22.812,0,
943,8/13/2017 2:00,22.812,0,
944,8/13/2017 3:00,22.717,0,
945,8/13/2017 4:00,22.621,0,
946,8/13/2017 5:00,22.525,0,
947,8/13/2017 6:00,22.429,0,
948,8/13/2017 7:00,22.333,32.3,
949,8/13/2017 8:00,22.333,150.7,
950,8/13/2017 9:00,22.429,258.3,
951,8/13/2017 10:00,23.1,2755.6,
952,8/13/2017 11:00,23.484,2497.2,
953,8/13/2017 12:00,24.158,5166.7,234.549
954,8/13/2017 13:00,24.062,2238.9,
955,8/13/2017 14:00,24.931,5166.7,
956,8/13/2017 15:00,24.738,5338.9,
957,8/13/2017 16:00,25.125,4994.5,
958,8/13/2017 17:00,25.319,1894.5,
959,8/13/2017 18:00,25.902,2066.7,
960,8/13/2017 19:00,25.708,742.7,
961,8/13/2017 20:00,25.222,215.3,
962,8/13/2017 21:00,24.641,0,
963,8/13/2017 22:00,24.351,0,
964,8/13/2017 23:00,24.062,0,
965,8/14/2017 0:00,23.773,0,
966,8/14/2017 1:00,23.677,0,
967,8/14/2017 2:00,23.677,0,
968,8/14/2017 3:00,23.581,0,
969,8/14/2017 4:00,23.484,0,
970,8/14/2017 5:00,23.484,0,
971,8/14/2017 6:00,23.388,0,
972,8/14/2017 7:00,23.292,0,
973,8/14/2017 8:00,23.292,107.6,
974,8/14/2017 9:00,23.292,226,
975,8/14/2017 10:00,23.388,355.2,
976,8/14/2017 11:00,23.869,1259.4,
977,8/14/2017 12:00,24.448,1377.8,239.076
978,8/14/2017 13:00,25.319,2238.9,
979,8/14/2017 14:00,24.931,1065.6,
980,8/14/2017 15:00,24.641,968.8,
981,8/14/2017 16:00,24.448,882.6,
982,8/14/2017 17:00,24.448,409,
983,8/14/2017 18:00,24.448,247.6,
984,8/14/2017 19:00,24.351,193.8,
985,8/14/2017 20:00,24.255,150.7,
986,8/14/2017 21:00,23.966,0,
987,8/14/2017 22:00,23.677,0,
988,8/14/2017 23:00,23.581,0,
989,8/15/2017 0:00,23.484,0,
990,8/15/2017 1:00,23.484,0,
991,8/15/2017 2:00,23.581,0,
992,8/15/2017 3:00,23.581,0,
993,8/15/2017 4:00,23.581,0,
994,8/15/2017 5:00,23.484,0,
995,8/15/2017 6:00,23.388,0,
996,8/15/2017 7:00,23.196,21.5,
997,8/15/2017 8:00,23.004,150.7,
998,8/15/2017 9:00,22.908,172.2,
999,8/15/2017 10:00,23.004,484.4,
1000,8/15/2017 11:00,23.388,1377.8,
1001,8/15/2017 12:00,23.966,1894.5,242.971
1002,8/15/2017 13:00,24.158,2497.2,
1003,8/15/2017 14:00,24.351,3444.5,
1004,8/15/2017 15:00,24.255,3616.7,
1005,8/15/2017 16:00,24.255,4994.5,
1006,8/15/2017 17:00,24.545,5166.7,
1007,8/15/2017 18:00,23.966,656.6,
1008,8/15/2017 19:00,23.966,2152.8,
1009,8/15/2017 20:00,24.062,183,
1010,8/15/2017 21:00,23.869,0,
1011,8/15/2017 22:00,23.677,0,
1012,8/15/2017 23:00,23.869,0,
1013,8/16/2017 0:00,23.773,0,
1014,8/16/2017 1:00,23.677,0,
1015,8/16/2017 2:00,23.677,0,
1016,8/16/2017 3:00,23.581,0,
1017,8/16/2017 4:00,23.581,0,
1018,8/16/2017 5:00,23.581,0,
1019,8/16/2017 6:00,23.581,0,
1020,8/16/2017 7:00,23.484,21.5,
1021,8/16/2017 8:00,23.581,215.3,
1022,8/16/2017 9:00,23.581,549,
1023,8/16/2017 10:00,23.677,549,
1024,8/16/2017 11:00,23.869,1313.2,
1025,8/16/2017 12:00,24.255,2497.2,248.374
1026,8/16/2017 13:00,24.738,2927.8,
1027,8/16/2017 14:00,25.61,4477.8,
1028,8/16/2017 15:00,26.195,6200,
1029,8/16/2017 16:00,26.488,1980.6,
1030,8/16/2017 17:00,26.585,5511.1,
1031,8/16/2017 18:00,25.708,1808.3,
1032,8/16/2017 19:00,25.513,1636.1,
1033,8/16/2017 20:00,25.125,247.6,
1034,8/16/2017 21:00,24.931,0,
1035,8/16/2017 22:00,24.641,0,
1036,8/16/2017 23:00,24.448,0,
1037,8/17/2017 0:00,24.255,0,
1038,8/17/2017 1:00,24.158,0,
1039,8/17/2017 2:00,24.062,0,
1040,8/17/2017 3:00,23.966,0,
1041,8/17/2017 4:00,23.966,0,
1042,8/17/2017 5:00,23.966,0,
1043,8/17/2017 6:00,23.677,0,
1044,8/17/2017 7:00,23.869,0,
1045,8/17/2017 8:00,23.869,183,
1046,8/17/2017 9:00,23.773,204.5,
1047,8/17/2017 10:00,23.773,1173.3,
1048,8/17/2017 11:00,23.869,484.4,
1049,8/17/2017 12:00,23.869,559.7,253.042
1050,8/17/2017 13:00,24.062,1216.3,
1051,8/17/2017 14:00,24.351,742.7,
1052,8/17/2017 15:00,24.545,495.1,
1053,8/17/2017 16:00,25.028,839.6,
1054,8/17/2017 17:00,25.222,624.3,
1055,8/17/2017 18:00,25.319,1119.5,
1056,8/17/2017 19:00,24.931,764.2,
1057,8/17/2017 20:00,24.641,236.8,
1058,8/17/2017 21:00,24.448,0,
1059,8/17/2017 22:00,24.448,0,
1060,8/17/2017 23:00,24.062,0,
1061,8/18/2017 0:00,24.062,0,
1062,8/18/2017 1:00,23.773,0,
1063,8/18/2017 2:00,23.869,0,
1064,8/18/2017 3:00,23.773,0,
1065,8/18/2017 4:00,23.388,0,
1066,8/18/2017 5:00,23.388,0,
1067,8/18/2017 6:00,23.484,0,
1068,8/18/2017 7:00,23.1,0,
1069,8/18/2017 8:00,23.196,301.4,
1070,8/18/2017 9:00,23.196,312.2,
1071,8/18/2017 10:00,23.196,710.4,
1072,8/18/2017 11:00,23.388,828.8,
1073,8/18/2017 12:00,23.581,1636.1,256.595
1074,8/18/2017 13:00,23.677,602.8,
1075,8/18/2017 14:00,23.677,592,
1076,8/18/2017 15:00,23.484,1194.8,
1077,8/18/2017 16:00,23.484,527.4,
1078,8/18/2017 17:00,23.388,495.1,
1079,8/18/2017 18:00,23.292,226,
1080,8/18/2017 19:00,23.1,64.6,
1081,8/18/2017 20:00,23.004,32.3,
1082,8/18/2017 21:00,22.908,0,
1083,8/18/2017 22:00,22.908,0,
1084,8/18/2017 23:00,22.812,0,
1085,8/19/2017 0:00,22.812,0,
1086,8/19/2017 1:00,22.812,0,
1087,8/19/2017 2:00,22.621,0,
1088,8/19/2017 3:00,22.525,0,
1089,8/19/2017 4:00,22.621,0,
1090,8/19/2017 5:00,22.621,0,
1091,8/19/2017 6:00,22.525,0,
1092,8/19/2017 7:00,22.525,0,
1093,8/19/2017 8:00,22.621,183,
1094,8/19/2017 9:00,22.621,172.2,
1095,8/19/2017 10:00,22.429,1367,
1096,8/19/2017 11:00,23.1,1377.8,
1097,8/19/2017 12:00,23.966,1463.9,260.685
1098,8/19/2017 13:00,24.255,592,
1099,8/19/2017 14:00,24.641,2583.4,
1100,8/19/2017 15:00,24.835,4822.3,
1101,8/19/2017 16:00,25.125,2238.9,
1102,8/19/2017 17:00,25.028,1808.3,
1103,8/19/2017 18:00,25.125,753.5,
1104,8/19/2017 19:00,24.158,409,
1105,8/19/2017 20:00,23.869,118.4,
1106,8/19/2017 21:00,23.484,0,
1107,8/19/2017 22:00,23.484,0,
1108,8/19/2017 23:00,23.196,0,
1109,8/20/2017 0:00,23.1,0,
1110,8/20/2017 1:00,22.908,0,
1111,8/20/2017 2:00,22.908,0,
1112,8/20/2017 3:00,22.908,0,
1113,8/20/2017 4:00,22.812,0,
1114,8/20/2017 5:00,22.812,0,
1115,8/20/2017 6:00,22.812,0,
1116,8/20/2017 7:00,22.717,32.3,
1117,8/20/2017 8:00,22.717,236.8,
1118,8/20/2017 9:00,22.812,527.4,
1119,8/20/2017 10:00,23.292,6200,
1120,8/20/2017 11:00,23.677,11022.3,
1121,8/20/2017 12:00,24.158,4133.4,265.251
1122,8/20/2017 13:00,24.158,7233.4,
1123,8/20/2017 14:00,24.255,4477.8,
1124,8/20/2017 15:00,25.61,5511.1,
1125,8/20/2017 16:00,25.708,2497.2,
1126,8/20/2017 17:00,25.708,1980.6,
1127,8/20/2017 18:00,25.61,1291.7,
1128,8/20/2017 19:00,25.125,764.2,
1129,8/20/2017 20:00,24.545,215.3,
1130,8/20/2017 21:00,24.448,0,
1131,8/20/2017 22:00,24.351,0,
1132,8/20/2017 23:00,24.158,0,
1133,8/21/2017 0:00,24.062,0,
1134,8/21/2017 1:00,23.966,0,
1135,8/21/2017 2:00,23.869,0,
1136,8/21/2017 3:00,23.869,0,
1137,8/21/2017 4:00,23.677,0,
1138,8/21/2017 5:00,23.581,0,
1139,8/21/2017 6:00,23.581,0,
1140,8/21/2017 7:00,23.484,53.8,
1141,8/21/2017 8:00,23.484,398.3,
1142,8/21/2017 9:00,23.581,861.1,
1143,8/21/2017 10:00,23.869,2927.8,
1144,8/21/2017 11:00,24.351,2927.8,
1145,8/21/2017 12:00,25.708,6544.5,271.215
1146,8/21/2017 13:00,26,4305.6,
1147,8/21/2017 14:00,27.468,2325,
1148,8/21/2017 15:00,26.488,1463.9,
1149,8/21/2017 16:00,26.585,1001,
1150,8/21/2017 17:00,27.468,3444.5,
1151,8/21/2017 18:00,27.272,2325,
1152,8/21/2017 19:00,26.879,75.3,
1153,8/21/2017 20:00,26.195,0,
1154,8/21/2017 21:00,26.292,0,
1155,8/21/2017 22:00,26.097,0,
1156,8/21/2017 23:00,25.805,0,
1157,8/22/2017 0:00,25.61,0,
1158,8/22/2017 1:00,25.416,0,
1159,8/22/2017 2:00,25.028,0,
1160,8/22/2017 3:00,24.835,0,
1161,8/22/2017 4:00,24.835,0,
1162,8/22/2017 5:00,24.835,0,
1163,8/22/2017 6:00,24.738,0,
1164,8/22/2017 7:00,24.545,0,
1165,8/22/2017 8:00,24.448,75.3,
1166,8/22/2017 9:00,24.545,452.1,
1167,8/22/2017 10:00,24.641,1173.3,
1168,8/22/2017 11:00,24.738,1237.9,
1169,8/22/2017 12:00,24.835,1097.9,276.044
1170,8/22/2017 13:00,25.125,904.2,
1171,8/22/2017 14:00,25.708,7233.4,
1172,8/22/2017 15:00,25.902,2238.9,
1173,8/22/2017 16:00,25.416,4822.3,
1174,8/22/2017 17:00,25.805,6200,
1175,8/22/2017 18:00,24.931,13089,
1176,8/22/2017 19:00,24.835,3616.7,
1177,8/22/2017 20:00,24.351,419.8,
1178,8/22/2017 21:00,23.677,0,
1179,8/22/2017 22:00,23.292,0,
1180,8/22/2017 23:00,23.196,0,
1181,8/23/2017 0:00,23.1,0,
1182,8/23/2017 1:00,23.004,0,
1183,8/23/2017 2:00,23.004,0,
1184,8/23/2017 3:00,22.908,0,
1185,8/23/2017 4:00,22.812,0,
1186,8/23/2017 5:00,22.717,0,
1187,8/23/2017 6:00,22.621,0,
1188,8/23/2017 7:00,22.525,10.8,
1189,8/23/2017 8:00,22.621,247.6,
1190,8/23/2017 9:00,22.621,452.1,
1191,8/23/2017 10:00,22.429,861.1,
1192,8/23/2017 11:00,22.812,2583.4,
1193,8/23/2017 12:00,23.388,1808.3,279.942
1194,8/23/2017 13:00,23.869,1636.1,
1195,8/23/2017 14:00,23.869,419.8,
1196,8/23/2017 15:00,24.351,1108.7,
1197,8/23/2017 16:00,24.931,1162.5,
1198,8/23/2017 17:00,24.641,764.2,
1199,8/23/2017 18:00,23.966,215.3,
1200,8/23/2017 19:00,23.966,215.3,
1201,8/23/2017 20:00,23.388,53.8,
1202,8/23/2017 21:00,23.004,0,
1203,8/23/2017 22:00,22.717,0,
1204,8/23/2017 23:00,22.333,0,
1205,8/24/2017 0:00,22.238,0,
1206,8/24/2017 1:00,22.429,0,
1207,8/24/2017 2:00,22.429,0,
1208,8/24/2017 3:00,22.142,0,
1209,8/24/2017 4:00,22.238,0,
1210,8/24/2017 5:00,22.142,0,
1211,8/24/2017 6:00,22.142,0,
1212,8/24/2017 7:00,22.046,10.8,
1213,8/24/2017 8:00,21.951,247.6,
1214,8/24/2017 9:00,22.046,538.2,
1215,8/24/2017 10:00,22.046,527.4,
1216,8/24/2017 11:00,22.046,1248.6,
1217,8/24/2017 12:00,21.951,2583.4,282.221
1218,8/24/2017 13:00,22.238,3788.9,
1219,8/24/2017 14:00,22.525,3100,
1220,8/24/2017 15:00,22.525,1808.3,
1221,8/24/2017 16:00,22.621,1377.8,
1222,8/24/2017 17:00,22.717,1345.5,
1223,8/24/2017 18:00,22.429,861.1,
1224,8/24/2017 19:00,22.333,462.9,
1225,8/24/2017 20:00,22.333,96.9,
1226,8/24/2017 21:00,22.142,0,
1227,8/24/2017 22:00,21.951,0,
1228,8/24/2017 23:00,21.855,0,
1229,8/25/2017 0:00,21.664,0,
1230,8/25/2017 1:00,21.664,0,
1231,8/25/2017 2:00,21.473,0,
1232,8/25/2017 3:00,21.378,0,
1233,8/25/2017 4:00,21.569,0,
1234,8/25/2017 5:00,21.569,0,
1235,8/25/2017 6:00,21.473,0,
1236,8/25/2017 7:00,21.378,10.8,
1237,8/25/2017 8:00,21.282,387.5,
1238,8/25/2017 9:00,21.282,839.6,
1239,8/25/2017 10:00,21.951,3272.2,
1240,8/25/2017 11:00,22.429,4650,
1241,8/25/2017 12:00,22.525,3272.2,285.771
1242,8/25/2017 13:00,22.908,3100,
1243,8/25/2017 14:00,24.062,2669.5,
1244,8/25/2017 15:00,24.351,1980.6,
1245,8/25/2017 16:00,24.448,1550,
1246,8/25/2017 17:00,24.931,1108.7,
1247,8/25/2017 18:00,24.641,721.2,
1248,8/25/2017 19:00,23.869,322.9,
1249,8/25/2017 20:00,23.677,96.9,
1250,8/25/2017 21:00,23.388,0,
1251,8/25/2017 22:00,23.292,0,
1252,8/25/2017 23:00,23.1,0,
1253,8/26/2017 0:00,22.812,0,
1254,8/26/2017 1:00,22.621,0,
1255,8/26/2017 2:00,22.429,0,
1256,8/26/2017 3:00,22.142,0,
1257,8/26/2017 4:00,21.855,0,
1258,8/26/2017 5:00,21.569,0,
1259,8/26/2017 6:00,21.378,0,
1260,8/26/2017 7:00,21.282,10.8,
1261,8/26/2017 8:00,21.378,333.7,
1262,8/26/2017 9:00,21.282,742.7,
1263,8/26/2017 10:00,21.76,4477.8,
1264,8/26/2017 11:00,22.238,3961.1,
1265,8/26/2017 12:00,22.717,4650,289.136
1266,8/26/2017 13:00,23.484,3616.7,
1267,8/26/2017 14:00,23.484,4650,
1268,8/26/2017 15:00,23.773,2755.6,
1269,8/26/2017 16:00,24.641,2927.8,
1270,8/26/2017 17:00,24.158,2411.1,
1271,8/26/2017 18:00,23.292,1087.2,
1272,8/26/2017 19:00,23.1,516.7,
1273,8/26/2017 20:00,22.908,53.8,
1274,8/26/2017 21:00,22.812,0,
1275,8/26/2017 22:00,22.812,0,
1276,8/26/2017 23:00,22.717,0,
1277,8/27/2017 0:00,22.525,0,
1278,8/27/2017 1:00,22.333,0,
1279,8/27/2017 2:00,22.142,0,
1280,8/27/2017 3:00,22.046,0,
1281,8/27/2017 4:00,21.855,0,
1282,8/27/2017 5:00,21.855,0,
1283,8/27/2017 6:00,21.664,0,
1284,8/27/2017 7:00,21.664,0,
1285,8/27/2017 8:00,21.473,215.3,
1286,8/27/2017 9:00,21.76,2066.7,
1287,8/27/2017 10:00,22.142,5166.7,
1288,8/27/2017 11:00,21.951,2497.2,
1289,8/27/2017 12:00,22.046,6544.5,291.407
1290,8/27/2017 13:00,22.333,2066.7,
1291,8/27/2017 14:00,22.812,3444.5,
1292,8/27/2017 15:00,22.429,2152.8,
1293,8/27/2017 16:00,22.333,1162.5,
1294,8/27/2017 17:00,22.429,1291.7,
1295,8/27/2017 18:00,22.333,1259.4,
1296,8/27/2017 19:00,22.142,279.9,
1297,8/27/2017 20:00,22.046,32.3,
1298,8/27/2017 21:00,21.951,0,
1299,8/27/2017 22:00,21.76,0,
1300,8/27/2017 23:00,21.76,0,
1301,8/28/2017 0:00,21.76,0,
1302,8/28/2017 1:00,21.664,0,
1303,8/28/2017 2:00,21.569,0,
1304,8/28/2017 3:00,21.569,0,
1305,8/28/2017 4:00,21.473,0,
1306,8/28/2017 5:00,21.473,0,
1307,8/28/2017 6:00,21.378,0,
1308,8/28/2017 7:00,21.378,0,
1309,8/28/2017 8:00,21.378,139.9,
1310,8/28/2017 9:00,21.378,290.6,
1311,8/28/2017 10:00,21.378,979.5,
1312,8/28/2017 11:00,21.473,1054.9,
1313,8/28/2017 12:00,21.473,1345.5,292.834
1314,8/28/2017 13:00,21.569,1001,
1315,8/28/2017 14:00,21.569,818.1,
1316,8/28/2017 15:00,21.569,1033.3,
1317,8/28/2017 16:00,21.473,635.1,
1318,8/28/2017 17:00,21.473,1130.2,
1319,8/28/2017 18:00,21.76,1980.6,
1320,8/28/2017 19:00,21.76,505.9,
1321,8/28/2017 20:00,21.569,96.9,
1322,8/28/2017 21:00,21.378,0,
1323,8/28/2017 22:00,21.282,0,
1324,8/28/2017 23:00,21.187,0,
1325,8/29/2017 0:00,20.996,0,
1326,8/29/2017 1:00,20.996,0,
1327,8/29/2017 2:00,21.091,0,
1328,8/29/2017 3:00,21.091,0,
1329,8/29/2017 4:00,21.091,0,
1330,8/29/2017 5:00,20.996,0,
1331,8/29/2017 6:00,20.901,0,
1332,8/29/2017 7:00,20.901,0,
1333,8/29/2017 8:00,20.901,226,
1334,8/29/2017 9:00,20.996,807.3,
1335,8/29/2017 10:00,21.091,1173.3,
1336,8/29/2017 11:00,21.187,1097.9,
1337,8/29/2017 12:00,21.187,871.9,296.246
1338,8/29/2017 13:00,21.378,1636.1,
1339,8/29/2017 14:00,22.238,6200,
1340,8/29/2017 15:00,23.581,3444.5,
1341,8/29/2017 16:00,23.388,2152.8,
1342,8/29/2017 17:00,24.255,1894.5,
1343,8/29/2017 18:00,23.966,914.9,
1344,8/29/2017 19:00,24.931,1087.2,
1345,8/29/2017 20:00,24.448,43.1,
1346,8/29/2017 21:00,23.773,0,
1347,8/29/2017 22:00,23.292,0,
1348,8/29/2017 23:00,23.1,0,
1349,8/30/2017 0:00,22.908,0,
1350,8/30/2017 1:00,22.621,0,
1351,8/30/2017 2:00,22.333,0,
1352,8/30/2017 3:00,22.142,0,
1353,8/30/2017 4:00,21.951,0,
1354,8/30/2017 5:00,21.664,0,
1355,8/30/2017 6:00,21.473,0,
1356,8/30/2017 7:00,21.378,0,
1357,8/30/2017 8:00,21.187,215.3,
1358,8/30/2017 9:00,21.091,312.2,
1359,8/30/2017 10:00,21.76,1463.9,
1360,8/30/2017 11:00,22.046,2325,
1361,8/30/2017 12:00,22.525,2325,299.541
1362,8/30/2017 13:00,23.1,2927.8,
1363,8/30/2017 14:00,23.1,3444.5,
1364,8/30/2017 15:00,23.1,1808.3,
1365,8/30/2017 16:00,24.641,4477.8,
1366,8/30/2017 17:00,24.351,2927.8,
1367,8/30/2017 18:00,23.1,333.7,
1368,8/30/2017 19:00,23.484,322.9,
1369,8/30/2017 20:00,22.812,21.5,
1370,8/30/2017 21:00,22.908,0,
1371,8/30/2017 22:00,22.525,0,
1372,8/30/2017 23:00,22.525,0,
1373,8/31/2017 0:00,22.238,0,
1374,8/31/2017 1:00,22.142,0,
1375,8/31/2017 2:00,21.951,0,
1376,8/31/2017 3:00,21.951,0,
1377,8/31/2017 4:00,21.855,0,
1378,8/31/2017 5:00,21.664,0,
1379,8/31/2017 6:00,21.473,0,
1380,8/31/2017 7:00,21.282,0,
1381,8/31/2017 8:00,21.187,161.5,
1382,8/31/2017 9:00,21.091,484.4,
1383,8/31/2017 10:00,21.664,1463.9,
1384,8/31/2017 11:00,22.333,2066.7,
1385,8/31/2017 12:00,22.717,2325,301.578
1386,8/31/2017 13:00,22.621,2238.9,
1387,8/31/2017 14:00,22.333,2411.1,
1388,8/31/2017 15:00,22.238,818.1,
1389,8/31/2017 16:00,22.238,613.5,
1390,8/31/2017 17:00,22.238,1980.6,
1391,8/31/2017 18:00,22.238,807.3,
1392,8/31/2017 19:00,22.046,484.4,
1393,8/31/2017 20:00,21.855,53.8,
1394,8/31/2017 21:00,21.473,0,
1395,8/31/2017 22:00,21.282,0,
1396,8/31/2017 23:00,21.091,0,
1397,9/1/2017 0:00,20.996,0,
1398,9/1/2017 1:00,20.901,0,
1399,9/1/2017 2:00,20.996,0,
1400,9/1/2017 3:00,20.71,0,
1401,9/1/2017 4:00,20.805,0,
1402,9/1/2017 5:00,20.71,0,
1403,9/1/2017 6:00,20.615,0,
1404,9/1/2017 7:00,20.519,0,
1405,9/1/2017 8:00,20.615,86.1,
1406,9/1/2017 9:00,20.71,118.4,
1407,9/1/2017 10:00,21.76,1550,
1408,9/1/2017 11:00,22.046,1808.3,
1409,9/1/2017 12:00,21.951,1980.6,303.868
1410,9/1/2017 13:00,22.333,2325,
1411,9/1/2017 14:00,22.333,4305.6,
1412,9/1/2017 15:00,23.388,2238.9,
1413,9/1/2017 16:00,23.388,3100,
1414,9/1/2017 17:00,22.812,3272.2,
1415,9/1/2017 18:00,22.429,1636.1,
1416,9/1/2017 19:00,21.951,624.3,
1417,9/1/2017 20:00,21.664,75.3,
1418,9/1/2017 21:00,21.473,0,
1419,9/1/2017 22:00,21.282,0,
1420,9/1/2017 23:00,21.091,0,
1421,9/2/2017 0:00,20.996,0,
1422,9/2/2017 1:00,20.996,0,
1423,9/2/2017 2:00,20.901,0,
1424,9/2/2017 3:00,20.71,0,
1425,9/2/2017 4:00,20.615,0,
1426,9/2/2017 5:00,20.519,0,
1427,9/2/2017 6:00,20.424,0,
1428,9/2/2017 7:00,20.329,0,
1429,9/2/2017 8:00,20.329,355.2,
1430,9/2/2017 9:00,20.234,656.6,
1431,9/2/2017 10:00,20.996,8266.7,
1432,9/2/2017 11:00,21.282,15155.7,
1433,9/2/2017 12:00,21.76,12400.1,305.81
1434,9/2/2017 13:00,22.333,14466.8,
1435,9/2/2017 14:00,23.004,11022.3,
1436,9/2/2017 15:00,22.525,7233.4,
1437,9/2/2017 16:00,22.429,2238.9,
1438,9/2/2017 17:00,22.333,2325,
1439,9/2/2017 18:00,22.525,1076.4,
1440,9/2/2017 19:00,22.333,1022.6,
1441,9/2/2017 20:00,21.951,0,
1442,9/2/2017 21:00,21.76,0,
1443,9/2/2017 22:00,21.378,0,
1444,9/2/2017 23:00,21.282,0,
1445,9/3/2017 0:00,21.091,0,
1446,9/3/2017 1:00,21.091,0,
1447,9/3/2017 2:00,20.901,0,
1448,9/3/2017 3:00,20.805,0,
1449,9/3/2017 4:00,20.71,0,
1450,9/3/2017 5:00,20.615,0,
1451,9/3/2017 6:00,20.615,0,
1452,9/3/2017 7:00,20.519,0,
1453,9/3/2017 8:00,20.519,43.1,
1454,9/3/2017 9:00,20.519,247.6,
1455,9/3/2017 10:00,20.615,1345.5,
1456,9/3/2017 11:00,20.519,7233.4,
1457,9/3/2017 12:00,21.378,9644.5,308.224
1458,9/3/2017 13:00,21.855,9644.5,
1459,9/3/2017 14:00,22.429,5511.1,
1460,9/3/2017 15:00,22.717,6544.5,
1461,9/3/2017 16:00,23.581,871.9,
1462,9/3/2017 17:00,23.196,1550,
1463,9/3/2017 18:00,22.621,344.4,
1464,9/3/2017 19:00,22.238,183,
1465,9/3/2017 20:00,21.664,10.8,
1466,9/3/2017 21:00,21.473,0,
1467,9/3/2017 22:00,21.569,0,
1468,9/3/2017 23:00,21.282,0,
1469,9/4/2017 0:00,21.187,0,
1470,9/4/2017 1:00,20.996,0,
1471,9/4/2017 2:00,20.805,0,
1472,9/4/2017 3:00,20.615,0,
1473,9/4/2017 4:00,20.615,0,
1474,9/4/2017 5:00,20.519,0,
1475,9/4/2017 6:00,20.424,0,
1476,9/4/2017 7:00,20.424,0,
1477,9/4/2017 8:00,20.424,129.2,
1478,9/4/2017 9:00,20.519,279.9,
1479,9/4/2017 10:00,20.901,635.1,
1480,9/4/2017 11:00,20.996,796.5,
1481,9/4/2017 12:00,21.091,1808.3,308.94
1482,9/4/2017 13:00,20.996,549,
1483,9/4/2017 14:00,20.996,139.9,
1484,9/4/2017 15:00,20.805,742.7,
1485,9/4/2017 16:00,20.615,193.8,
1486,9/4/2017 17:00,20.615,1270.1,
1487,9/4/2017 18:00,20.615,936.5,
1488,9/4/2017 19:00,20.519,236.8,
1489,9/4/2017 20:00,20.424,10.8,
1490,9/4/2017 21:00,20.329,0,
1491,9/4/2017 22:00,20.043,0,
1492,9/4/2017 23:00,20.234,0,
1493,9/5/2017 0:00,20.138,0,
1494,9/5/2017 1:00,20.138,0,
1495,9/5/2017 2:00,20.138,0,
1496,9/5/2017 3:00,20.043,0,
1497,9/5/2017 4:00,20.043,0,
1498,9/5/2017 5:00,19.758,0,
1499,9/5/2017 6:00,19.377,0,
1500,9/5/2017 7:00,19.948,0,
1501,9/5/2017 8:00,19.948,366,
1502,9/5/2017 9:00,19.948,538.2,
1503,9/5/2017 10:00,20.138,1194.8,
1504,9/5/2017 11:00,20.234,1377.8,
1505,9/5/2017 12:00,20.71,5166.7,309.61
1506,9/5/2017 13:00,20.996,4133.4,
1507,9/5/2017 14:00,21.282,947.2,
1508,9/5/2017 15:00,21.378,1808.3,
1509,9/5/2017 16:00,21.282,527.4,
1510,9/5/2017 17:00,21.091,1151.7,
1511,9/5/2017 18:00,21.378,979.5,
1512,9/5/2017 19:00,20.71,355.2,
1513,9/5/2017 20:00,20.424,21.5,
1514,9/5/2017 21:00,20.138,0,
1515,9/5/2017 22:00,19.948,0,
1516,9/5/2017 23:00,19.758,0,
1517,9/6/2017 0:00,19.853,0,
1518,9/6/2017 1:00,19.853,0,
1519,9/6/2017 2:00,19.662,0,
1520,9/6/2017 3:00,19.758,0,
1521,9/6/2017 4:00,19.758,0,
1522,9/6/2017 5:00,19.662,0,
1523,9/6/2017 6:00,19.567,0,
1524,9/6/2017 7:00,19.472,0,
1525,9/6/2017 8:00,19.472,139.9,
1526,9/6/2017 9:00,19.377,204.5,
1527,9/6/2017 10:00,19.377,3444.5,
1528,9/6/2017 11:00,19.948,3444.5,
1529,9/6/2017 12:00,20.424,3616.7,309.987
1530,9/6/2017 13:00,20.234,1227.1,
1531,9/6/2017 14:00,20.424,3272.2,
1532,9/6/2017 15:00,20.901,1980.6,
1533,9/6/2017 16:00,20.329,1356.3,
1534,9/6/2017 17:00,20.805,882.6,
1535,9/6/2017 18:00,20.71,484.4,
1536,9/6/2017 19:00,20.043,172.2,
1537,9/6/2017 20:00,19.853,10.8,
1538,9/6/2017 21:00,19.853,0,
1539,9/6/2017 22:00,19.662,0,
1540,9/6/2017 23:00,19.377,0,
1541,9/7/2017 0:00,19.282,0,
1542,9/7/2017 1:00,19.187,0,
1543,9/7/2017 2:00,19.187,0,
1544,9/7/2017 3:00,19.282,0,
1545,9/7/2017 4:00,19.187,0,
1546,9/7/2017 5:00,19.187,0,
1547,9/7/2017 6:00,19.092,0,
1548,9/7/2017 7:00,18.996,0,
1549,9/7/2017 8:00,19.092,269.1,
1550,9/7/2017 9:00,19.092,462.9,
1551,9/7/2017 10:00,19.282,3616.7,
1552,9/7/2017 11:00,19.187,1302.4,
1553,9/7/2017 12:00,19.472,1980.6,309.987
1554,9/7/2017 13:00,19.758,1722.2,
1555,9/7/2017 14:00,19.853,1324,
1556,9/7/2017 15:00,19.758,979.5,
1557,9/7/2017 16:00,19.758,1141,
1558,9/7/2017 17:00,19.567,882.6,
1559,9/7/2017 18:00,19.472,204.5,
1560,9/7/2017 19:00,19.377,204.5,
1561,9/7/2017 20:00,19.187,0,
1562,9/7/2017 21:00,18.996,0,
1563,9/7/2017 22:00,18.996,0,
1564,9/7/2017 23:00,18.996,0,
1565,9/8/2017 0:00,18.901,0,
1566,9/8/2017 1:00,18.901,0,
1567,9/8/2017 2:00,18.806,0,
1568,9/8/2017 3:00,18.806,0,
1569,9/8/2017 4:00,18.711,0,
1570,9/8/2017 5:00,18.711,0,
1571,9/8/2017 6:00,18.711,0,
1572,9/8/2017 7:00,18.616,0,
1573,9/8/2017 8:00,18.616,161.5,
1574,9/8/2017 9:00,18.616,269.1,
1575,9/8/2017 10:00,19.092,3788.9,
1576,9/8/2017 11:00,19.092,1722.2,
1577,9/8/2017 12:00,19.092,355.2,309.987
1578,9/8/2017 13:00,19.377,850.4,
1579,9/8/2017 14:00,19.377,613.5,
1580,9/8/2017 15:00,19.758,2755.6,
1581,9/8/2017 16:00,19.758,2669.5,
1582,9/8/2017 17:00,19.662,2238.9,
1583,9/8/2017 18:00,19.377,1216.3,
1584,9/8/2017 19:00,19.377,505.9,
1585,9/8/2017 20:00,19.282,32.3,
1586,9/8/2017 21:00,19.187,0,
1587,9/8/2017 22:00,18.996,0,
1588,9/8/2017 23:00,18.901,0,
1589,9/9/2017 0:00,18.711,0,
1590,9/9/2017 1:00,18.521,0,
1591,9/9/2017 2:00,18.426,0,
1592,9/9/2017 3:00,18.521,0,
1593,9/9/2017 4:00,18.616,0,
1594,9/9/2017 5:00,18.521,0,
1595,9/9/2017 6:00,18.521,0,
1596,9/9/2017 7:00,18.426,0,
1597,9/9/2017 8:00,18.426,409,
1598,9/9/2017 9:00,18.426,656.6,
1599,9/9/2017 10:00,19.092,21355.7,
1600,9/9/2017 11:00,19.377,8611.2,
1601,9/9/2017 12:00,19.662,5166.7,310.083
1602,9/9/2017 13:00,20.424,7233.4,
1603,9/9/2017 14:00,20.138,4822.3,
1604,9/9/2017 15:00,20.043,5511.1,
1605,9/9/2017 16:00,20.329,3444.5,
1606,9/9/2017 17:00,20.424,2411.1,
1607,9/9/2017 18:00,20.329,1141,
1608,9/9/2017 19:00,20.329,473.6,
1609,9/9/2017 20:00,20.329,21.5,
1610,9/9/2017 21:00,20.043,0,
1611,9/9/2017 22:00,19.853,0,
1612,9/9/2017 23:00,19.662,0,
1613,9/10/2017 0:00,19.567,0,
1614,9/10/2017 1:00,19.472,0,
1615,9/10/2017 2:00,19.282,0,
1616,9/10/2017 3:00,19.092,0,
1617,9/10/2017 4:00,18.901,0,
1618,9/10/2017 5:00,18.711,0,
1619,9/10/2017 6:00,18.616,0,
1620,9/10/2017 7:00,18.426,0,
1621,9/10/2017 8:00,18.331,807.3,
1622,9/10/2017 9:00,18.331,1722.2,
1623,9/10/2017 10:00,18.901,17222.3,
1624,9/10/2017 11:00,19.187,9644.5,
1625,9/10/2017 12:00,19.472,4305.6,310.52
1626,9/10/2017 13:00,20.043,8266.7,
1627,9/10/2017 14:00,20.329,4133.4,
1628,9/10/2017 15:00,20.234,4822.3,
1629,9/10/2017 16:00,21.091,3272.2,
1630,9/10/2017 17:00,20.805,2152.8,
1631,9/10/2017 18:00,21.187,1162.5,
1632,9/10/2017 19:00,20.615,409,
1633,9/10/2017 20:00,20.519,10.8,
1634,9/10/2017 21:00,20.234,0,
1635,9/10/2017 22:00,20.138,0,
1636,9/10/2017 23:00,19.948,0,
1637,9/11/2017 0:00,19.758,0,
1638,9/11/2017 1:00,19.567,0,
1639,9/11/2017 2:00,19.472,0,
1640,9/11/2017 3:00,19.282,0,
1641,9/11/2017 4:00,19.092,0,
1642,9/11/2017 5:00,18.806,0,
1643,9/11/2017 6:00,18.711,0,
1644,9/11/2017 7:00,18.521,0,
1645,9/11/2017 8:00,18.426,495.1,
1646,9/11/2017 9:00,18.426,1550,
1647,9/11/2017 10:00,18.996,11711.2,
1648,9/11/2017 11:00,19.377,4994.5,
1649,9/11/2017 12:00,19.758,2669.5,311.543
1650,9/11/2017 13:00,20.043,8266.7,
1651,9/11/2017 14:00,20.71,7233.4,
1652,9/11/2017 15:00,22.142,4305.6,
1653,9/11/2017 16:00,21.664,4133.4,
1654,9/11/2017 17:00,22.238,2238.9,
1655,9/11/2017 18:00,21.664,839.6,
1656,9/11/2017 19:00,21.282,516.7,
1657,9/11/2017 20:00,20.996,10.8,
1658,9/11/2017 21:00,20.901,0,
1659,9/11/2017 22:00,20.805,0,
1660,9/11/2017 23:00,20.71,0,
1661,9/12/2017 0:00,20.519,0,
1662,9/12/2017 1:00,20.329,0,
1663,9/12/2017 2:00,20.043,0,
1664,9/12/2017 3:00,19.853,0,
1665,9/12/2017 4:00,19.567,0,
1666,9/12/2017 5:00,19.282,0,
1667,9/12/2017 6:00,19.092,0,
1668,9/12/2017 7:00,18.996,0,
1669,9/12/2017 8:00,18.806,430.6,
1670,9/12/2017 9:00,18.806,785.8,
1671,9/12/2017 10:00,19.472,17222.3,
1672,9/12/2017 11:00,20.043,8266.7,
1673,9/12/2017 12:00,19.853,4133.4,312.912
1674,9/12/2017 13:00,20.901,5338.9,
1675,9/12/2017 14:00,19.948,4822.3,
1676,9/12/2017 15:00,20.043,2325,
1677,9/12/2017 16:00,21.187,3100,
1678,9/12/2017 17:00,22.717,1808.3,
1679,9/12/2017 18:00,22.525,936.5,
1680,9/12/2017 19:00,22.429,355.2,
1681,9/12/2017 20:00,22.142,0,
1682,9/12/2017 21:00,21.855,0,
1683,9/12/2017 22:00,21.473,0,
1684,9/12/2017 23:00,21.378,0,
1685,9/13/2017 0:00,21.091,0,
1686,9/13/2017 1:00,20.805,0,
1687,9/13/2017 2:00,20.234,0,
1688,9/13/2017 3:00,20.043,0,
1689,9/13/2017 4:00,19.758,0,
1690,9/13/2017 5:00,19.377,0,
1691,9/13/2017 6:00,19.377,0,
1692,9/13/2017 7:00,19.472,0,
1693,9/13/2017 8:00,19.187,129.2,
1694,9/13/2017 9:00,19.472,527.4,
1695,9/13/2017 10:00,19.662,1173.3,
1696,9/13/2017 11:00,19.853,1356.3,
1697,9/13/2017 12:00,20.234,1722.2,313.833
1698,9/13/2017 13:00,19.853,1356.3,
1699,9/13/2017 14:00,20.138,5166.7,
1700,9/13/2017 15:00,20.043,2238.9,
1701,9/13/2017 16:00,20.234,3272.2,
1702,9/13/2017 17:00,21.473,1463.9,
1703,9/13/2017 18:00,21.855,1065.6,
1704,9/13/2017 19:00,21.855,215.3,
1705,9/13/2017 20:00,21.473,0,
1706,9/13/2017 21:00,21.187,0,
1707,9/13/2017 22:00,21.091,0,
1708,9/13/2017 23:00,20.996,0,
1709,9/14/2017 0:00,20.996,0,
1710,9/14/2017 1:00,20.901,0,
1711,9/14/2017 2:00,20.71,0,
1712,9/14/2017 3:00,20.71,0,
1713,9/14/2017 4:00,20.615,0,
1714,9/14/2017 5:00,20.424,0,
1715,9/14/2017 6:00,20.424,0,
1716,9/14/2017 7:00,20.138,0,
1717,9/14/2017 8:00,20.138,86.1,
1718,9/14/2017 9:00,20.043,322.9,
1719,9/14/2017 10:00,19.948,925.7,
1720,9/14/2017 11:00,20.234,3616.7,
1721,9/14/2017 12:00,20.234,4477.8,315.856
1722,9/14/2017 13:00,20.329,4133.4,
1723,9/14/2017 14:00,20.805,4994.5,
1724,9/14/2017 15:00,22.525,3788.9,
1725,9/14/2017 16:00,23.1,3272.2,
1726,9/14/2017 17:00,23.292,1636.1,
1727,9/14/2017 18:00,23.1,925.7,
1728,9/14/2017 19:00,22.621,301.4,
1729,9/14/2017 20:00,22.333,0,
1730,9/14/2017 21:00,21.855,0,
1731,9/14/2017 22:00,21.664,0,
1732,9/14/2017 23:00,21.664,0,
1733,9/15/2017 0:00,21.378,0,
1734,9/15/2017 1:00,21.282,0,
1735,9/15/2017 2:00,20.996,0,
1736,9/15/2017 3:00,20.805,0,
1737,9/15/2017 4:00,20.519,0,
1738,9/15/2017 5:00,20.71,0,
1739,9/15/2017 6:00,20.519,0,
1740,9/15/2017 7:00,20.424,0,
1741,9/15/2017 8:00,20.424,118.4,
1742,9/15/2017 9:00,20.519,236.8,
1743,9/15/2017 10:00,20.901,2755.6,
1744,9/15/2017 11:00,21.473,4822.3,
1745,9/15/2017 12:00,22.142,4305.6,318.725
1746,9/15/2017 13:00,22.717,4650,
1747,9/15/2017 14:00,23.388,4994.5,
1748,9/15/2017 15:00,22.621,3961.1,
1749,9/15/2017 16:00,22.812,2066.7,
1750,9/15/2017 17:00,23.966,1894.5,
1751,9/15/2017 18:00,24.351,1377.8,
1752,9/15/2017 19:00,23.196,258.3,
1753,9/15/2017 20:00,22.717,0,
1754,9/15/2017 21:00,22.429,0,
1755,9/15/2017 22:00,22.333,0,
1756,9/15/2017 23:00,22.142,0,
1757,9/16/2017 0:00,22.142,0,
1758,9/16/2017 1:00,21.951,0,
1759,9/16/2017 2:00,21.855,0,
1760,9/16/2017 3:00,21.76,0,
1761,9/16/2017 4:00,21.569,0,
1762,9/16/2017 5:00,21.473,0,
1763,9/16/2017 6:00,21.282,0,
1764,9/16/2017 7:00,21.187,0,
1765,9/16/2017 8:00,21.091,139.9,
1766,9/16/2017 9:00,21.091,312.2,
1767,9/16/2017 10:00,21.473,2755.6,
1768,9/16/2017 11:00,21.664,3616.7,
1769,9/16/2017 12:00,22.046,2238.9,321.96
1770,9/16/2017 13:00,22.908,5166.7,
1771,9/16/2017 14:00,23.1,5166.7,
1772,9/16/2017 15:00,23.581,4822.3,
1773,9/16/2017 16:00,23.388,2927.8,
1774,9/16/2017 17:00,23.196,2411.1,
1775,9/16/2017 18:00,24.545,1377.8,
1776,9/16/2017 19:00,23.773,226,
1777,9/16/2017 20:00,23.004,0,
1778,9/16/2017 21:00,22.908,0,
1779,9/16/2017 22:00,22.621,0,
1780,9/16/2017 23:00,22.525,0,
1781,9/17/2017 0:00,22.333,0,
1782,9/17/2017 1:00,22.238,0,
1783,9/17/2017 2:00,22.142,0,
1784,9/17/2017 3:00,21.951,0,
1785,9/17/2017 4:00,21.855,0,
1786,9/17/2017 5:00,21.664,0,
1787,9/17/2017 6:00,21.569,0,
1788,9/17/2017 7:00,21.473,0,
1789,9/17/2017 8:00,21.378,107.6,
1790,9/17/2017 9:00,21.378,398.3,
1791,9/17/2017 10:00,21.664,1808.3,
1792,9/17/2017 11:00,22.142,3616.7,
1793,9/17/2017 12:00,22.717,3788.9,325.483
1794,9/17/2017 13:00,23.581,4822.3,
1795,9/17/2017 14:00,24.158,5166.7,
1796,9/17/2017 15:00,24.448,5166.7,
1797,9/17/2017 16:00,24.255,6200,
1798,9/17/2017 17:00,24.835,785.8,
1799,9/17/2017 18:00,23.581,1184,
1800,9/17/2017 19:00,23.966,258.3,
1801,9/17/2017 20:00,23.292,0,
1802,9/17/2017 21:00,23.388,0,
1803,9/17/2017 22:00,23.1,0,
1804,9/17/2017 23:00,23.004,0,
1805,9/18/2017 0:00,23.004,0,
1806,9/18/2017 1:00,22.717,0,
1807,9/18/2017 2:00,22.525,0,
1808,9/18/2017 3:00,22.333,0,
1809,9/18/2017 4:00,22.142,0,
1810,9/18/2017 5:00,21.855,0,
1811,9/18/2017 6:00,21.569,0,
1812,9/18/2017 7:00,21.76,0,
1813,9/18/2017 8:00,21.855,204.5,
1814,9/18/2017 9:00,21.664,570.5,
1815,9/18/2017 10:00,21.664,753.5,
1816,9/18/2017 11:00,22.238,4305.6,
1817,9/18/2017 12:00,22.717,5166.7,328.033
1818,9/18/2017 13:00,22.621,6200,
1819,9/18/2017 14:00,22.621,6544.5,
1820,9/18/2017 15:00,23.196,6544.5,
1821,9/18/2017 16:00,22.908,3961.1,
1822,9/18/2017 17:00,22.908,3272.2,
1823,9/18/2017 18:00,22.908,1894.5,
1824,9/18/2017 19:00,23.1,226,
1825,9/18/2017 20:00,23.196,0,
1826,9/18/2017 21:00,23.004,0,
1827,9/18/2017 22:00,22.812,0,
1828,9/18/2017 23:00,22.333,0,
1829,9/19/2017 0:00,22.238,0,
1830,9/19/2017 1:00,22.142,0,
1831,9/19/2017 2:00,22.142,0,
1832,9/19/2017 3:00,21.951,0,
1833,9/19/2017 4:00,21.855,0,
1834,9/19/2017 5:00,21.664,0,
1835,9/19/2017 6:00,21.664,0,
1836,9/19/2017 7:00,21.569,0,
1837,9/19/2017 8:00,21.473,53.8,
1838,9/19/2017 9:00,21.569,376.7,
1839,9/19/2017 10:00,21.569,925.7,
1840,9/19/2017 11:00,21.664,1894.5,
1841,9/19/2017 12:00,21.951,4305.6,330.182
1842,9/19/2017 13:00,22.238,3100,
1843,9/19/2017 14:00,22.333,2755.6,
1844,9/19/2017 15:00,22.621,2238.9,
1845,9/19/2017 16:00,22.429,1722.2,
1846,9/19/2017 17:00,22.429,409,
1847,9/19/2017 18:00,22.142,279.9,
1848,9/19/2017 19:00,22.238,366,
1849,9/19/2017 20:00,22.142,0,
1850,9/19/2017 21:00,22.046,0,
1851,9/19/2017 22:00,21.951,0,
1852,9/19/2017 23:00,21.855,0,
1853,9/20/2017 0:00,21.76,0,
1854,9/20/2017 1:00,21.76,0,
1855,9/20/2017 2:00,21.76,0,
1856,9/20/2017 3:00,21.664,0,
1857,9/20/2017 4:00,21.664,0,
1858,9/20/2017 5:00,21.664,0,
1859,9/20/2017 6:00,21.569,0,
1860,9/20/2017 7:00,21.664,0,
1861,9/20/2017 8:00,21.569,43.1,
1862,9/20/2017 9:00,21.664,473.6,
1863,9/20/2017 10:00,21.76,699.7,
1864,9/20/2017 11:00,21.76,936.5,
1865,9/20/2017 12:00,21.951,2238.9,333.344
1866,9/20/2017 13:00,22.333,2755.6,
1867,9/20/2017 14:00,22.621,2755.6,
1868,9/20/2017 15:00,23.484,9644.5,
1869,9/20/2017 16:00,23.966,6200,
1870,9/20/2017 17:00,24.158,3100,
1871,9/20/2017 18:00,24.158,2669.5,
1872,9/20/2017 19:00,23.292,312.2,
1873,9/20/2017 20:00,22.812,0,
1874,9/20/2017 21:00,22.717,0,
1875,9/20/2017 22:00,22.621,0,
1876,9/20/2017 23:00,22.525,0,
1877,9/21/2017 0:00,22.525,0,
1878,9/21/2017 1:00,22.429,0,
1879,9/21/2017 2:00,22.333,0,
1880,9/21/2017 3:00,22.333,0,
1881,9/21/2017 4:00,22.238,0,
1882,9/21/2017 5:00,22.142,0,
1883,9/21/2017 6:00,22.142,0,
1884,9/21/2017 7:00,22.046,0,
1885,9/21/2017 8:00,21.951,139.9,
1886,9/21/2017 9:00,22.046,613.5,
1887,9/21/2017 10:00,22.429,2411.1,
1888,9/21/2017 11:00,23.004,4477.8,
1889,9/21/2017 12:00,23.1,2755.6,337.631
1890,9/21/2017 13:00,24.738,4133.4,
1891,9/21/2017 14:00,24.448,5511.1,
1892,9/21/2017 15:00,25.708,9300.1,
1893,9/21/2017 16:00,25.028,4822.3,
1894,9/21/2017 17:00,25.222,3272.2,
1895,9/21/2017 18:00,24.738,2066.7,
1896,9/21/2017 19:00,24.641,322.9,
1897,9/21/2017 20:00,24.255,0,
1898,9/21/2017 21:00,24.448,0,
1899,9/21/2017 22:00,24.351,0,
1900,9/21/2017 23:00,24.641,0,
1901,9/22/2017 0:00,24.255,0,
1902,9/22/2017 1:00,24.062,0,
1903,9/22/2017 2:00,23.773,0,
1904,9/22/2017 3:00,23.484,0,
1905,9/22/2017 4:00,23.484,0,
1906,9/22/2017 5:00,23.292,0,
1907,9/22/2017 6:00,23.292,0,
1908,9/22/2017 7:00,23.1,0,
1909,9/22/2017 8:00,23.004,161.5,
1910,9/22/2017 9:00,23.004,409,
1911,9/22/2017 10:00,23.484,2927.8,
1912,9/22/2017 11:00,23.869,5166.7,
1913,9/22/2017 12:00,23.869,2927.8,343.109
1914,9/22/2017 13:00,25.708,6200,
1915,9/22/2017 14:00,26.195,8266.7,
1916,9/22/2017 15:00,26.977,6200,
1917,9/22/2017 16:00,26.292,5166.7,
1918,9/22/2017 17:00,26.488,3444.5,
1919,9/22/2017 18:00,26.39,1550,
1920,9/22/2017 19:00,26.39,129.2,
1921,9/22/2017 20:00,26.097,0,
1922,9/22/2017 21:00,25.902,0,
1923,9/22/2017 22:00,25.902,0,
1924,9/22/2017 23:00,25.222,0,
1925,9/23/2017 0:00,24.835,0,
1926,9/23/2017 1:00,25.028,0,
1927,9/23/2017 2:00,24.931,0,
1928,9/23/2017 3:00,24.738,0,
1929,9/23/2017 4:00,24.641,0,
1930,9/23/2017 5:00,24.448,0,
1931,9/23/2017 6:00,24.255,0,
1932,9/23/2017 7:00,24.062,0,
1933,9/23/2017 8:00,23.869,129.2,
1934,9/23/2017 9:00,23.966,333.7,
1935,9/23/2017 10:00,24.448,2669.5,
1936,9/23/2017 11:00,24.641,4477.8,
1937,9/23/2017 12:00,25.319,8611.2,348.466
1938,9/23/2017 13:00,25.222,8266.7,
1939,9/23/2017 14:00,26,4650,
1940,9/23/2017 15:00,25.805,3616.7,
1941,9/23/2017 16:00,25.902,3272.2,
1942,9/23/2017 17:00,26.195,2755.6,
1943,9/23/2017 18:00,26.292,2755.6,
1944,9/23/2017 19:00,25.805,312.2,
1945,9/23/2017 20:00,25.416,0,
1946,9/23/2017 21:00,25.222,0,
1947,9/23/2017 22:00,25.222,0,
1948,9/23/2017 23:00,25.319,0,
1949,9/24/2017 0:00,25.125,0,
1950,9/24/2017 1:00,24.931,0,
1951,9/24/2017 2:00,24.641,0,
1952,9/24/2017 3:00,24.641,0,
1953,9/24/2017 4:00,24.545,0,
1954,9/24/2017 5:00,24.448,0,
1955,9/24/2017 6:00,24.255,0,
1956,9/24/2017 7:00,24.158,0,
1957,9/24/2017 8:00,24.062,86.1,
1958,9/24/2017 9:00,23.966,183,
1959,9/24/2017 10:00,24.738,1184,
1960,9/24/2017 11:00,25.125,2927.8,
1961,9/24/2017 12:00,25.222,2066.7,354.544
1962,9/24/2017 13:00,26.683,3444.5,
1963,9/24/2017 14:00,27.272,5338.9,
1964,9/24/2017 15:00,27.173,3272.2,
1965,9/24/2017 16:00,27.37,5511.1,
1966,9/24/2017 17:00,26.977,4305.6,
1967,9/24/2017 18:00,26.683,3444.5,
1968,9/24/2017 19:00,26,473.6,
1969,9/24/2017 20:00,25.805,0,
1970,9/24/2017 21:00,25.513,0,
1971,9/24/2017 22:00,25.416,0,
1972,9/24/2017 23:00,25.125,0,
1973,9/25/2017 0:00,24.931,0,
1974,9/25/2017 1:00,24.835,0,
1975,9/25/2017 2:00,24.545,0,
1976,9/25/2017 3:00,24.641,0,
1977,9/25/2017 4:00,24.545,0,
1978,9/25/2017 5:00,24.351,0,
1979,9/25/2017 6:00,24.255,0,
1980,9/25/2017 7:00,24.062,0,
1981,9/25/2017 8:00,23.869,75.3,
1982,9/25/2017 9:00,23.869,215.3,
1983,9/25/2017 10:00,24.545,1227.1,
1984,9/25/2017 11:00,24.448,516.7,
1985,9/25/2017 12:00,25.028,2583.4,360.274
1986,9/25/2017 13:00,25.708,2755.6,
1987,9/25/2017 14:00,26.879,4305.6,
1988,9/25/2017 15:00,26.781,4305.6,
1989,9/25/2017 16:00,26.683,1636.1,
1990,9/25/2017 17:00,26,1463.9,
1991,9/25/2017 18:00,26,527.4,
1992,9/25/2017 19:00,25.805,258.3,
1993,9/25/2017 20:00,25.61,0,
1994,9/25/2017 21:00,25.416,0,
1995,9/25/2017 22:00,25.319,0,
1996,9/25/2017 23:00,25.125,0,
1997,9/26/2017 0:00,24.931,0,
1998,9/26/2017 1:00,24.738,0,
1999,9/26/2017 2:00,24.738,0,
2000,9/26/2017 3:00,24.641,0,
2001,9/26/2017 4:00,24.448,0,
2002,9/26/2017 5:00,24.255,0,
2003,9/26/2017 6:00,24.062,0,
2004,9/26/2017 7:00,23.869,0,
2005,9/26/2017 8:00,23.773,86.1,
2006,9/26/2017 9:00,23.773,215.3,
2007,9/26/2017 10:00,24.448,979.5,
2008,9/26/2017 11:00,24.738,1636.1,
2009,9/26/2017 12:00,25.513,2238.9,365.969
2010,9/26/2017 13:00,25.708,2238.9,
2011,9/26/2017 14:00,26.097,2411.1,
2012,9/26/2017 15:00,26.879,5338.9,
2013,9/26/2017 16:00,26.39,2927.8,
2014,9/26/2017 17:00,26,1636.1,
2015,9/26/2017 18:00,26.097,678.1,
2016,9/26/2017 19:00,25.61,139.9,
2017,9/26/2017 20:00,25.222,0,
2018,9/26/2017 21:00,25.125,0,
2019,9/26/2017 22:00,25.125,0,
2020,9/26/2017 23:00,25.125,0,
2021,9/27/2017 0:00,24.931,0,
2022,9/27/2017 1:00,24.835,0,
2023,9/27/2017 2:00,24.448,0,
2024,9/27/2017 3:00,24.448,0,
2025,9/27/2017 4:00,24.255,0,
2026,9/27/2017 5:00,23.773,0,
2027,9/27/2017 6:00,23.773,0,
2028,9/27/2017 7:00,23.484,0,
2029,9/27/2017 8:00,23.388,43.1,
2030,9/27/2017 9:00,23.196,183,
2031,9/27/2017 10:00,22.812,376.7,
2032,9/27/2017 11:00,22.812,602.8,
2033,9/27/2017 12:00,23.1,796.5,369.692
2034,9/27/2017 13:00,23.677,2411.1,
2035,9/27/2017 14:00,23.773,1377.8,
2036,9/27/2017 15:00,23.966,2411.1,
2037,9/27/2017 16:00,23.581,1184,
2038,9/27/2017 17:00,23.292,796.5,
2039,9/27/2017 18:00,22.812,828.8,
2040,9/27/2017 19:00,22.525,64.6,
2041,9/27/2017 20:00,22.142,0,
2042,9/27/2017 21:00,21.855,0,
2043,9/27/2017 22:00,21.76,0,
2044,9/27/2017 23:00,21.855,0,
2045,9/28/2017 0:00,21.951,0,
2046,9/28/2017 1:00,21.855,0,
2047,9/28/2017 2:00,21.855,0,
2048,9/28/2017 3:00,21.855,0,
2049,9/28/2017 4:00,21.76,0,
2050,9/28/2017 5:00,21.76,0,
2051,9/28/2017 6:00,21.76,0,
2052,9/28/2017 7:00,21.569,0,
2053,9/28/2017 8:00,21.378,43.1,
2054,9/28/2017 9:00,21.378,172.2,
2055,9/28/2017 10:00,21.378,366,
2056,9/28/2017 11:00,22.238,1550,
2057,9/28/2017 12:00,21.76,753.5,371.72
2058,9/28/2017 13:00,22.717,2411.1,
2059,9/28/2017 14:00,22.812,2152.8,
2060,9/28/2017 15:00,22.621,2238.9,
2061,9/28/2017 16:00,22.238,452.1,
2062,9/28/2017 17:00,22.333,667.4,
2063,9/28/2017 18:00,22.238,958,
2064,9/28/2017 19:00,21.855,269.1,
2065,9/28/2017 20:00,21.378,0,
2066,9/28/2017 21:00,21.282,0,
2067,9/28/2017 22:00,21.091,0,
2068,9/28/2017 23:00,20.901,0,
2069,9/29/2017 0:00,20.805,0,
2070,9/29/2017 1:00,20.805,0,
2071,9/29/2017 2:00,20.615,0,
2072,9/29/2017 3:00,20.615,0,
2073,9/29/2017 4:00,20.424,0,
2074,9/29/2017 5:00,20.519,0,
2075,9/29/2017 6:00,20.519,0,
2076,9/29/2017 7:00,20.234,0,
2077,9/29/2017 8:00,20.329,43.1,
2078,9/29/2017 9:00,20.138,107.6,
2079,9/29/2017 10:00,20.043,1173.3,
2080,9/29/2017 11:00,20.329,419.8,
2081,9/29/2017 12:00,21.091,1980.6,372.447
2082,9/29/2017 13:00,21.091,1151.7,
2083,9/29/2017 14:00,21.282,1980.6,
2084,9/29/2017 15:00,21.473,2669.5,
2085,9/29/2017 16:00,20.996,2497.2,
2086,9/29/2017 17:00,21.091,1980.6,
2087,9/29/2017 18:00,20.615,1302.4,
2088,9/29/2017 19:00,20.329,107.6,
2089,9/29/2017 20:00,20.138,0,
2090,9/29/2017 21:00,19.853,0,
2091,9/29/2017 22:00,19.853,0,
2092,9/29/2017 23:00,19.853,0,
2093,9/30/2017 0:00,19.377,0,
2094,9/30/2017 1:00,19.377,0,
2095,9/30/2017 2:00,19.282,0,
2096,9/30/2017 3:00,19.282,0,
2097,9/30/2017 4:00,19.092,0,
2098,9/30/2017 5:00,18.996,0,
2099,9/30/2017 6:00,18.996,0,
2100,9/30/2017 7:00,18.806,0,
2101,9/30/2017 8:00,18.711,32.3,
2102,9/30/2017 9:00,18.901,86.1,
2103,9/30/2017 10:00,19.853,1119.5,
2104,9/30/2017 11:00,20.234,1636.1,
2105,9/30/2017 12:00,20.519,1636.1,372.817
2106,9/30/2017 13:00,20.901,1722.2,
2107,9/30/2017 14:00,20.901,1722.2,
2108,9/30/2017 15:00,20.805,1894.5,
2109,9/30/2017 16:00,20.996,1808.3,
2110,9/30/2017 17:00,20.901,2927.8,
2111,9/30/2017 18:00,20.901,376.7,
2112,9/30/2017 19:00,20.71,53.8,
2113,9/30/2017 20:00,20.234,0,
2114,9/30/2017 21:00,20.043,0,
2115,9/30/2017 22:00,19.853,0,
2116,9/30/2017 23:00,19.472,0,
2117,10/1/2017 0:00,19.377,0,
2118,10/1/2017 1:00,19.282,0,
2119,10/1/2017 2:00,19.092,0,
2120,10/1/2017 3:00,18.901,0,
2121,10/1/2017 4:00,18.806,0,
2122,10/1/2017 5:00,18.426,0,
2123,10/1/2017 6:00,18.806,0,
2124,10/1/2017 7:00,18.711,0,
2125,10/1/2017 8:00,18.331,32.3,
2126,10/1/2017 9:00,18.711,129.2,
2127,10/1/2017 10:00,19.377,925.7,
2128,10/1/2017 11:00,19.662,1227.1,
2129,10/1/2017 12:00,19.853,1980.6,373.254
2130,10/1/2017 13:00,20.424,2583.4,
2131,10/1/2017 14:00,20.996,1980.6,
2132,10/1/2017 15:00,20.996,1463.9,
2133,10/1/2017 16:00,21.187,1463.9,
2134,10/1/2017 17:00,20.996,570.5,
2135,10/1/2017 18:00,20.615,322.9,
2136,10/1/2017 19:00,19.662,43.1,
2137,10/1/2017 20:00,19.567,0,
2138,10/1/2017 21:00,19.472,0,
2139,10/1/2017 22:00,19.377,0,
2140,10/1/2017 23:00,19.282,0,
2141,10/2/2017 0:00,19.187,0,
2142,10/2/2017 1:00,19.187,0,
2143,10/2/2017 2:00,19.092,0,
2144,10/2/2017 3:00,19.092,0,
2145,10/2/2017 4:00,18.806,0,
2146,10/2/2017 5:00,18.806,0,
2147,10/2/2017 6:00,18.806,0,
2148,10/2/2017 7:00,18.711,0,
2149,10/2/2017 8:00,18.616,53.8,
2150,10/2/2017 9:00,18.711,344.4,
2151,10/2/2017 10:00,18.806,549,
2152,10/2/2017 11:00,18.996,742.7,
2153,10/2/2017 12:00,19.377,1722.2,373.859
2154,10/2/2017 13:00,19.948,1808.3,
2155,10/2/2017 14:00,20.901,1237.9,
2156,10/2/2017 15:00,21.473,635.1,
2157,10/2/2017 16:00,21.282,387.5,
2158,10/2/2017 17:00,21.187,914.9,
2159,10/2/2017 18:00,20.519,376.7,
2160,10/2/2017 19:00,19.567,32.3,
2161,10/2/2017 20:00,19.282,0,
2162,10/2/2017 21:00,19.377,0,
2163,10/2/2017 22:00,19.092,0,
2164,10/2/2017 23:00,18.806,0,
2165,10/3/2017 0:00,18.521,0,
2166,10/3/2017 1:00,18.236,0,
2167,10/3/2017 2:00,18.331,0,
2168,10/3/2017 3:00,18.426,0,
2169,10/3/2017 4:00,18.711,0,
2170,10/3/2017 5:00,18.616,0,
2171,10/3/2017 6:00,18.616,0,
2172,10/3/2017 7:00,18.616,0,
2173,10/3/2017 8:00,18.236,53.8,
2174,10/3/2017 9:00,18.426,161.5,
2175,10/3/2017 10:00,18.521,635.1,
2176,10/3/2017 11:00,19.092,1463.9,
2177,10/3/2017 12:00,19.758,1808.3,374.15
2178,10/3/2017 13:00,20.329,1377.8,
2179,10/3/2017 14:00,20.329,731.9,
2180,10/3/2017 15:00,20.805,839.6,
2181,10/3/2017 16:00,20.901,688.9,
2182,10/3/2017 17:00,20.615,473.6,
2183,10/3/2017 18:00,20.519,96.9,
2184,10/3/2017 19:00,20.043,10.8,
2185,10/3/2017 20:00,19.948,0,
2186,10/3/2017 21:00,19.662,0,
2187,10/3/2017 22:00,19.758,0,
2188,10/3/2017 23:00,20.138,0,
2189,10/4/2017 0:00,20.138,0,
2190,10/4/2017 1:00,20.043,0,
2191,10/4/2017 2:00,20.043,0,
2192,10/4/2017 3:00,19.853,0,
2193,10/4/2017 4:00,19.758,0,
2194,10/4/2017 5:00,19.758,0,
2195,10/4/2017 6:00,19.567,0,
2196,10/4/2017 7:00,19.567,0,
2197,10/4/2017 8:00,19.567,0,
2198,10/4/2017 9:00,19.567,0,
2199,10/4/2017 10:00,19.567,269.1,
2200,10/4/2017 11:00,19.662,355.2,
2201,10/4/2017 12:00,20.138,2755.6,374.683
2202,10/4/2017 13:00,20.71,2066.7,
2203,10/4/2017 14:00,20.996,1550,
2204,10/4/2017 15:00,21.091,1377.8,
2205,10/4/2017 16:00,21.091,1722.2,
2206,10/4/2017 17:00,21.282,731.9,
2207,10/4/2017 18:00,20.138,258.3,
2208,10/4/2017 19:00,20.043,32.3,
2209,10/4/2017 20:00,19.472,0,
2210,10/4/2017 21:00,19.567,0,
2211,10/4/2017 22:00,19.282,0,
2212,10/4/2017 23:00,18.996,0,
2213,10/5/2017 0:00,18.806,0,
2214,10/5/2017 1:00,18.901,0,
2215,10/5/2017 2:00,18.901,0,
2216,10/5/2017 3:00,18.806,0,
2217,10/5/2017 4:00,18.806,0,
2218,10/5/2017 5:00,18.711,0,
2219,10/5/2017 6:00,18.616,0,
2220,10/5/2017 7:00,18.616,0,
2221,10/5/2017 8:00,18.616,21.5,
2222,10/5/2017 9:00,18.616,64.6,
2223,10/5/2017 10:00,18.901,1377.8,
2224,10/5/2017 11:00,19.092,1463.9,
2225,10/5/2017 12:00,19.377,1550,374.747
2226,10/5/2017 13:00,19.758,1636.1,
2227,10/5/2017 14:00,20.329,1463.9,
2228,10/5/2017 15:00,19.472,688.9,
2229,10/5/2017 16:00,19.472,376.7,
2230,10/5/2017 17:00,19.187,193.8,
2231,10/5/2017 18:00,19.092,107.6,
2232,10/5/2017 19:00,18.806,10.8,
2233,10/5/2017 20:00,18.711,0,
2234,10/5/2017 21:00,18.711,0,
2235,10/5/2017 22:00,18.616,0,
2236,10/5/2017 23:00,18.521,0,
2237,10/6/2017 0:00,18.521,0,
2238,10/6/2017 1:00,18.521,0,
2239,10/6/2017 2:00,18.521,0,
2240,10/6/2017 3:00,18.521,0,
2241,10/6/2017 4:00,18.521,0,
2242,10/6/2017 5:00,18.521,0,
2243,10/6/2017 6:00,18.521,0,
2244,10/6/2017 7:00,18.331,0,
2245,10/6/2017 8:00,18.331,10.8,
2246,10/6/2017 9:00,18.426,129.2,
2247,10/6/2017 10:00,18.616,430.6,
2248,10/6/2017 11:00,20.138,0,
2249,10/6/2017 12:00,19.472,0,377.014
2250,10/6/2017 13:00,20.329,0,
2251,10/6/2017 14:00,24.351,0,
2252,10/6/2017 15:00,22.333,0,
2253,10/6/2017 16:00,21.187,0,
2254,10/6/2017 17:00,21.378,0,
2255,10/6/2017 18:00,21.378,0,
2256,10/6/2017 19:00,21.282,0,
2257,10/6/2017 20:00,21.187,0,
2258,10/6/2017 21:00,21.187,0,
2259,10/6/2017 22:00,21.091,0,
2260,10/6/2017 23:00,21.091,0,
2261,10/7/2017 0:00,21.091,0,
2262,10/7/2017 1:00,21.187,0,
2263,10/7/2017 2:00,21.187,0,
2264,10/7/2017 3:00,21.187,0,
2265,10/7/2017 4:00,21.282,0,
2266,10/7/2017 5:00,21.187,0,
2267,10/7/2017 6:00,21.187,0,
2268,10/7/2017 7:00,21.187,0,
2269,10/7/2017 8:00,21.378,0,
2270,10/7/2017 9:00,21.282,0,
2271,10/7/2017 10:00,21.378,0,
2272,10/7/2017 11:00,22.046,0,
2273,10/7/2017 12:00,22.142,0,378.84
2274,10/7/2017 13:00,22.046,0,
2275,10/7/2017 14:00,22.046,0,
2276,10/7/2017 15:00,22.046,0,
2277,10/7/2017 16:00,22.046,0,
2278,10/7/2017 17:00,22.046,0,
2279,10/7/2017 18:00,21.951,0,
2280,10/7/2017 19:00,22.046,0,
2281,10/7/2017 20:00,21.951,0,
2282,10/7/2017 21:00,21.855,0,
2283,10/7/2017 22:00,21.951,0,
2284,10/7/2017 23:00,22.142,0,
2285,10/8/2017 0:00,22.333,0,
2286,10/8/2017 1:00,22.238,0,
2287,10/8/2017 2:00,22.238,0,
2288,10/8/2017 3:00,22.142,0,
2289,10/8/2017 4:00,22.142,0,
2290,10/8/2017 5:00,22.046,0,
2291,10/8/2017 6:00,21.664,0,
2292,10/8/2017 7:00,21.378,0,
2293,10/8/2017 8:00,21.187,0,
2294,10/8/2017 9:00,22.046,0,
2295,10/8/2017 10:00,22.621,0,
2296,10/8/2017 11:00,22.717,0,
2297,10/8/2017 12:00,22.621,0,380.946
2298,10/8/2017 13:00,22.429,0,
2299,10/8/2017 14:00,22.142,0,
2300,10/8/2017 15:00,22.238,0,
2301,10/8/2017 16:00,22.238,0,
2302,10/8/2017 17:00,22.142,0,
2303,10/8/2017 18:00,22.046,0,
2304,10/8/2017 19:00,22.525,0,
2305,10/8/2017 20:00,21.76,0,
2306,10/8/2017 21:00,21.664,0,
2307,10/8/2017 22:00,21.473,0,
2308,10/8/2017 23:00,21.378,0,
2309,10/9/2017 0:00,21.187,0,
2310,10/9/2017 1:00,21.282,0,
2311,10/9/2017 2:00,21.473,0,
2312,10/9/2017 3:00,21.378,0,
2313,10/9/2017 4:00,21.378,0,
2314,10/9/2017 5:00,21.378,0,
2315,10/9/2017 6:00,21.473,0,
2316,10/9/2017 7:00,20.996,0,
2317,10/9/2017 8:00,21.091,0,
2318,10/9/2017 9:00,21.187,0,
2319,10/9/2017 10:00,23.581,0,
2320,10/9/2017 11:00,24.931,0,
2321,10/9/2017 12:00,24.158,0,384.392
2322,10/9/2017 13:00,23.484,0,
2323,10/9/2017 14:00,23.1,0,
2324,10/9/2017 15:00,23.004,0,
2325,10/9/2017 16:00,22.908,0,
2326,10/9/2017 17:00,22.812,0,
2327,10/9/2017 18:00,22.333,0,
2328,10/9/2017 19:00,22.238,0,
2329,10/9/2017 20:00,22.046,0,
2330,10/9/2017 21:00,21.951,0,
2331,10/9/2017 22:00,21.76,0,
2332,10/9/2017 23:00,21.76,0,
2333,10/10/2017 0:00,21.76,0,
2334,10/10/2017 1:00,21.76,0,
2335,10/10/2017 2:00,21.569,0,
2336,10/10/2017 3:00,21.664,0,
2337,10/10/2017 4:00,21.569,0,
2338,10/10/2017 5:00,21.473,0,
2339,10/10/2017 6:00,21.378,0,
2340,10/10/2017 7:00,21.091,0,
2341,10/10/2017 8:00,20.996,0,
2342,10/10/2017 9:00,21.569,0,
2343,10/10/2017 10:00,22.717,0,
2344,10/10/2017 11:00,22.429,0,
