#,"Date Time, GMT-04:00",Temp,Intensity,"GDD, DDc (LGR S/N: 20026244)"
1,7/4/2017 20:00,27.37,0,
2,7/4/2017 21:00,26.879,0,
3,7/4/2017 22:00,26.292,0,
4,7/4/2017 23:00,25.708,0,
5,7/5/2017 0:00,25.125,0,
6,7/5/2017 1:00,24.545,0,
7,7/5/2017 2:00,23.966,0,
8,7/5/2017 3:00,23.388,0,
9,7/5/2017 4:00,22.812,0,
10,7/5/2017 5:00,22.142,0,
11,7/5/2017 6:00,21.664,0,
12,7/5/2017 7:00,20.71,0,
13,7/5/2017 8:00,21.091,0,
14,7/5/2017 9:00,23.1,0,
15,7/5/2017 10:00,23.196,0,
16,7/5/2017 11:00,23.1,0,
17,7/5/2017 12:00,23.773,0,10.438
18,7/5/2017 13:00,26.292,0,
19,7/5/2017 14:00,33.43,0,
20,7/5/2017 15:00,35.649,0,
21,7/5/2017 16:00,36.079,0,
22,7/5/2017 17:00,33.953,0,
23,7/5/2017 18:00,33.639,0,
24,7/5/2017 19:00,31.574,0,
25,7/5/2017 20:00,28.754,0,
26,7/5/2017 21:00,26.585,0,
27,7/5/2017 22:00,24.545,0,
28,7/5/2017 23:00,23.1,0,
29,7/6/2017 0:00,21.664,0,
30,7/6/2017 1:00,20.71,0,
31,7/6/2017 2:00,19.282,0,
32,7/6/2017 3:00,18.331,0,
33,7/6/2017 4:00,17.665,0,
34,7/6/2017 5:00,17.379,0,
35,7/6/2017 6:00,16.808,0,
36,7/6/2017 7:00,16.618,0,
37,7/6/2017 8:00,19.092,0,
38,7/6/2017 9:00,23.004,0,
39,7/6/2017 10:00,23.966,0,
40,7/6/2017 11:00,27.075,0,
41,7/6/2017 12:00,36.62,21.5,20.537
42,7/6/2017 13:00,38.046,0,
43,7/6/2017 14:00,24.448,1636.1,
44,7/6/2017 15:00,24.835,1313.2,
45,7/6/2017 16:00,25.805,925.7,
46,7/6/2017 17:00,25.319,161.5,
47,7/6/2017 18:00,25.513,1280.9,
48,7/6/2017 19:00,25.416,409,
49,7/6/2017 20:00,25.125,710.4,
50,7/6/2017 21:00,24.835,107.6,
51,7/6/2017 22:00,24.641,0,
52,7/6/2017 23:00,24.351,0,
53,7/7/2017 0:00,24.062,0,
54,7/7/2017 1:00,23.869,0,
55,7/7/2017 2:00,23.677,0,
56,7/7/2017 3:00,23.869,0,
57,7/7/2017 4:00,23.677,0,
58,7/7/2017 5:00,23.677,0,
59,7/7/2017 6:00,23.677,0,
60,7/7/2017 7:00,23.581,64.6,
61,7/7/2017 8:00,23.581,226,
62,7/7/2017 9:00,23.677,226,
63,7/7/2017 10:00,23.388,441.3,
64,7/7/2017 11:00,23.966,538.2,
65,7/7/2017 12:00,23.966,882.6,25.649
66,7/7/2017 13:00,24.545,1001,
67,7/7/2017 14:00,25.805,2411.1,
68,7/7/2017 15:00,26.292,1377.8,
69,7/7/2017 16:00,26.292,2152.8,
70,7/7/2017 17:00,26.195,516.7,
71,7/7/2017 18:00,26.195,2238.9,
72,7/7/2017 19:00,25.513,2583.4,
73,7/7/2017 20:00,25.125,2669.5,
74,7/7/2017 21:00,24.158,473.6,
75,7/7/2017 22:00,23.196,0,
76,7/7/2017 23:00,23.581,0,
77,7/8/2017 0:00,23.388,0,
78,7/8/2017 1:00,23.1,0,
79,7/8/2017 2:00,23.1,0,
80,7/8/2017 3:00,22.908,0,
81,7/8/2017 4:00,22.621,0,
82,7/8/2017 5:00,22.525,0,
83,7/8/2017 6:00,22.621,0,
84,7/8/2017 7:00,22.525,43.1,
85,7/8/2017 8:00,22.717,129.2,
86,7/8/2017 9:00,22.908,215.3,
87,7/8/2017 10:00,23.292,312.2,
88,7/8/2017 11:00,23.484,484.4,
89,7/8/2017 12:00,24.158,441.3,30.393
90,7/8/2017 13:00,25.028,538.2,
91,7/8/2017 14:00,26,2411.1,
92,7/8/2017 15:00,26.097,2066.7,
93,7/8/2017 16:00,25.805,1636.1,
94,7/8/2017 17:00,25.805,1550,
95,7/8/2017 18:00,25.805,947.2,
96,7/8/2017 19:00,24.931,462.9,
97,7/8/2017 20:00,24.545,129.2,
98,7/8/2017 21:00,24.255,64.6,
99,7/8/2017 22:00,24.062,0,
100,7/8/2017 23:00,23.869,0,
101,7/9/2017 0:00,23.677,0,
102,7/9/2017 1:00,23.581,0,
103,7/9/2017 2:00,23.388,0,
104,7/9/2017 3:00,23.388,0,
105,7/9/2017 4:00,23.1,0,
106,7/9/2017 5:00,22.908,0,
107,7/9/2017 6:00,23.1,0,
108,7/9/2017 7:00,23.196,21.5,
109,7/9/2017 8:00,23.1,107.6,
110,7/9/2017 9:00,23.004,215.3,
111,7/9/2017 10:00,23.484,398.3,
112,7/9/2017 11:00,23.773,484.4,
113,7/9/2017 12:00,24.351,613.5,35.462
114,7/9/2017 13:00,25.125,624.3,
115,7/9/2017 14:00,25.708,1550,
116,7/9/2017 15:00,26,1722.2,
117,7/9/2017 16:00,26.39,796.5,
118,7/9/2017 17:00,26.097,279.9,
119,7/9/2017 18:00,25.708,107.6,
120,7/9/2017 19:00,24.641,75.3,
121,7/9/2017 20:00,24.448,32.3,
122,7/9/2017 21:00,24.062,0,
123,7/9/2017 22:00,23.773,0,
124,7/9/2017 23:00,23.677,0,
125,7/10/2017 0:00,23.581,0,
126,7/10/2017 1:00,23.484,0,
127,7/10/2017 2:00,23.484,0,
128,7/10/2017 3:00,23.292,0,
129,7/10/2017 4:00,23.1,0,
130,7/10/2017 5:00,22.812,0,
131,7/10/2017 6:00,22.908,0,
132,7/10/2017 7:00,22.812,64.6,
133,7/10/2017 8:00,23.196,236.8,
134,7/10/2017 9:00,23.388,301.4,
135,7/10/2017 10:00,23.677,258.3,
136,7/10/2017 11:00,24.255,312.2,
137,7/10/2017 12:00,24.931,645.8,41.749
138,7/10/2017 13:00,25.708,710.4,
139,7/10/2017 14:00,26.585,3444.5,
140,7/10/2017 15:00,27.961,1808.3,
141,7/10/2017 16:00,27.961,1377.8,
142,7/10/2017 17:00,28.357,1119.5,
143,7/10/2017 18:00,28.357,1377.8,
144,7/10/2017 19:00,27.862,495.1,
145,7/10/2017 20:00,27.37,409,
146,7/10/2017 21:00,26.879,107.6,
147,7/10/2017 22:00,25.61,0,
148,7/10/2017 23:00,25.319,0,
149,7/11/2017 0:00,25.028,0,
150,7/11/2017 1:00,24.738,0,
151,7/11/2017 2:00,24.448,0,
152,7/11/2017 3:00,24.158,0,
153,7/11/2017 4:00,24.255,0,
154,7/11/2017 5:00,24.062,0,
155,7/11/2017 6:00,24.255,0,
156,7/11/2017 7:00,23.966,64.6,
157,7/11/2017 8:00,24.158,236.8,
158,7/11/2017 9:00,24.351,269.1,
159,7/11/2017 10:00,24.738,355.2,
160,7/11/2017 11:00,25.125,462.9,
161,7/11/2017 12:00,25.708,495.1,48.581
162,7/11/2017 13:00,26.683,764.2,
163,7/11/2017 14:00,27.567,1894.5,
164,7/11/2017 15:00,27.961,1463.9,
165,7/11/2017 16:00,28.159,2066.7,
166,7/11/2017 17:00,28.555,1894.5,
167,7/11/2017 18:00,27.862,1463.9,
168,7/11/2017 19:00,28.258,1227.1,
169,7/11/2017 20:00,27.961,979.5,
170,7/11/2017 21:00,27.567,10.8,
171,7/11/2017 22:00,26.781,0,
172,7/11/2017 23:00,26.39,0,
173,7/12/2017 0:00,26.292,0,
174,7/12/2017 1:00,26,0,
175,7/12/2017 2:00,25.902,0,
176,7/12/2017 3:00,25.708,0,
177,7/12/2017 4:00,25.513,0,
178,7/12/2017 5:00,25.125,0,
179,7/12/2017 6:00,24.835,0,
180,7/12/2017 7:00,24.738,53.8,
181,7/12/2017 8:00,24.738,129.2,
182,7/12/2017 9:00,25.125,139.9,
183,7/12/2017 10:00,25.222,258.3,
184,7/12/2017 11:00,25.222,172.2,
185,7/12/2017 12:00,25.222,236.8,55.002
186,7/12/2017 13:00,25.416,871.9,
187,7/12/2017 14:00,26.195,1980.6,
188,7/12/2017 15:00,26.488,2152.8,
189,7/12/2017 16:00,26.585,1054.9,
190,7/12/2017 17:00,27.173,2066.7,
191,7/12/2017 18:00,27.468,1270.1,
192,7/12/2017 19:00,26.977,2152.8,
193,7/12/2017 20:00,26.781,312.2,
194,7/12/2017 21:00,26.585,0,
195,7/12/2017 22:00,26.195,0,
196,7/12/2017 23:00,25.902,0,
197,7/13/2017 0:00,25.61,0,
198,7/13/2017 1:00,25.416,0,
199,7/13/2017 2:00,25.513,0,
200,7/13/2017 3:00,25.125,0,
201,7/13/2017 4:00,24.448,0,
202,7/13/2017 5:00,24.545,0,
203,7/13/2017 6:00,24.545,0,
204,7/13/2017 7:00,24.062,10.8,
205,7/13/2017 8:00,23.677,43.1,
206,7/13/2017 9:00,23.484,118.4,
207,7/13/2017 10:00,23.869,161.5,
208,7/13/2017 11:00,24.545,290.6,
209,7/13/2017 12:00,24.351,247.6,59.784
210,7/13/2017 13:00,24.448,366,
211,7/13/2017 14:00,24.351,505.9,
212,7/13/2017 15:00,24.641,495.1,
213,7/13/2017 16:00,24.738,441.3,
214,7/13/2017 17:00,24.641,226,
215,7/13/2017 18:00,24.545,247.6,
216,7/13/2017 19:00,24.351,139.9,
217,7/13/2017 20:00,24.255,43.1,
218,7/13/2017 21:00,24.062,0,
219,7/13/2017 22:00,24.062,0,
220,7/13/2017 23:00,23.966,0,
221,7/14/2017 0:00,24.062,0,
222,7/14/2017 1:00,23.966,0,
223,7/14/2017 2:00,23.869,0,
224,7/14/2017 3:00,23.869,0,
225,7/14/2017 4:00,23.869,0,
226,7/14/2017 5:00,23.773,0,
227,7/14/2017 6:00,23.869,0,
228,7/14/2017 7:00,23.677,21.5,
229,7/14/2017 8:00,23.677,53.8,
230,7/14/2017 9:00,23.966,75.3,
231,7/14/2017 10:00,23.388,43.1,
232,7/14/2017 11:00,23.677,139.9,
233,7/14/2017 12:00,23.869,516.7,63.572
234,7/14/2017 13:00,23.677,118.4,
235,7/14/2017 14:00,23.388,452.1,
236,7/14/2017 15:00,23.773,193.8,
237,7/14/2017 16:00,23.773,516.7,
238,7/14/2017 17:00,23.869,290.6,
239,7/14/2017 18:00,24.062,1151.7,
240,7/14/2017 19:00,24.062,1162.5,
241,7/14/2017 20:00,24.158,1076.4,
242,7/14/2017 21:00,23.869,107.6,
243,7/14/2017 22:00,23.484,0,
244,7/14/2017 23:00,23.581,0,
245,7/15/2017 0:00,23.292,0,
246,7/15/2017 1:00,23.196,0,
247,7/15/2017 2:00,23.1,0,
248,7/15/2017 3:00,23.196,0,
249,7/15/2017 4:00,23.1,0,
250,7/15/2017 5:00,23.004,0,
251,7/15/2017 6:00,23.196,0,
252,7/15/2017 7:00,23.196,32.3,
253,7/15/2017 8:00,23.196,118.4,
254,7/15/2017 9:00,23.196,236.8,
255,7/15/2017 10:00,23.1,312.2,
256,7/15/2017 11:00,23.484,516.7,
257,7/15/2017 12:00,24.062,549,68.057
258,7/15/2017 13:00,24.835,775,
259,7/15/2017 14:00,25.416,4650,
260,7/15/2017 15:00,25.222,1980.6,
261,7/15/2017 16:00,25.416,549,
262,7/15/2017 17:00,25.319,1011.8,
263,7/15/2017 18:00,25.125,1894.5,
264,7/15/2017 19:00,24.641,1550,
265,7/15/2017 20:00,24.158,86.1,
266,7/15/2017 21:00,24.062,10.8,
267,7/15/2017 22:00,23.869,0,
268,7/15/2017 23:00,23.677,0,
269,7/16/2017 0:00,23.581,0,
270,7/16/2017 1:00,23.581,0,
271,7/16/2017 2:00,23.196,0,
272,7/16/2017 3:00,23.196,0,
273,7/16/2017 4:00,23.1,0,
274,7/16/2017 5:00,22.812,0,
275,7/16/2017 6:00,22.812,0,
276,7/16/2017 7:00,22.717,0,
277,7/16/2017 8:00,22.525,64.6,
278,7/16/2017 9:00,22.621,86.1,
279,7/16/2017 10:00,22.621,215.3,
280,7/16/2017 11:00,22.621,215.3,
281,7/16/2017 12:00,23.004,538.2,72.615
282,7/16/2017 13:00,23.388,452.1,
283,7/16/2017 14:00,24.158,1894.5,
284,7/16/2017 15:00,24.738,968.8,
285,7/16/2017 16:00,25.319,387.5,
286,7/16/2017 17:00,25.416,1087.2,
287,7/16/2017 18:00,25.513,1550,
288,7/16/2017 19:00,25.805,1377.8,
289,7/16/2017 20:00,25.319,893.4,
290,7/16/2017 21:00,24.545,53.8,
291,7/16/2017 22:00,23.677,0,
292,7/16/2017 23:00,23.196,0,
293,7/17/2017 0:00,23.196,0,
294,7/17/2017 1:00,23.292,0,
295,7/17/2017 2:00,23.1,0,
296,7/17/2017 3:00,22.908,0,
297,7/17/2017 4:00,22.812,0,
298,7/17/2017 5:00,22.908,0,
299,7/17/2017 6:00,22.908,0,
300,7/17/2017 7:00,22.908,75.3,
301,7/17/2017 8:00,23.004,258.3,
302,7/17/2017 9:00,23.196,409,
303,7/17/2017 10:00,23.388,527.4,
304,7/17/2017 11:00,23.869,645.8,
305,7/17/2017 12:00,24.738,818.1,78.649
306,7/17/2017 13:00,25.61,850.4,
307,7/17/2017 14:00,26.683,11022.3,
308,7/17/2017 15:00,27.37,1894.5,
309,7/17/2017 16:00,27.961,1377.8,
310,7/17/2017 17:00,27.665,1550,
311,7/17/2017 18:00,27.961,1173.3,
312,7/17/2017 19:00,27.37,1130.2,
313,7/17/2017 20:00,26.292,495.1,
314,7/17/2017 21:00,25.513,53.8,
315,7/17/2017 22:00,25.319,0,
316,7/17/2017 23:00,24.835,0,
317,7/18/2017 0:00,24.545,0,
318,7/18/2017 1:00,24.062,0,
319,7/18/2017 2:00,24.158,0,
320,7/18/2017 3:00,24.062,0,
321,7/18/2017 4:00,23.677,0,
322,7/18/2017 5:00,23.581,0,
323,7/18/2017 6:00,23.388,0,
324,7/18/2017 7:00,23.292,107.6,
325,7/18/2017 8:00,23.004,258.3,
326,7/18/2017 9:00,23.484,376.7,
327,7/18/2017 10:00,23.869,904.2,
328,7/18/2017 11:00,23.966,678.1,
329,7/18/2017 12:00,24.351,1065.6,83.319
330,7/18/2017 13:00,24.835,1054.9,
331,7/18/2017 14:00,25.708,1377.8,
332,7/18/2017 15:00,25.222,1980.6,
333,7/18/2017 16:00,25.416,1980.6,
334,7/18/2017 17:00,25.708,1636.1,
335,7/18/2017 18:00,25.708,1248.6,
336,7/18/2017 19:00,25.61,1227.1,
337,7/18/2017 20:00,25.416,161.5,
338,7/18/2017 21:00,25.319,0,
339,7/18/2017 22:00,24.835,0,
340,7/18/2017 23:00,24.641,0,
341,7/19/2017 0:00,24.545,0,
342,7/19/2017 1:00,24.448,0,
343,7/19/2017 2:00,24.351,0,
344,7/19/2017 3:00,24.255,0,
345,7/19/2017 4:00,24.255,0,
346,7/19/2017 5:00,24.255,0,
347,7/19/2017 6:00,24.158,0,
348,7/19/2017 7:00,23.869,64.6,
349,7/19/2017 8:00,23.869,161.5,
350,7/19/2017 9:00,23.966,269.1,
351,7/19/2017 10:00,24.255,538.2,
352,7/19/2017 11:00,24.835,613.5,
353,7/19/2017 12:00,25.513,258.3,90.116
354,7/19/2017 13:00,26.488,376.7,
355,7/19/2017 14:00,27.764,3272.2,
356,7/19/2017 15:00,28.555,1980.6,
357,7/19/2017 16:00,28.159,1722.2,
358,7/19/2017 17:00,28.258,1291.7,
359,7/19/2017 18:00,27.468,1550,
360,7/19/2017 19:00,27.37,1248.6,
361,7/19/2017 20:00,26.488,753.5,
362,7/19/2017 21:00,25.805,10.8,
363,7/19/2017 22:00,25.416,0,
364,7/19/2017 23:00,25.125,0,
365,7/20/2017 0:00,24.931,0,
366,7/20/2017 1:00,24.641,0,
367,7/20/2017 2:00,24.738,0,
368,7/20/2017 3:00,24.641,0,
369,7/20/2017 4:00,24.448,0,
370,7/20/2017 5:00,24.351,0,
371,7/20/2017 6:00,24.062,0,
372,7/20/2017 7:00,23.869,43.1,
373,7/20/2017 8:00,24.351,107.6,
374,7/20/2017 9:00,24.545,376.7,
375,7/20/2017 10:00,24.641,398.3,
376,7/20/2017 11:00,24.738,871.9,
377,7/20/2017 12:00,25.319,968.8,96.033
378,7/20/2017 13:00,25.708,1033.3,
379,7/20/2017 14:00,26.292,1894.5,
380,7/20/2017 15:00,26.39,1894.5,
381,7/20/2017 16:00,26.39,1980.6,
382,7/20/2017 17:00,27.173,1313.2,
383,7/20/2017 18:00,27.173,1808.3,
384,7/20/2017 19:00,26.683,1119.5,
385,7/20/2017 20:00,26.097,828.8,
386,7/20/2017 21:00,25.902,32.3,
387,7/20/2017 22:00,25.416,0,
388,7/20/2017 23:00,25.222,0,
389,7/21/2017 0:00,25.028,0,
390,7/21/2017 1:00,24.738,0,
391,7/21/2017 2:00,24.545,0,
392,7/21/2017 3:00,24.545,0,
393,7/21/2017 4:00,24.448,0,
394,7/21/2017 5:00,24.158,0,
395,7/21/2017 6:00,24.448,0,
396,7/21/2017 7:00,24.351,64.6,
397,7/21/2017 8:00,24.545,226,
398,7/21/2017 9:00,24.738,344.4,
399,7/21/2017 10:00,24.931,559.7,
400,7/21/2017 11:00,25.416,667.4,
401,7/21/2017 12:00,25.902,882.6,102.432
402,7/21/2017 13:00,26.781,1022.6,
403,7/21/2017 14:00,27.468,1377.8,
404,7/21/2017 15:00,27.764,1065.6,
405,7/21/2017 16:00,27.764,1324,
406,7/21/2017 17:00,27.37,775,
407,7/21/2017 18:00,27.37,602.8,
408,7/21/2017 19:00,26.879,344.4,
409,7/21/2017 20:00,26.683,290.6,
410,7/21/2017 21:00,26.195,64.6,
411,7/21/2017 22:00,25.902,0,
412,7/21/2017 23:00,25.708,0,
413,7/22/2017 0:00,25.513,0,
414,7/22/2017 1:00,25.513,0,
415,7/22/2017 2:00,25.416,0,
416,7/22/2017 3:00,25.222,0,
417,7/22/2017 4:00,25.125,0,
418,7/22/2017 5:00,25.028,0,
419,7/22/2017 6:00,25.028,0,
420,7/22/2017 7:00,24.931,43.1,
421,7/22/2017 8:00,24.931,183,
422,7/22/2017 9:00,25.125,290.6,
423,7/22/2017 10:00,25.319,258.3,
424,7/22/2017 11:00,25.222,215.3,
425,7/22/2017 12:00,25.319,279.9,109.111
426,7/22/2017 13:00,25.61,1001,
427,7/22/2017 14:00,26.39,893.4,
428,7/22/2017 15:00,26.683,678.1,
429,7/22/2017 16:00,27.272,850.4,
430,7/22/2017 17:00,27.468,1377.8,
431,7/22/2017 18:00,27.665,333.7,
432,7/22/2017 19:00,27.764,452.1,
433,7/22/2017 20:00,27.272,75.3,
434,7/22/2017 21:00,27.173,10.8,
435,7/22/2017 22:00,26.683,0,
436,7/22/2017 23:00,26.39,0,
437,7/23/2017 0:00,26.195,0,
438,7/23/2017 1:00,26,0,
439,7/23/2017 2:00,25.805,0,
440,7/23/2017 3:00,25.805,0,
441,7/23/2017 4:00,25.61,0,
442,7/23/2017 5:00,25.416,0,
443,7/23/2017 6:00,25.416,0,
444,7/23/2017 7:00,25.222,10.8,
445,7/23/2017 8:00,25.028,129.2,
446,7/23/2017 9:00,25.125,193.8,
447,7/23/2017 10:00,25.222,366,
448,7/23/2017 11:00,25.028,624.3,
449,7/23/2017 12:00,25.319,656.6,114.767
450,7/23/2017 13:00,25.805,635.1,
451,7/23/2017 14:00,26,678.1,
452,7/23/2017 15:00,26.097,441.3,
453,7/23/2017 16:00,26.488,1636.1,
454,7/23/2017 17:00,26.39,1636.1,
455,7/23/2017 18:00,26.488,559.7,
456,7/23/2017 19:00,26.292,215.3,
457,7/23/2017 20:00,26.292,258.3,
458,7/23/2017 21:00,25.708,10.8,
459,7/23/2017 22:00,25.125,0,
460,7/23/2017 23:00,24.448,0,
461,7/24/2017 0:00,24.351,0,
462,7/24/2017 1:00,24.255,0,
463,7/24/2017 2:00,24.255,0,
464,7/24/2017 3:00,24.062,0,
465,7/24/2017 4:00,23.966,0,
466,7/24/2017 5:00,23.677,0,
467,7/24/2017 6:00,23.966,0,
468,7/24/2017 7:00,23.677,75.3,
469,7/24/2017 8:00,23.388,226,
470,7/24/2017 9:00,23.196,312.2,
471,7/24/2017 10:00,23.677,333.7,
472,7/24/2017 11:00,24.062,624.3,
473,7/24/2017 12:00,24.448,699.7,120.816
474,7/24/2017 13:00,25.319,764.2,
475,7/24/2017 14:00,26.195,2497.2,
476,7/24/2017 15:00,26.585,2066.7,
477,7/24/2017 16:00,27.272,1808.3,
478,7/24/2017 17:00,27.764,1377.8,
479,7/24/2017 18:00,27.764,1313.2,
480,7/24/2017 19:00,27.567,1054.9,
481,7/24/2017 20:00,26.879,1280.9,
482,7/24/2017 21:00,26,43.1,
483,7/24/2017 22:00,25.319,0,
484,7/24/2017 23:00,24.835,0,
485,7/25/2017 0:00,24.351,0,
486,7/25/2017 1:00,24.158,0,
487,7/25/2017 2:00,23.773,0,
488,7/25/2017 3:00,23.966,0,
489,7/25/2017 4:00,23.869,0,
490,7/25/2017 5:00,23.869,0,
491,7/25/2017 6:00,23.773,0,
492,7/25/2017 7:00,23.484,75.3,
493,7/25/2017 8:00,23.581,215.3,
494,7/25/2017 9:00,24.255,344.4,
495,7/25/2017 10:00,24.641,505.9,
496,7/25/2017 11:00,24.931,495.1,
497,7/25/2017 12:00,25.416,861.1,126.656
498,7/25/2017 13:00,26.292,947.2,
499,7/25/2017 14:00,26.39,9644.5,
500,7/25/2017 15:00,26.781,1980.6,
501,7/25/2017 16:00,26.585,1636.1,
502,7/25/2017 17:00,26.977,1463.9,
503,7/25/2017 18:00,27.272,1636.1,
504,7/25/2017 19:00,26.195,1550,
505,7/25/2017 20:00,26.195,549,
506,7/25/2017 21:00,25.61,21.5,
507,7/25/2017 22:00,25.319,0,
508,7/25/2017 23:00,25.222,0,
509,7/26/2017 0:00,25.028,0,
510,7/26/2017 1:00,24.738,0,
511,7/26/2017 2:00,24.738,0,
512,7/26/2017 3:00,24.738,0,
513,7/26/2017 4:00,24.641,0,
514,7/26/2017 5:00,24.545,0,
515,7/26/2017 6:00,24.641,0,
516,7/26/2017 7:00,24.255,0,
517,7/26/2017 8:00,23.869,32.3,
518,7/26/2017 9:00,24.255,53.8,
519,7/26/2017 10:00,24.255,269.1,
520,7/26/2017 11:00,24.255,409,
521,7/26/2017 12:00,24.448,570.5,131.208
522,7/26/2017 13:00,24.448,53.8,
523,7/26/2017 14:00,24.158,139.9,
524,7/26/2017 15:00,24.158,236.8,
525,7/26/2017 16:00,24.351,387.5,
526,7/26/2017 17:00,24.448,473.6,
527,7/26/2017 18:00,24.448,64.6,
528,7/26/2017 19:00,24.351,53.8,
529,7/26/2017 20:00,24.255,21.5,
530,7/26/2017 21:00,24.158,10.8,
531,7/26/2017 22:00,24.158,0,
532,7/26/2017 23:00,23.966,0,
533,7/27/2017 0:00,23.869,0,
534,7/27/2017 1:00,23.773,0,
535,7/27/2017 2:00,23.869,0,
536,7/27/2017 3:00,23.966,0,
537,7/27/2017 4:00,23.966,0,
538,7/27/2017 5:00,23.869,0,
539,7/27/2017 6:00,23.773,0,
540,7/27/2017 7:00,23.677,75.3,
541,7/27/2017 8:00,23.773,290.6,
542,7/27/2017 9:00,24.062,366,
543,7/27/2017 10:00,24.255,495.1,
544,7/27/2017 11:00,24.641,549,
545,7/27/2017 12:00,25.028,527.4,137.557
546,7/27/2017 13:00,26,592,
547,7/27/2017 14:00,26.683,645.8,
548,7/27/2017 15:00,27.272,1808.3,
549,7/27/2017 16:00,27.764,1550,
550,7/27/2017 17:00,27.961,1216.3,
551,7/27/2017 18:00,27.862,1033.3,
552,7/27/2017 19:00,26.097,484.4,
553,7/27/2017 20:00,25.416,462.9,
554,7/27/2017 21:00,25.61,10.8,
555,7/27/2017 22:00,25.222,0,
556,7/27/2017 23:00,24.641,0,
557,7/28/2017 0:00,24.351,0,
558,7/28/2017 1:00,24.255,0,
559,7/28/2017 2:00,24.158,0,
560,7/28/2017 3:00,24.062,0,
561,7/28/2017 4:00,23.966,0,
562,7/28/2017 5:00,23.869,0,
563,7/28/2017 6:00,23.869,0,
564,7/28/2017 7:00,23.773,53.8,
565,7/28/2017 8:00,24.062,226,
566,7/28/2017 9:00,24.158,355.2,
567,7/28/2017 10:00,24.351,452.1,
568,7/28/2017 11:00,24.641,656.6,
569,7/28/2017 12:00,24.931,861.1,143.252
570,7/28/2017 13:00,25.416,968.8,
571,7/28/2017 14:00,25.708,3272.2,
572,7/28/2017 15:00,26.097,882.6,
573,7/28/2017 16:00,26.195,1808.3,
574,7/28/2017 17:00,26.488,1636.1,
575,7/28/2017 18:00,26.879,1377.8,
576,7/28/2017 19:00,26.683,1194.8,
577,7/28/2017 20:00,26.097,1194.8,
578,7/28/2017 21:00,25.61,21.5,
579,7/28/2017 22:00,25.222,0,
580,7/28/2017 23:00,24.641,0,
581,7/29/2017 0:00,24.062,0,
582,7/29/2017 1:00,23.869,0,
583,7/29/2017 2:00,23.966,0,
584,7/29/2017 3:00,24.062,0,
585,7/29/2017 4:00,23.677,0,
586,7/29/2017 5:00,23.388,0,
587,7/29/2017 6:00,23.292,0,
588,7/29/2017 7:00,23.196,43.1,
589,7/29/2017 8:00,23.004,129.2,
590,7/29/2017 9:00,23.966,269.1,
591,7/29/2017 10:00,24.255,366,
592,7/29/2017 11:00,24.448,516.7,
593,7/29/2017 12:00,25.125,656.6,149.231
594,7/29/2017 13:00,25.805,656.6,
595,7/29/2017 14:00,26.488,925.7,
596,7/29/2017 15:00,27.173,1722.2,
597,7/29/2017 16:00,27.764,1636.1,
598,7/29/2017 17:00,27.665,1377.8,
599,7/29/2017 18:00,27.567,839.6,
600,7/29/2017 19:00,26.977,914.9,
601,7/29/2017 20:00,26.292,355.2,
602,7/29/2017 21:00,25.416,10.8,
603,7/29/2017 22:00,25.028,0,
604,7/29/2017 23:00,24.641,0,
605,7/30/2017 0:00,24.351,0,
606,7/30/2017 1:00,24.351,0,
607,7/30/2017 2:00,24.158,0,
608,7/30/2017 3:00,23.773,0,
609,7/30/2017 4:00,24.062,0,
610,7/30/2017 5:00,23.966,0,
611,7/30/2017 6:00,24.062,0,
612,7/30/2017 7:00,24.158,64.6,
613,7/30/2017 8:00,24.255,247.6,
614,7/30/2017 9:00,24.351,398.3,
615,7/30/2017 10:00,24.641,549,
616,7/30/2017 11:00,24.835,635.1,
617,7/30/2017 12:00,25.416,807.3,154.926
618,7/30/2017 13:00,25.902,592,
619,7/30/2017 14:00,26.097,958,
620,7/30/2017 15:00,25.708,1184,
621,7/30/2017 16:00,26.39,1722.2,
622,7/30/2017 17:00,26.879,1291.7,
623,7/30/2017 18:00,26.683,473.6,
624,7/30/2017 19:00,25.902,430.6,
625,7/30/2017 20:00,25.708,505.9,
626,7/30/2017 21:00,25.416,10.8,
627,7/30/2017 22:00,25.125,0,
628,7/30/2017 23:00,24.931,0,
629,7/31/2017 0:00,24.738,0,
630,7/31/2017 1:00,24.641,0,
631,7/31/2017 2:00,24.738,0,
632,7/31/2017 3:00,24.545,0,
633,7/31/2017 4:00,24.351,0,
634,7/31/2017 5:00,24.448,0,
635,7/31/2017 6:00,24.545,0,
636,7/31/2017 7:00,24.448,32.3,
637,7/31/2017 8:00,24.448,150.7,
638,7/31/2017 9:00,24.641,269.1,
639,7/31/2017 10:00,24.738,452.1,
640,7/31/2017 11:00,25.222,592,
641,7/31/2017 12:00,26,656.6,162.025
642,7/31/2017 13:00,26.683,764.2,
643,7/31/2017 14:00,27.764,1722.2,
644,7/31/2017 15:00,28.555,1894.5,
645,7/31/2017 16:00,28.754,1722.2,
646,7/31/2017 17:00,28.754,1808.3,
647,7/31/2017 18:00,28.456,1463.9,
648,7/31/2017 19:00,28.06,990.3,
649,7/31/2017 20:00,27.468,753.5,
650,7/31/2017 21:00,26.879,0,
651,7/31/2017 22:00,26.39,0,
652,7/31/2017 23:00,26.097,0,
653,8/1/2017 0:00,25.902,0,
654,8/1/2017 1:00,25.708,0,
655,8/1/2017 2:00,25.513,0,
656,8/1/2017 3:00,25.125,0,
657,8/1/2017 4:00,25.125,0,
658,8/1/2017 5:00,25.125,0,
659,8/1/2017 6:00,24.835,0,
660,8/1/2017 7:00,24.931,43.1,
661,8/1/2017 8:00,25.125,150.7,
662,8/1/2017 9:00,25.319,290.6,
663,8/1/2017 10:00,25.416,419.8,
664,8/1/2017 11:00,25.805,559.7,
665,8/1/2017 12:00,26.488,602.8,168.231
666,8/1/2017 13:00,26.683,721.2,
667,8/1/2017 14:00,26.488,1076.4,
668,8/1/2017 15:00,26.683,2152.8,
669,8/1/2017 16:00,27.075,1636.1,
670,8/1/2017 17:00,26.781,1463.9,
671,8/1/2017 18:00,27.075,1463.9,
672,8/1/2017 19:00,26.683,1463.9,
673,8/1/2017 20:00,26.39,355.2,
674,8/1/2017 21:00,26.097,0,
675,8/1/2017 22:00,25.805,0,
676,8/1/2017 23:00,25.61,0,
677,8/2/2017 0:00,25.319,0,
678,8/2/2017 1:00,25.028,0,
679,8/2/2017 2:00,25.222,0,
680,8/2/2017 3:00,25.222,0,
681,8/2/2017 4:00,25.028,0,
682,8/2/2017 5:00,25.222,0,
683,8/2/2017 6:00,25.028,0,
684,8/2/2017 7:00,24.835,21.5,
685,8/2/2017 8:00,25.028,96.9,
686,8/2/2017 9:00,25.125,53.8,
687,8/2/2017 10:00,25.125,376.7,
688,8/2/2017 11:00,25.125,430.6,
689,8/2/2017 12:00,25.319,516.7,174.938
690,8/2/2017 13:00,25.61,947.2,
691,8/2/2017 14:00,26.39,721.2,
692,8/2/2017 15:00,26.879,645.8,
693,8/2/2017 16:00,27.468,1550,
694,8/2/2017 17:00,27.862,1184,
695,8/2/2017 18:00,27.665,1076.4,
696,8/2/2017 19:00,27.075,516.7,
697,8/2/2017 20:00,26.292,505.9,
698,8/2/2017 21:00,25.416,0,
699,8/2/2017 22:00,25.125,0,
700,8/2/2017 23:00,24.931,0,
701,8/3/2017 0:00,24.835,0,
702,8/3/2017 1:00,24.545,0,
703,8/3/2017 2:00,24.738,0,
704,8/3/2017 3:00,24.545,0,
705,8/3/2017 4:00,24.351,0,
706,8/3/2017 5:00,24.641,0,
707,8/3/2017 6:00,24.641,0,
708,8/3/2017 7:00,24.545,21.5,
709,8/3/2017 8:00,24.448,96.9,
710,8/3/2017 9:00,24.835,226,
711,8/3/2017 10:00,24.835,333.7,
712,8/3/2017 11:00,24.835,419.8,
713,8/3/2017 12:00,24.738,172.2,179.649
714,8/3/2017 13:00,24.835,893.4,
715,8/3/2017 14:00,25.125,796.5,
716,8/3/2017 15:00,25.222,1280.9,
717,8/3/2017 16:00,25.125,484.4,
718,8/3/2017 17:00,24.931,635.1,
719,8/3/2017 18:00,24.641,10.8,
720,8/3/2017 19:00,24.351,0,
721,8/3/2017 20:00,24.062,0,
722,8/3/2017 21:00,23.966,0,
723,8/3/2017 22:00,24.158,0,
724,8/3/2017 23:00,24.158,0,
725,8/4/2017 0:00,24.158,0,
726,8/4/2017 1:00,24.158,0,
727,8/4/2017 2:00,24.062,0,
728,8/4/2017 3:00,24.158,0,
729,8/4/2017 4:00,24.158,0,
730,8/4/2017 5:00,24.062,0,
731,8/4/2017 6:00,24.062,0,
732,8/4/2017 7:00,23.966,32.3,
733,8/4/2017 8:00,23.677,161.5,
734,8/4/2017 9:00,24.062,215.3,
735,8/4/2017 10:00,24.062,333.7,
736,8/4/2017 11:00,24.255,850.4,
737,8/4/2017 12:00,24.738,1463.9,183.87
738,8/4/2017 13:00,25.125,1377.8,
739,8/4/2017 14:00,25.222,1636.1,
740,8/4/2017 15:00,25.125,807.3,
741,8/4/2017 16:00,24.835,645.8,
742,8/4/2017 17:00,24.545,333.7,
743,8/4/2017 18:00,24.062,161.5,
744,8/4/2017 19:00,23.484,32.3,
745,8/4/2017 20:00,23.1,0,
746,8/4/2017 21:00,22.717,0,
747,8/4/2017 22:00,22.812,0,
748,8/4/2017 23:00,22.621,0,
749,8/5/2017 0:00,22.908,0,
750,8/5/2017 1:00,23.196,0,
751,8/5/2017 2:00,22.812,0,
752,8/5/2017 3:00,22.525,0,
753,8/5/2017 4:00,22.046,0,
754,8/5/2017 5:00,21.951,0,
755,8/5/2017 6:00,22.812,0,
756,8/5/2017 7:00,22.429,53.8,
757,8/5/2017 8:00,22.812,118.4,
758,8/5/2017 9:00,22.717,161.5,
759,8/5/2017 10:00,23.1,269.1,
760,8/5/2017 11:00,23.292,344.4,
761,8/5/2017 12:00,23.677,258.3,187.972
762,8/5/2017 13:00,24.062,936.5,
763,8/5/2017 14:00,24.351,1313.2,
764,8/5/2017 15:00,24.931,1808.3,
765,8/5/2017 16:00,25.125,1808.3,
766,8/5/2017 17:00,25.416,1980.6,
767,8/5/2017 18:00,24.545,1636.1,
768,8/5/2017 19:00,24.545,1173.3,
769,8/5/2017 20:00,23.966,215.3,
770,8/5/2017 21:00,23.677,0,
771,8/5/2017 22:00,23.388,0,
772,8/5/2017 23:00,23.004,0,
773,8/6/2017 0:00,22.812,0,
774,8/6/2017 1:00,22.908,0,
775,8/6/2017 2:00,22.812,0,
776,8/6/2017 3:00,22.621,0,
777,8/6/2017 4:00,22.812,0,
778,8/6/2017 5:00,22.812,0,
779,8/6/2017 6:00,22.717,0,
780,8/6/2017 7:00,22.621,53.8,
781,8/6/2017 8:00,22.621,204.5,
782,8/6/2017 9:00,22.621,419.8,
783,8/6/2017 10:00,22.812,441.3,
784,8/6/2017 11:00,23.292,527.4,
785,8/6/2017 12:00,23.773,979.5,192.318
786,8/6/2017 13:00,24.255,1087.2,
787,8/6/2017 14:00,24.931,1377.8,
788,8/6/2017 15:00,25.416,1808.3,
789,8/6/2017 16:00,25.222,1463.9,
790,8/6/2017 17:00,25.416,1636.1,
791,8/6/2017 18:00,25.319,871.9,
792,8/6/2017 19:00,25.125,958,
793,8/6/2017 20:00,24.545,430.6,
794,8/6/2017 21:00,24.062,0,
795,8/6/2017 22:00,23.773,0,
796,8/6/2017 23:00,23.484,0,
797,8/7/2017 0:00,23.292,0,
798,8/7/2017 1:00,23.1,0,
799,8/7/2017 2:00,23.1,0,
800,8/7/2017 3:00,23.004,0,
801,8/7/2017 4:00,23.004,0,
802,8/7/2017 5:00,22.717,0,
803,8/7/2017 6:00,22.621,0,
804,8/7/2017 7:00,22.525,43.1,
805,8/7/2017 8:00,22.333,139.9,
806,8/7/2017 9:00,22.525,161.5,
807,8/7/2017 10:00,22.717,236.8,
808,8/7/2017 11:00,23.1,366,
809,8/7/2017 12:00,23.677,592,196.496
810,8/7/2017 13:00,24.158,871.9,
811,8/7/2017 14:00,24.738,1463.9,
812,8/7/2017 15:00,25.319,1722.2,
813,8/7/2017 16:00,24.931,1808.3,
814,8/7/2017 17:00,25.319,1808.3,
815,8/7/2017 18:00,25.028,1722.2,
816,8/7/2017 19:00,25.028,1270.1,
817,8/7/2017 20:00,24.255,452.1,
818,8/7/2017 21:00,23.966,0,
819,8/7/2017 22:00,23.677,0,
820,8/7/2017 23:00,23.292,0,
821,8/8/2017 0:00,23.196,0,
822,8/8/2017 1:00,22.908,0,
823,8/8/2017 2:00,22.621,0,
824,8/8/2017 3:00,22.621,0,
825,8/8/2017 4:00,22.717,0,
826,8/8/2017 5:00,22.621,0,
827,8/8/2017 6:00,22.621,0,
828,8/8/2017 7:00,22.717,43.1,
829,8/8/2017 8:00,22.812,215.3,
830,8/8/2017 9:00,22.908,344.4,
831,8/8/2017 10:00,23.004,419.8,
832,8/8/2017 11:00,23.292,549,
833,8/8/2017 12:00,23.773,742.7,200.78
834,8/8/2017 13:00,24.351,1044.1,
835,8/8/2017 14:00,25.028,1377.8,
836,8/8/2017 15:00,25.125,1722.2,
837,8/8/2017 16:00,25.028,1894.5,
838,8/8/2017 17:00,25.222,1894.5,
839,8/8/2017 18:00,25.319,1808.3,
840,8/8/2017 19:00,24.835,1291.7,
841,8/8/2017 20:00,24.062,398.3,
842,8/8/2017 21:00,23.773,0,
843,8/8/2017 22:00,23.581,0,
844,8/8/2017 23:00,23.484,0,
845,8/9/2017 0:00,23.292,0,
846,8/9/2017 1:00,23.196,0,
847,8/9/2017 2:00,23.196,0,
848,8/9/2017 3:00,23.1,0,
849,8/9/2017 4:00,23.196,0,
850,8/9/2017 5:00,23.292,0,
851,8/9/2017 6:00,23.196,0,
852,8/9/2017 7:00,23.1,32.3,
853,8/9/2017 8:00,23.196,172.2,
854,8/9/2017 9:00,23.292,247.6,
855,8/9/2017 10:00,23.484,333.7,
856,8/9/2017 11:00,23.773,527.4,
857,8/9/2017 12:00,24.351,742.7,205.485
858,8/9/2017 13:00,24.931,1097.9,
859,8/9/2017 14:00,25.319,1270.1,
860,8/9/2017 15:00,25.125,1808.3,
861,8/9/2017 16:00,25.416,1722.2,
862,8/9/2017 17:00,25.708,2152.8,
863,8/9/2017 18:00,25.513,516.7,
864,8/9/2017 19:00,24.931,688.9,
865,8/9/2017 20:00,24.448,193.8,
866,8/9/2017 21:00,24.255,0,
867,8/9/2017 22:00,24.062,0,
868,8/9/2017 23:00,23.869,0,
869,8/10/2017 0:00,23.677,0,
870,8/10/2017 1:00,23.581,0,
871,8/10/2017 2:00,23.196,0,
872,8/10/2017 3:00,23.388,0,
873,8/10/2017 4:00,23.581,0,
874,8/10/2017 5:00,23.581,0,
875,8/10/2017 6:00,23.484,0,
876,8/10/2017 7:00,23.388,0,
877,8/10/2017 8:00,23.388,161.5,
878,8/10/2017 9:00,23.388,301.4,
879,8/10/2017 10:00,23.581,688.9,
880,8/10/2017 11:00,23.966,968.8,
881,8/10/2017 12:00,24.062,904.2,209.572
882,8/10/2017 13:00,24.255,366,
883,8/10/2017 14:00,24.158,333.7,
884,8/10/2017 15:00,24.255,1302.4,
885,8/10/2017 16:00,24.255,1894.5,
886,8/10/2017 17:00,24.738,1808.3,
887,8/10/2017 18:00,24.448,333.7,
888,8/10/2017 19:00,24.062,290.6,
889,8/10/2017 20:00,24.062,0,
890,8/10/2017 21:00,23.677,0,
891,8/10/2017 22:00,23.484,0,
892,8/10/2017 23:00,23.292,0,
893,8/11/2017 0:00,23.1,0,
894,8/11/2017 1:00,22.812,0,
895,8/11/2017 2:00,23.004,0,
896,8/11/2017 3:00,23.1,0,
897,8/11/2017 4:00,22.621,0,
898,8/11/2017 5:00,23.1,0,
899,8/11/2017 6:00,23.1,0,
900,8/11/2017 7:00,22.908,10.8,
901,8/11/2017 8:00,23.1,96.9,
902,8/11/2017 9:00,23.292,333.7,
903,8/11/2017 10:00,23.388,484.4,
904,8/11/2017 11:00,23.484,495.1,
905,8/11/2017 12:00,23.581,570.5,213.363
906,8/11/2017 13:00,23.966,1108.7,
907,8/11/2017 14:00,24.351,1280.9,
908,8/11/2017 15:00,24.545,516.7,
909,8/11/2017 16:00,24.545,667.4,
910,8/11/2017 17:00,24.545,753.5,
911,8/11/2017 18:00,23.966,570.5,
912,8/11/2017 19:00,23.966,398.3,
913,8/11/2017 20:00,23.581,75.3,
914,8/11/2017 21:00,23.292,0,
915,8/11/2017 22:00,23.1,0,
916,8/11/2017 23:00,22.908,0,
917,8/12/2017 0:00,23.196,0,
918,8/12/2017 1:00,23.004,0,
919,8/12/2017 2:00,22.812,0,
920,8/12/2017 3:00,22.621,0,
921,8/12/2017 4:00,22.621,0,
922,8/12/2017 5:00,22.621,0,
923,8/12/2017 6:00,22.717,0,
924,8/12/2017 7:00,22.429,0,
925,8/12/2017 8:00,22.621,64.6,
926,8/12/2017 9:00,22.525,215.3,
927,8/12/2017 10:00,22.621,312.2,
928,8/12/2017 11:00,22.717,495.1,
929,8/12/2017 12:00,23.196,301.4,217.7
930,8/12/2017 13:00,23.581,473.6,
931,8/12/2017 14:00,24.255,861.1,
932,8/12/2017 15:00,24.931,1194.8,
933,8/12/2017 16:00,25.319,968.8,
934,8/12/2017 17:00,25.513,1324,
935,8/12/2017 18:00,25.125,914.9,
936,8/12/2017 19:00,24.835,688.9,
937,8/12/2017 20:00,24.255,344.4,
938,8/12/2017 21:00,23.677,0,
939,8/12/2017 22:00,23.292,0,
940,8/12/2017 23:00,23.1,0,
941,8/13/2017 0:00,22.717,0,
942,8/13/2017 1:00,22.717,0,
943,8/13/2017 2:00,22.812,0,
944,8/13/2017 3:00,22.717,0,
945,8/13/2017 4:00,22.621,0,
946,8/13/2017 5:00,22.525,0,
947,8/13/2017 6:00,22.429,0,
948,8/13/2017 7:00,22.429,10.8,
949,8/13/2017 8:00,22.429,64.6,
950,8/13/2017 9:00,22.621,118.4,
951,8/13/2017 10:00,22.908,204.5,
952,8/13/2017 11:00,23.196,333.7,
953,8/13/2017 12:00,23.773,409,222.099
954,8/13/2017 13:00,24.351,570.5,
955,8/13/2017 14:00,24.931,990.3,
956,8/13/2017 15:00,25.416,1270.1,
957,8/13/2017 16:00,25.222,721.2,
958,8/13/2017 17:00,25.61,904.2,
959,8/13/2017 18:00,25.222,785.8,
960,8/13/2017 19:00,24.931,236.8,
961,8/13/2017 20:00,24.835,236.8,
962,8/13/2017 21:00,24.255,0,
963,8/13/2017 22:00,23.869,0,
964,8/13/2017 23:00,23.484,0,
965,8/14/2017 0:00,23.292,0,
966,8/14/2017 1:00,23.1,0,
967,8/14/2017 2:00,22.812,0,
968,8/14/2017 3:00,22.717,0,
969,8/14/2017 4:00,23.1,0,
970,8/14/2017 5:00,22.908,0,
971,8/14/2017 6:00,22.429,0,
972,8/14/2017 7:00,22.333,0,
973,8/14/2017 8:00,23.1,53.8,
974,8/14/2017 9:00,23.1,183,
975,8/14/2017 10:00,23.196,366,
976,8/14/2017 11:00,23.292,645.8,
977,8/14/2017 12:00,23.773,624.3,226.216
978,8/14/2017 13:00,24.062,624.3,
979,8/14/2017 14:00,24.351,592,
980,8/14/2017 15:00,24.545,979.5,
981,8/14/2017 16:00,25.125,1377.8,
982,8/14/2017 17:00,25.222,688.9,
983,8/14/2017 18:00,25.125,419.8,
984,8/14/2017 19:00,25.125,279.9,
985,8/14/2017 20:00,24.255,75.3,
986,8/14/2017 21:00,23.773,0,
987,8/14/2017 22:00,23.581,0,
988,8/14/2017 23:00,23.196,0,
989,8/15/2017 0:00,23.196,0,
990,8/15/2017 1:00,22.908,0,
991,8/15/2017 2:00,23.1,0,
992,8/15/2017 3:00,23.004,0,
993,8/15/2017 4:00,22.908,0,
994,8/15/2017 5:00,23.004,0,
995,8/15/2017 6:00,22.908,0,
996,8/15/2017 7:00,23.004,0,
997,8/15/2017 8:00,23.1,107.6,
998,8/15/2017 9:00,23.1,215.3,
999,8/15/2017 10:00,23.292,312.2,
1000,8/15/2017 11:00,23.292,430.6,
1001,8/15/2017 12:00,23.773,538.2,230.851
1002,8/15/2017 13:00,24.255,462.9,
1003,8/15/2017 14:00,24.738,699.7,
1004,8/15/2017 15:00,25.222,1108.7,
1005,8/15/2017 16:00,25.708,936.5,
1006,8/15/2017 17:00,25.708,1173.3,
1007,8/15/2017 18:00,25.513,785.8,
1008,8/15/2017 19:00,25.125,592,
1009,8/15/2017 20:00,24.931,290.6,
1010,8/15/2017 21:00,24.255,0,
1011,8/15/2017 22:00,23.677,0,
1012,8/15/2017 23:00,23.388,0,
1013,8/16/2017 0:00,23.196,0,
1014,8/16/2017 1:00,22.908,0,
1015,8/16/2017 2:00,22.812,0,
1016,8/16/2017 3:00,22.812,0,
1017,8/16/2017 4:00,22.621,0,
1018,8/16/2017 5:00,22.717,0,
1019,8/16/2017 6:00,22.812,0,
1020,8/16/2017 7:00,22.908,0,
1021,8/16/2017 8:00,23.1,129.2,
1022,8/16/2017 9:00,23.196,236.8,
1023,8/16/2017 10:00,23.1,269.1,
1024,8/16/2017 11:00,23.292,495.1,
1025,8/16/2017 12:00,24.158,333.7,235.382
1026,8/16/2017 13:00,24.738,592,
1027,8/16/2017 14:00,25.125,1011.8,
1028,8/16/2017 15:00,25.708,796.5,
1029,8/16/2017 16:00,25.028,570.5,
1030,8/16/2017 17:00,24.738,1377.8,
1031,8/16/2017 18:00,24.738,871.9,
1032,8/16/2017 19:00,24.255,635.1,
1033,8/16/2017 20:00,23.966,96.9,
1034,8/16/2017 21:00,23.581,0,
1035,8/16/2017 22:00,23.388,0,
1036,8/16/2017 23:00,23.292,0,
1037,8/17/2017 0:00,23.196,0,
1038,8/17/2017 1:00,22.908,0,
1039,8/17/2017 2:00,22.717,0,
1040,8/17/2017 3:00,22.621,0,
1041,8/17/2017 4:00,22.621,0,
1042,8/17/2017 5:00,22.812,0,
1043,8/17/2017 6:00,22.908,0,
1044,8/17/2017 7:00,22.812,0,
1045,8/17/2017 8:00,22.812,75.3,
1046,8/17/2017 9:00,22.812,53.8,
1047,8/17/2017 10:00,22.717,96.9,
1048,8/17/2017 11:00,22.717,118.4,
1049,8/17/2017 12:00,23.1,430.6,238.62
1050,8/17/2017 13:00,23.196,344.4,
1051,8/17/2017 14:00,23.484,775,
1052,8/17/2017 15:00,23.292,516.7,
1053,8/17/2017 16:00,23.196,193.8,
1054,8/17/2017 17:00,23.292,538.2,
1055,8/17/2017 18:00,23.677,139.9,
1056,8/17/2017 19:00,23.677,96.9,
1057,8/17/2017 20:00,23.581,301.4,
1058,8/17/2017 21:00,23.484,0,
1059,8/17/2017 22:00,23.292,0,
1060,8/17/2017 23:00,23.196,0,
1061,8/18/2017 0:00,23.1,0,
1062,8/18/2017 1:00,23.196,0,
1063,8/18/2017 2:00,23.004,0,
1064,8/18/2017 3:00,22.812,0,
1065,8/18/2017 4:00,23.004,0,
1066,8/18/2017 5:00,22.908,0,
1067,8/18/2017 6:00,22.812,0,
1068,8/18/2017 7:00,22.717,0,
1069,8/18/2017 8:00,22.525,0,
1070,8/18/2017 9:00,22.333,10.8,
1071,8/18/2017 10:00,22.429,43.1,
1072,8/18/2017 11:00,22.429,64.6,
1073,8/18/2017 12:00,22.429,75.3,241.448
1074,8/18/2017 13:00,22.525,43.1,
1075,8/18/2017 14:00,22.429,64.6,
1076,8/18/2017 15:00,22.525,172.2,
1077,8/18/2017 16:00,22.717,118.4,
1078,8/18/2017 17:00,22.525,64.6,
1079,8/18/2017 18:00,22.525,53.8,
1080,8/18/2017 19:00,22.621,0,
1081,8/18/2017 20:00,22.621,0,
1082,8/18/2017 21:00,22.525,0,
1083,8/18/2017 22:00,22.525,0,
1084,8/18/2017 23:00,22.333,0,
1085,8/19/2017 0:00,22.525,0,
1086,8/19/2017 1:00,22.046,0,
1087,8/19/2017 2:00,22.525,0,
1088,8/19/2017 3:00,22.429,0,
1089,8/19/2017 4:00,22.142,0,
1090,8/19/2017 5:00,22.429,0,
1091,8/19/2017 6:00,22.333,0,
1092,8/19/2017 7:00,22.238,0,
1093,8/19/2017 8:00,22.238,86.1,
1094,8/19/2017 9:00,22.333,96.9,
1095,8/19/2017 10:00,22.333,193.8,
1096,8/19/2017 11:00,22.717,129.2,
1097,8/19/2017 12:00,23.196,129.2,245.337
1098,8/19/2017 13:00,23.773,279.9,
1099,8/19/2017 14:00,24.255,376.7,
1100,8/19/2017 15:00,25.028,1130.2,
1101,8/19/2017 16:00,24.835,699.7,
1102,8/19/2017 17:00,24.545,602.8,
1103,8/19/2017 18:00,24.351,581.3,
1104,8/19/2017 19:00,24.545,473.6,
1105,8/19/2017 20:00,24.255,32.3,
1106,8/19/2017 21:00,23.869,0,
1107,8/19/2017 22:00,23.581,0,
1108,8/19/2017 23:00,23.388,0,
1109,8/20/2017 0:00,23.196,0,
1110,8/20/2017 1:00,23.1,0,
1111,8/20/2017 2:00,22.908,0,
1112,8/20/2017 3:00,22.812,0,
1113,8/20/2017 4:00,22.717,0,
1114,8/20/2017 5:00,22.717,0,
1115,8/20/2017 6:00,22.717,0,
1116,8/20/2017 7:00,22.429,0,
1117,8/20/2017 8:00,22.621,53.8,
1118,8/20/2017 9:00,22.812,118.4,
1119,8/20/2017 10:00,22.908,183,
1120,8/20/2017 11:00,23.388,236.8,
1121,8/20/2017 12:00,23.869,247.6,249.058
1122,8/20/2017 13:00,24.158,301.4,
1123,8/20/2017 14:00,24.545,312.2,
1124,8/20/2017 15:00,24.351,699.7,
1125,8/20/2017 16:00,24.351,538.2,
1126,8/20/2017 17:00,24.351,452.1,
1127,8/20/2017 18:00,24.062,247.6,
1128,8/20/2017 19:00,23.966,226,
1129,8/20/2017 20:00,23.966,53.8,
1130,8/20/2017 21:00,23.677,0,
1131,8/20/2017 22:00,23.484,0,
1132,8/20/2017 23:00,23.292,0,
1133,8/21/2017 0:00,23.196,0,
1134,8/21/2017 1:00,23.004,0,
1135,8/21/2017 2:00,22.908,0,
1136,8/21/2017 3:00,22.908,0,
1137,8/21/2017 4:00,23.004,0,
1138,8/21/2017 5:00,22.908,0,
1139,8/21/2017 6:00,22.621,0,
1140,8/21/2017 7:00,22.525,0,
1141,8/21/2017 8:00,22.908,53.8,
1142,8/21/2017 9:00,22.908,139.9,
1143,8/21/2017 10:00,23.196,226,
1144,8/21/2017 11:00,23.388,226,
1145,8/21/2017 12:00,23.966,387.5,253.183
1146,8/21/2017 13:00,24.545,366,
1147,8/21/2017 14:00,25.125,161.5,
1148,8/21/2017 15:00,25.028,290.6,
1149,8/21/2017 16:00,25.028,678.1,
1150,8/21/2017 17:00,25.125,581.3,
1151,8/21/2017 18:00,24.641,366,
1152,8/21/2017 19:00,24.255,64.6,
1153,8/21/2017 20:00,23.966,0,
1154,8/21/2017 21:00,23.966,0,
1155,8/21/2017 22:00,23.869,0,
1156,8/21/2017 23:00,23.869,0,
1157,8/22/2017 0:00,24.062,0,
1158,8/22/2017 1:00,24.158,0,
1159,8/22/2017 2:00,24.158,0,
1160,8/22/2017 3:00,24.158,0,
1161,8/22/2017 4:00,24.062,0,
1162,8/22/2017 5:00,23.966,0,
1163,8/22/2017 6:00,23.773,0,
1164,8/22/2017 7:00,23.677,0,
1165,8/22/2017 8:00,23.581,21.5,
1166,8/22/2017 9:00,23.484,0,
1167,8/22/2017 10:00,23.388,53.8,
1168,8/22/2017 11:00,23.1,172.2,
1169,8/22/2017 12:00,23.004,226,256.657
1170,8/22/2017 13:00,23.004,505.9,
1171,8/22/2017 14:00,23.292,538.2,
1172,8/22/2017 15:00,23.388,473.6,
1173,8/22/2017 16:00,23.581,161.5,
1174,8/22/2017 17:00,23.966,818.1,
1175,8/22/2017 18:00,23.677,581.3,
1176,8/22/2017 19:00,23.388,355.2,
1177,8/22/2017 20:00,23.004,53.8,
1178,8/22/2017 21:00,22.525,0,
1179,8/22/2017 22:00,22.621,0,
1180,8/22/2017 23:00,22.429,0,
1181,8/23/2017 0:00,22.429,0,
1182,8/23/2017 1:00,22.429,0,
1183,8/23/2017 2:00,21.951,0,
1184,8/23/2017 3:00,22.333,0,
1185,8/23/2017 4:00,22.333,0,
1186,8/23/2017 5:00,22.142,0,
1187,8/23/2017 6:00,21.76,0,
1188,8/23/2017 7:00,21.664,0,
1189,8/23/2017 8:00,22.238,10.8,
1190,8/23/2017 9:00,22.046,64.6,
1191,8/23/2017 10:00,22.142,172.2,
1192,8/23/2017 11:00,22.046,215.3,
1193,8/23/2017 12:00,22.621,344.4,259.364
1194,8/23/2017 13:00,23.004,419.8,
1195,8/23/2017 14:00,23.196,764.2,
1196,8/23/2017 15:00,23.388,1550,
1197,8/23/2017 16:00,23.196,473.6,
1198,8/23/2017 17:00,23.1,764.2,
1199,8/23/2017 18:00,22.908,484.4,
1200,8/23/2017 19:00,22.717,322.9,
1201,8/23/2017 20:00,22.429,43.1,
1202,8/23/2017 21:00,22.046,0,
1203,8/23/2017 22:00,21.855,0,
1204,8/23/2017 23:00,21.76,0,
1205,8/24/2017 0:00,21.855,0,
1206,8/24/2017 1:00,21.76,0,
1207,8/24/2017 2:00,21.569,0,
1208,8/24/2017 3:00,21.664,0,
1209,8/24/2017 4:00,21.569,0,
1210,8/24/2017 5:00,21.569,0,
1211,8/24/2017 6:00,21.76,0,
1212,8/24/2017 7:00,21.664,0,
1213,8/24/2017 8:00,21.569,32.3,
1214,8/24/2017 9:00,21.664,161.5,
1215,8/24/2017 10:00,21.664,75.3,
1216,8/24/2017 11:00,21.664,441.3,
1217,8/24/2017 12:00,21.855,398.3,261.043
1218,8/24/2017 13:00,21.855,269.1,
1219,8/24/2017 14:00,21.855,290.6,
1220,8/24/2017 15:00,22.046,355.2,
1221,8/24/2017 16:00,22.046,527.4,
1222,8/24/2017 17:00,21.951,387.5,
1223,8/24/2017 18:00,21.855,462.9,
1224,8/24/2017 19:00,21.951,355.2,
1225,8/24/2017 20:00,21.569,32.3,
1226,8/24/2017 21:00,21.187,0,
1227,8/24/2017 22:00,21.473,0,
1228,8/24/2017 23:00,21.473,0,
1229,8/25/2017 0:00,21.282,0,
1230,8/25/2017 1:00,21.473,0,
1231,8/25/2017 2:00,21.282,0,
1232,8/25/2017 3:00,21.282,0,
1233,8/25/2017 4:00,21.187,0,
1234,8/25/2017 5:00,21.282,0,
1235,8/25/2017 6:00,21.187,0,
1236,8/25/2017 7:00,21.187,0,
1237,8/25/2017 8:00,21.282,43.1,
1238,8/25/2017 9:00,21.282,139.9,
1239,8/25/2017 10:00,21.282,215.3,
1240,8/25/2017 11:00,21.569,279.9,
1241,8/25/2017 12:00,22.046,333.7,264.189
1242,8/25/2017 13:00,22.525,226,
1243,8/25/2017 14:00,23.004,419.8,
1244,8/25/2017 15:00,23.677,1377.8,
1245,8/25/2017 16:00,24.062,1130.2,
1246,8/25/2017 17:00,24.351,667.4,
1247,8/25/2017 18:00,24.062,473.6,
1248,8/25/2017 19:00,23.773,322.9,
1249,8/25/2017 20:00,23.388,32.3,
1250,8/25/2017 21:00,22.429,0,
1251,8/25/2017 22:00,22.142,0,
1252,8/25/2017 23:00,21.855,0,
1253,8/26/2017 0:00,21.473,0,
1254,8/26/2017 1:00,21.473,0,
1255,8/26/2017 2:00,21.282,0,
1256,8/26/2017 3:00,21.187,0,
1257,8/26/2017 4:00,21.282,0,
1258,8/26/2017 5:00,21.282,0,
1259,8/26/2017 6:00,20.996,0,
1260,8/26/2017 7:00,20.901,0,
1261,8/26/2017 8:00,20.901,53.8,
1262,8/26/2017 9:00,21.282,161.5,
1263,8/26/2017 10:00,21.569,258.3,
1264,8/26/2017 11:00,21.664,236.8,
1265,8/26/2017 12:00,22.142,301.4,267.293
1266,8/26/2017 13:00,22.812,322.9,
1267,8/26/2017 14:00,23.196,366,
1268,8/26/2017 15:00,23.966,1550,
1269,8/26/2017 16:00,23.966,904.2,
1270,8/26/2017 17:00,24.448,462.9,
1271,8/26/2017 18:00,24.255,301.4,
1272,8/26/2017 19:00,23.292,129.2,
1273,8/26/2017 20:00,23.1,10.8,
1274,8/26/2017 21:00,22.812,0,
1275,8/26/2017 22:00,22.525,0,
1276,8/26/2017 23:00,22.238,0,
1277,8/27/2017 0:00,21.76,0,
1278,8/27/2017 1:00,21.664,0,
1279,8/27/2017 2:00,21.664,0,
1280,8/27/2017 3:00,21.473,0,
1281,8/27/2017 4:00,21.664,0,
1282,8/27/2017 5:00,21.473,0,
1283,8/27/2017 6:00,21.282,0,
1284,8/27/2017 7:00,21.473,0,
1285,8/27/2017 8:00,21.378,10.8,
1286,8/27/2017 9:00,21.282,75.3,
1287,8/27/2017 10:00,21.282,43.1,
1288,8/27/2017 11:00,21.282,193.8,
1289,8/27/2017 12:00,21.569,387.5,268.72
1290,8/27/2017 13:00,21.76,236.8,
1291,8/27/2017 14:00,21.664,290.6,
1292,8/27/2017 15:00,21.76,301.4,
1293,8/27/2017 16:00,21.76,258.3,
1294,8/27/2017 17:00,21.664,129.2,
1295,8/27/2017 18:00,21.569,64.6,
1296,8/27/2017 19:00,21.569,53.8,
1297,8/27/2017 20:00,21.282,0,
1298,8/27/2017 21:00,21.187,0,
1299,8/27/2017 22:00,21.091,0,
1300,8/27/2017 23:00,20.996,0,
1301,8/28/2017 0:00,20.996,0,
1302,8/28/2017 1:00,20.901,0,
1303,8/28/2017 2:00,20.996,0,
1304,8/28/2017 3:00,21.091,0,
1305,8/28/2017 4:00,21.091,0,
1306,8/28/2017 5:00,20.901,0,
1307,8/28/2017 6:00,20.996,0,
1308,8/28/2017 7:00,20.901,0,
1309,8/28/2017 8:00,20.901,32.3,
1310,8/28/2017 9:00,20.901,43.1,
1311,8/28/2017 10:00,20.901,43.1,
1312,8/28/2017 11:00,20.901,161.5,
1313,8/28/2017 12:00,21.187,183,269.895
1314,8/28/2017 13:00,21.378,172.2,
1315,8/28/2017 14:00,21.378,86.1,
1316,8/28/2017 15:00,21.378,86.1,
1317,8/28/2017 16:00,21.378,129.2,
1318,8/28/2017 17:00,21.473,53.8,
1319,8/28/2017 18:00,21.378,43.1,
1320,8/28/2017 19:00,21.378,53.8,
1321,8/28/2017 20:00,21.378,10.8,
1322,8/28/2017 21:00,21.187,0,
1323,8/28/2017 22:00,21.091,0,
1324,8/28/2017 23:00,20.996,0,
1325,8/29/2017 0:00,20.805,0,
1326,8/29/2017 1:00,20.996,0,
1327,8/29/2017 2:00,20.901,0,
1328,8/29/2017 3:00,20.71,0,
1329,8/29/2017 4:00,20.519,0,
1330,8/29/2017 5:00,20.901,0,
1331,8/29/2017 6:00,20.901,0,
1332,8/29/2017 7:00,20.901,0,
1333,8/29/2017 8:00,20.901,10.8,
1334,8/29/2017 9:00,20.901,64.6,
1335,8/29/2017 10:00,20.996,172.2,
1336,8/29/2017 11:00,21.378,247.6,
1337,8/29/2017 12:00,21.569,204.5,271.88
1338,8/29/2017 13:00,22.238,505.9,
1339,8/29/2017 14:00,22.429,344.4,
1340,8/29/2017 15:00,22.908,366,
1341,8/29/2017 16:00,22.717,204.5,
1342,8/29/2017 17:00,22.908,355.2,
1343,8/29/2017 18:00,22.717,150.7,
1344,8/29/2017 19:00,22.908,86.1,
1345,8/29/2017 20:00,22.621,32.3,
1346,8/29/2017 21:00,22.333,0,
1347,8/29/2017 22:00,21.855,0,
1348,8/29/2017 23:00,21.569,0,
1349,8/30/2017 0:00,21.378,0,
1350,8/30/2017 1:00,21.187,0,
1351,8/30/2017 2:00,20.996,0,
1352,8/30/2017 3:00,21.091,0,
1353,8/30/2017 4:00,21.187,0,
1354,8/30/2017 5:00,21.091,0,
1355,8/30/2017 6:00,20.901,0,
1356,8/30/2017 7:00,20.901,0,
1357,8/30/2017 8:00,20.996,32.3,
1358,8/30/2017 9:00,21.091,86.1,
1359,8/30/2017 10:00,21.187,279.9,
1360,8/30/2017 11:00,21.569,226,
1361,8/30/2017 12:00,22.046,247.6,274.484
1362,8/30/2017 13:00,22.908,290.6,
1363,8/30/2017 14:00,23.292,366,
1364,8/30/2017 15:00,23.484,635.1,
1365,8/30/2017 16:00,23.773,226,
1366,8/30/2017 17:00,22.429,118.4,
1367,8/30/2017 18:00,22.429,172.2,
1368,8/30/2017 19:00,22.142,32.3,
1369,8/30/2017 20:00,21.76,0,
1370,8/30/2017 21:00,21.664,0,
1371,8/30/2017 22:00,21.378,0,
1372,8/30/2017 23:00,20.996,0,
1373,8/31/2017 0:00,20.71,0,
1374,8/31/2017 1:00,20.901,0,
1375,8/31/2017 2:00,20.615,0,
1376,8/31/2017 3:00,20.615,0,
1377,8/31/2017 4:00,19.758,0,
1378,8/31/2017 5:00,20.329,0,
1379,8/31/2017 6:00,20.329,0,
1380,8/31/2017 7:00,20.424,0,
1381,8/31/2017 8:00,20.234,32.3,
1382,8/31/2017 9:00,20.615,161.5,
1383,8/31/2017 10:00,20.71,226,
1384,8/31/2017 11:00,20.805,269.1,
1385,8/31/2017 12:00,21.473,290.6,276.75
1386,8/31/2017 13:00,21.855,226,
1387,8/31/2017 14:00,22.046,376.7,
1388,8/31/2017 15:00,22.429,1722.2,
1389,8/31/2017 16:00,22.908,1162.5,
1390,8/31/2017 17:00,23.388,710.4,
1391,8/31/2017 18:00,23.773,516.7,
1392,8/31/2017 19:00,23.292,462.9,
1393,8/31/2017 20:00,22.238,21.5,
1394,8/31/2017 21:00,21.378,0,
1395,8/31/2017 22:00,20.615,0,
1396,8/31/2017 23:00,20.138,0,
1397,9/1/2017 0:00,20.71,0,
1398,9/1/2017 1:00,20.71,0,
1399,9/1/2017 2:00,20.71,0,
1400,9/1/2017 3:00,20.901,0,
1401,9/1/2017 4:00,20.805,0,
1402,9/1/2017 5:00,20.519,0,
1403,9/1/2017 6:00,20.329,0,
1404,9/1/2017 7:00,20.615,0,
1405,9/1/2017 8:00,20.519,21.5,
1406,9/1/2017 9:00,20.615,139.9,
1407,9/1/2017 10:00,20.71,226,
1408,9/1/2017 11:00,20.901,215.3,
1409,9/1/2017 12:00,21.473,269.1,279.094
1410,9/1/2017 13:00,22.142,247.6,
1411,9/1/2017 14:00,22.621,247.6,
1412,9/1/2017 15:00,23.581,1377.8,
1413,9/1/2017 16:00,23.196,1001,
1414,9/1/2017 17:00,23.484,613.5,
1415,9/1/2017 18:00,23.196,419.8,
1416,9/1/2017 19:00,23.196,247.6,
1417,9/1/2017 20:00,22.238,10.8,
1418,9/1/2017 21:00,21.76,0,
1419,9/1/2017 22:00,21.378,0,
1420,9/1/2017 23:00,20.901,0,
1421,9/2/2017 0:00,20.519,0,
1422,9/2/2017 1:00,20.996,0,
1423,9/2/2017 2:00,20.519,0,
1424,9/2/2017 3:00,20.424,0,
1425,9/2/2017 4:00,20.234,0,
1426,9/2/2017 5:00,20.043,0,
1427,9/2/2017 6:00,20.043,0,
1428,9/2/2017 7:00,19.758,0,
1429,9/2/2017 8:00,19.758,53.8,
1430,9/2/2017 9:00,20.234,150.7,
1431,9/2/2017 10:00,20.424,107.6,
1432,9/2/2017 11:00,20.424,258.3,
1433,9/2/2017 12:00,21.187,398.3,280.206
1434,9/2/2017 13:00,21.569,312.2,
1435,9/2/2017 14:00,21.855,613.5,
1436,9/2/2017 15:00,21.951,1808.3,
1437,9/2/2017 16:00,21.951,279.9,
1438,9/2/2017 17:00,21.951,129.2,
1439,9/2/2017 18:00,21.569,64.6,
1440,9/2/2017 19:00,21.282,0,
1441,9/2/2017 20:00,20.901,0,
1442,9/2/2017 21:00,20.71,0,
1443,9/2/2017 22:00,20.615,0,
1444,9/2/2017 23:00,20.329,0,
1445,9/3/2017 0:00,20.234,0,
1446,9/3/2017 1:00,20.234,0,
1447,9/3/2017 2:00,20.424,0,
1448,9/3/2017 3:00,20.329,0,
1449,9/3/2017 4:00,20.234,0,
1450,9/3/2017 5:00,20.234,0,
1451,9/3/2017 6:00,20.329,0,
1452,9/3/2017 7:00,20.329,0,
1453,9/3/2017 8:00,20.329,0,
1454,9/3/2017 9:00,20.424,107.6,
1455,9/3/2017 10:00,20.519,172.2,
1456,9/3/2017 11:00,20.615,204.5,
1457,9/3/2017 12:00,20.805,183,282.087
1458,9/3/2017 13:00,21.378,279.9,
1459,9/3/2017 14:00,22.142,1194.8,
1460,9/3/2017 15:00,22.812,3272.2,
1461,9/3/2017 16:00,22.908,1636.1,
1462,9/3/2017 17:00,22.717,775,
1463,9/3/2017 18:00,22.429,516.7,
1464,9/3/2017 19:00,22.046,344.4,
1465,9/3/2017 20:00,21.664,10.8,
1466,9/3/2017 21:00,21.473,0,
1467,9/3/2017 22:00,21.187,0,
1468,9/3/2017 23:00,21.091,0,
1469,9/4/2017 0:00,20.901,0,
1470,9/4/2017 1:00,20.805,0,
1471,9/4/2017 2:00,20.805,0,
1472,9/4/2017 3:00,20.615,0,
1473,9/4/2017 4:00,20.805,0,
1474,9/4/2017 5:00,20.615,0,
1475,9/4/2017 6:00,20.519,0,
1476,9/4/2017 7:00,20.519,0,
1477,9/4/2017 8:00,20.615,0,
1478,9/4/2017 9:00,20.615,10.8,
1479,9/4/2017 10:00,20.424,53.8,
1480,9/4/2017 11:00,20.329,10.8,
1481,9/4/2017 12:00,20.043,10.8,283.046
1482,9/4/2017 13:00,20.043,10.8,
1483,9/4/2017 14:00,20.234,226,
1484,9/4/2017 15:00,20.519,462.9,
1485,9/4/2017 16:00,20.996,624.3,
1486,9/4/2017 17:00,21.473,419.8,
1487,9/4/2017 18:00,21.569,366,
1488,9/4/2017 19:00,21.378,118.4,
1489,9/4/2017 20:00,21.187,0,
1490,9/4/2017 21:00,20.901,0,
1491,9/4/2017 22:00,20.615,0,
1492,9/4/2017 23:00,20.329,0,
1493,9/5/2017 0:00,20.234,0,
1494,9/5/2017 1:00,20.043,0,
1495,9/5/2017 2:00,20.329,0,
1496,9/5/2017 3:00,20.138,0,
1497,9/5/2017 4:00,20.234,0,
1498,9/5/2017 5:00,20.234,0,
1499,9/5/2017 6:00,20.234,0,
1500,9/5/2017 7:00,20.234,0,
1501,9/5/2017 8:00,20.138,10.8,
1502,9/5/2017 9:00,20.329,53.8,
1503,9/5/2017 10:00,20.138,86.1,
1504,9/5/2017 11:00,20.329,183,
1505,9/5/2017 12:00,20.519,86.1,283.524
1506,9/5/2017 13:00,20.519,301.4,
1507,9/5/2017 14:00,20.615,355.2,
1508,9/5/2017 15:00,20.901,505.9,
1509,9/5/2017 16:00,20.71,86.1,
1510,9/5/2017 17:00,20.519,258.3,
1511,9/5/2017 18:00,20.519,635.1,
1512,9/5/2017 19:00,20.234,43.1,
1513,9/5/2017 20:00,20.043,0,
1514,9/5/2017 21:00,19.853,0,
1515,9/5/2017 22:00,19.853,0,
1516,9/5/2017 23:00,20.138,0,
1517,9/6/2017 0:00,20.043,0,
1518,9/6/2017 1:00,19.948,0,
1519,9/6/2017 2:00,19.948,0,
1520,9/6/2017 3:00,19.758,0,
1521,9/6/2017 4:00,19.567,0,
1522,9/6/2017 5:00,19.758,0,
1523,9/6/2017 6:00,19.758,0,
1524,9/6/2017 7:00,19.758,0,
1525,9/6/2017 8:00,19.758,0,
1526,9/6/2017 9:00,19.853,183,
1527,9/6/2017 10:00,20.138,312.2,
1528,9/6/2017 11:00,20.043,376.7,
1529,9/6/2017 12:00,20.234,387.5,284.251
1530,9/6/2017 13:00,20.519,290.6,
1531,9/6/2017 14:00,20.805,290.6,
1532,9/6/2017 15:00,21.378,1808.3,
1533,9/6/2017 16:00,21.473,387.5,
1534,9/6/2017 17:00,21.282,290.6,
1535,9/6/2017 18:00,21.091,592,
1536,9/6/2017 19:00,20.615,172.2,
1537,9/6/2017 20:00,20.329,0,
1538,9/6/2017 21:00,19.948,0,
1539,9/6/2017 22:00,19.758,0,
1540,9/6/2017 23:00,19.377,0,
1541,9/7/2017 0:00,19.472,0,
1542,9/7/2017 1:00,19.567,0,
1543,9/7/2017 2:00,19.377,0,
1544,9/7/2017 3:00,19.377,0,
1545,9/7/2017 4:00,19.092,0,
1546,9/7/2017 5:00,19.472,0,
1547,9/7/2017 6:00,19.567,0,
1548,9/7/2017 7:00,19.567,0,
1549,9/7/2017 8:00,19.567,10.8,
1550,9/7/2017 9:00,19.662,32.3,
1551,9/7/2017 10:00,19.567,129.2,
1552,9/7/2017 11:00,19.472,129.2,
1553,9/7/2017 12:00,20.996,5166.7,284.711
1554,9/7/2017 13:00,20.615,9644.5,
1555,9/7/2017 14:00,21.091,13777.9,
1556,9/7/2017 15:00,20.901,6200,
1557,9/7/2017 16:00,20.71,4305.6,
1558,9/7/2017 17:00,20.424,1130.2,
1559,9/7/2017 18:00,20.138,527.4,
1560,9/7/2017 19:00,19.948,53.8,
1561,9/7/2017 20:00,19.758,0,
1562,9/7/2017 21:00,19.758,0,
1563,9/7/2017 22:00,19.758,0,
1564,9/7/2017 23:00,19.567,0,
1565,9/8/2017 0:00,19.662,0,
1566,9/8/2017 1:00,19.662,0,
1567,9/8/2017 2:00,19.567,0,
1568,9/8/2017 3:00,19.377,0,
1569,9/8/2017 4:00,19.282,0,
1570,9/8/2017 5:00,19.282,0,
1571,9/8/2017 6:00,19.187,0,
1572,9/8/2017 7:00,19.187,0,
1573,9/8/2017 8:00,19.377,366,
1574,9/8/2017 9:00,19.662,2927.8,
1575,9/8/2017 10:00,19.948,24800.2,
1576,9/8/2017 11:00,20.519,5511.1,
1577,9/8/2017 12:00,20.138,5166.7,285.865
1578,9/8/2017 13:00,20.615,5166.7,
1579,9/8/2017 14:00,21.378,6544.5,
1580,9/8/2017 15:00,21.855,11711.2,
1581,9/8/2017 16:00,22.238,37200.2,
1582,9/8/2017 17:00,21.951,7233.4,
1583,9/8/2017 18:00,21.473,17911.2,
1584,9/8/2017 19:00,20.615,6544.5,
1585,9/8/2017 20:00,20.043,269.1,
1586,9/8/2017 21:00,19.662,0,
1587,9/8/2017 22:00,19.472,0,
1588,9/8/2017 23:00,19.472,0,
1589,9/9/2017 0:00,19.472,0,
1590,9/9/2017 1:00,19.472,0,
1591,9/9/2017 2:00,19.187,0,
1592,9/9/2017 3:00,19.282,0,
1593,9/9/2017 4:00,19.377,0,
1594,9/9/2017 5:00,19.377,0,
1595,9/9/2017 6:00,19.377,0,
1596,9/9/2017 7:00,19.377,0,
1597,9/9/2017 8:00,19.282,355.2,
1598,9/9/2017 9:00,19.567,2927.8,
1599,9/9/2017 10:00,19.853,5166.7,
1600,9/9/2017 11:00,20.329,7233.4,
1601,9/9/2017 12:00,20.805,8266.7,287.489
1602,9/9/2017 13:00,21.664,5511.1,
1603,9/9/2017 14:00,22.238,6544.5,
1604,9/9/2017 15:00,22.333,1636.1,
1605,9/9/2017 16:00,23.004,4477.8,
1606,9/9/2017 17:00,22.908,37200.2,
1607,9/9/2017 18:00,22.525,2755.6,
1608,9/9/2017 19:00,21.473,4477.8,
1609,9/9/2017 20:00,20.805,236.8,
1610,9/9/2017 21:00,20.329,0,
1611,9/9/2017 22:00,19.948,0,
1612,9/9/2017 23:00,19.662,0,
1613,9/10/2017 0:00,19.472,0,
1614,9/10/2017 1:00,19.472,0,
1615,9/10/2017 2:00,19.187,0,
1616,9/10/2017 3:00,19.187,0,
1617,9/10/2017 4:00,19.092,0,
1618,9/10/2017 5:00,19.092,0,
1619,9/10/2017 6:00,19.092,0,
1620,9/10/2017 7:00,18.806,0,
1621,9/10/2017 8:00,18.806,516.7,
1622,9/10/2017 9:00,19.377,1550,
1623,9/10/2017 10:00,19.567,2669.5,
1624,9/10/2017 11:00,20.043,4650,
1625,9/10/2017 12:00,20.71,3788.9,288.801
1626,9/10/2017 13:00,20.615,4477.8,
1627,9/10/2017 14:00,21.187,6200,
1628,9/10/2017 15:00,22.046,3961.1,
1629,9/10/2017 16:00,21.951,3100,
1630,9/10/2017 17:00,22.621,3100,
1631,9/10/2017 18:00,22.238,3100,
1632,9/10/2017 19:00,21.951,1808.3,
1633,9/10/2017 20:00,21.187,32.3,
1634,9/10/2017 21:00,20.615,0,
1635,9/10/2017 22:00,20.234,0,
1636,9/10/2017 23:00,20.043,0,
1637,9/11/2017 0:00,19.853,0,
1638,9/11/2017 1:00,19.758,0,
1639,9/11/2017 2:00,19.472,0,
1640,9/11/2017 3:00,19.092,0,
1641,9/11/2017 4:00,18.521,0,
1642,9/11/2017 5:00,18.711,0,
1643,9/11/2017 6:00,18.616,0,
1644,9/11/2017 7:00,18.521,0,
1645,9/11/2017 8:00,18.711,527.4,
1646,9/11/2017 9:00,19.187,11022.3,
1647,9/11/2017 10:00,19.472,3100,
1648,9/11/2017 11:00,19.758,4477.8,
1649,9/11/2017 12:00,20.138,4822.3,289.109
1650,9/11/2017 13:00,20.71,3616.7,
1651,9/11/2017 14:00,20.901,4477.8,
1652,9/11/2017 15:00,20.615,3444.5,
1653,9/11/2017 16:00,20.519,2927.8,
1654,9/11/2017 17:00,20.424,2583.4,
1655,9/11/2017 18:00,20.71,1894.5,
1656,9/11/2017 19:00,20.329,807.3,
1657,9/11/2017 20:00,20.043,75.3,
1658,9/11/2017 21:00,19.853,0,
1659,9/11/2017 22:00,19.758,0,
1660,9/11/2017 23:00,19.662,0,
1661,9/12/2017 0:00,19.567,0,
1662,9/12/2017 1:00,19.567,0,
1663,9/12/2017 2:00,19.472,0,
1664,9/12/2017 3:00,19.092,0,
1665,9/12/2017 4:00,19.092,0,
1666,9/12/2017 5:00,19.092,0,
1667,9/12/2017 6:00,19.092,0,
1668,9/12/2017 7:00,18.996,0,
1669,9/12/2017 8:00,19.187,516.7,
1670,9/12/2017 9:00,19.377,1216.3,
1671,9/12/2017 10:00,19.567,4994.5,
1672,9/12/2017 11:00,19.853,4994.5,
1673,9/12/2017 12:00,20.424,4133.4,290.987
1674,9/12/2017 13:00,21.091,3272.2,
1675,9/12/2017 14:00,22.333,3961.1,
1676,9/12/2017 15:00,23.388,3961.1,
1677,9/12/2017 16:00,23.388,11022.3,
1678,9/12/2017 17:00,23.484,23422.4,
1679,9/12/2017 18:00,23.196,20666.8,
1680,9/12/2017 19:00,21.473,1722.2,
1681,9/12/2017 20:00,21.187,64.6,
1682,9/12/2017 21:00,20.805,0,
1683,9/12/2017 22:00,20.71,0,
1684,9/12/2017 23:00,20.519,0,
1685,9/13/2017 0:00,20.329,0,
1686,9/13/2017 1:00,20.043,0,
1687,9/13/2017 2:00,20.138,0,
1688,9/13/2017 3:00,20.043,0,
1689,9/13/2017 4:00,19.758,0,
1690,9/13/2017 5:00,19.567,0,
1691,9/13/2017 6:00,19.567,0,
1692,9/13/2017 7:00,19.472,0,
1693,9/13/2017 8:00,19.662,559.7,
1694,9/13/2017 9:00,20.043,1808.3,
1695,9/13/2017 10:00,20.329,2755.6,
1696,9/13/2017 11:00,20.71,3961.1,
1697,9/13/2017 12:00,21.378,5166.7,293.533
1698,9/13/2017 13:00,22.333,4133.4,
1699,9/13/2017 14:00,23.196,4822.3,
1700,9/13/2017 15:00,23.484,4650,
1701,9/13/2017 16:00,24.158,6200,
1702,9/13/2017 17:00,24.351,14466.8,
1703,9/13/2017 18:00,24.255,3961.1,
1704,9/13/2017 19:00,23.677,4994.5,
1705,9/13/2017 20:00,23.388,32.3,
1706,9/13/2017 21:00,23.004,0,
1707,9/13/2017 22:00,21.664,0,
1708,9/13/2017 23:00,21.473,0,
1709,9/14/2017 0:00,21.282,0,
1710,9/14/2017 1:00,20.996,0,
1711,9/14/2017 2:00,20.805,0,
1712,9/14/2017 3:00,20.901,0,
1713,9/14/2017 4:00,20.805,0,
1714,9/14/2017 5:00,20.519,0,
1715,9/14/2017 6:00,20.329,0,
1716,9/14/2017 7:00,20.234,0,
1717,9/14/2017 8:00,20.043,430.6,
1718,9/14/2017 9:00,20.424,1636.1,
1719,9/14/2017 10:00,20.71,5166.7,
1720,9/14/2017 11:00,20.996,4822.3,
1721,9/14/2017 12:00,21.951,4822.3,295.344
1722,9/14/2017 13:00,22.238,4305.6,
1723,9/14/2017 14:00,22.238,6544.5,
1724,9/14/2017 15:00,22.621,8266.7,
1725,9/14/2017 16:00,22.908,6544.5,
1726,9/14/2017 17:00,22.812,6544.5,
1727,9/14/2017 18:00,22.333,5166.7,
1728,9/14/2017 19:00,22.142,1722.2,
1729,9/14/2017 20:00,22.046,21.5,
1730,9/14/2017 21:00,21.855,0,
1731,9/14/2017 22:00,21.76,0,
1732,9/14/2017 23:00,21.569,0,
1733,9/15/2017 0:00,21.569,0,
1734,9/15/2017 1:00,21.473,0,
1735,9/15/2017 2:00,21.282,0,
1736,9/15/2017 3:00,21.282,0,
1737,9/15/2017 4:00,21.091,0,
1738,9/15/2017 5:00,20.805,0,
1739,9/15/2017 6:00,20.424,0,
1740,9/15/2017 7:00,20.519,0,
1741,9/15/2017 8:00,20.519,430.6,
1742,9/15/2017 9:00,20.805,1463.9,
1743,9/15/2017 10:00,21.282,3100,
1744,9/15/2017 11:00,21.569,4477.8,
1745,9/15/2017 12:00,21.473,4477.8,296.442
1746,9/15/2017 13:00,21.473,4822.3,
1747,9/15/2017 14:00,21.378,4994.5,
1748,9/15/2017 15:00,21.187,9300.1,
1749,9/15/2017 16:00,21.282,18600.1,
1750,9/15/2017 17:00,21.569,8266.7,
1751,9/15/2017 18:00,21.473,13777.9,
1752,9/15/2017 19:00,21.569,1636.1,
1753,9/15/2017 20:00,21.473,0,
1754,9/15/2017 21:00,21.378,0,
1755,9/15/2017 22:00,21.187,0,
1756,9/15/2017 23:00,21.091,0,
1757,9/16/2017 0:00,20.996,0,
1758,9/16/2017 1:00,20.805,0,
1759,9/16/2017 2:00,20.615,0,
1760,9/16/2017 3:00,20.71,0,
1761,9/16/2017 4:00,20.71,0,
1762,9/16/2017 5:00,20.615,0,
1763,9/16/2017 6:00,20.615,0,
1764,9/16/2017 7:00,20.138,0,
1765,9/16/2017 8:00,20.234,2497.2,
1766,9/16/2017 9:00,20.901,1894.5,
1767,9/16/2017 10:00,21.282,3444.5,
1768,9/16/2017 11:00,21.664,3272.2,
1769,9/16/2017 12:00,22.238,4477.8,298.106
1770,9/16/2017 13:00,22.238,4133.4,
1771,9/16/2017 14:00,22.333,5166.7,
1772,9/16/2017 15:00,22.333,11022.3,
1773,9/16/2017 16:00,22.429,11711.2,
1774,9/16/2017 17:00,22.621,27555.7,
1775,9/16/2017 18:00,22.142,3444.5,
1776,9/16/2017 19:00,22.046,925.7,
1777,9/16/2017 20:00,22.046,0,
1778,9/16/2017 21:00,21.951,0,
1779,9/16/2017 22:00,21.855,0,
1780,9/16/2017 23:00,21.76,0,
1781,9/17/2017 0:00,21.951,0,
1782,9/17/2017 1:00,21.76,0,
1783,9/17/2017 2:00,21.569,0,
1784,9/17/2017 3:00,21.378,0,
1785,9/17/2017 4:00,21.378,0,
1786,9/17/2017 5:00,21.378,0,
1787,9/17/2017 6:00,21.282,0,
1788,9/17/2017 7:00,21.091,0,
1789,9/17/2017 8:00,21.282,538.2,
1790,9/17/2017 9:00,21.473,1227.1,
1791,9/17/2017 10:00,21.76,2497.2,
1792,9/17/2017 11:00,22.142,2755.6,
1793,9/17/2017 12:00,22.717,5166.7,300.421
1794,9/17/2017 13:00,22.908,7577.8,
1795,9/17/2017 14:00,23.1,17911.2,
1796,9/17/2017 15:00,22.908,4477.8,
1797,9/17/2017 16:00,22.621,3272.2,
1798,9/17/2017 17:00,22.333,1248.6,
1799,9/17/2017 18:00,22.142,947.2,
1800,9/17/2017 19:00,22.142,269.1,
1801,9/17/2017 20:00,22.142,0,
1802,9/17/2017 21:00,21.951,0,
1803,9/17/2017 22:00,21.76,0,
1804,9/17/2017 23:00,21.664,0,
1805,9/18/2017 0:00,21.569,0,
1806,9/18/2017 1:00,21.378,0,
1807,9/18/2017 2:00,21.091,0,
1808,9/18/2017 3:00,21.473,0,
1809,9/18/2017 4:00,21.378,0,
1810,9/18/2017 5:00,21.378,0,
1811,9/18/2017 6:00,21.378,0,
1812,9/18/2017 7:00,21.091,0,
1813,9/18/2017 8:00,20.901,409,
1814,9/18/2017 9:00,21.473,1636.1,
1815,9/18/2017 10:00,21.76,4650,
1816,9/18/2017 11:00,21.951,6200,
1817,9/18/2017 12:00,22.621,4650,303.524
1818,9/18/2017 13:00,23.1,5511.1,
1819,9/18/2017 14:00,23.773,5166.7,
1820,9/18/2017 15:00,24.255,5511.1,
1821,9/18/2017 16:00,24.255,8266.7,
1822,9/18/2017 17:00,24.448,9300.1,
1823,9/18/2017 18:00,23.388,10677.8,
1824,9/18/2017 19:00,22.908,3444.5,
1825,9/18/2017 20:00,22.333,10.8,
1826,9/18/2017 21:00,21.951,0,
1827,9/18/2017 22:00,21.664,0,
1828,9/18/2017 23:00,21.664,0,
1829,9/19/2017 0:00,21.664,0,
1830,9/19/2017 1:00,21.473,0,
1831,9/19/2017 2:00,21.282,0,
1832,9/19/2017 3:00,20.996,0,
1833,9/19/2017 4:00,21.282,0,
1834,9/19/2017 5:00,21.187,0,
1835,9/19/2017 6:00,21.091,0,
1836,9/19/2017 7:00,20.901,0,
1837,9/19/2017 8:00,20.71,441.3,
1838,9/19/2017 9:00,21.187,2411.1,
1839,9/19/2017 10:00,21.473,4305.6,
1840,9/19/2017 11:00,22.142,11711.2,
1841,9/19/2017 12:00,22.621,9644.5,305.789
1842,9/19/2017 13:00,22.525,8611.2,
1843,9/19/2017 14:00,22.812,10677.8,
1844,9/19/2017 15:00,23.004,5166.7,
1845,9/19/2017 16:00,23.292,8266.7,
1846,9/19/2017 17:00,23.004,7577.8,
1847,9/19/2017 18:00,22.621,3788.9,
1848,9/19/2017 19:00,21.664,441.3,
1849,9/19/2017 20:00,21.378,0,
1850,9/19/2017 21:00,21.187,0,
1851,9/19/2017 22:00,20.996,0,
1852,9/19/2017 23:00,20.805,0,
1853,9/20/2017 0:00,20.615,0,
1854,9/20/2017 1:00,20.805,0,
1855,9/20/2017 2:00,20.615,0,
1856,9/20/2017 3:00,20.805,0,
1857,9/20/2017 4:00,20.805,0,
1858,9/20/2017 5:00,20.71,0,
1859,9/20/2017 6:00,20.71,0,
1860,9/20/2017 7:00,20.615,0,
1861,9/20/2017 8:00,20.615,462.9,
1862,9/20/2017 9:00,20.805,2238.9,
1863,9/20/2017 10:00,21.569,6544.5,
1864,9/20/2017 11:00,22.046,23422.4,
1865,9/20/2017 12:00,22.525,6544.5,307.93
1866,9/20/2017 13:00,23.1,33066.9,
1867,9/20/2017 14:00,22.717,10677.8,
1868,9/20/2017 15:00,22.238,7233.4,
1869,9/20/2017 16:00,22.429,11711.2,
1870,9/20/2017 17:00,22.333,4133.4,
1871,9/20/2017 18:00,21.855,1550,
1872,9/20/2017 19:00,21.473,624.3,
1873,9/20/2017 20:00,21.473,0,
1874,9/20/2017 21:00,21.378,0,
1875,9/20/2017 22:00,21.282,0,
1876,9/20/2017 23:00,21.282,0,
1877,9/21/2017 0:00,21.282,0,
1878,9/21/2017 1:00,21.282,0,
1879,9/21/2017 2:00,21.473,0,
1880,9/21/2017 3:00,21.378,0,
1881,9/21/2017 4:00,21.473,0,
1882,9/21/2017 5:00,21.473,0,
1883,9/21/2017 6:00,21.473,0,
1884,9/21/2017 7:00,21.473,0,
1885,9/21/2017 8:00,21.569,183,
1886,9/21/2017 9:00,21.569,484.4,
1887,9/21/2017 10:00,22.046,2411.1,
1888,9/21/2017 11:00,22.717,5166.7,
1889,9/21/2017 12:00,23.196,5511.1,312.223
1890,9/21/2017 13:00,24.062,13777.9,
1891,9/21/2017 14:00,24.545,3272.2,
1892,9/21/2017 15:00,24.835,4477.8,
1893,9/21/2017 16:00,25.61,9644.5,
1894,9/21/2017 17:00,26.097,4822.3,
1895,9/21/2017 18:00,25.513,2755.6,
1896,9/21/2017 19:00,23.869,753.5,
1897,9/21/2017 20:00,23.484,0,
1898,9/21/2017 21:00,23.292,0,
1899,9/21/2017 22:00,23.1,0,
1900,9/21/2017 23:00,23.004,0,
1901,9/22/2017 0:00,22.908,0,
1902,9/22/2017 1:00,22.621,0,
1903,9/22/2017 2:00,22.621,0,
1904,9/22/2017 3:00,22.429,0,
1905,9/22/2017 4:00,22.238,0,
1906,9/22/2017 5:00,22.142,0,
1907,9/22/2017 6:00,22.046,0,
1908,9/22/2017 7:00,22.046,0,
1909,9/22/2017 8:00,21.951,452.1,
1910,9/22/2017 9:00,22.238,1722.2,
1911,9/22/2017 10:00,22.621,4133.4,
1912,9/22/2017 11:00,23.1,7233.4,
1913,9/22/2017 12:00,23.581,11022.3,315.156
1914,9/22/2017 13:00,23.484,24800.2,
1915,9/22/2017 14:00,23.581,8611.2,
1916,9/22/2017 15:00,23.292,7233.4,
1917,9/22/2017 16:00,22.812,3616.7,
1918,9/22/2017 17:00,23.004,5338.9,
1919,9/22/2017 18:00,22.717,1377.8,
1920,9/22/2017 19:00,22.621,441.3,
1921,9/22/2017 20:00,22.429,0,
1922,9/22/2017 21:00,22.621,0,
1923,9/22/2017 22:00,22.621,0,
1924,9/22/2017 23:00,22.717,0,
1925,9/23/2017 0:00,22.717,0,
1926,9/23/2017 1:00,22.525,0,
1927,9/23/2017 2:00,22.429,0,
1928,9/23/2017 3:00,22.429,0,
1929,9/23/2017 4:00,22.333,0,
1930,9/23/2017 5:00,22.238,0,
1931,9/23/2017 6:00,21.951,0,
1932,9/23/2017 7:00,22.142,0,
1933,9/23/2017 8:00,22.046,549,
1934,9/23/2017 9:00,22.238,3788.9,
1935,9/23/2017 10:00,22.717,6200,
1936,9/23/2017 11:00,23.292,5338.9,
1937,9/23/2017 12:00,23.677,5166.7,319.135
1938,9/23/2017 13:00,23.773,3616.7,
1939,9/23/2017 14:00,24.255,3616.7,
1940,9/23/2017 15:00,24.641,4133.4,
1941,9/23/2017 16:00,25.222,2497.2,
1942,9/23/2017 17:00,24.738,2411.1,
1943,9/23/2017 18:00,24.545,1377.8,
1944,9/23/2017 19:00,24.255,322.9,
1945,9/23/2017 20:00,24.158,0,
1946,9/23/2017 21:00,24.062,0,
1947,9/23/2017 22:00,23.869,0,
1948,9/23/2017 23:00,23.773,0,
1949,9/24/2017 0:00,23.773,0,
1950,9/24/2017 1:00,23.677,0,
1951,9/24/2017 2:00,23.484,0,
1952,9/24/2017 3:00,23.388,0,
1953,9/24/2017 4:00,23.292,0,
1954,9/24/2017 5:00,23.1,0,
1955,9/24/2017 6:00,23.1,0,
1956,9/24/2017 7:00,23.1,0,
1957,9/24/2017 8:00,23.004,387.5,
1958,9/24/2017 9:00,23.196,3616.7,
1959,9/24/2017 10:00,23.581,5511.1,
1960,9/24/2017 11:00,23.966,4994.5,
1961,9/24/2017 12:00,24.448,8611.2,324.239
1962,9/24/2017 13:00,24.931,5338.9,
1963,9/24/2017 14:00,24.738,3616.7,
1964,9/24/2017 15:00,25.125,3616.7,
1965,9/24/2017 16:00,25.902,2927.8,
1966,9/24/2017 17:00,26.39,2066.7,
1967,9/24/2017 18:00,25.708,1216.3,
1968,9/24/2017 19:00,25.028,322.9,
1969,9/24/2017 20:00,24.931,0,
1970,9/24/2017 21:00,24.641,0,
1971,9/24/2017 22:00,24.545,0,
1972,9/24/2017 23:00,24.351,0,
1973,9/25/2017 0:00,24.158,0,
1974,9/25/2017 1:00,23.869,0,
1975,9/25/2017 2:00,23.869,0,
1976,9/25/2017 3:00,23.773,0,
1977,9/25/2017 4:00,23.581,0,
1978,9/25/2017 5:00,23.388,0,
1979,9/25/2017 6:00,22.812,0,
1980,9/25/2017 7:00,23.196,0,
1981,9/25/2017 8:00,23.292,549,
1982,9/25/2017 9:00,23.196,2325,
1983,9/25/2017 10:00,24.255,5338.9,
1984,9/25/2017 11:00,24.062,2238.9,
1985,9/25/2017 12:00,25.028,5166.7,329.212
1986,9/25/2017 13:00,25.125,2927.8,
1987,9/25/2017 14:00,25.028,3272.2,
1988,9/25/2017 15:00,25.319,3788.9,
1989,9/25/2017 16:00,25.805,2927.8,
1990,9/25/2017 17:00,26.292,2411.1,
1991,9/25/2017 18:00,25.61,1162.5,
1992,9/25/2017 19:00,25.222,312.2,
1993,9/25/2017 20:00,24.835,0,
1994,9/25/2017 21:00,24.545,0,
1995,9/25/2017 22:00,24.351,0,
1996,9/25/2017 23:00,24.158,0,
1997,9/26/2017 0:00,23.966,0,
1998,9/26/2017 1:00,23.773,0,
1999,9/26/2017 2:00,23.581,0,
2000,9/26/2017 3:00,23.484,0,
2001,9/26/2017 4:00,23.196,0,
2002,9/26/2017 5:00,23.484,0,
2003,9/26/2017 6:00,23.292,0,
2004,9/26/2017 7:00,23.1,0,
2005,9/26/2017 8:00,23.1,333.7,
2006,9/26/2017 9:00,23.388,2238.9,
2007,9/26/2017 10:00,23.966,7233.4,
2008,9/26/2017 11:00,24.738,3444.5,
2009,9/26/2017 12:00,25.028,5511.1,333.484
2010,9/26/2017 13:00,24.738,5166.7,
2011,9/26/2017 14:00,25.028,9300.1,
2012,9/26/2017 15:00,24.931,4650,
2013,9/26/2017 16:00,24.545,1463.9,
2014,9/26/2017 17:00,24.448,1377.8,
2015,9/26/2017 18:00,24.351,914.9,
2016,9/26/2017 19:00,24.062,183,
2017,9/26/2017 20:00,24.062,0,
2018,9/26/2017 21:00,23.966,0,
2019,9/26/2017 22:00,23.966,0,
2020,9/26/2017 23:00,23.869,0,
2021,9/27/2017 0:00,23.677,0,
2022,9/27/2017 1:00,23.773,0,
2023,9/27/2017 2:00,23.581,0,
2024,9/27/2017 3:00,23.388,0,
2025,9/27/2017 4:00,23.196,0,
2026,9/27/2017 5:00,23.1,0,
2027,9/27/2017 6:00,22.812,0,
2028,9/27/2017 7:00,23.1,0,
2029,9/27/2017 8:00,22.812,193.8,
2030,9/27/2017 9:00,22.908,635.1,
2031,9/27/2017 10:00,22.621,2497.2,
2032,9/27/2017 11:00,23.004,2411.1,
2033,9/27/2017 12:00,23.196,4477.8,336.296
2034,9/27/2017 13:00,23.1,2411.1,
2035,9/27/2017 14:00,22.908,1463.9,
2036,9/27/2017 15:00,22.812,1463.9,
2037,9/27/2017 16:00,22.717,2411.1,
2038,9/27/2017 17:00,22.621,3444.5,
2039,9/27/2017 18:00,22.238,3444.5,
2040,9/27/2017 19:00,21.855,1550,
2041,9/27/2017 20:00,21.569,0,
2042,9/27/2017 21:00,21.569,0,
2043,9/27/2017 22:00,21.569,0,
2044,9/27/2017 23:00,21.569,0,
2045,9/28/2017 0:00,21.282,0,
2046,9/28/2017 1:00,20.996,0,
2047,9/28/2017 2:00,21.473,0,
2048,9/28/2017 3:00,21.378,0,
2049,9/28/2017 4:00,21.091,0,
2050,9/28/2017 5:00,21.091,0,
2051,9/28/2017 6:00,21.378,0,
2052,9/28/2017 7:00,21.282,0,
2053,9/28/2017 8:00,21.187,204.5,
2054,9/28/2017 9:00,21.378,914.9,
2055,9/28/2017 10:00,21.855,3444.5,
2056,9/28/2017 11:00,21.855,8266.7,
2057,9/28/2017 12:00,22.142,8266.7,338.141
2058,9/28/2017 13:00,22.142,7233.4,
2059,9/28/2017 14:00,22.429,11022.3,
2060,9/28/2017 15:00,22.525,8266.7,
2061,9/28/2017 16:00,22.046,1076.4,
2062,9/28/2017 17:00,22.046,2411.1,
2063,9/28/2017 18:00,21.76,1162.5,
2064,9/28/2017 19:00,21.569,107.6,
2065,9/28/2017 20:00,21.378,0,
2066,9/28/2017 21:00,21.187,0,
2067,9/28/2017 22:00,20.805,0,
2068,9/28/2017 23:00,20.901,0,
2069,9/29/2017 0:00,21.091,0,
2070,9/29/2017 1:00,21.187,0,
2071,9/29/2017 2:00,21.091,0,
2072,9/29/2017 3:00,21.091,0,
2073,9/29/2017 4:00,20.329,0,
2074,9/29/2017 5:00,20.519,0,
2075,9/29/2017 6:00,20.234,0,
2076,9/29/2017 7:00,20.519,0,
2077,9/29/2017 8:00,20.329,43.1,
2078,9/29/2017 9:00,20.615,3444.5,
2079,9/29/2017 10:00,20.329,505.9,
2080,9/29/2017 11:00,21.378,42711.4,
2081,9/29/2017 12:00,21.76,15844.5,339.313
2082,9/29/2017 13:00,22.046,12400.1,
2083,9/29/2017 14:00,21.951,6544.5,
2084,9/29/2017 15:00,21.473,2669.5,
2085,9/29/2017 16:00,21.282,5166.7,
2086,9/29/2017 17:00,20.805,5511.1,
2087,9/29/2017 18:00,20.424,1463.9,
2088,9/29/2017 19:00,20.329,333.7,
2089,9/29/2017 20:00,19.758,0,
2090,9/29/2017 21:00,19.758,0,
2091,9/29/2017 22:00,19.853,0,
2092,9/29/2017 23:00,19.948,0,
2093,9/30/2017 0:00,19.948,0,
2094,9/30/2017 1:00,19.948,0,
2095,9/30/2017 2:00,19.758,0,
2096,9/30/2017 3:00,19.662,0,
2097,9/30/2017 4:00,19.187,0,
2098,9/30/2017 5:00,18.996,0,
2099,9/30/2017 6:00,19.472,0,
2100,9/30/2017 7:00,19.377,0,
2101,9/30/2017 8:00,19.282,269.1,
2102,9/30/2017 9:00,19.662,1463.9,
2103,9/30/2017 10:00,20.329,2755.6,
2104,9/30/2017 11:00,20.519,3788.9,
2105,9/30/2017 12:00,21.091,7577.8,340.372
2106,9/30/2017 13:00,21.473,38578,
2107,9/30/2017 14:00,21.473,26178,
2108,9/30/2017 15:00,21.951,6544.5,
2109,9/30/2017 16:00,22.142,15155.7,
2110,9/30/2017 17:00,22.046,13089,
2111,9/30/2017 18:00,21.664,4477.8,
2112,9/30/2017 19:00,21.091,301.4,
2113,9/30/2017 20:00,20.71,0,
2114,9/30/2017 21:00,20.138,0,
2115,9/30/2017 22:00,20.043,0,
2116,9/30/2017 23:00,19.853,0,
2117,10/1/2017 0:00,19.758,0,
2118,10/1/2017 1:00,19.662,0,
2119,10/1/2017 2:00,19.472,0,
2120,10/1/2017 3:00,19.187,0,
2121,10/1/2017 4:00,18.996,0,
2122,10/1/2017 5:00,19.092,0,
2123,10/1/2017 6:00,18.806,0,
2124,10/1/2017 7:00,18.806,0,
2125,10/1/2017 8:00,18.996,667.4,
2126,10/1/2017 9:00,19.187,6544.5,
2127,10/1/2017 10:00,19.853,2238.9,
2128,10/1/2017 11:00,20.519,22044.6,
2129,10/1/2017 12:00,20.615,57867,341.01
2130,10/1/2017 13:00,21.091,49600.3,
2131,10/1/2017 14:00,21.091,49600.3,
2132,10/1/2017 15:00,21.473,49600.3,
2133,10/1/2017 16:00,21.091,8266.7,
2134,10/1/2017 17:00,21.091,28933.5,
2135,10/1/2017 18:00,20.329,2325,
2136,10/1/2017 19:00,19.758,505.9,
2137,10/1/2017 20:00,19.472,0,
2138,10/1/2017 21:00,19.377,0,
2139,10/1/2017 22:00,19.282,0,
2140,10/1/2017 23:00,19.187,0,
2141,10/2/2017 0:00,19.282,0,
2142,10/2/2017 1:00,19.282,0,
2143,10/2/2017 2:00,19.282,0,
2144,10/2/2017 3:00,19.187,0,
2145,10/2/2017 4:00,19.187,0,
2146,10/2/2017 5:00,19.187,0,
2147,10/2/2017 6:00,19.092,0,
2148,10/2/2017 7:00,19.092,0,
2149,10/2/2017 8:00,19.187,279.9,
2150,10/2/2017 9:00,19.187,473.6,
2151,10/2/2017 10:00,19.758,5511.1,
2152,10/2/2017 11:00,19.853,5166.7,
2153,10/2/2017 12:00,20.329,4133.4,341.266
2154,10/2/2017 13:00,20.234,4305.6,
2155,10/2/2017 14:00,20.71,5166.7,
2156,10/2/2017 15:00,20.424,3961.1,
2157,10/2/2017 16:00,20.519,38578,
2158,10/2/2017 17:00,19.948,4650,
2159,10/2/2017 18:00,19.567,1205.6,
2160,10/2/2017 19:00,19.472,419.8,
2161,10/2/2017 20:00,19.377,0,
2162,10/2/2017 21:00,19.282,0,
2163,10/2/2017 22:00,19.282,0,
2164,10/2/2017 23:00,19.282,0,
2165,10/3/2017 0:00,19.187,0,
2166,10/3/2017 1:00,19.187,0,
2167,10/3/2017 2:00,19.092,0,
2168,10/3/2017 3:00,19.092,0,
2169,10/3/2017 4:00,18.996,0,
2170,10/3/2017 5:00,19.187,0,
2171,10/3/2017 6:00,19.092,0,
2172,10/3/2017 7:00,19.092,0,
2173,10/3/2017 8:00,19.092,172.2,
2174,10/3/2017 9:00,19.187,1130.2,
2175,10/3/2017 10:00,19.662,3444.5,
2176,10/3/2017 11:00,19.853,3616.7,
2177,10/3/2017 12:00,20.234,3100,341.38
2178,10/3/2017 13:00,20.424,3272.2,
2179,10/3/2017 14:00,19.948,4133.4,
2180,10/3/2017 15:00,20.424,17911.2,
2181,10/3/2017 16:00,19.948,5166.7,
2182,10/3/2017 17:00,19.758,5511.1,
2183,10/3/2017 18:00,19.662,807.3,
2184,10/3/2017 19:00,19.377,118.4,
2185,10/3/2017 20:00,19.282,0,
2186,10/3/2017 21:00,19.377,0,
2187,10/3/2017 22:00,19.282,0,
2188,10/3/2017 23:00,19.377,0,
2189,10/4/2017 0:00,19.377,0,
2190,10/4/2017 1:00,19.282,0,
2191,10/4/2017 2:00,19.282,0,
2192,10/4/2017 3:00,19.282,0,
2193,10/4/2017 4:00,19.282,0,
2194,10/4/2017 5:00,19.187,0,
2195,10/4/2017 6:00,19.187,0,
2196,10/4/2017 7:00,19.187,0,
2197,10/4/2017 8:00,19.092,75.3,
2198,10/4/2017 9:00,19.187,355.2,
2199,10/4/2017 10:00,19.282,1463.9,
2200,10/4/2017 11:00,19.187,376.7,
2201,10/4/2017 12:00,19.567,1345.5,341.636
2202,10/4/2017 13:00,19.853,1463.9,
2203,10/4/2017 14:00,20.615,9644.5,
2204,10/4/2017 15:00,20.71,5338.9,
2205,10/4/2017 16:00,20.615,9644.5,
2206,10/4/2017 17:00,20.234,7577.8,
2207,10/4/2017 18:00,19.853,3616.7,
2208,10/4/2017 19:00,19.472,226,
2209,10/4/2017 20:00,19.282,0,
2210,10/4/2017 21:00,19.187,0,
2211,10/4/2017 22:00,19.282,0,
2212,10/4/2017 23:00,19.092,0,
2213,10/5/2017 0:00,19.092,0,
2214,10/5/2017 1:00,19.092,0,
2215,10/5/2017 2:00,18.996,0,
2216,10/5/2017 3:00,18.711,0,
2217,10/5/2017 4:00,18.711,0,
2218,10/5/2017 5:00,18.711,0,
2219,10/5/2017 6:00,18.711,0,
2220,10/5/2017 7:00,18.711,0,
2221,10/5/2017 8:00,18.806,215.3,
2222,10/5/2017 9:00,18.996,6200,
2223,10/5/2017 10:00,19.092,1894.5,
2224,10/5/2017 11:00,18.901,3272.2,
2225,10/5/2017 12:00,18.521,86.1,341.914
2226,10/5/2017 13:00,20.71,0,
2227,10/5/2017 14:00,21.187,0,
2228,10/5/2017 15:00,19.282,0,
2229,10/5/2017 16:00,17.855,0,
2230,10/5/2017 17:00,17.665,0,
2231,10/5/2017 18:00,15.664,0,
2232,10/5/2017 19:00,15.187,0,
2233,10/5/2017 20:00,15.091,0,
2234,10/5/2017 21:00,15.187,0,
2235,10/5/2017 22:00,14.613,0,
2236,10/5/2017 23:00,14.517,0,
2237,10/6/2017 0:00,14.325,0,
2238,10/6/2017 1:00,14.038,0,
2239,10/6/2017 2:00,13.75,0,
2240,10/6/2017 3:00,13.558,0,
2241,10/6/2017 4:00,13.461,0,
2242,10/6/2017 5:00,13.269,0,
2243,10/6/2017 6:00,13.076,0,
2244,10/6/2017 7:00,12.883,0,
2245,10/6/2017 8:00,13.269,0,
2246,10/6/2017 9:00,14.517,0,
2247,10/6/2017 10:00,15.091,0,
2248,10/6/2017 11:00,20.138,0,
2249,10/6/2017 12:00,20.901,0,344.016
2250,10/6/2017 13:00,21.091,0,
2251,10/6/2017 14:00,25.319,0,
2252,10/6/2017 15:00,22.908,0,
2253,10/6/2017 16:00,21.378,0,
2254,10/6/2017 17:00,21.282,0,
2255,10/6/2017 18:00,21.187,0,
2256,10/6/2017 19:00,21.091,0,
2257,10/6/2017 20:00,20.901,0,
2258,10/6/2017 21:00,20.901,0,
2259,10/6/2017 22:00,20.901,0,
2260,10/6/2017 23:00,20.71,0,
2261,10/7/2017 0:00,20.71,0,
2262,10/7/2017 1:00,20.805,0,
2263,10/7/2017 2:00,20.805,0,
2264,10/7/2017 3:00,20.901,0,
2265,10/7/2017 4:00,20.901,0,
2266,10/7/2017 5:00,20.901,0,
2267,10/7/2017 6:00,20.901,0,
2268,10/7/2017 7:00,20.996,0,
2269,10/7/2017 8:00,21.091,0,
2270,10/7/2017 9:00,21.091,0,
2271,10/7/2017 10:00,21.091,0,
2272,10/7/2017 11:00,21.76,0,
2273,10/7/2017 12:00,22.046,0,345.704
2274,10/7/2017 13:00,21.951,0,
2275,10/7/2017 14:00,22.046,0,
2276,10/7/2017 15:00,22.046,0,
2277,10/7/2017 16:00,22.046,0,
2278,10/7/2017 17:00,22.046,0,
2279,10/7/2017 18:00,22.046,0,
2280,10/7/2017 19:00,22.046,0,
2281,10/7/2017 20:00,22.046,0,
2282,10/7/2017 21:00,21.855,0,
2283,10/7/2017 22:00,21.951,0,
2284,10/7/2017 23:00,22.142,0,
2285,10/8/2017 0:00,22.333,0,
2286,10/8/2017 1:00,22.238,0,
2287,10/8/2017 2:00,22.142,0,
2288,10/8/2017 3:00,22.046,0,
2289,10/8/2017 4:00,21.951,0,
2290,10/8/2017 5:00,21.76,0,
2291,10/8/2017 6:00,21.569,0,
2292,10/8/2017 7:00,21.282,0,
2293,10/8/2017 8:00,20.996,0,
2294,10/8/2017 9:00,21.76,0,
2295,10/8/2017 10:00,22.429,0,
2296,10/8/2017 11:00,22.621,0,
2297,10/8/2017 12:00,22.621,0,347.333
2298,10/8/2017 13:00,22.525,0,
2299,10/8/2017 14:00,22.333,0,
2300,10/8/2017 15:00,22.333,0,
2301,10/8/2017 16:00,22.333,0,
2302,10/8/2017 17:00,22.333,0,
2303,10/8/2017 18:00,22.142,0,
2304,10/8/2017 19:00,22.142,0,
2305,10/8/2017 20:00,21.473,0,
2306,10/8/2017 21:00,20.996,0,
2307,10/8/2017 22:00,20.805,0,
2308,10/8/2017 23:00,20.424,0,
2309,10/9/2017 0:00,20.043,0,
2310,10/9/2017 1:00,20.234,0,
2311,10/9/2017 2:00,20.329,0,
2312,10/9/2017 3:00,20.424,0,
2313,10/9/2017 4:00,20.329,0,
2314,10/9/2017 5:00,20.234,0,
2315,10/9/2017 6:00,20.329,0,
2316,10/9/2017 7:00,19.853,0,
2317,10/9/2017 8:00,19.758,0,
2318,10/9/2017 9:00,20.329,0,
2319,10/9/2017 10:00,26.195,0,
2320,10/9/2017 11:00,28.853,0,
2321,10/9/2017 12:00,24.931,0,352.829
2322,10/9/2017 13:00,23.581,0,
2323,10/9/2017 14:00,23.292,0,
2324,10/9/2017 15:00,23.196,0,
2325,10/9/2017 16:00,22.812,0,
2326,10/9/2017 17:00,22.621,0,
2327,10/9/2017 18:00,22.142,0,
2328,10/9/2017 19:00,21.951,0,
2329,10/9/2017 20:00,21.855,0,
2330,10/9/2017 21:00,21.664,0,
2331,10/9/2017 22:00,21.569,0,
2332,10/9/2017 23:00,21.378,0,
2333,10/10/2017 0:00,21.378,0,
2334,10/10/2017 1:00,21.282,0,
2335,10/10/2017 2:00,21.187,0,
2336,10/10/2017 3:00,21.187,0,
2337,10/10/2017 4:00,21.091,0,
2338,10/10/2017 5:00,20.996,0,
2339,10/10/2017 6:00,20.901,0,
2340,10/10/2017 7:00,20.71,0,
2341,10/10/2017 8:00,20.805,0,
2342,10/10/2017 9:00,21.569,0,
2343,10/10/2017 10:00,22.812,0,
2344,10/10/2017 11:00,22.333,0,
