#,"Date Time, GMT-04:00",Temp,Intensity,Coupler Attached (LGR S/N: 20050472),Host Connected (LGR S/N: 20050472),Coupler Detached (LGR S/N: 20050472),End Of File (LGR S/N: 20050472)
1,7/4/2017 20:00,86.277,0,,,,
2,7/4/2017 21:00,84.654,0,,,,
3,7/4/2017 22:00,82.33,0,,,,
4,7/4/2017 23:00,79.853,0,,,,
5,7/5/2017 0:00,77.4,0,,,,
6,7/5/2017 1:00,75.312,0,,,,
7,7/5/2017 2:00,73.234,0,,,,
8,7/5/2017 3:00,71.168,0,,,,
9,7/5/2017 4:00,69.278,0,,,,
10,7/5/2017 5:00,67.735,0,,,,
11,7/5/2017 6:00,66.193,0,,,,
12,7/5/2017 7:00,65.167,0,,,,
13,7/5/2017 8:00,68.763,0,,,,
14,7/5/2017 9:00,71.683,0,,,,
15,7/5/2017 10:00,72.545,0,,,,
16,7/5/2017 11:00,76.876,0,,,,
17,7/5/2017 12:00,84.474,0,,,,
18,7/5/2017 13:00,87.552,0,,,,
19,7/5/2017 14:00,88.099,8,,,,
20,7/5/2017 15:00,102.088,0,,,,
21,7/5/2017 16:00,103.923,0,,,,
22,7/5/2017 17:00,103.104,0,,,,
23,7/5/2017 18:00,99.885,0,,,,
24,7/5/2017 19:00,95.976,0,,,,
25,7/5/2017 20:00,92.363,0,,,,
26,7/5/2017 21:00,88.833,0,,,,
27,7/5/2017 22:00,85.194,0,,,,
28,7/5/2017 23:00,82.152,0,,,,
29,7/6/2017 0:00,79.502,0,,,,
30,7/6/2017 1:00,77.4,0,,,,
31,7/6/2017 2:00,75.139,0,,,,
32,7/6/2017 3:00,73.234,0,,,,
33,7/6/2017 4:00,71.512,0,,,,
34,7/6/2017 5:00,69.793,0,,,,
35,7/6/2017 6:00,68.421,0,,,,
36,7/6/2017 7:00,71.683,0,,,,
37,7/6/2017 8:00,73.407,0,,,,
38,7/6/2017 9:00,75.484,0,,,,
39,7/6/2017 10:00,80.559,0,,,,
40,7/6/2017 11:00,83.579,0,,,,
41,7/6/2017 12:00,94.253,2560,,,,
42,7/6/2017 13:00,81.797,304,,,,
43,7/6/2017 14:00,83.043,336,,,,
44,7/6/2017 15:00,85.194,272,,,,
45,7/6/2017 16:00,84.834,704,,,,
46,7/6/2017 17:00,87.915,320,,,,
47,7/6/2017 18:00,87.733,464,,,,
48,7/6/2017 19:00,87.186,224,,,,
49,7/6/2017 20:00,86.277,184,,,,
50,7/6/2017 21:00,85.194,26,,,,
51,7/6/2017 22:00,83.757,0,,,,
52,7/6/2017 23:00,83.399,0,,,,
53,7/7/2017 0:00,83.221,0,,,,
54,7/7/2017 1:00,82.864,0,,,,
55,7/7/2017 2:00,82.508,0,,,,
56,7/7/2017 3:00,82.152,0,,,,
57,7/7/2017 4:00,81.797,0,,,,
58,7/7/2017 5:00,81.442,0,,,,
59,7/7/2017 6:00,80.559,0,,,,
60,7/7/2017 7:00,80.559,10,,,,
61,7/7/2017 8:00,80.206,30,,,,
62,7/7/2017 9:00,80.382,103,,,,
63,7/7/2017 10:00,80.559,144,,,,
64,7/7/2017 11:00,80.735,126,,,,
65,7/7/2017 12:00,80.911,126,,,,
66,7/7/2017 13:00,81.09,128,,,,
67,7/7/2017 14:00,81.442,160,,,,
68,7/7/2017 15:00,81.442,85,,,,
69,7/7/2017 16:00,81.797,176,,,,
70,7/7/2017 17:00,81.975,176,,,,
71,7/7/2017 18:00,82.686,384,,,,
72,7/7/2017 19:00,82.864,256,,,,
73,7/7/2017 20:00,82.152,512,,,,
74,7/7/2017 21:00,81.621,25,,,,
75,7/7/2017 22:00,81.266,0,,,,
76,7/7/2017 23:00,80.911,0,,,,
77,7/8/2017 0:00,80.559,0,,,,
78,7/8/2017 1:00,80.206,0,,,,
79,7/8/2017 2:00,80.029,0,,,,
80,7/8/2017 3:00,79.853,0,,,,
81,7/8/2017 4:00,79.502,0,,,,
82,7/8/2017 5:00,79.151,0,,,,
83,7/8/2017 6:00,78.975,0,,,,
84,7/8/2017 7:00,78.8,22,,,,
85,7/8/2017 8:00,78.624,33,,,,
86,7/8/2017 9:00,78.624,83,,,,
87,7/8/2017 10:00,78.274,34,,,,
88,7/8/2017 11:00,78.8,49,,,,
89,7/8/2017 12:00,79.151,52,,,,
90,7/8/2017 13:00,80.735,304,,,,
91,7/8/2017 14:00,81.266,248,,,,
92,7/8/2017 15:00,82.33,672,,,,
93,7/8/2017 16:00,82.686,123,,,,
94,7/8/2017 17:00,83.757,1088,,,,
95,7/8/2017 18:00,83.935,576,,,,
96,7/8/2017 19:00,83.221,1344,,,,
97,7/8/2017 20:00,82.152,192,,,,
98,7/8/2017 21:00,81.266,14,,,,
99,7/8/2017 22:00,80.559,0,,,,
100,7/8/2017 23:00,80.382,0,,,,
101,7/9/2017 0:00,79.853,0,,,,
102,7/9/2017 1:00,79.678,0,,,,
103,7/9/2017 2:00,79.326,0,,,,
104,7/9/2017 3:00,79.151,0,,,,
105,7/9/2017 4:00,78.8,0,,,,
106,7/9/2017 5:00,78.624,0,,,,
107,7/9/2017 6:00,78.449,0,,,,
108,7/9/2017 7:00,78.274,19,,,,
109,7/9/2017 8:00,78.098,28,,,,
110,7/9/2017 9:00,78.098,41,,,,
111,7/9/2017 10:00,78.098,41,,,,
112,7/9/2017 11:00,78.8,68,,,,
113,7/9/2017 12:00,79.678,60,,,,
114,7/9/2017 13:00,81.797,320,,,,
115,7/9/2017 14:00,82.864,432,,,,
116,7/9/2017 15:00,84.295,384,,,,
117,7/9/2017 16:00,83.579,432,,,,
118,7/9/2017 17:00,83.757,256,,,,
119,7/9/2017 18:00,82.864,136,,,,
120,7/9/2017 19:00,83.043,232,,,,
121,7/9/2017 20:00,81.621,92,,,,
122,7/9/2017 21:00,80.911,14,,,,
123,7/9/2017 22:00,80.559,0,,,,
124,7/9/2017 23:00,80.382,0,,,,
125,7/10/2017 0:00,80.029,0,,,,
126,7/10/2017 1:00,79.678,0,,,,
127,7/10/2017 2:00,79.502,0,,,,
128,7/10/2017 3:00,79.326,0,,,,
129,7/10/2017 4:00,78.975,0,,,,
130,7/10/2017 5:00,78.624,0,,,,
131,7/10/2017 6:00,78.449,0,,,,
132,7/10/2017 7:00,78.274,6,,,,
133,7/10/2017 8:00,78.098,22,,,,
134,7/10/2017 9:00,78.098,0,,,,
135,7/10/2017 10:00,77.749,4,,,,
136,7/10/2017 11:00,77.749,65,,,,
137,7/10/2017 12:00,77.749,52,,,,
138,7/10/2017 13:00,77.749,144,,,,
139,7/10/2017 14:00,77.749,111,,,,
140,7/10/2017 15:00,78.274,336,,,,
141,7/10/2017 16:00,78.624,400,,,,
142,7/10/2017 17:00,79.151,864,,,,
143,7/10/2017 18:00,79.326,672,,,,
144,7/10/2017 19:00,78.975,60,,,,
145,7/10/2017 20:00,78.624,40,,,,
146,7/10/2017 21:00,78.274,7,,,,
147,7/10/2017 22:00,78.098,0,,,,
148,7/10/2017 23:00,77.923,0,,,,
149,7/11/2017 0:00,77.923,0,,,,
150,7/11/2017 1:00,77.749,0,,,,
151,7/11/2017 2:00,77.749,0,,,,
152,7/11/2017 3:00,77.749,0,,,,
153,7/11/2017 4:00,77.574,0,,,,
154,7/11/2017 5:00,77.4,0,,,,
155,7/11/2017 6:00,77.4,0,,,,
156,7/11/2017 7:00,77.4,21,,,,
157,7/11/2017 8:00,77.574,75,,,,
158,7/11/2017 9:00,77.749,136,,,,
159,7/11/2017 10:00,78.449,144,,,,
160,7/11/2017 11:00,78.975,192,,,,
161,7/11/2017 12:00,79.853,160,,,,
162,7/11/2017 13:00,80.735,208,,,,
163,7/11/2017 14:00,81.266,160,,,,
164,7/11/2017 15:00,82.508,288,,,,
165,7/11/2017 16:00,83.043,304,,,,
166,7/11/2017 17:00,84.834,416,,,,
167,7/11/2017 18:00,85.374,432,,,,
168,7/11/2017 19:00,84.834,256,,,,
169,7/11/2017 20:00,83.757,17,,,,
170,7/11/2017 21:00,83.043,1,,,,
171,7/11/2017 22:00,82.508,0,,,,
172,7/11/2017 23:00,82.152,0,,,,
173,7/12/2017 0:00,81.797,0,,,,
174,7/12/2017 1:00,81.442,0,,,,
175,7/12/2017 2:00,81.09,0,,,,
176,7/12/2017 3:00,80.911,0,,,,
177,7/12/2017 4:00,80.559,0,,,,
178,7/12/2017 5:00,80.206,0,,,,
179,7/12/2017 6:00,79.853,0,,,,
180,7/12/2017 7:00,79.678,3,,,,
181,7/12/2017 8:00,79.502,31,,,,
182,7/12/2017 9:00,79.502,69,,,,
183,7/12/2017 10:00,79.678,152,,,,
184,7/12/2017 11:00,80.029,216,,,,
185,7/12/2017 12:00,80.206,123,,,,
186,7/12/2017 13:00,80.206,116,,,,
187,7/12/2017 14:00,80.029,62,,,,
188,7/12/2017 15:00,80.206,248,,,,
189,7/12/2017 16:00,81.797,512,,,,
190,7/12/2017 17:00,81.442,192,,,,
191,7/12/2017 18:00,81.621,272,,,,
192,7/12/2017 19:00,81.266,144,,,,
193,7/12/2017 20:00,81.09,136,,,,
194,7/12/2017 21:00,80.735,6,,,,
195,7/12/2017 22:00,80.559,0,,,,
196,7/12/2017 23:00,80.206,0,,,,
197,7/13/2017 0:00,80.029,0,,,,
198,7/13/2017 1:00,79.678,0,,,,
199,7/13/2017 2:00,79.678,0,,,,
200,7/13/2017 3:00,79.502,0,,,,
201,7/13/2017 4:00,79.326,0,,,,
202,7/13/2017 5:00,79.151,0,,,,
203,7/13/2017 6:00,78.975,0,,,,
204,7/13/2017 7:00,78.975,10,,,,
205,7/13/2017 8:00,78.975,57,,,,
206,7/13/2017 9:00,78.975,42,,,,
207,7/13/2017 10:00,78.975,67,,,,
208,7/13/2017 11:00,79.151,152,,,,
209,7/13/2017 12:00,79.502,216,,,,
210,7/13/2017 13:00,80.559,288,,,,
211,7/13/2017 14:00,80.382,70,,,,
212,7/13/2017 15:00,80.382,127,,,,
213,7/13/2017 16:00,81.09,320,,,,
214,7/13/2017 17:00,80.911,89,,,,
215,7/13/2017 18:00,80.911,160,,,,
216,7/13/2017 19:00,81.621,1344,,,,
217,7/13/2017 20:00,80.911,128,,,,
218,7/13/2017 21:00,80.559,7,,,,
219,7/13/2017 22:00,80.029,0,,,,
220,7/13/2017 23:00,79.853,0,,,,
221,7/14/2017 0:00,79.678,0,,,,
222,7/14/2017 1:00,79.326,0,,,,
223,7/14/2017 2:00,79.151,0,,,,
224,7/14/2017 3:00,78.975,0,,,,
225,7/14/2017 4:00,78.8,0,,,,
226,7/14/2017 5:00,78.624,0,,,,
227,7/14/2017 6:00,78.449,0,,,,
228,7/14/2017 7:00,78.274,17,,,,
229,7/14/2017 8:00,78.274,45,,,,
230,7/14/2017 9:00,78.098,125,,,,
231,7/14/2017 10:00,78.449,48,,,,
232,7/14/2017 11:00,79.502,224,,,,
233,7/14/2017 12:00,79.853,115,,,,
234,7/14/2017 13:00,80.559,113,,,,
235,7/14/2017 14:00,81.442,216,,,,
236,7/14/2017 15:00,83.221,400,,,,
237,7/14/2017 16:00,83.221,256,,,,
238,7/14/2017 17:00,83.043,224,,,,
239,7/14/2017 18:00,83.757,608,,,,
240,7/14/2017 19:00,83.043,800,,,,
241,7/14/2017 20:00,82.152,176,,,,
242,7/14/2017 21:00,81.266,11,,,,
243,7/14/2017 22:00,80.735,0,,,,
244,7/14/2017 23:00,80.382,0,,,,
245,7/15/2017 0:00,80.029,0,,,,
246,7/15/2017 1:00,79.678,0,,,,
247,7/15/2017 2:00,79.326,0,,,,
248,7/15/2017 3:00,78.975,0,,,,
249,7/15/2017 4:00,78.8,0,,,,
250,7/15/2017 5:00,78.624,0,,,,
251,7/15/2017 6:00,78.274,0,,,,
252,7/15/2017 7:00,78.098,22,,,,
253,7/15/2017 8:00,77.923,160,,,,
254,7/15/2017 9:00,78.098,114,,,,
255,7/15/2017 10:00,78.098,45,,,,
256,7/15/2017 11:00,78.8,58,,,,
257,7/15/2017 12:00,79.678,101,,,,
258,7/15/2017 13:00,81.975,336,,,,
259,7/15/2017 14:00,82.152,200,,,,
260,7/15/2017 15:00,83.757,512,,,,
261,7/15/2017 16:00,83.935,768,,,,
262,7/15/2017 17:00,86.097,5120,,,,
263,7/15/2017 18:00,85.374,448,,,,
264,7/15/2017 19:00,84.474,128,,,,
265,7/15/2017 20:00,83.757,97,,,,
266,7/15/2017 21:00,83.221,13,,,,
267,7/15/2017 22:00,82.33,0,,,,
268,7/15/2017 23:00,81.621,0,,,,
269,7/16/2017 0:00,81.09,0,,,,
270,7/16/2017 1:00,80.735,0,,,,
271,7/16/2017 2:00,80.206,0,,,,
272,7/16/2017 3:00,79.853,0,,,,
273,7/16/2017 4:00,79.502,0,,,,
274,7/16/2017 5:00,79.326,0,,,,
275,7/16/2017 6:00,78.975,0,,,,
276,7/16/2017 7:00,78.8,16,,,,
277,7/16/2017 8:00,78.624,43,,,,
278,7/16/2017 9:00,78.624,71,,,,
279,7/16/2017 10:00,78.975,200,,,,
280,7/16/2017 11:00,79.151,91,,,,
281,7/16/2017 12:00,80.029,256,,,,
282,7/16/2017 13:00,80.206,288,,,,
283,7/16/2017 14:00,80.911,608,,,,
284,7/16/2017 15:00,81.797,608,,,,
285,7/16/2017 16:00,83.043,352,,,,
286,7/16/2017 17:00,83.935,1344,,,,
287,7/16/2017 18:00,83.935,352,,,,
288,7/16/2017 19:00,82.864,768,,,,
289,7/16/2017 20:00,81.975,152,,,,
290,7/16/2017 21:00,81.266,11,,,,
291,7/16/2017 22:00,80.911,0,,,,
292,7/16/2017 23:00,80.735,0,,,,
293,7/17/2017 0:00,80.382,0,,,,
294,7/17/2017 1:00,80.029,0,,,,
295,7/17/2017 2:00,79.853,0,,,,
296,7/17/2017 3:00,79.502,0,,,,
297,7/17/2017 4:00,79.326,0,,,,
298,7/17/2017 5:00,78.975,0,,,,
299,7/17/2017 6:00,78.8,0,,,,
300,7/17/2017 7:00,78.624,20,,,,
301,7/17/2017 8:00,78.624,49,,,,
302,7/17/2017 9:00,78.624,96,,,,
303,7/17/2017 10:00,78.624,64,,,,
304,7/17/2017 11:00,78.975,33,,,,
305,7/17/2017 12:00,79.151,48,,,,
306,7/17/2017 13:00,80.911,248,,,,
307,7/17/2017 14:00,82.508,288,,,,
308,7/17/2017 15:00,83.757,304,,,,
309,7/17/2017 16:00,84.115,176,,,,
310,7/17/2017 17:00,85.374,384,,,,
311,7/17/2017 18:00,86.641,368,,,,
312,7/17/2017 19:00,86.277,1856,,,,
313,7/17/2017 20:00,84.474,576,,,,
314,7/17/2017 21:00,83.221,7,,,,
315,7/17/2017 22:00,82.864,0,,,,
316,7/17/2017 23:00,82.33,0,,,,
317,7/18/2017 0:00,81.975,0,,,,
318,7/18/2017 1:00,81.442,0,,,,
319,7/18/2017 2:00,81.09,0,,,,
320,7/18/2017 3:00,80.735,0,,,,
321,7/18/2017 4:00,80.382,0,,,,
322,7/18/2017 5:00,80.029,0,,,,
323,7/18/2017 6:00,79.678,0,,,,
324,7/18/2017 7:00,79.502,18,,,,
325,7/18/2017 8:00,79.326,30,,,,
326,7/18/2017 9:00,79.326,42,,,,
327,7/18/2017 10:00,79.502,41,,,,
328,7/18/2017 11:00,80.029,65,,,,
329,7/18/2017 12:00,80.735,80,,,,
330,7/18/2017 13:00,81.975,288,,,,
331,7/18/2017 14:00,82.152,248,,,,
332,7/18/2017 15:00,83.221,288,,,,
333,7/18/2017 16:00,86.823,480,,,,
334,7/18/2017 17:00,87.915,704,,,,
335,7/18/2017 18:00,87.552,336,,,,
336,7/18/2017 19:00,87.186,2048,,,,
337,7/18/2017 20:00,86.823,608,,,,
338,7/18/2017 21:00,85.915,6,,,,
339,7/18/2017 22:00,85.014,0,,,,
340,7/18/2017 23:00,84.474,0,,,,
341,7/19/2017 0:00,83.935,0,,,,
342,7/19/2017 1:00,83.579,0,,,,
343,7/19/2017 2:00,83.221,0,,,,
344,7/19/2017 3:00,82.686,0,,,,
345,7/19/2017 4:00,82.33,0,,,,
346,7/19/2017 5:00,81.975,0,,,,
347,7/19/2017 6:00,81.621,0,,,,
348,7/19/2017 7:00,81.266,11,,,,
349,7/19/2017 8:00,81.09,46,,,,
350,7/19/2017 9:00,81.09,64,,,,
351,7/19/2017 10:00,81.442,71,,,,
352,7/19/2017 11:00,82.152,88,,,,
353,7/19/2017 12:00,83.757,136,,,,
354,7/19/2017 13:00,85.194,160,,,,
355,7/19/2017 14:00,86.097,368,,,,
356,7/19/2017 15:00,88.65,496,,,,
357,7/19/2017 16:00,89.755,672,,,,
358,7/19/2017 17:00,88.466,144,,,,
359,7/19/2017 18:00,87.368,272,,,,
360,7/19/2017 19:00,87.186,73,,,,
361,7/19/2017 20:00,86.823,192,,,,
362,7/19/2017 21:00,85.735,6,,,,
363,7/19/2017 22:00,84.834,0,,,,
364,7/19/2017 23:00,84.295,0,,,,
365,7/20/2017 0:00,83.935,0,,,,
366,7/20/2017 1:00,83.579,0,,,,
367,7/20/2017 2:00,83.399,0,,,,
368,7/20/2017 3:00,83.221,0,,,,
369,7/20/2017 4:00,82.864,0,,,,
370,7/20/2017 5:00,82.686,0,,,,
371,7/20/2017 6:00,82.508,0,,,,
372,7/20/2017 7:00,82.33,18,,,,
373,7/20/2017 8:00,82.152,78,,,,
374,7/20/2017 9:00,82.152,127,,,,
375,7/20/2017 10:00,82.152,208,,,,
376,7/20/2017 11:00,82.33,200,,,,
377,7/20/2017 12:00,82.508,200,,,,
378,7/20/2017 13:00,83.579,248,,,,
379,7/20/2017 14:00,84.295,91,,,,
380,7/20/2017 15:00,85.014,208,,,,
381,7/20/2017 16:00,86.459,512,,,,
382,7/20/2017 17:00,86.641,496,,,,
383,7/20/2017 18:00,87.186,864,,,,
384,7/20/2017 19:00,86.097,128,,,,
385,7/20/2017 20:00,85.735,56,,,,
386,7/20/2017 21:00,85.194,8,,,,
387,7/20/2017 22:00,84.834,0,,,,
388,7/20/2017 23:00,84.474,0,,,,
389,7/21/2017 0:00,84.115,0,,,,
390,7/21/2017 1:00,83.579,0,,,,
391,7/21/2017 2:00,83.399,0,,,,
392,7/21/2017 3:00,83.221,0,,,,
393,7/21/2017 4:00,82.864,0,,,,
394,7/21/2017 5:00,82.686,0,,,,
395,7/21/2017 6:00,82.508,0,,,,
396,7/21/2017 7:00,82.33,21,,,,
397,7/21/2017 8:00,82.152,61,,,,
398,7/21/2017 9:00,82.152,104,,,,
399,7/21/2017 10:00,82.152,152,,,,
400,7/21/2017 11:00,82.33,95,,,,
401,7/21/2017 12:00,83.221,50,,,,
402,7/21/2017 13:00,83.757,208,,,,
403,7/21/2017 14:00,85.194,208,,,,
404,7/21/2017 15:00,86.097,272,,,,
405,7/21/2017 16:00,88.282,432,,,,
406,7/21/2017 17:00,90.124,2688,,,,
407,7/21/2017 18:00,89.569,896,,,,
408,7/21/2017 19:00,88.65,152,,,,
409,7/21/2017 20:00,88.282,48,,,,
410,7/21/2017 21:00,87.552,2,,,,
411,7/21/2017 22:00,87.004,0,,,,
412,7/21/2017 23:00,86.641,0,,,,
413,7/22/2017 0:00,86.097,0,,,,
414,7/22/2017 1:00,85.735,0,,,,
415,7/22/2017 2:00,85.194,0,,,,
416,7/22/2017 3:00,84.834,0,,,,
417,7/22/2017 4:00,84.474,0,,,,
418,7/22/2017 5:00,84.115,0,,,,
419,7/22/2017 6:00,83.757,0,,,,
420,7/22/2017 7:00,83.579,4,,,,
421,7/22/2017 8:00,83.221,25,,,,
422,7/22/2017 9:00,83.221,42,,,,
423,7/22/2017 10:00,83.399,208,,,,
424,7/22/2017 11:00,83.757,168,,,,
425,7/22/2017 12:00,84.295,184,,,,
426,7/22/2017 13:00,85.194,248,,,,
427,7/22/2017 14:00,86.097,384,,,,
428,7/22/2017 15:00,87.004,352,,,,
429,7/22/2017 16:00,86.823,136,,,,
430,7/22/2017 17:00,86.641,136,,,,
431,7/22/2017 18:00,87.915,304,,,,
432,7/22/2017 19:00,86.641,248,,,,
433,7/22/2017 20:00,86.277,800,,,,
434,7/22/2017 21:00,85.554,5,,,,
435,7/22/2017 22:00,85.014,0,,,,
436,7/22/2017 23:00,84.654,0,,,,
437,7/23/2017 0:00,84.295,0,,,,
438,7/23/2017 1:00,83.935,0,,,,
439,7/23/2017 2:00,83.757,0,,,,
440,7/23/2017 3:00,83.399,0,,,,
441,7/23/2017 4:00,83.221,0,,,,
442,7/23/2017 5:00,83.043,0,,,,
443,7/23/2017 6:00,82.864,0,,,,
444,7/23/2017 7:00,82.686,4,,,,
445,7/23/2017 8:00,82.686,28,,,,
446,7/23/2017 9:00,82.686,66,,,,
447,7/23/2017 10:00,82.686,117,,,,
448,7/23/2017 11:00,83.043,90,,,,
449,7/23/2017 12:00,84.295,109,,,,
450,7/23/2017 13:00,84.834,176,,,,
451,7/23/2017 14:00,84.474,106,,,,
452,7/23/2017 15:00,86.097,576,,,,
453,7/23/2017 16:00,85.014,76,,,,
454,7/23/2017 17:00,85.915,432,,,,
455,7/23/2017 18:00,85.915,768,,,,
456,7/23/2017 19:00,84.654,168,,,,
457,7/23/2017 20:00,84.654,82,,,,
458,7/23/2017 21:00,84.295,5,,,,
459,7/23/2017 22:00,83.935,0,,,,
460,7/23/2017 23:00,83.757,0,,,,
461,7/24/2017 0:00,83.579,0,,,,
462,7/24/2017 1:00,83.399,0,,,,
463,7/24/2017 2:00,83.043,0,,,,
464,7/24/2017 3:00,82.864,0,,,,
465,7/24/2017 4:00,82.508,0,,,,
466,7/24/2017 5:00,82.33,0,,,,
467,7/24/2017 6:00,81.975,0,,,,
468,7/24/2017 7:00,81.797,27,,,,
469,7/24/2017 8:00,81.442,31,,,,
470,7/24/2017 9:00,81.442,104,,,,
471,7/24/2017 10:00,81.266,64,,,,
472,7/24/2017 11:00,81.442,352,,,,
473,7/24/2017 12:00,81.266,136,,,,
474,7/24/2017 13:00,81.442,200,,,,
475,7/24/2017 14:00,81.442,256,,,,
476,7/24/2017 15:00,81.621,168,,,,
477,7/24/2017 16:00,81.797,336,,,,
478,7/24/2017 17:00,81.621,119,,,,
479,7/24/2017 18:00,82.33,272,,,,
480,7/24/2017 19:00,82.33,256,,,,
481,7/24/2017 20:00,81.621,128,,,,
482,7/24/2017 21:00,81.09,5,,,,
483,7/24/2017 22:00,80.911,0,,,,
484,7/24/2017 23:00,80.559,0,,,,
485,7/25/2017 0:00,80.382,0,,,,
486,7/25/2017 1:00,80.206,0,,,,
487,7/25/2017 2:00,80.029,0,,,,
488,7/25/2017 3:00,79.853,0,,,,
489,7/25/2017 4:00,79.502,0,,,,
490,7/25/2017 5:00,79.326,0,,,,
491,7/25/2017 6:00,79.151,0,,,,
492,7/25/2017 7:00,78.975,11,,,,
493,7/25/2017 8:00,78.8,23,,,,
494,7/25/2017 9:00,78.8,26,,,,
495,7/25/2017 10:00,78.975,25,,,,
496,7/25/2017 11:00,79.151,30,,,,
497,7/25/2017 12:00,79.678,71,,,,
498,7/25/2017 13:00,80.382,112,,,,
499,7/25/2017 14:00,81.09,152,,,,
500,7/25/2017 15:00,82.33,144,,,,
501,7/25/2017 16:00,82.33,288,,,,
502,7/25/2017 17:00,83.757,1152,,,,
503,7/25/2017 18:00,82.686,184,,,,
504,7/25/2017 19:00,83.043,304,,,,
505,7/25/2017 20:00,81.975,448,,,,
506,7/25/2017 21:00,81.621,2,,,,
507,7/25/2017 22:00,81.442,0,,,,
508,7/25/2017 23:00,81.09,0,,,,
509,7/26/2017 0:00,80.735,0,,,,
510,7/26/2017 1:00,80.382,0,,,,
511,7/26/2017 2:00,80.206,0,,,,
512,7/26/2017 3:00,79.853,0,,,,
513,7/26/2017 4:00,79.678,0,,,,
514,7/26/2017 5:00,79.502,0,,,,
515,7/26/2017 6:00,79.326,0,,,,
516,7/26/2017 7:00,79.151,10,,,,
517,7/26/2017 8:00,78.975,38,,,,
518,7/26/2017 9:00,78.975,77,,,,
519,7/26/2017 10:00,79.326,120,,,,
520,7/26/2017 11:00,79.678,116,,,,
521,7/26/2017 12:00,80.382,103,,,,
522,7/26/2017 13:00,81.621,144,,,,
523,7/26/2017 14:00,81.797,200,,,,
524,7/26/2017 15:00,82.508,232,,,,
525,7/26/2017 16:00,83.043,336,,,,
526,7/26/2017 17:00,83.221,240,,,,
527,7/26/2017 18:00,83.935,1728,,,,
528,7/26/2017 19:00,83.399,352,,,,
529,7/26/2017 20:00,81.975,39,,,,
530,7/26/2017 21:00,81.442,0,,,,
531,7/26/2017 22:00,81.09,0,,,,
532,7/26/2017 23:00,80.911,0,,,,
533,7/27/2017 0:00,80.735,0,,,,
534,7/27/2017 1:00,80.559,0,,,,
535,7/27/2017 2:00,80.382,0,,,,
536,7/27/2017 3:00,80.206,0,,,,
537,7/27/2017 4:00,80.029,0,,,,
538,7/27/2017 5:00,79.853,0,,,,
539,7/27/2017 6:00,79.678,0,,,,
540,7/27/2017 7:00,79.502,10,,,,
541,7/27/2017 8:00,79.502,46,,,,
542,7/27/2017 9:00,79.678,83,,,,
543,7/27/2017 10:00,80.029,128,,,,
544,7/27/2017 11:00,80.382,84,,,,
545,7/27/2017 12:00,80.735,85,,,,
546,7/27/2017 13:00,82.508,128,,,,
547,7/27/2017 14:00,84.115,320,,,,
548,7/27/2017 15:00,84.834,288,,,,
549,7/27/2017 16:00,85.554,288,,,,
550,7/27/2017 17:00,87.186,416,,,,
551,7/27/2017 18:00,86.641,304,,,,
552,7/27/2017 19:00,86.641,256,,,,
553,7/27/2017 20:00,85.735,152,,,,
554,7/27/2017 21:00,84.834,0,,,,
555,7/27/2017 22:00,83.935,0,,,,
556,7/27/2017 23:00,83.579,0,,,,
557,7/28/2017 0:00,83.043,0,,,,
558,7/28/2017 1:00,82.508,0,,,,
559,7/28/2017 2:00,81.975,0,,,,
560,7/28/2017 3:00,81.442,0,,,,
561,7/28/2017 4:00,81.09,0,,,,
562,7/28/2017 5:00,80.735,0,,,,
563,7/28/2017 6:00,80.382,0,,,,
564,7/28/2017 7:00,80.029,17,,,,
565,7/28/2017 8:00,79.853,55,,,,
566,7/28/2017 9:00,79.853,91,,,,
567,7/28/2017 10:00,79.678,115,,,,
568,7/28/2017 11:00,79.853,126,,,,
569,7/28/2017 12:00,79.678,104,,,,
570,7/28/2017 13:00,80.382,106,,,,
571,7/28/2017 14:00,81.442,256,,,,
572,7/28/2017 15:00,81.09,192,,,,
573,7/28/2017 16:00,81.442,672,,,,
574,7/28/2017 17:00,81.975,384,,,,
575,7/28/2017 18:00,82.152,248,,,,
576,7/28/2017 19:00,81.442,184,,,,
577,7/28/2017 20:00,80.559,20,,,,
578,7/28/2017 21:00,80.206,3,,,,
579,7/28/2017 22:00,79.678,0,,,,
580,7/28/2017 23:00,79.326,0,,,,
581,7/29/2017 0:00,79.151,0,,,,
582,7/29/2017 1:00,78.8,0,,,,
583,7/29/2017 2:00,78.624,0,,,,
584,7/29/2017 3:00,78.274,0,,,,
585,7/29/2017 4:00,78.098,0,,,,
586,7/29/2017 5:00,77.749,0,,,,
587,7/29/2017 6:00,77.574,0,,,,
588,7/29/2017 7:00,77.225,17,,,,
589,7/29/2017 8:00,77.05,25,,,,
590,7/29/2017 9:00,76.876,22,,,,
591,7/29/2017 10:00,77.05,26,,,,
592,7/29/2017 11:00,77.225,25,,,,
593,7/29/2017 12:00,77.4,40,,,,
594,7/29/2017 13:00,78.274,416,,,,
595,7/29/2017 14:00,78.975,168,,,,
596,7/29/2017 15:00,79.678,208,,,,
597,7/29/2017 16:00,80.206,304,,,,
598,7/29/2017 17:00,80.735,416,,,,
599,7/29/2017 18:00,81.266,288,,,,
600,7/29/2017 19:00,80.735,192,,,,
601,7/29/2017 20:00,80.029,84,,,,
602,7/29/2017 21:00,79.502,6,,,,
603,7/29/2017 22:00,79.326,0,,,,
604,7/29/2017 23:00,79.151,0,,,,
605,7/30/2017 0:00,78.8,0,,,,
606,7/30/2017 1:00,78.624,0,,,,
607,7/30/2017 2:00,78.274,0,,,,
608,7/30/2017 3:00,78.098,0,,,,
609,7/30/2017 4:00,78.098,0,,,,
610,7/30/2017 5:00,77.749,0,,,,
611,7/30/2017 6:00,77.574,0,,,,
612,7/30/2017 7:00,77.4,26,,,,
613,7/30/2017 8:00,77.4,58,,,,
614,7/30/2017 9:00,77.225,59,,,,
615,7/30/2017 10:00,77.574,60,,,,
616,7/30/2017 11:00,78.098,62,,,,
617,7/30/2017 12:00,78.8,60,,,,
618,7/30/2017 13:00,80.911,136,,,,
619,7/30/2017 14:00,83.221,672,,,,
620,7/30/2017 15:00,85.014,576,,,,
621,7/30/2017 16:00,85.915,480,,,,
622,7/30/2017 17:00,87.552,608,,,,
623,7/30/2017 18:00,87.552,576,,,,
624,7/30/2017 19:00,87.186,480,,,,
625,7/30/2017 20:00,85.915,116,,,,
626,7/30/2017 21:00,84.834,3,,,,
627,7/30/2017 22:00,83.757,0,,,,
628,7/30/2017 23:00,82.864,0,,,,
629,7/31/2017 0:00,81.975,0,,,,
630,7/31/2017 1:00,81.266,0,,,,
631,7/31/2017 2:00,80.735,0,,,,
632,7/31/2017 3:00,80.029,0,,,,
633,7/31/2017 4:00,79.678,0,,,,
634,7/31/2017 5:00,79.326,0,,,,
635,7/31/2017 6:00,78.975,0,,,,
636,7/31/2017 7:00,78.624,19,,,,
637,7/31/2017 8:00,78.449,55,,,,
638,7/31/2017 9:00,78.274,41,,,,
639,7/31/2017 10:00,78.449,45,,,,
640,7/31/2017 11:00,79.326,46,,,,
641,7/31/2017 12:00,80.911,128,,,,
642,7/31/2017 13:00,82.864,576,,,,
643,7/31/2017 14:00,83.757,51,,,,
644,7/31/2017 15:00,84.654,336,,,,
645,7/31/2017 16:00,85.194,512,,,,
646,7/31/2017 17:00,86.097,232,,,,
647,7/31/2017 18:00,85.915,232,,,,
648,7/31/2017 19:00,85.014,152,,,,
649,7/31/2017 20:00,83.757,124,,,,
650,7/31/2017 21:00,82.508,2,,,,
651,7/31/2017 22:00,82.152,0,,,,
652,7/31/2017 23:00,81.797,0,,,,
653,8/1/2017 0:00,81.442,0,,,,
654,8/1/2017 1:00,80.911,0,,,,
655,8/1/2017 2:00,80.559,0,,,,
656,8/1/2017 3:00,80.206,0,,,,
657,8/1/2017 4:00,80.029,0,,,,
658,8/1/2017 5:00,79.678,0,,,,
659,8/1/2017 6:00,79.326,0,,,,
660,8/1/2017 7:00,79.151,38,,,,
661,8/1/2017 8:00,78.975,55,,,,
662,8/1/2017 9:00,78.975,68,,,,
663,8/1/2017 10:00,79.151,84,,,,
664,8/1/2017 11:00,79.853,76,,,,
665,8/1/2017 12:00,81.975,144,,,,
666,8/1/2017 13:00,83.043,672,,,,
667,8/1/2017 14:00,83.757,128,,,,
668,8/1/2017 15:00,84.834,248,,,,
669,8/1/2017 16:00,86.459,608,,,,
670,8/1/2017 17:00,85.554,272,,,,
671,8/1/2017 18:00,85.194,152,,,,
672,8/1/2017 19:00,84.295,216,,,,
673,8/1/2017 20:00,83.935,136,,,,
674,8/1/2017 21:00,82.864,1,,,,
675,8/1/2017 22:00,82.508,0,,,,
676,8/1/2017 23:00,81.975,0,,,,
677,8/2/2017 0:00,81.621,0,,,,
678,8/2/2017 1:00,81.09,0,,,,
679,8/2/2017 2:00,80.911,0,,,,
680,8/2/2017 3:00,80.559,0,,,,
681,8/2/2017 4:00,80.206,0,,,,
682,8/2/2017 5:00,80.029,0,,,,
683,8/2/2017 6:00,79.678,0,,,,
684,8/2/2017 7:00,79.502,15,,,,
685,8/2/2017 8:00,79.502,59,,,,
686,8/2/2017 9:00,79.502,41,,,,
687,8/2/2017 10:00,79.853,47,,,,
688,8/2/2017 11:00,80.559,69,,,,
689,8/2/2017 12:00,82.33,82,,,,
690,8/2/2017 13:00,83.935,176,,,,
691,8/2/2017 14:00,85.735,576,,,,
692,8/2/2017 15:00,84.654,992,,,,
693,8/2/2017 16:00,85.194,496,,,,
694,8/2/2017 17:00,85.915,336,,,,
695,8/2/2017 18:00,85.014,124,,,,
696,8/2/2017 19:00,84.654,176,,,,
697,8/2/2017 20:00,84.295,176,,,,
698,8/2/2017 21:00,83.221,1,,,,
699,8/2/2017 22:00,82.686,0,,,,
700,8/2/2017 23:00,82.508,0,,,,
701,8/3/2017 0:00,82.33,0,,,,
702,8/3/2017 1:00,81.975,0,,,,
703,8/3/2017 2:00,81.621,0,,,,
704,8/3/2017 3:00,81.442,0,,,,
705,8/3/2017 4:00,81.266,0,,,,
706,8/3/2017 5:00,80.735,0,,,,
707,8/3/2017 6:00,80.559,0,,,,
708,8/3/2017 7:00,80.382,15,,,,
709,8/3/2017 8:00,80.382,53,,,,
710,8/3/2017 9:00,80.206,54,,,,
711,8/3/2017 10:00,80.559,58,,,,
712,8/3/2017 11:00,80.735,91,,,,
713,8/3/2017 11:30,,,Logged,,,
714,8/3/2017 11:30,,,,Logged,,
715,8/3/2017 11:31,,,,,Logged,
716,8/3/2017 12:00,81.621,52,,,,
717,8/3/2017 13:00,82.508,136,,,,
718,8/3/2017 14:00,83.757,125,,,,
719,8/3/2017 15:00,84.295,72,,,,
720,8/3/2017 16:00,83.399,85,,,,
721,8/3/2017 17:00,83.043,37,,,,
722,8/3/2017 18:00,82.864,112,,,,
723,8/3/2017 19:00,82.508,44,,,,
724,8/3/2017 20:00,82.33,7,,,,
725,8/3/2017 21:00,81.975,0,,,,
726,8/3/2017 22:00,81.621,0,,,,
727,8/3/2017 23:00,81.442,0,,,,
728,8/4/2017 0:00,81.266,0,,,,
729,8/4/2017 1:00,80.911,0,,,,
730,8/4/2017 2:00,80.735,0,,,,
731,8/4/2017 3:00,80.382,0,,,,
732,8/4/2017 4:00,80.206,0,,,,
733,8/4/2017 5:00,80.029,0,,,,
734,8/4/2017 6:00,79.853,0,,,,
735,8/4/2017 7:00,79.678,1,,,,
736,8/4/2017 8:00,79.502,7,,,,
737,8/4/2017 9:00,79.326,21,,,,
738,8/4/2017 10:00,79.326,118,,,,
739,8/4/2017 11:00,79.502,120,,,,
740,8/4/2017 12:00,79.678,82,,,,
741,8/4/2017 13:00,80.206,464,,,,
742,8/4/2017 14:00,80.206,248,,,,
743,8/4/2017 15:00,79.678,136,,,,
744,8/4/2017 16:00,79.326,62,,,,
745,8/4/2017 17:00,78.8,91,,,,
746,8/4/2017 18:00,78.8,91,,,,
747,8/4/2017 19:00,78.274,22,,,,
748,8/4/2017 20:00,78.098,10,,,,
749,8/4/2017 21:00,77.749,0,,,,
750,8/4/2017 22:00,77.574,0,,,,
751,8/4/2017 23:00,77.225,0,,,,
752,8/5/2017 0:00,77.05,0,,,,
753,8/5/2017 1:00,76.876,0,,,,
754,8/5/2017 2:00,76.528,0,,,,
755,8/5/2017 3:00,76.528,0,,,,
756,8/5/2017 4:00,76.354,0,,,,
757,8/5/2017 5:00,76.006,0,,,,
758,8/5/2017 6:00,76.006,0,,,,
759,8/5/2017 7:00,75.832,13,,,,
760,8/5/2017 8:00,75.832,39,,,,
761,8/5/2017 9:00,75.659,53,,,,
762,8/5/2017 10:00,75.832,107,,,,
763,8/5/2017 11:00,76.354,61,,,,
764,8/5/2017 12:00,76.876,104,,,,
765,8/5/2017 13:00,77.574,320,,,,
766,8/5/2017 14:00,78.274,304,,,,
767,8/5/2017 15:00,78.274,86,,,,
768,8/5/2017 16:00,78.274,49,,,,
769,8/5/2017 17:00,78.098,208,,,,
770,8/5/2017 18:00,78.8,256,,,,
771,8/5/2017 19:00,78.975,136,,,,
772,8/5/2017 20:00,78.449,51,,,,
773,8/5/2017 21:00,77.923,0,,,,
774,8/5/2017 22:00,77.749,0,,,,
775,8/5/2017 23:00,77.4,0,,,,
776,8/6/2017 0:00,77.05,0,,,,
777,8/6/2017 1:00,76.876,0,,,,
778,8/6/2017 2:00,76.703,0,,,,
779,8/6/2017 3:00,76.528,0,,,,
780,8/6/2017 4:00,76.354,0,,,,
781,8/6/2017 5:00,76.181,0,,,,
782,8/6/2017 6:00,76.006,0,,,,
783,8/6/2017 7:00,76.006,4,,,,
784,8/6/2017 8:00,76.006,22,,,,
785,8/6/2017 9:00,76.006,46,,,,
786,8/6/2017 10:00,76.006,69,,,,
787,8/6/2017 11:00,76.006,101,,,,
788,8/6/2017 12:00,76.181,168,,,,
789,8/6/2017 13:00,76.703,168,,,,
790,8/6/2017 14:00,77.225,168,,,,
791,8/6/2017 15:00,77.4,200,,,,
792,8/6/2017 16:00,78.098,400,,,,
793,8/6/2017 17:00,78.449,464,,,,
794,8/6/2017 18:00,78.274,224,,,,
795,8/6/2017 19:00,78.098,168,,,,
796,8/6/2017 20:00,77.574,27,,,,
797,8/6/2017 21:00,77.225,0,,,,
798,8/6/2017 22:00,76.876,0,,,,
799,8/6/2017 23:00,76.528,0,,,,
800,8/7/2017 0:00,76.354,0,,,,
801,8/7/2017 1:00,76.006,0,,,,
802,8/7/2017 2:00,76.006,0,,,,
803,8/7/2017 3:00,75.832,0,,,,
804,8/7/2017 4:00,75.659,0,,,,
805,8/7/2017 5:00,75.484,0,,,,
806,8/7/2017 6:00,75.312,0,,,,
807,8/7/2017 7:00,75.139,7,,,,
808,8/7/2017 8:00,75.312,29,,,,
809,8/7/2017 9:00,75.312,92,,,,
810,8/7/2017 10:00,75.484,53,,,,
811,8/7/2017 11:00,76.006,78,,,,
812,8/7/2017 12:00,76.703,144,,,,
813,8/7/2017 13:00,77.05,288,,,,
814,8/7/2017 14:00,77.574,144,,,,
815,8/7/2017 15:00,78.449,400,,,,
816,8/7/2017 16:00,79.326,400,,,,
817,8/7/2017 17:00,80.029,496,,,,
818,8/7/2017 18:00,80.206,304,,,,
819,8/7/2017 19:00,79.502,288,,,,
820,8/7/2017 20:00,78.8,66,,,,
821,8/7/2017 21:00,78.098,0,,,,
822,8/7/2017 22:00,77.749,0,,,,
823,8/7/2017 23:00,77.4,0,,,,
824,8/8/2017 0:00,77.05,0,,,,
825,8/8/2017 1:00,76.703,0,,,,
826,8/8/2017 2:00,76.528,0,,,,
827,8/8/2017 3:00,76.181,0,,,,
828,8/8/2017 4:00,75.832,0,,,,
829,8/8/2017 5:00,75.659,0,,,,
830,8/8/2017 6:00,75.484,0,,,,
831,8/8/2017 7:00,75.312,7,,,,
832,8/8/2017 8:00,75.312,34,,,,
833,8/8/2017 9:00,75.139,33,,,,
834,8/8/2017 10:00,75.484,50,,,,
835,8/8/2017 11:00,75.832,43,,,,
836,8/8/2017 12:00,76.528,79,,,,
837,8/8/2017 13:00,78.274,320,,,,
838,8/8/2017 14:00,79.151,224,,,,
839,8/8/2017 15:00,80.382,352,,,,
840,8/8/2017 16:00,79.853,75,,,,
841,8/8/2017 17:00,81.621,576,,,,
842,8/8/2017 18:00,80.559,184,,,,
843,8/8/2017 19:00,80.559,111,,,,
844,8/8/2017 20:00,79.326,13,,,,
845,8/8/2017 21:00,78.975,0,,,,
846,8/8/2017 22:00,78.8,0,,,,
847,8/8/2017 23:00,78.274,0,,,,
848,8/9/2017 0:00,77.923,0,,,,
849,8/9/2017 1:00,77.574,0,,,,
850,8/9/2017 2:00,77.225,0,,,,
851,8/9/2017 3:00,76.876,0,,,,
852,8/9/2017 4:00,76.703,0,,,,
853,8/9/2017 5:00,76.354,0,,,,
854,8/9/2017 6:00,76.181,0,,,,
855,8/9/2017 7:00,76.006,7,,,,
856,8/9/2017 8:00,75.832,30,,,,
857,8/9/2017 9:00,75.832,47,,,,
858,8/9/2017 10:00,76.006,65,,,,
859,8/9/2017 11:00,76.703,160,,,,
860,8/9/2017 12:00,78.274,152,,,,
861,8/9/2017 13:00,79.151,184,,,,
862,8/9/2017 14:00,80.206,368,,,,
863,8/9/2017 15:00,81.975,336,,,,
864,8/9/2017 16:00,81.621,352,,,,
865,8/9/2017 17:00,82.686,128,,,,
866,8/9/2017 18:00,81.975,192,,,,
867,8/9/2017 19:00,81.797,192,,,,
868,8/9/2017 20:00,81.09,23,,,,
869,8/9/2017 21:00,80.382,0,,,,
870,8/9/2017 22:00,79.853,0,,,,
871,8/9/2017 23:00,79.326,0,,,,
872,8/10/2017 0:00,78.8,0,,,,
873,8/10/2017 1:00,78.274,0,,,,
874,8/10/2017 2:00,77.923,0,,,,
875,8/10/2017 3:00,77.574,0,,,,
876,8/10/2017 4:00,77.225,0,,,,
877,8/10/2017 5:00,76.876,0,,,,
878,8/10/2017 6:00,76.528,0,,,,
879,8/10/2017 7:00,76.528,3,,,,
880,8/10/2017 8:00,76.354,34,,,,
881,8/10/2017 9:00,76.354,48,,,,
882,8/10/2017 10:00,76.528,64,,,,
883,8/10/2017 11:00,77.05,160,,,,
884,8/10/2017 12:00,78.449,184,,,,
885,8/10/2017 13:00,78.274,288,,,,
886,8/10/2017 14:00,78.624,168,,,,
887,8/10/2017 15:00,80.206,136,,,,
888,8/10/2017 16:00,82.33,240,,,,
889,8/10/2017 17:00,81.797,576,,,,
890,8/10/2017 18:00,81.975,256,,,,
891,8/10/2017 19:00,81.621,45,,,,
892,8/10/2017 20:00,81.09,21,,,,
893,8/10/2017 21:00,80.911,0,,,,
894,8/10/2017 22:00,80.206,0,,,,
895,8/10/2017 23:00,79.678,0,,,,
896,8/11/2017 0:00,79.326,0,,,,
897,8/11/2017 1:00,78.975,0,,,,
898,8/11/2017 2:00,78.624,0,,,,
899,8/11/2017 3:00,78.274,0,,,,
900,8/11/2017 4:00,77.923,0,,,,
901,8/11/2017 5:00,77.749,0,,,,
902,8/11/2017 6:00,77.4,0,,,,
903,8/11/2017 7:00,77.225,1,,,,
904,8/11/2017 8:00,77.05,15,,,,
905,8/11/2017 9:00,77.05,53,,,,
906,8/11/2017 10:00,77.225,113,,,,
907,8/11/2017 11:00,77.4,118,,,,
908,8/11/2017 12:00,78.274,144,,,,
909,8/11/2017 13:00,78.975,288,,,,
910,8/11/2017 14:00,80.206,320,,,,
911,8/11/2017 15:00,80.911,136,,,,
912,8/11/2017 16:00,81.266,200,,,,
913,8/11/2017 17:00,80.735,85,,,,
914,8/11/2017 18:00,80.911,184,,,,
915,8/11/2017 19:00,80.029,62,,,,
916,8/11/2017 20:00,79.502,31,,,,
917,8/11/2017 21:00,79.151,0,,,,
918,8/11/2017 22:00,78.975,0,,,,
919,8/11/2017 23:00,78.624,0,,,,
920,8/12/2017 0:00,78.274,0,,,,
921,8/12/2017 1:00,77.923,0,,,,
922,8/12/2017 2:00,77.574,0,,,,
923,8/12/2017 3:00,77.225,0,,,,
924,8/12/2017 4:00,76.876,0,,,,
925,8/12/2017 5:00,76.703,0,,,,
926,8/12/2017 6:00,76.528,0,,,,
927,8/12/2017 7:00,76.354,3,,,,
928,8/12/2017 8:00,76.181,36,,,,
929,8/12/2017 9:00,76.181,55,,,,
930,8/12/2017 10:00,76.354,114,,,,
931,8/12/2017 11:00,76.528,240,,,,
932,8/12/2017 12:00,76.703,216,,,,
933,8/12/2017 13:00,77.4,336,,,,
934,8/12/2017 14:00,77.923,176,,,,
935,8/12/2017 15:00,78.449,448,,,,
936,8/12/2017 16:00,80.206,800,,,,
937,8/12/2017 17:00,79.853,53,,,,
938,8/12/2017 18:00,79.326,93,,,,
939,8/12/2017 19:00,78.8,67,,,,
940,8/12/2017 20:00,78.098,10,,,,
941,8/12/2017 21:00,77.923,0,,,,
942,8/12/2017 22:00,77.749,0,,,,
943,8/12/2017 23:00,77.4,0,,,,
944,8/13/2017 0:00,77.225,0,,,,
945,8/13/2017 1:00,77.05,0,,,,
946,8/13/2017 2:00,76.876,0,,,,
947,8/13/2017 3:00,76.703,0,,,,
948,8/13/2017 4:00,76.703,0,,,,
949,8/13/2017 5:00,76.354,0,,,,
950,8/13/2017 6:00,76.354,0,,,,
951,8/13/2017 7:00,76.181,4,,,,
952,8/13/2017 8:00,76.006,15,,,,
953,8/13/2017 9:00,75.832,23,,,,
954,8/13/2017 10:00,76.354,57,,,,
955,8/13/2017 11:00,77.05,53,,,,
956,8/13/2017 12:00,77.923,112,,,,
957,8/13/2017 13:00,78.098,85,,,,
958,8/13/2017 14:00,78.449,432,,,,
959,8/13/2017 15:00,80.559,224,,,,
960,8/13/2017 16:00,79.853,168,,,,
961,8/13/2017 17:00,80.382,168,,,,
962,8/13/2017 18:00,80.382,208,,,,
963,8/13/2017 19:00,80.029,120,,,,
964,8/13/2017 20:00,79.678,37,,,,
965,8/13/2017 21:00,79.326,0,,,,
966,8/13/2017 22:00,78.8,0,,,,
967,8/13/2017 23:00,78.624,0,,,,
968,8/14/2017 0:00,78.274,0,,,,
969,8/14/2017 1:00,77.923,0,,,,
970,8/14/2017 2:00,77.749,0,,,,
971,8/14/2017 3:00,77.4,0,,,,
972,8/14/2017 4:00,77.225,0,,,,
973,8/14/2017 5:00,77.05,0,,,,
974,8/14/2017 6:00,76.876,0,,,,
975,8/14/2017 7:00,76.703,3,,,,
976,8/14/2017 8:00,76.528,23,,,,
977,8/14/2017 9:00,76.528,46,,,,
978,8/14/2017 10:00,76.703,56,,,,
979,8/14/2017 11:00,77.225,61,,,,
980,8/14/2017 12:00,78.098,77,,,,
981,8/14/2017 13:00,78.274,272,,,,
982,8/14/2017 14:00,78.449,160,,,,
983,8/14/2017 15:00,79.502,109,,,,
984,8/14/2017 16:00,80.559,121,,,,
985,8/14/2017 17:00,80.735,95,,,,
986,8/14/2017 18:00,80.735,184,,,,
987,8/14/2017 19:00,80.029,63,,,,
988,8/14/2017 20:00,80.029,31,,,,
989,8/14/2017 21:00,79.502,0,,,,
990,8/14/2017 22:00,79.151,0,,,,
991,8/14/2017 23:00,78.975,0,,,,
992,8/15/2017 0:00,78.8,0,,,,
993,8/15/2017 1:00,78.624,0,,,,
994,8/15/2017 2:00,78.274,0,,,,
995,8/15/2017 3:00,78.098,0,,,,
996,8/15/2017 4:00,77.923,0,,,,
997,8/15/2017 5:00,77.749,0,,,,
998,8/15/2017 6:00,77.4,0,,,,
999,8/15/2017 7:00,77.225,2,,,,
1000,8/15/2017 8:00,77.05,15,,,,
1001,8/15/2017 9:00,77.05,56,,,,
1002,8/15/2017 10:00,77.225,90,,,,
1003,8/15/2017 11:00,77.749,61,,,,
1004,8/15/2017 12:00,78.975,69,,,,
1005,8/15/2017 13:00,80.029,61,,,,
1006,8/15/2017 14:00,81.09,272,,,,
1007,8/15/2017 15:00,81.442,144,,,,
1008,8/15/2017 16:00,82.152,240,,,,
1009,8/15/2017 17:00,82.686,93,,,,
1010,8/15/2017 18:00,82.864,480,,,,
1011,8/15/2017 19:00,82.686,304,,,,
1012,8/15/2017 20:00,81.797,37,,,,
1013,8/15/2017 21:00,81.266,0,,,,
1014,8/15/2017 22:00,80.911,0,,,,
1015,8/15/2017 23:00,80.382,0,,,,
1016,8/16/2017 0:00,80.029,0,,,,
1017,8/16/2017 1:00,79.678,0,,,,
1018,8/16/2017 2:00,79.326,0,,,,
1019,8/16/2017 3:00,78.975,0,,,,
1020,8/16/2017 4:00,78.624,0,,,,
1021,8/16/2017 5:00,78.274,0,,,,
1022,8/16/2017 6:00,78.098,0,,,,
1023,8/16/2017 7:00,77.923,3,,,,
1024,8/16/2017 8:00,77.923,31,,,,
1025,8/16/2017 9:00,77.749,58,,,,
1026,8/16/2017 10:00,77.923,85,,,,
1027,8/16/2017 11:00,78.098,62,,,,
1028,8/16/2017 12:00,78.449,61,,,,
1029,8/16/2017 13:00,79.151,176,,,,
1030,8/16/2017 14:00,79.502,106,,,,
1031,8/16/2017 15:00,79.853,128,,,,
1032,8/16/2017 16:00,81.442,216,,,,
1033,8/16/2017 17:00,82.33,576,,,,
1034,8/16/2017 18:00,82.152,256,,,,
1035,8/16/2017 19:00,81.09,27,,,,
1036,8/16/2017 20:00,80.735,11,,,,
1037,8/16/2017 21:00,80.735,0,,,,
1038,8/16/2017 22:00,80.559,0,,,,
1039,8/16/2017 23:00,80.911,0,,,,
1040,8/17/2017 0:00,80.559,0,,,,
1041,8/17/2017 1:00,80.382,0,,,,
1042,8/17/2017 2:00,80.029,0,,,,
1043,8/17/2017 3:00,79.853,0,,,,
1044,8/17/2017 4:00,79.502,0,,,,
1045,8/17/2017 5:00,79.151,0,,,,
1046,8/17/2017 6:00,78.975,0,,,,
1047,8/17/2017 7:00,78.8,0,,,,
1048,8/17/2017 8:00,78.8,19,,,,
1049,8/17/2017 9:00,78.8,26,,,,
1050,8/17/2017 10:00,78.8,60,,,,
1051,8/17/2017 11:00,79.151,54,,,,
1052,8/17/2017 12:00,78.975,6,,,,
1053,8/17/2017 13:00,78.624,16,,,,
1054,8/17/2017 14:00,79.326,304,,,,
1055,8/17/2017 15:00,79.326,125,,,,
1056,8/17/2017 16:00,80.911,54,,,,
1057,8/17/2017 17:00,80.735,448,,,,
1058,8/17/2017 18:00,81.621,152,,,,
1059,8/17/2017 19:00,80.559,88,,,,
1060,8/17/2017 20:00,80.029,3,,,,
1061,8/17/2017 21:00,79.678,0,,,,
1062,8/17/2017 22:00,79.326,0,,,,
1063,8/17/2017 23:00,79.151,0,,,,
1064,8/18/2017 0:00,78.975,0,,,,
1065,8/18/2017 1:00,78.8,0,,,,
1066,8/18/2017 2:00,78.8,0,,,,
1067,8/18/2017 3:00,78.624,0,,,,
1068,8/18/2017 4:00,78.449,0,,,,
1069,8/18/2017 5:00,78.274,0,,,,
1070,8/18/2017 6:00,78.098,0,,,,
1071,8/18/2017 7:00,78.098,3,,,,
1072,8/18/2017 8:00,77.923,17,,,,
1073,8/18/2017 9:00,77.749,56,,,,
1074,8/18/2017 10:00,77.923,86,,,,
1075,8/18/2017 11:00,77.923,50,,,,
1076,8/18/2017 12:00,78.098,128,,,,
1077,8/18/2017 13:00,78.449,136,,,,
1078,8/18/2017 14:00,78.624,160,,,,
1079,8/18/2017 15:00,79.151,248,,,,
1080,8/18/2017 16:00,79.151,160,,,,
1081,8/18/2017 17:00,79.502,672,,,,
1082,8/18/2017 18:00,79.151,57,,,,
1083,8/18/2017 19:00,79.326,113,,,,
1084,8/18/2017 20:00,78.8,19,,,,
1085,8/18/2017 21:00,78.624,0,,,,
1086,8/18/2017 22:00,78.274,0,,,,
1087,8/18/2017 23:00,78.098,0,,,,
1088,8/19/2017 0:00,77.923,0,,,,
1089,8/19/2017 1:00,77.749,0,,,,
1090,8/19/2017 2:00,77.749,0,,,,
1091,8/19/2017 3:00,77.574,0,,,,
1092,8/19/2017 4:00,77.574,0,,,,
1093,8/19/2017 5:00,77.4,0,,,,
1094,8/19/2017 6:00,77.225,0,,,,
1095,8/19/2017 7:00,77.05,1,,,,
1096,8/19/2017 8:00,77.05,15,,,,
1097,8/19/2017 9:00,77.05,60,,,,
1098,8/19/2017 10:00,77.225,160,,,,
1099,8/19/2017 11:00,77.574,160,,,,
1100,8/19/2017 12:00,77.749,144,,,,
1101,8/19/2017 13:00,78.975,136,,,,
1102,8/19/2017 14:00,79.326,208,,,,
1103,8/19/2017 15:00,80.559,240,,,,
1104,8/19/2017 16:00,81.442,1024,,,,
1105,8/19/2017 17:00,82.152,512,,,,
1106,8/19/2017 18:00,82.33,352,,,,
1107,8/19/2017 19:00,81.442,86,,,,
1108,8/19/2017 20:00,80.382,18,,,,
1109,8/19/2017 21:00,79.853,0,,,,
1110,8/19/2017 22:00,79.678,0,,,,
1111,8/19/2017 23:00,79.326,0,,,,
1112,8/20/2017 0:00,78.975,0,,,,
1113,8/20/2017 1:00,78.8,0,,,,
1114,8/20/2017 2:00,78.449,0,,,,
1115,8/20/2017 3:00,78.274,0,,,,
1116,8/20/2017 4:00,77.923,0,,,,
1117,8/20/2017 5:00,77.749,0,,,,
1118,8/20/2017 6:00,77.749,0,,,,
1119,8/20/2017 7:00,77.4,2,,,,
1120,8/20/2017 8:00,77.4,21,,,,
1121,8/20/2017 9:00,77.4,51,,,,
1122,8/20/2017 10:00,77.574,35,,,,
1123,8/20/2017 11:00,78.274,62,,,,
1124,8/20/2017 12:00,79.678,72,,,,
1125,8/20/2017 13:00,80.206,304,,,,
1126,8/20/2017 14:00,81.09,208,,,,
1127,8/20/2017 15:00,82.152,152,,,,
1128,8/20/2017 16:00,82.33,64,,,,
1129,8/20/2017 17:00,81.797,63,,,,
1130,8/20/2017 18:00,82.508,248,,,,
1131,8/20/2017 19:00,81.975,35,,,,
1132,8/20/2017 20:00,81.797,4,,,,
1133,8/20/2017 21:00,81.442,0,,,,
1134,8/20/2017 22:00,80.911,0,,,,
1135,8/20/2017 23:00,80.735,0,,,,
1136,8/21/2017 0:00,80.382,0,,,,
1137,8/21/2017 1:00,80.206,0,,,,
1138,8/21/2017 2:00,80.029,0,,,,
1139,8/21/2017 3:00,79.678,0,,,,
1140,8/21/2017 4:00,79.502,0,,,,
1141,8/21/2017 5:00,79.326,0,,,,
1142,8/21/2017 6:00,79.151,0,,,,
1143,8/21/2017 7:00,78.975,0,,,,
1144,8/21/2017 8:00,78.8,19,,,,
1145,8/21/2017 9:00,78.8,54,,,,
1146,8/21/2017 10:00,78.975,49,,,,
1147,8/21/2017 11:00,79.502,69,,,,
1148,8/21/2017 12:00,80.382,152,,,,
1149,8/21/2017 13:00,81.442,232,,,,
1150,8/21/2017 14:00,82.152,46,,,,
1151,8/21/2017 15:00,81.975,67,,,,
1152,8/21/2017 16:00,82.33,192,,,,
1153,8/21/2017 17:00,82.508,480,,,,
1154,8/21/2017 18:00,83.221,184,,,,
1155,8/21/2017 19:00,82.508,102,,,,
1156,8/21/2017 20:00,81.975,7,,,,
1157,8/21/2017 21:00,81.621,0,,,,
1158,8/21/2017 22:00,81.442,0,,,,
1159,8/21/2017 23:00,81.266,0,,,,
1160,8/22/2017 0:00,81.09,0,,,,
1161,8/22/2017 1:00,80.911,0,,,,
1162,8/22/2017 2:00,80.735,0,,,,
1163,8/22/2017 3:00,80.559,0,,,,
1164,8/22/2017 4:00,80.382,0,,,,
1165,8/22/2017 5:00,80.206,0,,,,
1166,8/22/2017 6:00,79.853,0,,,,
1167,8/22/2017 7:00,79.502,0,,,,
1168,8/22/2017 8:00,79.326,9,,,,
1169,8/22/2017 9:00,79.151,32,,,,
1170,8/22/2017 10:00,79.326,184,,,,
1171,8/22/2017 11:00,79.326,123,,,,
1172,8/22/2017 12:00,79.502,72,,,,
1173,8/22/2017 13:00,79.678,72,,,,
1174,8/22/2017 14:00,80.206,136,,,,
1175,8/22/2017 15:00,79.853,10,,,,
1176,8/22/2017 16:00,80.559,480,,,,
1177,8/22/2017 17:00,80.911,248,,,,
1178,8/22/2017 18:00,80.735,216,,,,
1179,8/22/2017 19:00,80.559,110,,,,
1180,8/22/2017 20:00,79.678,71,,,,
1181,8/22/2017 21:00,78.975,0,,,,
1182,8/22/2017 22:00,78.8,0,,,,
1183,8/22/2017 23:00,78.624,0,,,,
1184,8/23/2017 0:00,78.449,0,,,,
1185,8/23/2017 1:00,78.098,0,,,,
1186,8/23/2017 2:00,77.923,0,,,,
1187,8/23/2017 3:00,77.749,0,,,,
1188,8/23/2017 4:00,77.574,0,,,,
1189,8/23/2017 5:00,77.4,0,,,,
1190,8/23/2017 6:00,77.225,0,,,,
1191,8/23/2017 7:00,77.05,10,,,,
1192,8/23/2017 8:00,76.876,73,,,,
1193,8/23/2017 9:00,77.05,224,,,,
1194,8/23/2017 10:00,76.703,128,,,,
1195,8/23/2017 11:00,77.574,320,,,,
1196,8/23/2017 12:00,77.4,400,,,,
1197,8/23/2017 13:00,78.098,576,,,,
1198,8/23/2017 14:00,78.274,168,,,,
1199,8/23/2017 15:00,78.975,304,,,,
1200,8/23/2017 16:00,80.382,1024,,,,
1201,8/23/2017 17:00,80.206,464,,,,
1202,8/23/2017 18:00,79.502,304,,,,
1203,8/23/2017 19:00,78.975,248,,,,
1204,8/23/2017 20:00,78.274,55,,,,
1205,8/23/2017 21:00,77.923,0,,,,
1206,8/23/2017 22:00,77.749,0,,,,
1207,8/23/2017 23:00,77.4,0,,,,
1208,8/24/2017 0:00,77.225,0,,,,
1209,8/24/2017 1:00,76.876,0,,,,
1210,8/24/2017 2:00,76.703,0,,,,
1211,8/24/2017 3:00,76.354,0,,,,
1212,8/24/2017 4:00,76.181,0,,,,
1213,8/24/2017 5:00,76.181,0,,,,
1214,8/24/2017 6:00,76.006,0,,,,
1215,8/24/2017 7:00,75.832,7,,,,
1216,8/24/2017 8:00,75.659,77,,,,
1217,8/24/2017 9:00,75.484,176,,,,
1218,8/24/2017 10:00,75.659,224,,,,
1219,8/24/2017 11:00,76.528,608,,,,
1220,8/24/2017 12:00,76.528,400,,,,
1221,8/24/2017 13:00,76.528,400,,,,
1222,8/24/2017 14:00,76.354,248,,,,
1223,8/24/2017 15:00,76.181,232,,,,
1224,8/24/2017 16:00,76.006,152,,,,
1225,8/24/2017 17:00,75.832,144,,,,
1226,8/24/2017 18:00,76.006,352,,,,
1227,8/24/2017 19:00,75.832,168,,,,
1228,8/24/2017 20:00,75.484,40,,,,
1229,8/24/2017 21:00,75.312,0,,,,
1230,8/24/2017 22:00,75.139,0,,,,
1231,8/24/2017 23:00,74.964,0,,,,
1232,8/25/2017 0:00,74.791,0,,,,
1233,8/25/2017 1:00,74.619,0,,,,
1234,8/25/2017 2:00,74.446,0,,,,
1235,8/25/2017 3:00,74.271,0,,,,
1236,8/25/2017 4:00,74.271,0,,,,
1237,8/25/2017 5:00,73.926,0,,,,
1238,8/25/2017 6:00,73.926,0,,,,
1239,8/25/2017 7:00,73.58,6,,,,
1240,8/25/2017 8:00,73.58,95,,,,
1241,8/25/2017 9:00,73.58,144,,,,
1242,8/25/2017 10:00,73.58,576,,,,
1243,8/25/2017 11:00,74.098,320,,,,
1244,8/25/2017 12:00,74.446,400,,,,
1245,8/25/2017 13:00,75.139,400,,,,
1246,8/25/2017 14:00,76.181,352,,,,
1247,8/25/2017 15:00,77.225,2304,,,,
1248,8/25/2017 16:00,77.923,512,,,,
1249,8/25/2017 17:00,78.274,432,,,,
1250,8/25/2017 18:00,78.098,352,,,,
1251,8/25/2017 19:00,77.923,184,,,,
1252,8/25/2017 20:00,77.05,27,,,,
1253,8/25/2017 21:00,76.354,0,,,,
1254,8/25/2017 22:00,76.006,0,,,,
1255,8/25/2017 23:00,75.659,0,,,,
1256,8/26/2017 0:00,75.312,0,,,,
1257,8/26/2017 1:00,74.964,0,,,,
1258,8/26/2017 2:00,74.619,0,,,,
1259,8/26/2017 3:00,74.271,0,,,,
1260,8/26/2017 4:00,74.098,0,,,,
1261,8/26/2017 5:00,73.926,0,,,,
1262,8/26/2017 6:00,73.58,0,,,,
1263,8/26/2017 7:00,73.407,6,,,,
1264,8/26/2017 8:00,73.407,81,,,,
1265,8/26/2017 9:00,73.407,136,,,,
1266,8/26/2017 10:00,73.407,168,,,,
1267,8/26/2017 11:00,74.271,672,,,,
1268,8/26/2017 12:00,74.271,256,,,,
1269,8/26/2017 13:00,75.484,1280,,,,
1270,8/26/2017 14:00,75.832,288,,,,
1271,8/26/2017 15:00,76.354,608,,,,
1272,8/26/2017 16:00,76.876,896,,,,
1273,8/26/2017 17:00,76.876,480,,,,
1274,8/26/2017 18:00,76.703,480,,,,
1275,8/26/2017 19:00,76.528,152,,,,
1276,8/26/2017 20:00,75.659,22,,,,
1277,8/26/2017 21:00,75.484,0,,,,
1278,8/26/2017 22:00,75.312,0,,,,
1279,8/26/2017 23:00,75.139,0,,,,
1280,8/27/2017 0:00,74.964,0,,,,
1281,8/27/2017 1:00,74.791,0,,,,
1282,8/27/2017 2:00,74.446,0,,,,
1283,8/27/2017 3:00,74.271,0,,,,
1284,8/27/2017 4:00,74.098,0,,,,
1285,8/27/2017 5:00,73.926,0,,,,
1286,8/27/2017 6:00,73.926,0,,,,
1287,8/27/2017 7:00,73.753,1,,,,
1288,8/27/2017 8:00,73.58,49,,,,
1289,8/27/2017 9:00,73.753,320,,,,
1290,8/27/2017 10:00,73.753,160,,,,
1291,8/27/2017 11:00,74.619,960,,,,
1292,8/27/2017 12:00,74.446,496,,,,
1293,8/27/2017 13:00,75.484,3072,,,,
1294,8/27/2017 14:00,75.659,272,,,,
1295,8/27/2017 15:00,76.181,672,,,,
1296,8/27/2017 16:00,76.006,512,,,,
1297,8/27/2017 17:00,76.181,480,,,,
1298,8/27/2017 18:00,76.181,320,,,,
1299,8/27/2017 19:00,75.484,103,,,,
1300,8/27/2017 20:00,75.312,35,,,,
1301,8/27/2017 21:00,75.139,0,,,,
1302,8/27/2017 22:00,75.139,0,,,,
1303,8/27/2017 23:00,74.964,0,,,,
1304,8/28/2017 0:00,74.791,0,,,,
1305,8/28/2017 1:00,74.619,0,,,,
1306,8/28/2017 2:00,74.446,0,,,,
1307,8/28/2017 3:00,74.271,0,,,,
1308,8/28/2017 4:00,74.098,0,,,,
1309,8/28/2017 5:00,74.098,0,,,,
1310,8/28/2017 6:00,73.926,0,,,,
1311,8/28/2017 7:00,73.753,0,,,,
1312,8/28/2017 8:00,73.753,28,,,,
1313,8/28/2017 9:00,73.753,68,,,,
1314,8/28/2017 10:00,73.58,136,,,,
1315,8/28/2017 11:00,73.753,200,,,,
1316,8/28/2017 12:00,73.753,256,,,,
1317,8/28/2017 13:00,73.753,200,,,,
1318,8/28/2017 14:00,74.271,704,,,,
1319,8/28/2017 15:00,74.098,352,,,,
1320,8/28/2017 16:00,74.446,512,,,,
1321,8/28/2017 17:00,74.446,304,,,,
1322,8/28/2017 18:00,74.619,336,,,,
1323,8/28/2017 19:00,74.619,256,,,,
1324,8/28/2017 20:00,74.098,24,,,,
1325,8/28/2017 21:00,73.926,0,,,,
1326,8/28/2017 22:00,73.753,0,,,,
1327,8/28/2017 23:00,73.753,0,,,,
1328,8/29/2017 0:00,73.753,0,,,,
1329,8/29/2017 1:00,73.58,0,,,,
1330,8/29/2017 2:00,73.58,0,,,,
1331,8/29/2017 3:00,73.407,0,,,,
1332,8/29/2017 4:00,73.407,0,,,,
1333,8/29/2017 5:00,73.407,0,,,,
1334,8/29/2017 6:00,73.407,0,,,,
1335,8/29/2017 7:00,73.234,2,,,,
1336,8/29/2017 8:00,73.234,39,,,,
1337,8/29/2017 9:00,73.407,184,,,,
1338,8/29/2017 10:00,73.407,232,,,,
1339,8/29/2017 11:00,73.407,320,,,,
1340,8/29/2017 12:00,73.58,272,,,,
1341,8/29/2017 13:00,73.926,512,,,,
1342,8/29/2017 14:00,74.964,480,,,,
1343,8/29/2017 15:00,75.484,608,,,,
1344,8/29/2017 16:00,75.832,448,,,,
1345,8/29/2017 17:00,74.964,400,,,,
1346,8/29/2017 18:00,74.446,192,,,,
1347,8/29/2017 19:00,74.619,112,,,,
1348,8/29/2017 20:00,74.446,46,,,,
1349,8/29/2017 21:00,74.098,0,,,,
1350,8/29/2017 22:00,73.926,0,,,,
1351,8/29/2017 23:00,73.753,0,,,,
1352,8/30/2017 0:00,73.58,0,,,,
1353,8/30/2017 1:00,73.407,0,,,,
1354,8/30/2017 2:00,73.234,0,,,,
1355,8/30/2017 3:00,73.234,0,,,,
1356,8/30/2017 4:00,73.062,0,,,,
1357,8/30/2017 5:00,72.891,0,,,,
1358,8/30/2017 6:00,72.891,0,,,,
1359,8/30/2017 7:00,72.718,5,,,,
1360,8/30/2017 8:00,72.718,69,,,,
1361,8/30/2017 9:00,72.718,109,,,,
1362,8/30/2017 10:00,73.062,123,,,,
1363,8/30/2017 11:00,74.098,352,,,,
1364,8/30/2017 12:00,75.484,480,,,,
1365,8/30/2017 13:00,77.05,1728,,,,
1366,8/30/2017 14:00,77.749,480,,,,
1367,8/30/2017 15:00,79.151,896,,,,
1368,8/30/2017 16:00,80.206,1216,,,,
1369,8/30/2017 17:00,79.678,1856,,,,
1370,8/30/2017 18:00,80.911,512,,,,
1371,8/30/2017 19:00,78.8,480,,,,
1372,8/30/2017 20:00,78.449,34,,,,
1373,8/30/2017 21:00,77.749,0,,,,
1374,8/30/2017 22:00,77.574,0,,,,
1375,8/30/2017 23:00,76.876,0,,,,
1376,8/31/2017 0:00,76.354,0,,,,
1377,8/31/2017 1:00,75.832,0,,,,
1378,8/31/2017 2:00,75.484,0,,,,
1379,8/31/2017 3:00,75.139,0,,,,
1380,8/31/2017 4:00,74.791,0,,,,
1381,8/31/2017 5:00,74.446,0,,,,
1382,8/31/2017 6:00,74.271,0,,,,
1383,8/31/2017 7:00,74.098,4,,,,
1384,8/31/2017 8:00,73.926,55,,,,
1385,8/31/2017 9:00,73.926,336,,,,
1386,8/31/2017 10:00,74.098,480,,,,
1387,8/31/2017 11:00,73.753,136,,,,
1388,8/31/2017 12:00,73.753,118,,,,
1389,8/31/2017 13:00,74.271,1600,,,,
1390,8/31/2017 14:00,74.271,384,,,,
1391,8/31/2017 15:00,74.446,992,,,,
1392,8/31/2017 16:00,75.139,576,,,,
1393,8/31/2017 17:00,75.139,496,,,,
1394,8/31/2017 18:00,74.964,400,,,,
1395,8/31/2017 19:00,74.619,192,,,,
1396,8/31/2017 20:00,74.446,21,,,,
1397,8/31/2017 21:00,74.098,0,,,,
1398,8/31/2017 22:00,73.753,0,,,,
1399,8/31/2017 23:00,73.58,0,,,,
1400,9/1/2017 0:00,73.407,0,,,,
1401,9/1/2017 1:00,73.062,0,,,,
1402,9/1/2017 2:00,72.891,0,,,,
1403,9/1/2017 3:00,72.545,0,,,,
1404,9/1/2017 4:00,72.372,0,,,,
1405,9/1/2017 5:00,72.199,0,,,,
1406,9/1/2017 6:00,72.028,0,,,,
1407,9/1/2017 7:00,71.683,0,,,,
1408,9/1/2017 8:00,71.512,42,,,,
1409,9/1/2017 9:00,71.683,94,,,,
1410,9/1/2017 10:00,71.512,122,,,,
1411,9/1/2017 11:00,71.683,216,,,,
1412,9/1/2017 12:00,71.856,320,,,,
1413,9/1/2017 13:00,72.028,480,,,,
1414,9/1/2017 14:00,72.028,576,,,,
1415,9/1/2017 15:00,72.545,1664,,,,
1416,9/1/2017 16:00,72.545,480,,,,
1417,9/1/2017 17:00,72.718,768,,,,
1418,9/1/2017 18:00,72.545,320,,,,
1419,9/1/2017 19:00,72.199,136,,,,
1420,9/1/2017 20:00,72.028,14,,,,
1421,9/1/2017 21:00,71.856,0,,,,
1422,9/1/2017 22:00,71.683,0,,,,
1423,9/1/2017 23:00,71.339,0,,,,
1424,9/2/2017 0:00,71.168,0,,,,
1425,9/2/2017 1:00,70.995,0,,,,
1426,9/2/2017 2:00,70.824,0,,,,
1427,9/2/2017 3:00,70.824,0,,,,
1428,9/2/2017 4:00,70.651,0,,,,
1429,9/2/2017 5:00,70.48,0,,,,
1430,9/2/2017 6:00,70.308,0,,,,
1431,9/2/2017 7:00,70.137,0,,,,
1432,9/2/2017 8:00,69.964,41,,,,
1433,9/2/2017 9:00,70.137,136,,,,
1434,9/2/2017 10:00,70.137,110,,,,
1435,9/2/2017 11:00,70.824,400,,,,
1436,9/2/2017 12:00,70.48,192,,,,
1437,9/2/2017 13:00,72.028,248,,,,
1438,9/2/2017 14:00,72.545,216,,,,
1439,9/2/2017 15:00,72.718,240,,,,
1440,9/2/2017 16:00,72.545,480,,,,
1441,9/2/2017 17:00,72.891,256,,,,
1442,9/2/2017 18:00,73.407,992,,,,
1443,9/2/2017 19:00,72.718,200,,,,
1444,9/2/2017 20:00,72.199,11,,,,
1445,9/2/2017 21:00,71.683,0,,,,
1446,9/2/2017 22:00,71.683,0,,,,
1447,9/2/2017 23:00,71.512,0,,,,
1448,9/3/2017 0:00,71.512,0,,,,
1449,9/3/2017 1:00,71.512,0,,,,
1450,9/3/2017 2:00,71.339,0,,,,
1451,9/3/2017 3:00,70.995,0,,,,
1452,9/3/2017 4:00,70.995,0,,,,
1453,9/3/2017 5:00,70.824,0,,,,
1454,9/3/2017 6:00,70.651,0,,,,
1455,9/3/2017 7:00,70.651,1,,,,
1456,9/3/2017 8:00,70.48,90,,,,
1457,9/3/2017 9:00,70.651,304,,,,
1458,9/3/2017 10:00,70.651,320,,,,
1459,9/3/2017 11:00,71.339,496,,,,
1460,9/3/2017 12:00,71.512,1536,,,,
1461,9/3/2017 13:00,72.718,864,,,,
1462,9/3/2017 14:00,74.271,2944,,,,
1463,9/3/2017 15:00,74.446,1088,,,,
1464,9/3/2017 16:00,75.139,1344,,,,
1465,9/3/2017 17:00,76.181,704,,,,
1466,9/3/2017 18:00,74.964,256,,,,
1467,9/3/2017 19:00,74.098,152,,,,
1468,9/3/2017 20:00,73.234,16,,,,
1469,9/3/2017 21:00,72.545,0,,,,
1470,9/3/2017 22:00,72.372,0,,,,
1471,9/3/2017 23:00,72.028,0,,,,
1472,9/4/2017 0:00,71.856,0,,,,
1473,9/4/2017 1:00,71.683,0,,,,
1474,9/4/2017 2:00,71.512,0,,,,
1475,9/4/2017 3:00,71.339,0,,,,
1476,9/4/2017 4:00,71.168,0,,,,
1477,9/4/2017 5:00,70.995,0,,,,
1478,9/4/2017 6:00,70.824,0,,,,
1479,9/4/2017 7:00,70.651,1,,,,
1480,9/4/2017 8:00,70.651,71,,,,
1481,9/4/2017 9:00,70.824,95,,,,
1482,9/4/2017 10:00,70.995,336,,,,
1483,9/4/2017 11:00,71.339,768,,,,
1484,9/4/2017 12:00,72.028,432,,,,
1485,9/4/2017 13:00,72.718,1024,,,,
1486,9/4/2017 14:00,73.407,608,,,,
1487,9/4/2017 15:00,73.926,992,,,,
1488,9/4/2017 16:00,73.234,168,,,,
1489,9/4/2017 17:00,73.407,200,,,,
1490,9/4/2017 18:00,72.891,7,,,,
1491,9/4/2017 19:00,72.545,25,,,,
1492,9/4/2017 20:00,72.372,1,,,,
1493,9/4/2017 21:00,72.545,0,,,,
1494,9/4/2017 22:00,72.199,0,,,,
1495,9/4/2017 23:00,72.028,0,,,,
1496,9/5/2017 0:00,71.856,0,,,,
1497,9/5/2017 1:00,71.856,0,,,,
1498,9/5/2017 2:00,71.683,0,,,,
1499,9/5/2017 3:00,71.512,0,,,,
1500,9/5/2017 4:00,71.339,0,,,,
1501,9/5/2017 5:00,71.168,0,,,,
1502,9/5/2017 6:00,71.168,0,,,,
1503,9/5/2017 7:00,70.995,0,,,,
1504,9/5/2017 8:00,70.995,82,,,,
1505,9/5/2017 9:00,70.824,216,,,,
1506,9/5/2017 10:00,70.824,216,,,,
1507,9/5/2017 11:00,71.339,512,,,,
1508,9/5/2017 12:00,71.683,1536,,,,
1509,9/5/2017 13:00,72.199,1344,,,,
1510,9/5/2017 14:00,72.372,384,,,,
1511,9/5/2017 15:00,73.58,288,,,,
1512,9/5/2017 16:00,73.753,288,,,,
1513,9/5/2017 17:00,73.407,31,,,,
1514,9/5/2017 18:00,73.234,89,,,,
1515,9/5/2017 19:00,72.718,31,,,,
1516,9/5/2017 20:00,72.199,2,,,,
1517,9/5/2017 21:00,71.683,0,,,,
1518,9/5/2017 22:00,71.339,0,,,,
1519,9/5/2017 23:00,71.168,0,,,,
1520,9/6/2017 0:00,70.995,0,,,,
1521,9/6/2017 1:00,70.995,0,,,,
1522,9/6/2017 2:00,70.824,0,,,,
1523,9/6/2017 3:00,70.651,0,,,,
1524,9/6/2017 4:00,70.308,0,,,,
1525,9/6/2017 5:00,70.308,0,,,,
1526,9/6/2017 6:00,70.137,0,,,,
1527,9/6/2017 7:00,69.964,0,,,,
1528,9/6/2017 8:00,69.964,19,,,,
1529,9/6/2017 9:00,70.137,58,,,,
1530,9/6/2017 10:00,70.137,86,,,,
1531,9/6/2017 11:00,70.48,160,,,,
1532,9/6/2017 12:00,70.995,80,,,,
1533,9/6/2017 13:00,70.995,116,,,,
1534,9/6/2017 14:00,72.199,200,,,,
1535,9/6/2017 15:00,72.028,168,,,,
1536,9/6/2017 16:00,72.199,88,,,,
1537,9/6/2017 17:00,72.028,79,,,,
1538,9/6/2017 18:00,72.028,136,,,,
1539,9/6/2017 19:00,71.512,44,,,,
1540,9/6/2017 20:00,70.824,0,,,,
1541,9/6/2017 21:00,70.651,0,,,,
1542,9/6/2017 22:00,70.308,0,,,,
1543,9/6/2017 23:00,70.137,0,,,,
1544,9/7/2017 0:00,69.964,0,,,,
1545,9/7/2017 1:00,69.793,0,,,,
1546,9/7/2017 2:00,69.622,0,,,,
1547,9/7/2017 3:00,69.449,0,,,,
1548,9/7/2017 4:00,69.278,0,,,,
1549,9/7/2017 5:00,69.278,0,,,,
1550,9/7/2017 6:00,69.107,0,,,,
1551,9/7/2017 7:00,68.934,0,,,,
1552,9/7/2017 8:00,68.934,28,,,,
1553,9/7/2017 9:00,68.934,76,,,,
1554,9/7/2017 10:00,68.934,115,,,,
1555,9/7/2017 11:00,69.622,272,,,,
1556,9/7/2017 12:00,69.622,160,,,,
1557,9/7/2017 13:00,69.793,208,,,,
1558,9/7/2017 14:00,71.339,152,,,,
1559,9/7/2017 15:00,70.48,10,,,,
1560,9/7/2017 16:00,70.308,107,,,,
1561,9/7/2017 17:00,70.308,87,,,,
1562,9/7/2017 18:00,70.308,93,,,,
1563,9/7/2017 19:00,69.964,11,,,,
1564,9/7/2017 20:00,69.449,0,,,,
1565,9/7/2017 21:00,69.449,0,,,,
1566,9/7/2017 22:00,69.278,0,,,,
1567,9/7/2017 23:00,69.107,0,,,,
1568,9/8/2017 0:00,69.107,0,,,,
1569,9/8/2017 1:00,68.934,0,,,,
1570,9/8/2017 2:00,68.763,0,,,,
1571,9/8/2017 3:00,68.592,0,,,,
1572,9/8/2017 4:00,68.592,0,,,,
1573,9/8/2017 5:00,68.421,0,,,,
1574,9/8/2017 6:00,68.248,0,,,,
1575,9/8/2017 7:00,68.248,0,,,,
1576,9/8/2017 8:00,68.248,21,,,,
1577,9/8/2017 9:00,68.248,71,,,,
1578,9/8/2017 10:00,68.248,127,,,,
1579,9/8/2017 10:50,,,Logged,,,
1580,9/8/2017 10:50,,,,Logged,,
1581,9/8/2017 10:51,,,,,Logged,
1582,9/8/2017 11:00,68.592,144,,,,
1583,9/8/2017 12:00,69.449,288,,,,
1584,9/8/2017 13:00,69.622,176,,,,
1585,9/8/2017 14:00,70.137,88,,,,
1586,9/8/2017 15:00,70.995,400,,,,
1587,9/8/2017 16:00,71.683,68,,,,
1588,9/8/2017 17:00,71.339,99,,,,
1589,9/8/2017 18:00,71.339,40,,,,
1590,9/8/2017 19:00,70.824,69,,,,
1591,9/8/2017 20:00,70.137,1,,,,
1592,9/8/2017 21:00,69.964,0,,,,
1593,9/8/2017 22:00,69.622,0,,,,
1594,9/8/2017 23:00,69.278,0,,,,
1595,9/9/2017 0:00,69.107,0,,,,
1596,9/9/2017 1:00,68.934,0,,,,
1597,9/9/2017 2:00,68.763,0,,,,
1598,9/9/2017 3:00,68.592,0,,,,
1599,9/9/2017 4:00,68.421,0,,,,
1600,9/9/2017 5:00,68.077,0,,,,
1601,9/9/2017 6:00,68.077,0,,,,
1602,9/9/2017 7:00,67.906,0,,,,
1603,9/9/2017 8:00,67.906,15,,,,
1604,9/9/2017 9:00,68.077,192,,,,
1605,9/9/2017 10:00,67.906,43,,,,
1606,9/9/2017 11:00,68.592,352,,,,
1607,9/9/2017 12:00,68.592,256,,,,
1608,9/9/2017 13:00,68.934,144,,,,
1609,9/9/2017 14:00,70.137,192,,,,
1610,9/9/2017 15:00,70.137,160,,,,
1611,9/9/2017 16:00,70.995,168,,,,
1612,9/9/2017 17:00,71.856,256,,,,
1613,9/9/2017 18:00,71.512,168,,,,
1614,9/9/2017 19:00,70.308,57,,,,
1615,9/9/2017 20:00,69.622,1,,,,
1616,9/9/2017 21:00,69.449,0,,,,
1617,9/9/2017 22:00,69.278,0,,,,
1618,9/9/2017 23:00,69.107,0,,,,
1619,9/10/2017 0:00,68.934,0,,,,
1620,9/10/2017 1:00,68.763,0,,,,
1621,9/10/2017 2:00,68.421,0,,,,
1622,9/10/2017 3:00,68.248,0,,,,
1623,9/10/2017 4:00,68.077,0,,,,
1624,9/10/2017 5:00,67.906,0,,,,
1625,9/10/2017 6:00,67.735,0,,,,
1626,9/10/2017 7:00,67.564,0,,,,
1627,9/10/2017 8:00,67.564,16,,,,
1628,9/10/2017 9:00,67.735,160,,,,
1629,9/10/2017 10:00,67.564,52,,,,
1630,9/10/2017 11:00,68.421,288,,,,
1631,9/10/2017 12:00,68.592,240,,,,
1632,9/10/2017 13:00,68.934,152,,,,
1633,9/10/2017 14:00,69.793,368,,,,
1634,9/10/2017 15:00,69.622,168,,,,
1635,9/10/2017 16:00,70.308,176,,,,
1636,9/10/2017 17:00,70.308,432,,,,
1637,9/10/2017 18:00,70.48,896,,,,
1638,9/10/2017 19:00,69.449,168,,,,
1639,9/10/2017 20:00,69.107,1,,,,
1640,9/10/2017 21:00,69.107,0,,,,
1641,9/10/2017 22:00,68.934,0,,,,
1642,9/10/2017 23:00,68.934,0,,,,
1643,9/11/2017 0:00,68.592,0,,,,
1644,9/11/2017 1:00,68.421,0,,,,
1645,9/11/2017 2:00,68.248,0,,,,
1646,9/11/2017 3:00,68.077,0,,,,
1647,9/11/2017 4:00,67.906,0,,,,
1648,9/11/2017 5:00,67.906,0,,,,
1649,9/11/2017 6:00,67.735,0,,,,
1650,9/11/2017 7:00,67.564,0,,,,
1651,9/11/2017 8:00,67.564,19,,,,
1652,9/11/2017 9:00,67.735,42,,,,
1653,9/11/2017 10:00,67.906,41,,,,
1654,9/11/2017 11:00,68.934,126,,,,
1655,9/11/2017 12:00,68.592,124,,,,
1656,9/11/2017 13:00,68.763,256,,,,
1657,9/11/2017 14:00,69.622,232,,,,
1658,9/11/2017 15:00,69.793,400,,,,
1659,9/11/2017 16:00,70.651,184,,,,
1660,9/11/2017 17:00,71.683,208,,,,
1661,9/11/2017 18:00,70.995,168,,,,
1662,9/11/2017 19:00,70.651,76,,,,
1663,9/11/2017 20:00,69.964,0,,,,
1664,9/11/2017 21:00,69.964,0,,,,
1665,9/11/2017 22:00,69.793,0,,,,
1666,9/11/2017 23:00,69.622,0,,,,
1667,9/12/2017 0:00,69.278,0,,,,
1668,9/12/2017 1:00,68.934,0,,,,
1669,9/12/2017 2:00,68.763,0,,,,
1670,9/12/2017 3:00,68.592,0,,,,
1671,9/12/2017 4:00,68.421,0,,,,
1672,9/12/2017 5:00,68.248,0,,,,
1673,9/12/2017 6:00,68.077,0,,,,
1674,9/12/2017 7:00,67.906,0,,,,
1675,9/12/2017 8:00,67.735,22,,,,
1676,9/12/2017 9:00,67.735,67,,,,
1677,9/12/2017 10:00,67.564,71,,,,
1678,9/12/2017 11:00,68.077,112,,,,
1679,9/12/2017 12:00,68.421,92,,,,
1680,9/12/2017 13:00,68.763,128,,,,
1681,9/12/2017 14:00,70.48,128,,,,
1682,9/12/2017 15:00,71.168,176,,,,
1683,9/12/2017 16:00,70.824,77,,,,
1684,9/12/2017 17:00,70.995,136,,,,
1685,9/12/2017 18:00,70.995,256,,,,
1686,9/12/2017 19:00,70.651,27,,,,
1687,9/12/2017 20:00,70.48,0,,,,
1688,9/12/2017 21:00,70.308,0,,,,
1689,9/12/2017 22:00,70.137,0,,,,
1690,9/12/2017 23:00,69.964,0,,,,
1691,9/13/2017 0:00,69.793,0,,,,
1692,9/13/2017 1:00,69.622,0,,,,
1693,9/13/2017 2:00,69.449,0,,,,
1694,9/13/2017 3:00,69.278,0,,,,
1695,9/13/2017 4:00,69.107,0,,,,
1696,9/13/2017 5:00,68.934,0,,,,
1697,9/13/2017 6:00,68.934,0,,,,
1698,9/13/2017 7:00,68.763,0,,,,
1699,9/13/2017 8:00,68.763,11,,,,
1700,9/13/2017 9:00,68.934,56,,,,
1701,9/13/2017 10:00,69.107,80,,,,
1702,9/13/2017 11:00,69.107,94,,,,
1703,9/13/2017 12:00,69.107,79,,,,
1704,9/13/2017 13:00,69.107,42,,,,
1705,9/13/2017 14:00,69.278,78,,,,
1706,9/13/2017 15:00,70.137,608,,,,
1707,9/13/2017 16:00,70.995,112,,,,
1708,9/13/2017 17:00,70.824,23,,,,
1709,9/13/2017 18:00,70.824,30,,,,
1710,9/13/2017 19:00,69.964,17,,,,
1711,9/13/2017 20:00,69.793,0,,,,
1712,9/13/2017 21:00,69.449,0,,,,
1713,9/13/2017 22:00,69.107,0,,,,
1714,9/13/2017 23:00,68.934,0,,,,
1715,9/14/2017 0:00,68.763,0,,,,
1716,9/14/2017 1:00,68.763,0,,,,
1717,9/14/2017 2:00,68.763,0,,,,
1718,9/14/2017 3:00,68.592,0,,,,
1719,9/14/2017 4:00,68.592,0,,,,
1720,9/14/2017 5:00,68.421,0,,,,
1721,9/14/2017 6:00,68.248,0,,,,
1722,9/14/2017 7:00,68.248,0,,,,
1723,9/14/2017 8:00,68.077,22,,,,
1724,9/14/2017 9:00,68.248,36,,,,
1725,9/14/2017 10:00,68.421,43,,,,
1726,9/14/2017 11:00,69.278,108,,,,
1727,9/14/2017 12:00,70.48,160,,,,
1728,9/14/2017 13:00,70.48,124,,,,
1729,9/14/2017 14:00,70.48,128,,,,
1730,9/14/2017 15:00,71.683,144,,,,
1731,9/14/2017 16:00,72.372,272,,,,
1732,9/14/2017 17:00,71.856,1024,,,,
1733,9/14/2017 18:00,71.683,1024,,,,
1734,9/14/2017 19:00,71.339,248,,,,
1735,9/14/2017 20:00,70.824,1,,,,
1736,9/14/2017 21:00,72.028,0,,,,
1737,9/14/2017 22:00,71.856,0,,,,
1738,9/14/2017 23:00,71.512,0,,,,
1739,9/15/2017 0:00,71.168,0,,,,
1740,9/15/2017 1:00,71.168,0,,,,
1741,9/15/2017 2:00,70.824,0,,,,
1742,9/15/2017 3:00,70.48,0,,,,
1743,9/15/2017 4:00,70.308,0,,,,
1744,9/15/2017 5:00,69.964,0,,,,
1745,9/15/2017 6:00,69.622,0,,,,
1746,9/15/2017 7:00,69.449,0,,,,
1747,9/15/2017 8:00,69.278,16,,,,
1748,9/15/2017 9:00,69.449,33,,,,
1749,9/15/2017 10:00,69.622,43,,,,
1750,9/15/2017 11:00,71.339,95,,,,
1751,9/15/2017 12:00,71.856,136,,,,
1752,9/15/2017 13:00,71.339,184,,,,
1753,9/15/2017 14:00,71.168,144,,,,
1754,9/15/2017 15:00,72.891,960,,,,
1755,9/15/2017 16:00,72.718,192,,,,
1756,9/15/2017 17:00,73.926,256,,,,
1757,9/15/2017 18:00,74.271,512,,,,
1758,9/15/2017 19:00,73.926,101,,,,
1759,9/15/2017 20:00,73.407,0,,,,
1760,9/15/2017 21:00,73.062,0,,,,
1761,9/15/2017 22:00,72.718,0,,,,
1762,9/15/2017 23:00,72.372,0,,,,
1763,9/16/2017 0:00,72.199,0,,,,
1764,9/16/2017 1:00,71.856,0,,,,
1765,9/16/2017 2:00,71.683,0,,,,
1766,9/16/2017 3:00,71.339,0,,,,
1767,9/16/2017 4:00,71.168,0,,,,
1768,9/16/2017 5:00,70.824,0,,,,
1769,9/16/2017 6:00,70.651,0,,,,
1770,9/16/2017 7:00,70.48,0,,,,
1771,9/16/2017 8:00,70.137,11,,,,
1772,9/16/2017 9:00,70.308,41,,,,
1773,9/16/2017 10:00,70.48,45,,,,
1774,9/16/2017 11:00,71.339,66,,,,
1775,9/16/2017 12:00,72.545,100,,,,
1776,9/16/2017 13:00,71.856,114,,,,
1777,9/16/2017 14:00,72.718,184,,,,
1778,9/16/2017 15:00,75.139,256,,,,
1779,9/16/2017 16:00,74.446,400,,,,
1780,9/16/2017 17:00,74.098,512,,,,
1781,9/16/2017 18:00,74.271,248,,,,
1782,9/16/2017 19:00,73.753,176,,,,
1783,9/16/2017 20:00,73.407,0,,,,
1784,9/16/2017 21:00,73.062,0,,,,
1785,9/16/2017 22:00,72.718,0,,,,
1786,9/16/2017 23:00,72.545,0,,,,
1787,9/17/2017 0:00,72.372,0,,,,
1788,9/17/2017 1:00,72.372,0,,,,
1789,9/17/2017 2:00,72.199,0,,,,
1790,9/17/2017 3:00,71.856,0,,,,
1791,9/17/2017 4:00,71.683,0,,,,
1792,9/17/2017 5:00,71.512,0,,,,
1793,9/17/2017 6:00,71.339,0,,,,
1794,9/17/2017 7:00,70.995,0,,,,
1795,9/17/2017 8:00,70.995,16,,,,
1796,9/17/2017 9:00,70.995,33,,,,
1797,9/17/2017 10:00,71.168,36,,,,
1798,9/17/2017 11:00,72.891,60,,,,
1799,9/17/2017 12:00,72.891,128,,,,
1800,9/17/2017 13:00,73.234,93,,,,
1801,9/17/2017 14:00,73.753,304,,,,
1802,9/17/2017 15:00,74.271,176,,,,
1803,9/17/2017 16:00,75.312,224,,,,
1804,9/17/2017 17:00,75.312,160,,,,
1805,9/17/2017 18:00,75.832,352,,,,
1806,9/17/2017 19:00,75.312,20,,,,
1807,9/17/2017 20:00,74.098,0,,,,
1808,9/17/2017 21:00,74.271,0,,,,
1809,9/17/2017 22:00,73.926,0,,,,
1810,9/17/2017 23:00,73.753,0,,,,
1811,9/18/2017 0:00,73.58,0,,,,
1812,9/18/2017 1:00,73.58,0,,,,
1813,9/18/2017 2:00,73.407,0,,,,
1814,9/18/2017 3:00,73.234,0,,,,
1815,9/18/2017 4:00,73.062,0,,,,
1816,9/18/2017 5:00,73.062,0,,,,
1817,9/18/2017 6:00,72.891,0,,,,
1818,9/18/2017 7:00,72.891,0,,,,
1819,9/18/2017 8:00,72.718,5,,,,
1820,9/18/2017 9:00,72.718,17,,,,
1821,9/18/2017 10:00,72.891,68,,,,
1822,9/18/2017 11:00,72.891,54,,,,
1823,9/18/2017 12:00,73.062,68,,,,
1824,9/18/2017 13:00,73.753,144,,,,
1825,9/18/2017 14:00,74.791,97,,,,
1826,9/18/2017 15:00,76.181,384,,,,
1827,9/18/2017 16:00,75.832,224,,,,
1828,9/18/2017 17:00,76.354,400,,,,
1829,9/18/2017 18:00,75.832,75,,,,
1830,9/18/2017 19:00,75.832,44,,,,
1831,9/18/2017 20:00,75.312,0,,,,
1832,9/18/2017 21:00,74.791,0,,,,
1833,9/18/2017 22:00,74.271,0,,,,
1834,9/18/2017 23:00,73.58,0,,,,
1835,9/19/2017 0:00,73.234,0,,,,
1836,9/19/2017 1:00,73.407,0,,,,
1837,9/19/2017 2:00,73.58,0,,,,
1838,9/19/2017 3:00,73.407,0,,,,
1839,9/19/2017 4:00,73.407,0,,,,
1840,9/19/2017 5:00,73.234,0,,,,
1841,9/19/2017 6:00,73.062,0,,,,
1842,9/19/2017 7:00,72.891,0,,,,
1843,9/19/2017 8:00,72.718,8,,,,
1844,9/19/2017 9:00,72.718,4,,,,
1845,9/19/2017 10:00,72.372,2,,,,
1846,9/19/2017 11:00,72.545,104,,,,
1847,9/19/2017 12:00,72.718,123,,,,
1848,9/19/2017 13:00,72.718,152,,,,
1849,9/19/2017 14:00,72.891,94,,,,
1850,9/19/2017 15:00,73.062,86,,,,
1851,9/19/2017 16:00,72.891,26,,,,
1852,9/19/2017 17:00,72.718,32,,,,
1853,9/19/2017 18:00,72.891,20,,,,
1854,9/19/2017 19:00,72.891,9,,,,
1855,9/19/2017 20:00,72.891,0,,,,
1856,9/19/2017 21:00,72.718,0,,,,
1857,9/19/2017 22:00,72.718,0,,,,
1858,9/19/2017 23:00,72.718,0,,,,
1859,9/20/2017 0:00,72.545,0,,,,
1860,9/20/2017 1:00,72.545,0,,,,
1861,9/20/2017 2:00,72.545,0,,,,
1862,9/20/2017 3:00,72.372,0,,,,
1863,9/20/2017 4:00,72.372,0,,,,
1864,9/20/2017 5:00,72.372,0,,,,
1865,9/20/2017 6:00,72.372,0,,,,
1866,9/20/2017 7:00,72.199,0,,,,
1867,9/20/2017 8:00,72.199,8,,,,
1868,9/20/2017 9:00,72.199,29,,,,
1869,9/20/2017 10:00,72.545,72,,,,
1870,9/20/2017 11:00,74.098,121,,,,
1871,9/20/2017 12:00,75.832,110,,,,
1872,9/20/2017 13:00,74.791,60,,,,
1873,9/20/2017 14:00,76.528,288,,,,
1874,9/20/2017 15:00,78.624,128,,,,
1875,9/20/2017 16:00,79.151,168,,,,
1876,9/20/2017 17:00,79.151,144,,,,
1877,9/20/2017 18:00,78.274,272,,,,
1878,9/20/2017 19:00,77.923,136,,,,
1879,9/20/2017 20:00,76.703,0,,,,
1880,9/20/2017 21:00,76.703,0,,,,
1881,9/20/2017 22:00,76.181,0,,,,
1882,9/20/2017 23:00,75.659,0,,,,
1883,9/21/2017 0:00,75.484,0,,,,
1884,9/21/2017 1:00,75.139,0,,,,
1885,9/21/2017 2:00,74.964,0,,,,
1886,9/21/2017 3:00,74.791,0,,,,
1887,9/21/2017 4:00,74.619,0,,,,
1888,9/21/2017 5:00,74.446,0,,,,
1889,9/21/2017 6:00,74.271,0,,,,
1890,9/21/2017 7:00,74.098,0,,,,
1891,9/21/2017 8:00,73.926,13,,,,
1892,9/21/2017 9:00,73.926,41,,,,
1893,9/21/2017 10:00,74.271,43,,,,
1894,9/21/2017 11:00,75.484,46,,,,
1895,9/21/2017 12:00,78.098,111,,,,
1896,9/21/2017 13:00,78.098,47,,,,
1897,9/21/2017 14:00,79.678,136,,,,
1898,9/21/2017 15:00,81.621,144,,,,
1899,9/21/2017 16:00,80.382,608,,,,
1900,9/21/2017 17:00,79.678,113,,,,
1901,9/21/2017 18:00,80.382,136,,,,
1902,9/21/2017 19:00,80.382,13,,,,
1903,9/21/2017 20:00,80.206,0,,,,
1904,9/21/2017 21:00,79.326,0,,,,
1905,9/21/2017 22:00,78.8,0,,,,
1906,9/21/2017 23:00,78.449,0,,,,
1907,9/22/2017 0:00,78.098,0,,,,
1908,9/22/2017 1:00,77.923,0,,,,
1909,9/22/2017 2:00,77.574,0,,,,
1910,9/22/2017 3:00,77.225,0,,,,
1911,9/22/2017 4:00,76.876,0,,,,
1912,9/22/2017 5:00,76.528,0,,,,
1913,9/22/2017 6:00,76.354,0,,,,
1914,9/22/2017 7:00,76.181,0,,,,
1915,9/22/2017 8:00,76.006,9,,,,
1916,9/22/2017 9:00,75.832,18,,,,
1917,9/22/2017 10:00,76.006,25,,,,
1918,9/22/2017 11:00,77.749,68,,,,
1919,9/22/2017 12:00,78.449,111,,,,
1920,9/22/2017 13:00,77.574,69,,,,
1921,9/22/2017 14:00,79.678,208,,,,
1922,9/22/2017 15:00,79.326,91,,,,
1923,9/22/2017 16:00,83.579,176,,,,
1924,9/22/2017 17:00,82.152,90,,,,
1925,9/22/2017 18:00,83.043,10,,,,
1926,9/22/2017 19:00,82.152,19,,,,
1927,9/22/2017 20:00,80.382,0,,,,
1928,9/22/2017 21:00,79.678,0,,,,
1929,9/22/2017 22:00,78.975,0,,,,
1930,9/22/2017 23:00,78.624,0,,,,
1931,9/23/2017 0:00,78.098,0,,,,
1932,9/23/2017 1:00,77.749,0,,,,
1933,9/23/2017 2:00,77.4,0,,,,
1934,9/23/2017 3:00,77.05,0,,,,
1935,9/23/2017 4:00,76.703,0,,,,
1936,9/23/2017 5:00,76.528,0,,,,
1937,9/23/2017 6:00,76.181,0,,,,
1938,9/23/2017 7:00,75.832,0,,,,
1939,9/23/2017 8:00,75.659,8,,,,
1940,9/23/2017 9:00,75.659,21,,,,
1941,9/23/2017 10:00,76.006,29,,,,
1942,9/23/2017 11:00,77.225,96,,,,
1943,9/23/2017 12:00,78.098,92,,,,
1944,9/23/2017 13:00,77.574,44,,,,
1945,9/23/2017 14:00,80.911,144,,,,
1946,9/23/2017 15:00,79.151,208,,,,
1947,9/23/2017 16:00,79.853,576,,,,
1948,9/23/2017 17:00,79.678,432,,,,
1949,9/23/2017 18:00,78.8,2048,,,,
1950,9/23/2017 19:00,78.8,93,,,,
1951,9/23/2017 20:00,78.098,0,,,,
1952,9/23/2017 21:00,78.449,0,,,,
1953,9/23/2017 22:00,78.449,0,,,,
1954,9/23/2017 23:00,78.098,0,,,,
1955,9/24/2017 0:00,78.098,0,,,,
1956,9/24/2017 1:00,77.749,0,,,,
1957,9/24/2017 2:00,77.4,0,,,,
1958,9/24/2017 3:00,77.225,0,,,,
1959,9/24/2017 4:00,76.876,0,,,,
1960,9/24/2017 5:00,76.528,0,,,,
1961,9/24/2017 6:00,76.354,0,,,,
1962,9/24/2017 7:00,76.181,0,,,,
1963,9/24/2017 8:00,76.006,14,,,,
1964,9/24/2017 9:00,75.832,28,,,,
1965,9/24/2017 10:00,76.181,38,,,,
1966,9/24/2017 11:00,77.05,87,,,,
1967,9/24/2017 12:00,77.574,200,,,,
1968,9/24/2017 13:00,76.703,51,,,,
1969,9/24/2017 14:00,78.274,288,,,,
1970,9/24/2017 15:00,78.449,480,,,,
1971,9/24/2017 16:00,78.8,384,,,,
1972,9/24/2017 17:00,78.8,240,,,,
1973,9/24/2017 18:00,78.624,144,,,,
1974,9/24/2017 19:00,78.624,24,,,,
1975,9/24/2017 20:00,78.274,0,,,,
1976,9/24/2017 21:00,78.098,0,,,,
1977,9/24/2017 22:00,77.923,0,,,,
1978,9/24/2017 23:00,77.923,0,,,,
1979,9/25/2017 0:00,77.574,0,,,,
1980,9/25/2017 1:00,77.4,0,,,,
1981,9/25/2017 2:00,77.225,0,,,,
1982,9/25/2017 3:00,77.05,0,,,,
1983,9/25/2017 4:00,76.876,0,,,,
1984,9/25/2017 5:00,76.703,0,,,,
1985,9/25/2017 6:00,76.354,0,,,,
1986,9/25/2017 7:00,76.354,0,,,,
1987,9/25/2017 8:00,76.181,9,,,,
1988,9/25/2017 9:00,76.181,35,,,,
1989,9/25/2017 10:00,76.354,83,,,,
1990,9/25/2017 11:00,77.05,144,,,,
1991,9/25/2017 12:00,78.098,336,,,,
1992,9/25/2017 13:00,78.8,64,,,,
1993,9/25/2017 14:00,78.975,136,,,,
1994,9/25/2017 15:00,78.975,320,,,,
1995,9/25/2017 16:00,79.678,152,,,,
1996,9/25/2017 17:00,80.206,224,,,,
1997,9/25/2017 18:00,81.621,136,,,,
1998,9/25/2017 19:00,80.559,28,,,,
1999,9/25/2017 20:00,80.382,0,,,,
2000,9/25/2017 21:00,79.678,0,,,,
2001,9/25/2017 22:00,79.326,0,,,,
2002,9/25/2017 23:00,78.975,0,,,,
2003,9/26/2017 0:00,78.624,0,,,,
2004,9/26/2017 1:00,78.449,0,,,,
2005,9/26/2017 2:00,78.098,0,,,,
2006,9/26/2017 3:00,77.749,0,,,,
2007,9/26/2017 4:00,77.574,0,,,,
2008,9/26/2017 5:00,77.4,0,,,,
2009,9/26/2017 6:00,77.05,0,,,,
2010,9/26/2017 7:00,76.876,0,,,,
2011,9/26/2017 8:00,76.703,10,,,,
2012,9/26/2017 9:00,76.528,36,,,,
2013,9/26/2017 10:00,76.876,61,,,,
2014,9/26/2017 11:00,77.4,99,,,,
2015,9/26/2017 12:00,78.624,160,,,,
2016,9/26/2017 13:00,79.151,47,,,,
2017,9/26/2017 14:00,80.382,320,,,,
2018,9/26/2017 15:00,80.911,77,,,,
2019,9/26/2017 16:00,80.911,288,,,,
2020,9/26/2017 17:00,80.911,168,,,,
2021,9/26/2017 18:00,80.382,97,,,,
2022,9/26/2017 19:00,80.029,17,,,,
2023,9/26/2017 20:00,79.678,0,,,,
2024,9/26/2017 21:00,79.326,0,,,,
2025,9/26/2017 22:00,78.975,0,,,,
2026,9/26/2017 23:00,78.624,0,,,,
2027,9/27/2017 0:00,78.449,0,,,,
2028,9/27/2017 1:00,78.274,0,,,,
2029,9/27/2017 2:00,77.923,0,,,,
2030,9/27/2017 3:00,77.749,0,,,,
2031,9/27/2017 4:00,77.574,0,,,,
2032,9/27/2017 5:00,77.4,0,,,,
2033,9/27/2017 6:00,77.225,0,,,,
2034,9/27/2017 7:00,77.05,0,,,,
2035,9/27/2017 8:00,76.876,0,,,,
2036,9/27/2017 9:00,76.703,29,,,,
2037,9/27/2017 10:00,76.703,56,,,,
2038,9/27/2017 11:00,76.354,82,,,,
2039,9/27/2017 12:00,76.876,320,,,,
2040,9/27/2017 13:00,76.703,54,,,,
2041,9/27/2017 14:00,78.098,320,,,,
2042,9/27/2017 15:00,78.624,288,,,,
2043,9/27/2017 16:00,78.274,352,,,,
2044,9/27/2017 17:00,78.449,1152,,,,
2045,9/27/2017 18:00,77.923,272,,,,
2046,9/27/2017 19:00,76.876,32,,,,
2047,9/27/2017 20:00,76.528,0,,,,
2048,9/27/2017 21:00,76.181,0,,,,
2049,9/27/2017 22:00,76.006,0,,,,
2050,9/27/2017 23:00,75.832,0,,,,
2051,9/28/2017 0:00,75.484,0,,,,
2052,9/28/2017 1:00,75.139,0,,,,
2053,9/28/2017 2:00,74.791,0,,,,
2054,9/28/2017 3:00,74.619,0,,,,
2055,9/28/2017 4:00,74.446,0,,,,
2056,9/28/2017 5:00,74.098,0,,,,
2057,9/28/2017 6:00,73.926,0,,,,
2058,9/28/2017 7:00,73.753,0,,,,
2059,9/28/2017 8:00,73.407,10,,,,
2060,9/28/2017 9:00,73.407,37,,,,
2061,9/28/2017 10:00,73.926,176,,,,
2062,9/28/2017 11:00,73.753,152,,,,
2063,9/28/2017 12:00,74.098,144,,,,
2064,9/28/2017 13:00,74.098,144,,,,
2065,9/28/2017 14:00,74.791,336,,,,
2066,9/28/2017 15:00,75.659,384,,,,
2067,9/28/2017 16:00,76.528,512,,,,
2068,9/28/2017 17:00,75.832,288,,,,
2069,9/28/2017 18:00,74.791,39,,,,
2070,9/28/2017 19:00,74.446,11,,,,
2071,9/28/2017 20:00,74.098,0,,,,
2072,9/28/2017 21:00,73.926,0,,,,
2073,9/28/2017 22:00,73.58,0,,,,
2074,9/28/2017 23:00,73.407,0,,,,
2075,9/29/2017 0:00,73.062,0,,,,
2076,9/29/2017 1:00,73.062,0,,,,
2077,9/29/2017 2:00,72.891,0,,,,
2078,9/29/2017 3:00,72.718,0,,,,
2079,9/29/2017 4:00,72.545,0,,,,
2080,9/29/2017 5:00,72.372,0,,,,
2081,9/29/2017 6:00,72.372,0,,,,
2082,9/29/2017 7:00,72.199,0,,,,
2083,9/29/2017 8:00,72.028,10,,,,
2084,9/29/2017 9:00,72.028,106,,,,
2085,9/29/2017 10:00,72.372,103,,,,
2086,9/29/2017 11:00,72.199,95,,,,
2087,9/29/2017 12:00,72.199,97,,,,
2088,9/29/2017 13:00,72.199,88,,,,
2089,9/29/2017 14:00,73.062,512,,,,
2090,9/29/2017 15:00,73.407,400,,,,
2091,9/29/2017 16:00,73.753,432,,,,
2092,9/29/2017 17:00,73.407,208,,,,
2093,9/29/2017 18:00,72.718,68,,,,
2094,9/29/2017 19:00,72.199,13,,,,
2095,9/29/2017 20:00,71.856,0,,,,
2096,9/29/2017 21:00,71.683,0,,,,
2097,9/29/2017 22:00,71.512,0,,,,
2098,9/29/2017 23:00,71.339,0,,,,
2099,9/30/2017 0:00,70.995,0,,,,
2100,9/30/2017 1:00,70.995,0,,,,
2101,9/30/2017 2:00,70.824,0,,,,
2102,9/30/2017 3:00,70.651,0,,,,
2103,9/30/2017 4:00,70.651,0,,,,
2104,9/30/2017 5:00,70.308,0,,,,
2105,9/30/2017 6:00,70.137,0,,,,
2106,9/30/2017 7:00,69.964,0,,,,
2107,9/30/2017 8:00,69.793,8,,,,
2108,9/30/2017 9:00,69.793,25,,,,
2109,9/30/2017 10:00,69.964,144,,,,
2110,9/30/2017 11:00,69.964,128,,,,
2111,9/30/2017 12:00,70.308,216,,,,
2112,9/30/2017 13:00,70.308,31,,,,
2113,9/30/2017 14:00,71.683,352,,,,
2114,9/30/2017 15:00,72.199,152,,,,
2115,9/30/2017 16:00,72.891,216,,,,
2116,9/30/2017 17:00,72.718,336,,,,
2117,9/30/2017 18:00,72.372,102,,,,
2118,9/30/2017 19:00,71.339,11,,,,
2119,9/30/2017 20:00,70.995,0,,,,
2120,9/30/2017 21:00,70.824,0,,,,
2121,9/30/2017 22:00,70.48,0,,,,
2122,9/30/2017 23:00,70.137,0,,,,
2123,10/1/2017 0:00,69.964,0,,,,
2124,10/1/2017 1:00,69.793,0,,,,
2125,10/1/2017 2:00,69.622,0,,,,
2126,10/1/2017 3:00,69.622,0,,,,
2127,10/1/2017 4:00,69.449,0,,,,
2128,10/1/2017 5:00,69.107,0,,,,
2129,10/1/2017 6:00,69.107,0,,,,
2130,10/1/2017 7:00,68.934,0,,,,
2131,10/1/2017 8:00,68.763,9,,,,
2132,10/1/2017 9:00,68.934,44,,,,
2133,10/1/2017 10:00,69.449,248,,,,
2134,10/1/2017 11:00,69.793,256,,,,
2135,10/1/2017 12:00,69.449,184,,,,
2136,10/1/2017 13:00,69.793,67,,,,
2137,10/1/2017 14:00,70.308,136,,,,
2138,10/1/2017 15:00,70.651,352,,,,
2139,10/1/2017 16:00,70.824,256,,,,
2140,10/1/2017 17:00,70.824,232,,,,
2141,10/1/2017 18:00,69.964,44,,,,
2142,10/1/2017 19:00,69.622,8,,,,
2143,10/1/2017 20:00,69.449,0,,,,
2144,10/1/2017 21:00,69.278,0,,,,
2145,10/1/2017 22:00,69.107,0,,,,
2146,10/1/2017 23:00,68.934,0,,,,
2147,10/2/2017 0:00,68.763,0,,,,
2148,10/2/2017 1:00,68.592,0,,,,
2149,10/2/2017 2:00,68.592,0,,,,
2150,10/2/2017 3:00,68.421,0,,,,
2151,10/2/2017 4:00,68.248,0,,,,
2152,10/2/2017 5:00,68.248,0,,,,
2153,10/2/2017 6:00,68.077,0,,,,
2154,10/2/2017 7:00,67.906,0,,,,
2155,10/2/2017 8:00,67.906,9,,,,
2156,10/2/2017 9:00,67.906,74,,,,
2157,10/2/2017 10:00,68.421,168,,,,
2158,10/2/2017 11:00,68.934,320,,,,
2159,10/2/2017 12:00,68.763,88,,,,
2160,10/2/2017 13:00,69.107,54,,,,
2161,10/2/2017 14:00,69.964,120,,,,
2162,10/2/2017 15:00,69.964,160,,,,
2163,10/2/2017 16:00,70.48,256,,,,
2164,10/2/2017 17:00,70.137,200,,,,
2165,10/2/2017 18:00,70.137,96,,,,
2166,10/2/2017 19:00,69.622,6,,,,
2167,10/2/2017 20:00,69.107,0,,,,
2168,10/2/2017 21:00,68.934,0,,,,
2169,10/2/2017 22:00,69.107,0,,,,
2170,10/2/2017 23:00,68.934,0,,,,
2171,10/3/2017 0:00,68.934,0,,,,
2172,10/3/2017 1:00,68.592,0,,,,
2173,10/3/2017 2:00,68.592,0,,,,
2174,10/3/2017 3:00,68.421,0,,,,
2175,10/3/2017 4:00,68.248,0,,,,
2176,10/3/2017 5:00,68.077,0,,,,
2177,10/3/2017 6:00,68.077,0,,,,
2178,10/3/2017 7:00,67.906,0,,,,
2179,10/3/2017 8:00,67.735,9,,,,
2180,10/3/2017 9:00,67.906,71,,,,
2181,10/3/2017 10:00,68.248,76,,,,
2182,10/3/2017 11:00,68.763,200,,,,
2183,10/3/2017 12:00,69.278,43,,,,
2184,10/3/2017 13:00,69.622,98,,,,
2185,10/3/2017 14:00,71.168,432,,,,
2186,10/3/2017 15:00,71.512,352,,,,
2187,10/3/2017 16:00,70.995,152,,,,
2188,10/3/2017 17:00,70.995,121,,,,
2189,10/3/2017 18:00,70.651,33,,,,
2190,10/3/2017 19:00,70.48,10,,,,
2191,10/3/2017 20:00,70.308,0,,,,
2192,10/3/2017 21:00,70.137,0,,,,
2193,10/3/2017 22:00,69.964,0,,,,
2194,10/3/2017 23:00,69.793,0,,,,
2195,10/4/2017 0:00,69.793,0,,,,
2196,10/4/2017 1:00,69.793,0,,,,
2197,10/4/2017 2:00,69.793,0,,,,
2198,10/4/2017 3:00,69.622,0,,,,
2199,10/4/2017 4:00,69.622,0,,,,
2200,10/4/2017 5:00,69.622,0,,,,
2201,10/4/2017 6:00,69.622,0,,,,
2202,10/4/2017 7:00,69.449,0,,,,
2203,10/4/2017 8:00,69.449,8,,,,
2204,10/4/2017 9:00,69.449,16,,,,
2205,10/4/2017 10:00,69.449,24,,,,
2206,10/4/2017 11:00,69.449,136,,,,
2207,10/4/2017 12:00,70.137,216,,,,
2208,10/4/2017 13:00,70.995,184,,,,
2209,10/4/2017 14:00,70.995,110,,,,
2210,10/4/2017 15:00,70.995,45,,,,
2211,10/4/2017 16:00,70.824,41,,,,
2212,10/4/2017 17:00,71.683,94,,,,
2213,10/4/2017 18:00,71.168,31,,,,
2214,10/4/2017 19:00,70.995,0,,,,
2215,10/4/2017 20:00,70.824,0,,,,
2216,10/4/2017 21:00,70.995,0,,,,
2217,10/4/2017 22:00,70.651,0,,,,
2218,10/4/2017 23:00,70.48,0,,,,
2219,10/5/2017 0:00,70.308,0,,,,
2220,10/5/2017 1:00,70.137,0,,,,
2221,10/5/2017 2:00,69.964,0,,,,
2222,10/5/2017 3:00,69.964,0,,,,
2223,10/5/2017 4:00,69.793,0,,,,
2224,10/5/2017 5:00,69.793,0,,,,
2225,10/5/2017 6:00,69.622,0,,,,
2226,10/5/2017 7:00,69.449,0,,,,
2227,10/5/2017 8:00,69.278,6,,,,
2228,10/5/2017 9:00,69.278,28,,,,
2229,10/5/2017 10:00,69.278,17,,,,
2230,10/5/2017 11:00,69.964,144,,,,
2231,10/5/2017 11:42,,,Logged,Logged,,Logged
