#,"Date Time, GMT-04:00",Temp,Intensity,Coupler Attached (LGR S/N: 20026240),Coupler Detached (LGR S/N: 20026240),Host Connected (LGR S/N: 20026240),End Of File (LGR S/N: 20026240)
1,7/4/2017 20:00,30.35611111,0,,,,
2,7/4/2017 21:00,29.45222222,0,,,,
3,7/4/2017 22:00,28.25777778,0,,,,
4,7/4/2017 23:00,26.97722222,0,,,,
5,7/5/2017 0:00,25.61,0,,,,
6,7/5/2017 1:00,24.44777778,0,,,,
7,7/5/2017 2:00,23.29222222,0,,,,
8,7/5/2017 3:00,22.23777778,0,,,,
9,7/5/2017 4:00,21.18722222,0,,,,
10,7/5/2017 5:00,20.23388889,0,,,,
11,7/5/2017 6:00,19.37722222,0,,,,
12,7/5/2017 7:00,18.71111111,0,,,,
13,7/5/2017 8:00,20.51888889,0,,,,
14,7/5/2017 9:00,31.98277778,0,,,,
15,7/5/2017 10:00,36.94611111,0,,,,
16,7/5/2017 11:00,26.97722222,176,,,,
17,7/5/2017 12:00,27.56722222,272,,,,
18,7/5/2017 13:00,27.17277778,87,,,,
19,7/5/2017 14:00,26.97722222,88,,,,
20,7/5/2017 15:00,28.35722222,87,,,,
21,7/5/2017 16:00,28.45611111,77,,,,
22,7/5/2017 17:00,28.25777778,58,,,,
23,7/5/2017 18:00,28.25777778,48,,,,
24,7/5/2017 19:00,27.86222222,45,,,,
25,7/5/2017 20:00,27.46777778,13,,,,
26,7/5/2017 21:00,27.17277778,1,,,,
27,7/5/2017 22:00,26.78111111,0,,,,
28,7/5/2017 23:00,26.585,0,,,,
29,7/6/2017 0:00,26.29222222,0,,,,
30,7/6/2017 1:00,26.09722222,0,,,,
31,7/6/2017 2:00,26.09722222,0,,,,
32,7/6/2017 3:00,25.90222222,0,,,,
33,7/6/2017 4:00,25.805,0,,,,
34,7/6/2017 5:00,25.70777778,0,,,,
35,7/6/2017 6:00,25.61,0,,,,
36,7/6/2017 7:00,25.61,7,,,,
37,7/6/2017 8:00,25.61,20,,,,
38,7/6/2017 9:00,25.70777778,40,,,,
39,7/6/2017 10:00,26.585,200,,,,
40,7/6/2017 11:00,26.48777778,126,,,,
41,7/6/2017 12:00,27.46777778,192,,,,
42,7/6/2017 13:00,27.76388889,119,,,,
43,7/6/2017 14:00,28.15888889,91,,,,
44,7/6/2017 15:00,28.25777778,81,,,,
45,7/6/2017 16:00,28.15888889,58,,,,
46,7/6/2017 17:00,27.665,48,,,,
47,7/6/2017 18:00,26.97722222,50,,,,
48,7/6/2017 19:00,26.87888889,42,,,,
49,7/6/2017 20:00,26.68277778,12,,,,
50,7/6/2017 21:00,26.48777778,1,,,,
51,7/6/2017 22:00,26.39,0,,,,
52,7/6/2017 23:00,26.39,0,,,,
53,7/7/2017 0:00,26.585,0,,,,
54,7/7/2017 1:00,26.68277778,0,,,,
55,7/7/2017 2:00,26.68277778,0,,,,
56,7/7/2017 3:00,26.585,0,,,,
57,7/7/2017 4:00,26.48777778,0,,,,
58,7/7/2017 5:00,26.39,0,,,,
59,7/7/2017 6:00,26.29222222,0,,,,
60,7/7/2017 7:00,26.195,8,,,,
61,7/7/2017 8:00,26.39,37,,,,
62,7/7/2017 9:00,26.48777778,43,,,,
63,7/7/2017 10:00,27.665,176,,,,
64,7/7/2017 11:00,27.665,176,,,,
65,7/7/2017 12:00,27.37,160,,,,
66,7/7/2017 13:00,27.17277778,83,,,,
67,7/7/2017 14:00,26.97722222,66,,,,
68,7/7/2017 15:00,27.075,79,,,,
69,7/7/2017 16:00,27.17277778,84,,,,
70,7/7/2017 17:00,27.76388889,79,,,,
71,7/7/2017 18:00,27.76388889,46,,,,
72,7/7/2017 19:00,27.27222222,18,,,,
73,7/7/2017 20:00,27.37,20,,,,
74,7/7/2017 21:00,27.17277778,1,,,,
75,7/7/2017 22:00,27.075,0,,,,
76,7/7/2017 23:00,26.87888889,0,,,,
77,7/8/2017 0:00,26.78111111,0,,,,
78,7/8/2017 1:00,26.585,0,,,,
79,7/8/2017 2:00,26.48777778,0,,,,
80,7/8/2017 3:00,26.39,0,,,,
81,7/8/2017 4:00,26.48777778,0,,,,
82,7/8/2017 5:00,26.39,0,,,,
83,7/8/2017 6:00,26.195,0,,,,
84,7/8/2017 7:00,26.29222222,23,,,,
85,7/8/2017 8:00,26.78111111,82,,,,
86,7/8/2017 9:00,27.37,128,,,,
87,7/8/2017 10:00,27.37,168,,,,
88,7/8/2017 11:00,27.56722222,176,,,,
89,7/8/2017 12:00,27.17277778,49,,,,
90,7/8/2017 13:00,27.27222222,92,,,,
91,7/8/2017 14:00,27.27222222,39,,,,
92,7/8/2017 15:00,27.76388889,89,,,,
93,7/8/2017 16:00,27.27222222,34,,,,
94,7/8/2017 17:00,27.46777778,63,,,,
95,7/8/2017 18:00,27.37,23,,,,
96,7/8/2017 19:00,27.075,27,,,,
97,7/8/2017 20:00,26.87888889,11,,,,
98,7/8/2017 21:00,26.68277778,2,,,,
99,7/8/2017 22:00,26.48777778,0,,,,
100,7/8/2017 23:00,26.39,0,,,,
101,7/9/2017 0:00,26.195,0,,,,
102,7/9/2017 1:00,26.09722222,0,,,,
103,7/9/2017 2:00,26,0,,,,
104,7/9/2017 3:00,25.90222222,0,,,,
105,7/9/2017 4:00,25.70777778,0,,,,
106,7/9/2017 5:00,25.61,0,,,,
107,7/9/2017 6:00,25.61,0,,,,
108,7/9/2017 7:00,25.61,25,,,,
109,7/9/2017 8:00,26.09722222,77,,,,
110,7/9/2017 9:00,26.29222222,128,,,,
111,7/9/2017 10:00,26.68277778,176,,,,
112,7/9/2017 11:00,26.68277778,160,,,,
113,7/9/2017 12:00,26.585,144,,,,
114,7/9/2017 13:00,26.09722222,105,,,,
115,7/9/2017 14:00,26,79,,,,
116,7/9/2017 15:00,26.29222222,118,,,,
117,7/9/2017 16:00,26.09722222,76,,,,
118,7/9/2017 17:00,26.195,54,,,,
119,7/9/2017 18:00,26.195,58,,,,
120,7/9/2017 19:00,26,28,,,,
121,7/9/2017 20:00,25.90222222,21,,,,
122,7/9/2017 21:00,25.805,1,,,,
123,7/9/2017 22:00,25.805,0,,,,
124,7/9/2017 23:00,25.70777778,0,,,,
125,7/10/2017 0:00,25.70777778,0,,,,
126,7/10/2017 1:00,25.61,0,,,,
127,7/10/2017 2:00,25.51277778,0,,,,
128,7/10/2017 3:00,25.51277778,0,,,,
129,7/10/2017 4:00,25.41611111,0,,,,
130,7/10/2017 5:00,25.41611111,0,,,,
131,7/10/2017 6:00,25.31888889,0,,,,
132,7/10/2017 7:00,25.22222222,5,,,,
133,7/10/2017 8:00,25.22222222,5,,,,
134,7/10/2017 9:00,25.125,2,,,,
135,7/10/2017 10:00,25.125,8,,,,
136,7/10/2017 11:00,25.125,10,,,,
137,7/10/2017 12:00,25.125,35,,,,
138,7/10/2017 13:00,25.125,35,,,,
139,7/10/2017 14:00,25.125,20,,,,
140,7/10/2017 15:00,25.22222222,39,,,,
141,7/10/2017 16:00,25.31888889,83,,,,
142,7/10/2017 17:00,25.31888889,47,,,,
143,7/10/2017 18:00,25.31888889,49,,,,
144,7/10/2017 19:00,25.22222222,19,,,,
145,7/10/2017 20:00,25.125,10,,,,
146,7/10/2017 21:00,25.02777778,2,,,,
147,7/10/2017 22:00,24.93111111,0,,,,
148,7/10/2017 23:00,24.93111111,0,,,,
149,7/11/2017 0:00,24.93111111,0,,,,
150,7/11/2017 1:00,24.93111111,0,,,,
151,7/11/2017 2:00,24.93111111,0,,,,
152,7/11/2017 3:00,24.835,0,,,,
153,7/11/2017 4:00,24.835,0,,,,
154,7/11/2017 5:00,24.835,0,,,,
155,7/11/2017 6:00,24.73777778,0,,,,
156,7/11/2017 7:00,24.73777778,3,,,,
157,7/11/2017 8:00,24.835,10,,,,
158,7/11/2017 9:00,24.93111111,21,,,,
159,7/11/2017 10:00,25.22222222,105,,,,
160,7/11/2017 11:00,25.805,84,,,,
161,7/11/2017 12:00,26.09722222,68,,,,
162,7/11/2017 13:00,26.585,79,,,,
163,7/11/2017 14:00,26.87888889,70,,,,
164,7/11/2017 15:00,26.97722222,55,,,,
165,7/11/2017 16:00,26.29222222,70,,,,
166,7/11/2017 17:00,26,68,,,,
167,7/11/2017 18:00,26,34,,,,
168,7/11/2017 19:00,26.39,40,,,,
169,7/11/2017 20:00,26.78111111,18,,,,
170,7/11/2017 21:00,26.87888889,0,,,,
171,7/11/2017 22:00,26.68277778,0,,,,
172,7/11/2017 23:00,26.68277778,0,,,,
173,7/12/2017 0:00,26.585,0,,,,
174,7/12/2017 1:00,26.48777778,0,,,,
175,7/12/2017 2:00,26.48777778,0,,,,
176,7/12/2017 3:00,26.48777778,0,,,,
177,7/12/2017 4:00,26.39,0,,,,
178,7/12/2017 5:00,26,0,,,,
179,7/12/2017 6:00,25.70777778,0,,,,
180,7/12/2017 7:00,25.51277778,1,,,,
181,7/12/2017 8:00,25.61,5,,,,
182,7/12/2017 9:00,25.70777778,14,,,,
183,7/12/2017 10:00,25.805,24,,,,
184,7/12/2017 11:00,26,50,,,,
185,7/12/2017 12:00,25.61,0,,,,
186,7/12/2017 13:00,25.41611111,26,,,,
187,7/12/2017 14:00,25.31888889,11,,,,
188,7/12/2017 15:00,25.22222222,55,,,,
189,7/12/2017 16:00,25.41611111,44,,,,
190,7/12/2017 17:00,25.41611111,49,,,,
191,7/12/2017 18:00,25.51277778,32,,,,
192,7/12/2017 19:00,25.61,22,,,,
193,7/12/2017 20:00,25.70777778,10,,,,
194,7/12/2017 21:00,25.61,0,,,,
195,7/12/2017 22:00,25.70777778,0,,,,
196,7/12/2017 23:00,25.70777778,0,,,,
197,7/13/2017 0:00,25.70777778,0,,,,
198,7/13/2017 1:00,25.70777778,0,,,,
199,7/13/2017 2:00,25.70777778,0,,,,
200,7/13/2017 3:00,25.61,0,,,,
201,7/13/2017 4:00,25.61,0,,,,
202,7/13/2017 5:00,25.61,0,,,,
203,7/13/2017 6:00,25.51277778,0,,,,
204,7/13/2017 7:00,25.31888889,1,,,,
205,7/13/2017 8:00,25.31888889,12,,,,
206,7/13/2017 9:00,25.51277778,30,,,,
207,7/13/2017 10:00,25.51277778,25,,,,
208,7/13/2017 11:00,25.61,46,,,,
209,7/13/2017 12:00,25.70777778,49,,,,
210,7/13/2017 13:00,25.805,59,,,,
211,7/13/2017 14:00,25.70777778,41,,,,
212,7/13/2017 15:00,25.805,41,,,,
213,7/13/2017 16:00,25.70777778,23,,,,
214,7/13/2017 17:00,25.805,31,,,,
215,7/13/2017 18:00,25.90222222,29,,,,
216,7/13/2017 19:00,25.90222222,18,,,,
217,7/13/2017 20:00,26,6,,,,
218,7/13/2017 21:00,25.90222222,1,,,,
219,7/13/2017 22:00,25.805,0,,,,
220,7/13/2017 23:00,25.70777778,0,,,,
221,7/14/2017 0:00,25.61,0,,,,
222,7/14/2017 1:00,25.61,0,,,,
223,7/14/2017 2:00,25.61,0,,,,
224,7/14/2017 3:00,25.61,0,,,,
225,7/14/2017 4:00,25.51277778,0,,,,
226,7/14/2017 5:00,25.41611111,0,,,,
227,7/14/2017 6:00,25.41611111,0,,,,
228,7/14/2017 7:00,25.31888889,3,,,,
229,7/14/2017 8:00,25.51277778,31,,,,
230,7/14/2017 9:00,25.61,40,,,,
231,7/14/2017 10:00,25.70777778,48,,,,
232,7/14/2017 11:00,26.195,116,,,,
233,7/14/2017 12:00,26,70,,,,
234,7/14/2017 13:00,25.90222222,98,,,,
235,7/14/2017 14:00,26.09722222,34,,,,
236,7/14/2017 15:00,26.195,69,,,,
237,7/14/2017 16:00,26.195,51,,,,
238,7/14/2017 17:00,26.585,47,,,,
239,7/14/2017 18:00,26.68277778,44,,,,
240,7/14/2017 19:00,26.39,15,,,,
241,7/14/2017 20:00,26.29222222,10,,,,
242,7/14/2017 21:00,26.195,1,,,,
243,7/14/2017 22:00,26,0,,,,
244,7/14/2017 23:00,26,0,,,,
245,7/15/2017 0:00,25.90222222,0,,,,
246,7/15/2017 1:00,25.805,0,,,,
247,7/15/2017 2:00,25.61,0,,,,
248,7/15/2017 3:00,25.51277778,0,,,,
249,7/15/2017 4:00,25.51277778,0,,,,
250,7/15/2017 5:00,25.31888889,0,,,,
251,7/15/2017 6:00,25.31888889,0,,,,
252,7/15/2017 7:00,25.31888889,15,,,,
253,7/15/2017 8:00,25.51277778,52,,,,
254,7/15/2017 9:00,25.805,92,,,,
255,7/15/2017 10:00,26,128,,,,
256,7/15/2017 11:00,26.09722222,128,,,,
257,7/15/2017 12:00,26.48777778,109,,,,
258,7/15/2017 13:00,26.29222222,82,,,,
259,7/15/2017 14:00,26,64,,,,
260,7/15/2017 15:00,26.29222222,61,,,,
261,7/15/2017 16:00,26.29222222,49,,,,
262,7/15/2017 17:00,26.48777778,37,,,,
263,7/15/2017 18:00,26.585,40,,,,
264,7/15/2017 19:00,26.39,19,,,,
265,7/15/2017 20:00,26.39,14,,,,
266,7/15/2017 21:00,26.29222222,0,,,,
267,7/15/2017 22:00,26.09722222,0,,,,
268,7/15/2017 23:00,26,0,,,,
269,7/16/2017 0:00,25.805,0,,,,
270,7/16/2017 1:00,25.70777778,0,,,,
271,7/16/2017 2:00,25.70777778,0,,,,
272,7/16/2017 3:00,25.51277778,0,,,,
273,7/16/2017 4:00,25.61,0,,,,
274,7/16/2017 5:00,25.61,0,,,,
275,7/16/2017 6:00,25.51277778,0,,,,
276,7/16/2017 7:00,25.51277778,8,,,,
277,7/16/2017 8:00,25.51277778,14,,,,
278,7/16/2017 9:00,25.61,45,,,,
279,7/16/2017 10:00,25.61,28,,,,
280,7/16/2017 11:00,25.70777778,84,,,,
281,7/16/2017 12:00,25.51277778,13,,,,
282,7/16/2017 13:00,25.70777778,37,,,,
283,7/16/2017 14:00,25.805,85,,,,
284,7/16/2017 15:00,25.805,13,,,,
285,7/16/2017 16:00,26.09722222,39,,,,
286,7/16/2017 17:00,26,24,,,,
287,7/16/2017 18:00,26.09722222,37,,,,
288,7/16/2017 19:00,26,27,,,,
289,7/16/2017 20:00,25.805,8,,,,
290,7/16/2017 21:00,25.61,0,,,,
291,7/16/2017 22:00,25.51277778,0,,,,
292,7/16/2017 23:00,25.51277778,0,,,,
293,7/17/2017 0:00,25.31888889,0,,,,
294,7/17/2017 1:00,25.22222222,0,,,,
295,7/17/2017 2:00,25.02777778,0,,,,
296,7/17/2017 3:00,25.31888889,0,,,,
297,7/17/2017 4:00,25.22222222,0,,,,
298,7/17/2017 5:00,25.125,0,,,,
299,7/17/2017 6:00,25.02777778,0,,,,
300,7/17/2017 7:00,24.93111111,11,,,,
301,7/17/2017 8:00,25.125,45,,,,
302,7/17/2017 9:00,25.51277778,85,,,,
303,7/17/2017 10:00,25.70777778,101,,,,
304,7/17/2017 11:00,25.70777778,107,,,,
305,7/17/2017 12:00,25.90222222,107,,,,
306,7/17/2017 13:00,25.61,40,,,,
307,7/17/2017 14:00,26.195,67,,,,
308,7/17/2017 15:00,25.805,28,,,,
309,7/17/2017 16:00,27.37,51,,,,
310,7/17/2017 17:00,26.97722222,14,,,,
311,7/17/2017 18:00,27.075,21,,,,
312,7/17/2017 19:00,26.97722222,20,,,,
313,7/17/2017 20:00,26.78111111,6,,,,
314,7/17/2017 21:00,26.78111111,0,,,,
315,7/17/2017 22:00,26.585,0,,,,
316,7/17/2017 23:00,26.39,0,,,,
317,7/18/2017 0:00,26.29222222,0,,,,
318,7/18/2017 1:00,26.09722222,0,,,,
319,7/18/2017 2:00,26,0,,,,
320,7/18/2017 3:00,25.805,0,,,,
321,7/18/2017 4:00,25.70777778,0,,,,
322,7/18/2017 5:00,25.61,0,,,,
323,7/18/2017 6:00,25.51277778,0,,,,
324,7/18/2017 7:00,25.51277778,12,,,,
325,7/18/2017 8:00,25.51277778,36,,,,
326,7/18/2017 9:00,25.90222222,85,,,,
327,7/18/2017 10:00,26.29222222,106,,,,
328,7/18/2017 11:00,26.195,110,,,,
329,7/18/2017 12:00,26.39,108,,,,
330,7/18/2017 13:00,26.195,71,,,,
331,7/18/2017 14:00,26.195,73,,,,
332,7/18/2017 15:00,26.09722222,64,,,,
333,7/18/2017 16:00,26.195,53,,,,
334,7/18/2017 17:00,26.29222222,37,,,,
335,7/18/2017 18:00,26.48777778,36,,,,
336,7/18/2017 19:00,26.585,25,,,,
337,7/18/2017 20:00,26.48777778,7,,,,
338,7/18/2017 21:00,26.68277778,0,,,,
339,7/18/2017 22:00,26.68277778,0,,,,
340,7/18/2017 23:00,26.48777778,0,,,,
341,7/19/2017 0:00,26.48777778,0,,,,
342,7/19/2017 1:00,26.39,0,,,,
343,7/19/2017 2:00,26.29222222,0,,,,
344,7/19/2017 3:00,26.48777778,0,,,,
345,7/19/2017 4:00,26.48777778,0,,,,
346,7/19/2017 5:00,26.39,0,,,,
347,7/19/2017 6:00,26.29222222,0,,,,
348,7/19/2017 7:00,26.195,3,,,,
349,7/19/2017 8:00,26.195,19,,,,
350,7/19/2017 9:00,26.29222222,31,,,,
351,7/19/2017 10:00,26.585,65,,,,
352,7/19/2017 11:00,26.78111111,80,,,,
353,7/19/2017 12:00,27.27222222,118,,,,
354,7/19/2017 13:00,27.37,61,,,,
355,7/19/2017 14:00,27.56722222,60,,,,
356,7/19/2017 15:00,27.86222222,27,,,,
357,7/19/2017 16:00,27.665,59,,,,
358,7/19/2017 17:00,27.665,45,,,,
359,7/19/2017 18:00,27.665,38,,,,
360,7/19/2017 19:00,29.05277778,17,,,,
361,7/19/2017 20:00,28.655,8,,,,
362,7/19/2017 21:00,28.555,0,,,,
363,7/19/2017 22:00,28.555,0,,,,
364,7/19/2017 23:00,28.35722222,0,,,,
365,7/20/2017 0:00,28.15888889,0,,,,
366,7/20/2017 1:00,28.06,0,,,,
367,7/20/2017 2:00,27.86222222,0,,,,
368,7/20/2017 3:00,27.76388889,0,,,,
369,7/20/2017 4:00,27.665,0,,,,
370,7/20/2017 5:00,27.46777778,0,,,,
371,7/20/2017 6:00,27.46777778,0,,,,
372,7/20/2017 7:00,27.37,5,,,,
373,7/20/2017 8:00,27.37,8,,,,
374,7/20/2017 9:00,27.37,17,,,,
375,7/20/2017 10:00,27.17277778,26,,,,
376,7/20/2017 11:00,26.87888889,73,,,,
377,7/20/2017 12:00,26.87888889,123,,,,
378,7/20/2017 13:00,27.075,37,,,,
379,7/20/2017 14:00,27.56722222,53,,,,
380,7/20/2017 15:00,27.56722222,45,,,,
381,7/20/2017 16:00,27.56722222,55,,,,
382,7/20/2017 17:00,27.665,31,,,,
383,7/20/2017 18:00,27.86222222,79,,,,
384,7/20/2017 19:00,27.96111111,28,,,,
385,7/20/2017 20:00,27.96111111,9,,,,
386,7/20/2017 21:00,27.86222222,0,,,,
387,7/20/2017 22:00,27.86222222,0,,,,
388,7/20/2017 23:00,27.76388889,0,,,,
389,7/21/2017 0:00,27.665,0,,,,
390,7/21/2017 1:00,27.56722222,0,,,,
391,7/21/2017 2:00,27.56722222,0,,,,
392,7/21/2017 3:00,27.46777778,0,,,,
393,7/21/2017 4:00,27.37,0,,,,
394,7/21/2017 5:00,27.27222222,0,,,,
395,7/21/2017 6:00,27.17277778,0,,,,
396,7/21/2017 7:00,27.17277778,19,,,,
397,7/21/2017 8:00,27.27222222,63,,,,
398,7/21/2017 9:00,27.37,60,,,,
399,7/21/2017 10:00,27.46777778,53,,,,
400,7/21/2017 11:00,27.96111111,110,,,,
401,7/21/2017 12:00,28.45611111,101,,,,
402,7/21/2017 13:00,28.85277778,74,,,,
403,7/21/2017 14:00,29.35222222,88,,,,
404,7/21/2017 15:00,29.25222222,80,,,,
405,7/21/2017 16:00,28.85277778,84,,,,
406,7/21/2017 17:00,28.655,48,,,,
407,7/21/2017 18:00,28.555,48,,,,
408,7/21/2017 19:00,28.655,34,,,,
409,7/21/2017 20:00,28.85277778,15,,,,
410,7/21/2017 21:00,28.655,1,,,,
411,7/21/2017 22:00,28.45611111,0,,,,
412,7/21/2017 23:00,28.45611111,0,,,,
413,7/22/2017 0:00,28.25777778,0,,,,
414,7/22/2017 1:00,28.15888889,0,,,,
415,7/22/2017 2:00,28.15888889,0,,,,
416,7/22/2017 3:00,28.06,0,,,,
417,7/22/2017 4:00,27.96111111,0,,,,
418,7/22/2017 5:00,27.96111111,0,,,,
419,7/22/2017 6:00,27.76388889,0,,,,
420,7/22/2017 7:00,27.76388889,3,,,,
421,7/22/2017 8:00,27.665,2,,,,
422,7/22/2017 9:00,27.56722222,17,,,,
423,7/22/2017 10:00,27.46777778,6,,,,
424,7/22/2017 11:00,27.56722222,64,,,,
425,7/22/2017 12:00,27.96111111,232,,,,
426,7/22/2017 13:00,27.76388889,76,,,,
427,7/22/2017 14:00,27.86222222,87,,,,
428,7/22/2017 15:00,27.96111111,74,,,,
429,7/22/2017 16:00,28.06,54,,,,
430,7/22/2017 17:00,28.06,41,,,,
431,7/22/2017 18:00,27.96111111,31,,,,
432,7/22/2017 19:00,28.06,13,,,,
433,7/22/2017 20:00,28.15888889,10,,,,
434,7/22/2017 21:00,27.96111111,0,,,,
435,7/22/2017 22:00,27.86222222,0,,,,
436,7/22/2017 23:00,27.76388889,0,,,,
437,7/23/2017 0:00,27.665,0,,,,
438,7/23/2017 1:00,27.56722222,0,,,,
439,7/23/2017 2:00,27.665,0,,,,
440,7/23/2017 3:00,27.56722222,0,,,,
441,7/23/2017 4:00,27.46777778,0,,,,
442,7/23/2017 5:00,27.46777778,0,,,,
443,7/23/2017 6:00,27.37,0,,,,
444,7/23/2017 7:00,27.37,6,,,,
445,7/23/2017 8:00,27.46777778,56,,,,
446,7/23/2017 9:00,27.665,90,,,,
447,7/23/2017 10:00,27.96111111,136,,,,
448,7/23/2017 11:00,27.96111111,160,,,,
449,7/23/2017 12:00,27.76388889,47,,,,
450,7/23/2017 13:00,28.35722222,71,,,,
451,7/23/2017 14:00,27.96111111,65,,,,
452,7/23/2017 15:00,28.45611111,42,,,,
453,7/23/2017 16:00,28.25777778,58,,,,
454,7/23/2017 17:00,28.555,18,,,,
455,7/23/2017 18:00,28.555,23,,,,
456,7/23/2017 19:00,28.555,3,,,,
457,7/23/2017 20:00,28.25777778,13,,,,
458,7/23/2017 21:00,28.06,0,,,,
459,7/23/2017 22:00,27.96111111,0,,,,
460,7/23/2017 23:00,27.76388889,0,,,,
461,7/24/2017 0:00,27.665,0,,,,
462,7/24/2017 1:00,27.56722222,0,,,,
463,7/24/2017 2:00,27.46777778,0,,,,
464,7/24/2017 3:00,27.46777778,0,,,,
465,7/24/2017 4:00,27.37,0,,,,
466,7/24/2017 5:00,27.27222222,0,,,,
467,7/24/2017 6:00,27.17277778,0,,,,
468,7/24/2017 7:00,26.97722222,1,,,,
469,7/24/2017 8:00,26.97722222,7,,,,
470,7/24/2017 9:00,26.97722222,25,,,,
471,7/24/2017 10:00,26.97722222,51,,,,
472,7/24/2017 11:00,26.87888889,34,,,,
473,7/24/2017 12:00,26.87888889,22,,,,
474,7/24/2017 13:00,26.87888889,35,,,,
475,7/24/2017 14:00,26.78111111,39,,,,
476,7/24/2017 15:00,26.87888889,40,,,,
477,7/24/2017 16:00,26.87888889,45,,,,
478,7/24/2017 17:00,26.97722222,24,,,,
479,7/24/2017 18:00,26.87888889,36,,,,
480,7/24/2017 19:00,26.68277778,35,,,,
481,7/24/2017 20:00,26.48777778,4,,,,
482,7/24/2017 21:00,26.39,0,,,,
483,7/24/2017 22:00,26.29222222,0,,,,
484,7/24/2017 23:00,26.195,0,,,,
485,7/25/2017 0:00,26.09722222,0,,,,
486,7/25/2017 1:00,26,0,,,,
487,7/25/2017 2:00,26,0,,,,
488,7/25/2017 3:00,25.805,0,,,,
489,7/25/2017 4:00,25.70777778,0,,,,
490,7/25/2017 5:00,25.61,0,,,,
491,7/25/2017 6:00,25.51277778,0,,,,
492,7/25/2017 7:00,25.51277778,8,,,,
493,7/25/2017 8:00,25.70777778,44,,,,
494,7/25/2017 9:00,25.805,80,,,,
495,7/25/2017 10:00,26.195,105,,,,
496,7/25/2017 11:00,26.39,128,,,,
497,7/25/2017 12:00,26.585,116,,,,
498,7/25/2017 13:00,26.48777778,48,,,,
499,7/25/2017 14:00,26.78111111,59,,,,
500,7/25/2017 15:00,26.87888889,65,,,,
501,7/25/2017 16:00,27.075,62,,,,
502,7/25/2017 17:00,27.37,57,,,,
503,7/25/2017 18:00,27.27222222,42,,,,
504,7/25/2017 19:00,27.665,44,,,,
505,7/25/2017 20:00,27.27222222,6,,,,
506,7/25/2017 21:00,27.075,0,,,,
507,7/25/2017 22:00,26.87888889,0,,,,
508,7/25/2017 23:00,26.68277778,0,,,,
509,7/26/2017 0:00,26.48777778,0,,,,
510,7/26/2017 1:00,26.39,0,,,,
511,7/26/2017 2:00,26.195,0,,,,
512,7/26/2017 3:00,26,0,,,,
513,7/26/2017 4:00,26,0,,,,
514,7/26/2017 5:00,25.90222222,0,,,,
515,7/26/2017 6:00,25.805,0,,,,
516,7/26/2017 7:00,25.70777778,3,,,,
517,7/26/2017 8:00,25.70777778,13,,,,
518,7/26/2017 9:00,25.90222222,57,,,,
519,7/26/2017 10:00,26.195,114,,,,
520,7/26/2017 11:00,26,69,,,,
521,7/26/2017 12:00,26,66,,,,
522,7/26/2017 13:00,26,56,,,,
523,7/26/2017 14:00,26.09722222,60,,,,
524,7/26/2017 15:00,25.90222222,57,,,,
525,7/26/2017 16:00,26.195,47,,,,
526,7/26/2017 17:00,26.29222222,40,,,,
527,7/26/2017 18:00,26.29222222,31,,,,
528,7/26/2017 19:00,26.29222222,15,,,,
529,7/26/2017 20:00,26.195,8,,,,
530,7/26/2017 21:00,26.195,0,,,,
531,7/26/2017 22:00,26.09722222,0,,,,
532,7/26/2017 23:00,26,0,,,,
533,7/27/2017 0:00,26,0,,,,
534,7/27/2017 1:00,25.90222222,0,,,,
535,7/27/2017 2:00,25.90222222,0,,,,
536,7/27/2017 3:00,25.805,0,,,,
537,7/27/2017 4:00,25.805,0,,,,
538,7/27/2017 5:00,25.61,0,,,,
539,7/27/2017 6:00,25.70777778,0,,,,
540,7/27/2017 7:00,25.70777778,1,,,,
541,7/27/2017 8:00,25.70777778,7,,,,
542,7/27/2017 9:00,25.805,17,,,,
543,7/27/2017 10:00,26.39,62,,,,
544,7/27/2017 11:00,26.48777778,23,,,,
545,7/27/2017 12:00,26.87888889,160,,,,
546,7/27/2017 13:00,26.78111111,31,,,,
547,7/27/2017 14:00,27.27222222,59,,,,
548,7/27/2017 15:00,27.37,54,,,,
549,7/27/2017 16:00,27.56722222,21,,,,
550,7/27/2017 17:00,28.45611111,34,,,,
551,7/27/2017 18:00,28.35722222,25,,,,
552,7/27/2017 19:00,27.96111111,30,,,,
553,7/27/2017 20:00,27.665,5,,,,
554,7/27/2017 21:00,27.17277778,0,,,,
555,7/27/2017 22:00,26.97722222,0,,,,
556,7/27/2017 23:00,26.87888889,0,,,,
557,7/28/2017 0:00,26.68277778,0,,,,
558,7/28/2017 1:00,26.48777778,0,,,,
559,7/28/2017 2:00,26.48777778,0,,,,
560,7/28/2017 3:00,26.48777778,0,,,,
561,7/28/2017 4:00,26.195,0,,,,
562,7/28/2017 5:00,26.29222222,0,,,,
563,7/28/2017 6:00,26.09722222,0,,,,
564,7/28/2017 7:00,25.90222222,2,,,,
565,7/28/2017 8:00,25.90222222,14,,,,
566,7/28/2017 9:00,25.70777778,19,,,,
567,7/28/2017 10:00,25.90222222,38,,,,
568,7/28/2017 11:00,26.195,75,,,,
569,7/28/2017 12:00,26.29222222,32,,,,
570,7/28/2017 13:00,26.195,40,,,,
571,7/28/2017 14:00,25.805,10,,,,
572,7/28/2017 15:00,25.805,28,,,,
573,7/28/2017 16:00,25.805,49,,,,
574,7/28/2017 17:00,25.61,22,,,,
575,7/28/2017 18:00,25.61,17,,,,
576,7/28/2017 19:00,25.31888889,15,,,,
577,7/28/2017 20:00,25.31888889,2,,,,
578,7/28/2017 21:00,25.22222222,0,,,,
579,7/28/2017 22:00,24.835,0,,,,
580,7/28/2017 23:00,24.93111111,0,,,,
581,7/29/2017 0:00,24.835,0,,,,
582,7/29/2017 1:00,24.64111111,0,,,,
583,7/29/2017 2:00,24.44777778,0,,,,
584,7/29/2017 3:00,24.44777778,0,,,,
585,7/29/2017 4:00,24.545,0,,,,
586,7/29/2017 5:00,24.44777778,0,,,,
587,7/29/2017 6:00,24.35111111,0,,,,
588,7/29/2017 7:00,24.35111111,7,,,,
589,7/29/2017 8:00,24.44777778,33,,,,
590,7/29/2017 9:00,24.545,56,,,,
591,7/29/2017 10:00,24.73777778,95,,,,
592,7/29/2017 11:00,24.93111111,144,,,,
593,7/29/2017 12:00,25.41611111,168,,,,
594,7/29/2017 13:00,25.805,40,,,,
595,7/29/2017 14:00,25.125,46,,,,
596,7/29/2017 15:00,26.195,49,,,,
597,7/29/2017 16:00,26.09722222,35,,,,
598,7/29/2017 17:00,25.805,10,,,,
599,7/29/2017 18:00,25.61,13,,,,
600,7/29/2017 19:00,25.41611111,16,,,,
601,7/29/2017 20:00,25.22222222,3,,,,
602,7/29/2017 21:00,25.02777778,0,,,,
603,7/29/2017 22:00,24.93111111,0,,,,
604,7/29/2017 23:00,24.93111111,0,,,,
605,7/30/2017 0:00,24.835,0,,,,
606,7/30/2017 1:00,24.73777778,0,,,,
607,7/30/2017 2:00,24.73777778,0,,,,
608,7/30/2017 3:00,24.73777778,0,,,,
609,7/30/2017 4:00,24.64111111,0,,,,
610,7/30/2017 5:00,24.545,0,,,,
611,7/30/2017 6:00,24.545,0,,,,
612,7/30/2017 7:00,24.44777778,7,,,,
613,7/30/2017 8:00,24.64111111,32,,,,
614,7/30/2017 9:00,24.835,73,,,,
615,7/30/2017 10:00,25.22222222,108,,,,
616,7/30/2017 11:00,25.51277778,128,,,,
617,7/30/2017 12:00,25.805,208,,,,
618,7/30/2017 13:00,26,86,,,,
619,7/30/2017 14:00,26,73,,,,
620,7/30/2017 15:00,26.29222222,54,,,,
621,7/30/2017 16:00,27.46777778,35,,,,
622,7/30/2017 17:00,26.585,37,,,,
623,7/30/2017 18:00,26.39,21,,,,
624,7/30/2017 19:00,26.48777778,22,,,,
625,7/30/2017 20:00,26.195,4,,,,
626,7/30/2017 21:00,26.09722222,0,,,,
627,7/30/2017 22:00,25.90222222,0,,,,
628,7/30/2017 23:00,25.70777778,0,,,,
629,7/31/2017 0:00,25.51277778,0,,,,
630,7/31/2017 1:00,25.41611111,0,,,,
631,7/31/2017 2:00,25.22222222,0,,,,
632,7/31/2017 3:00,25.125,0,,,,
633,7/31/2017 4:00,25.125,0,,,,
634,7/31/2017 5:00,24.93111111,0,,,,
635,7/31/2017 6:00,24.835,0,,,,
636,7/31/2017 7:00,24.835,7,,,,
637,7/31/2017 8:00,24.93111111,41,,,,
638,7/31/2017 9:00,25.125,93,,,,
639,7/31/2017 10:00,25.41611111,136,,,,
640,7/31/2017 11:00,25.51277778,184,,,,
641,7/31/2017 12:00,25.70777778,176,,,,
642,7/31/2017 13:00,25.61,64,,,,
643,7/31/2017 14:00,25.805,47,,,,
644,7/31/2017 15:00,25.805,36,,,,
645,7/31/2017 16:00,26,26,,,,
646,7/31/2017 17:00,26.48777778,18,,,,
647,7/31/2017 18:00,26.87888889,10,,,,
648,7/31/2017 19:00,26.97722222,14,,,,
649,7/31/2017 20:00,26.78111111,4,,,,
650,7/31/2017 21:00,26.585,0,,,,
651,7/31/2017 22:00,26.39,0,,,,
652,7/31/2017 23:00,26.195,0,,,,
653,8/1/2017 0:00,26.09722222,0,,,,
654,8/1/2017 1:00,26,0,,,,
655,8/1/2017 2:00,25.90222222,0,,,,
656,8/1/2017 3:00,25.70777778,0,,,,
657,8/1/2017 4:00,25.61,0,,,,
658,8/1/2017 5:00,25.51277778,0,,,,
659,8/1/2017 6:00,25.41611111,0,,,,
660,8/1/2017 7:00,25.31888889,7,,,,
661,8/1/2017 8:00,25.51277778,37,,,,
662,8/1/2017 9:00,25.805,80,,,,
663,8/1/2017 10:00,26.09722222,114,,,,
664,8/1/2017 11:00,26.29222222,128,,,,
665,8/1/2017 12:00,26.39,184,,,,
666,8/1/2017 13:00,26.39,31,,,,
667,8/1/2017 14:00,26.29222222,64,,,,
668,8/1/2017 15:00,26.68277778,49,,,,
669,8/1/2017 16:00,27.075,38,,,,
670,8/1/2017 17:00,27.27222222,19,,,,
671,8/1/2017 18:00,27.17277778,13,,,,
672,8/1/2017 19:00,26.97722222,9,,,,
673,8/1/2017 20:00,26.97722222,5,,,,
674,8/1/2017 21:00,26.78111111,0,,,,
675,8/1/2017 22:00,26.585,0,,,,
676,8/1/2017 23:00,26.48777778,0,,,,
677,8/2/2017 0:00,26.39,0,,,,
678,8/2/2017 1:00,26.29222222,0,,,,
679,8/2/2017 2:00,26.195,0,,,,
680,8/2/2017 3:00,26.09722222,0,,,,
681,8/2/2017 4:00,26,0,,,,
682,8/2/2017 5:00,25.805,0,,,,
683,8/2/2017 6:00,25.805,0,,,,
684,8/2/2017 7:00,25.70777778,6,,,,
685,8/2/2017 8:00,25.90222222,36,,,,
686,8/2/2017 9:00,26.29222222,87,,,,
687,8/2/2017 10:00,26.48777778,152,,,,
688,8/2/2017 10:10,,,Logged,,,
689,8/2/2017 10:12,,,,Logged,,
690,8/2/2017 10:12,,,Logged,,,
691,8/2/2017 10:15,,,,,Logged,
692,8/2/2017 10:18,,,,Logged,,
693,8/2/2017 11:00,80.206,256,,,,
694,8/2/2017 12:00,80.382,176,,,,
695,8/2/2017 13:00,79.678,59,,,,
696,8/2/2017 14:00,79.853,75,,,,
697,8/2/2017 15:00,79.678,57,,,,
698,8/2/2017 16:00,79.853,51,,,,
699,8/2/2017 17:00,79.678,116,,,,
700,8/2/2017 18:00,80.559,128,,,,
701,8/2/2017 19:00,80.735,124,,,,
702,8/2/2017 20:00,80.382,27,,,,
703,8/2/2017 21:00,80.382,0,,,,
704,8/2/2017 22:00,80.206,0,,,,
705,8/2/2017 23:00,80.029,0,,,,
706,8/3/2017 0:00,79.853,0,,,,
707,8/3/2017 1:00,79.853,0,,,,
708,8/3/2017 2:00,79.678,0,,,,
709,8/3/2017 3:00,79.502,0,,,,
710,8/3/2017 4:00,79.326,0,,,,
711,8/3/2017 5:00,79.151,0,,,,
712,8/3/2017 6:00,78.975,0,,,,
713,8/3/2017 7:00,78.975,15,,,,
714,8/3/2017 8:00,79.151,89,,,,
715,8/3/2017 9:00,79.678,176,,,,
716,8/3/2017 10:00,80.382,224,,,,
717,8/3/2017 11:00,81.09,224,,,,
718,8/3/2017 12:00,81.266,256,,,,
719,8/3/2017 13:00,80.911,200,,,,
720,8/3/2017 14:00,81.09,176,,,,
721,8/3/2017 15:00,80.911,176,,,,
722,8/3/2017 16:00,81.266,69,,,,
723,8/3/2017 17:00,81.09,45,,,,
724,8/3/2017 18:00,81.975,8,,,,
725,8/3/2017 19:00,81.266,28,,,,
726,8/3/2017 20:00,80.911,16,,,,
727,8/3/2017 21:00,80.382,0,,,,
728,8/3/2017 22:00,80.206,0,,,,
729,8/3/2017 23:00,79.853,0,,,,
730,8/4/2017 0:00,79.853,0,,,,
731,8/4/2017 1:00,79.502,0,,,,
732,8/4/2017 2:00,79.502,0,,,,
733,8/4/2017 3:00,79.326,0,,,,
734,8/4/2017 4:00,79.151,0,,,,
735,8/4/2017 5:00,78.8,0,,,,
736,8/4/2017 6:00,78.624,0,,,,
737,8/4/2017 7:00,78.449,2,,,,
738,8/4/2017 8:00,78.449,9,,,,
739,8/4/2017 9:00,78.274,12,,,,
740,8/4/2017 10:00,78.274,31,,,,
741,8/4/2017 11:00,78.8,79,,,,
742,8/4/2017 12:00,79.853,240,,,,
743,8/4/2017 13:00,78.8,94,,,,
744,8/4/2017 14:00,78.624,90,,,,
745,8/4/2017 15:00,78.8,160,,,,
746,8/4/2017 16:00,78.624,116,,,,
747,8/4/2017 17:00,78.449,61,,,,
748,8/4/2017 18:00,78.098,50,,,,
749,8/4/2017 19:00,77.923,35,,,,
750,8/4/2017 20:00,77.574,3,,,,
751,8/4/2017 21:00,77.4,0,,,,
752,8/4/2017 22:00,77.225,0,,,,
753,8/4/2017 23:00,77.05,0,,,,
754,8/5/2017 0:00,76.876,0,,,,
755,8/5/2017 1:00,76.528,0,,,,
756,8/5/2017 2:00,76.354,0,,,,
757,8/5/2017 3:00,76.181,0,,,,
758,8/5/2017 4:00,76.006,0,,,,
759,8/5/2017 5:00,75.659,0,,,,
760,8/5/2017 6:00,75.484,0,,,,
761,8/5/2017 7:00,75.484,18,,,,
762,8/5/2017 8:00,75.659,97,,,,
763,8/5/2017 9:00,76.181,144,,,,
764,8/5/2017 10:00,76.876,168,,,,
765,8/5/2017 11:00,77.225,160,,,,
766,8/5/2017 12:00,76.876,192,,,,
767,8/5/2017 13:00,76.528,100,,,,
768,8/5/2017 14:00,77.225,107,,,,
769,8/5/2017 15:00,77.574,121,,,,
770,8/5/2017 16:00,76.703,99,,,,
771,8/5/2017 17:00,77.923,107,,,,
772,8/5/2017 18:00,77.225,57,,,,
773,8/5/2017 19:00,77.05,23,,,,
774,8/5/2017 20:00,76.528,11,,,,
775,8/5/2017 21:00,76.181,0,,,,
776,8/5/2017 22:00,75.832,0,,,,
777,8/5/2017 23:00,75.832,0,,,,
778,8/6/2017 0:00,75.659,0,,,,
779,8/6/2017 1:00,75.484,0,,,,
780,8/6/2017 2:00,75.312,0,,,,
781,8/6/2017 3:00,75.139,0,,,,
782,8/6/2017 4:00,74.964,0,,,,
783,8/6/2017 5:00,74.791,0,,,,
784,8/6/2017 6:00,74.791,0,,,,
785,8/6/2017 7:00,74.619,4,,,,
786,8/6/2017 8:00,74.619,19,,,,
787,8/6/2017 9:00,74.791,38,,,,
788,8/6/2017 10:00,75.139,60,,,,
789,8/6/2017 11:00,75.139,69,,,,
790,8/6/2017 12:00,75.139,88,,,,
791,8/6/2017 13:00,75.312,97,,,,
792,8/6/2017 14:00,75.659,126,,,,
793,8/6/2017 15:00,75.484,81,,,,
794,8/6/2017 16:00,75.659,88,,,,
795,8/6/2017 17:00,75.312,74,,,,
796,8/6/2017 18:00,75.484,101,,,,
797,8/6/2017 19:00,75.484,96,,,,
798,8/6/2017 20:00,75.484,21,,,,
799,8/6/2017 21:00,75.139,0,,,,
800,8/6/2017 22:00,74.964,0,,,,
801,8/6/2017 23:00,74.964,0,,,,
802,8/7/2017 0:00,74.964,0,,,,
803,8/7/2017 1:00,74.791,0,,,,
804,8/7/2017 2:00,74.791,0,,,,
805,8/7/2017 3:00,74.619,0,,,,
806,8/7/2017 4:00,74.446,0,,,,
807,8/7/2017 5:00,74.446,0,,,,
808,8/7/2017 6:00,74.446,0,,,,
809,8/7/2017 7:00,74.271,8,,,,
810,8/7/2017 8:00,74.446,48,,,,
811,8/7/2017 9:00,74.619,52,,,,
812,8/7/2017 10:00,75.484,71,,,,
813,8/7/2017 11:00,75.312,89,,,,
814,8/7/2017 12:00,75.484,81,,,,
815,8/7/2017 13:00,76.006,116,,,,
816,8/7/2017 14:00,76.528,97,,,,
817,8/7/2017 15:00,76.354,80,,,,
818,8/7/2017 16:00,76.354,98,,,,
819,8/7/2017 17:00,77.225,69,,,,
820,8/7/2017 18:00,77.4,82,,,,
821,8/7/2017 19:00,76.876,41,,,,
822,8/7/2017 20:00,76.703,8,,,,
823,8/7/2017 21:00,76.354,0,,,,
824,8/7/2017 22:00,76.006,0,,,,
825,8/7/2017 23:00,75.832,0,,,,
826,8/8/2017 0:00,75.659,0,,,,
827,8/8/2017 1:00,75.484,0,,,,
828,8/8/2017 2:00,75.312,0,,,,
829,8/8/2017 3:00,75.139,0,,,,
830,8/8/2017 4:00,74.791,0,,,,
831,8/8/2017 5:00,74.619,0,,,,
832,8/8/2017 6:00,74.619,0,,,,
833,8/8/2017 7:00,74.446,11,,,,
834,8/8/2017 8:00,74.619,72,,,,
835,8/8/2017 9:00,75.139,136,,,,
836,8/8/2017 10:00,75.659,176,,,,
837,8/8/2017 11:00,76.006,128,,,,
838,8/8/2017 12:00,76.528,136,,,,
839,8/8/2017 13:00,75.659,85,,,,
840,8/8/2017 14:00,75.832,92,,,,
841,8/8/2017 15:00,76.006,84,,,,
842,8/8/2017 16:00,76.876,99,,,,
843,8/8/2017 17:00,77.05,95,,,,
844,8/8/2017 18:00,77.05,89,,,,
845,8/8/2017 19:00,77.225,88,,,,
846,8/8/2017 20:00,77.05,20,,,,
847,8/8/2017 21:00,76.703,0,,,,
848,8/8/2017 22:00,76.528,0,,,,
849,8/8/2017 23:00,76.181,0,,,,
850,8/9/2017 0:00,76.181,0,,,,
851,8/9/2017 1:00,75.832,0,,,,
852,8/9/2017 2:00,75.659,0,,,,
853,8/9/2017 3:00,75.484,0,,,,
854,8/9/2017 4:00,75.312,0,,,,
855,8/9/2017 5:00,75.139,0,,,,
856,8/9/2017 6:00,75.139,0,,,,
857,8/9/2017 7:00,74.964,9,,,,
858,8/9/2017 8:00,75.139,65,,,,
859,8/9/2017 9:00,75.484,118,,,,
860,8/9/2017 10:00,76.181,152,,,,
861,8/9/2017 11:00,76.354,208,,,,
862,8/9/2017 12:00,76.876,224,,,,
863,8/9/2017 13:00,76.528,128,,,,
864,8/9/2017 14:00,76.354,160,,,,
865,8/9/2017 15:00,76.354,103,,,,
866,8/9/2017 16:00,76.528,96,,,,
867,8/9/2017 17:00,76.528,84,,,,
868,8/9/2017 18:00,76.528,67,,,,
869,8/9/2017 19:00,76.528,59,,,,
870,8/9/2017 20:00,76.528,19,,,,
871,8/9/2017 21:00,76.354,0,,,,
872,8/9/2017 22:00,76.354,0,,,,
873,8/9/2017 23:00,76.354,0,,,,
874,8/10/2017 0:00,76.181,0,,,,
875,8/10/2017 1:00,76.006,0,,,,
876,8/10/2017 2:00,76.006,0,,,,
877,8/10/2017 3:00,75.832,0,,,,
878,8/10/2017 4:00,75.832,0,,,,
879,8/10/2017 5:00,75.832,0,,,,
880,8/10/2017 6:00,75.659,0,,,,
881,8/10/2017 7:00,75.659,6,,,,
882,8/10/2017 8:00,75.659,28,,,,
883,8/10/2017 9:00,75.832,49,,,,
884,8/10/2017 10:00,76.876,160,,,,
885,8/10/2017 11:00,77.4,144,,,,
886,8/10/2017 12:00,77.574,128,,,,
887,8/10/2017 13:00,77.749,144,,,,
888,8/10/2017 14:00,78.274,125,,,,
889,8/10/2017 15:00,78.098,79,,,,
890,8/10/2017 16:00,77.923,108,,,,
891,8/10/2017 17:00,78.8,53,,,,
892,8/10/2017 18:00,78.098,74,,,,
893,8/10/2017 19:00,77.923,47,,,,
894,8/10/2017 20:00,77.4,5,,,,
895,8/10/2017 21:00,77.225,0,,,,
896,8/10/2017 22:00,76.876,0,,,,
897,8/10/2017 23:00,76.876,0,,,,
898,8/11/2017 0:00,76.876,0,,,,
899,8/11/2017 1:00,76.528,0,,,,
900,8/11/2017 2:00,76.528,0,,,,
901,8/11/2017 3:00,76.528,0,,,,
902,8/11/2017 4:00,76.354,0,,,,
903,8/11/2017 5:00,76.181,0,,,,
904,8/11/2017 6:00,76.181,0,,,,
905,8/11/2017 7:00,76.006,1,,,,
906,8/11/2017 8:00,76.006,28,,,,
907,8/11/2017 9:00,76.354,81,,,,
908,8/11/2017 10:00,76.528,90,,,,
909,8/11/2017 11:00,77.05,176,,,,
910,8/11/2017 12:00,77.05,136,,,,
911,8/11/2017 13:00,76.703,109,,,,
912,8/11/2017 14:00,76.703,103,,,,
913,8/11/2017 15:00,76.876,52,,,,
914,8/11/2017 16:00,76.703,128,,,,
915,8/11/2017 17:00,76.876,74,,,,
916,8/11/2017 18:00,78.098,30,,,,
917,8/11/2017 19:00,77.923,35,,,,
918,8/11/2017 20:00,77.574,18,,,,
919,8/11/2017 21:00,77.4,0,,,,
920,8/11/2017 22:00,77.225,0,,,,
921,8/11/2017 23:00,77.05,0,,,,
922,8/12/2017 0:00,76.876,0,,,,
923,8/12/2017 1:00,76.876,0,,,,
924,8/12/2017 2:00,76.703,0,,,,
925,8/12/2017 3:00,76.528,0,,,,
926,8/12/2017 4:00,76.354,0,,,,
927,8/12/2017 5:00,76.181,0,,,,
928,8/12/2017 6:00,76.006,0,,,,
929,8/12/2017 7:00,75.832,5,,,,
930,8/12/2017 8:00,76.006,41,,,,
931,8/12/2017 9:00,76.528,144,,,,
932,8/12/2017 10:00,76.181,69,,,,
933,8/12/2017 11:00,76.528,95,,,,
934,8/12/2017 12:00,76.528,113,,,,
935,8/12/2017 13:00,76.703,74,,,,
936,8/12/2017 14:00,77.225,73,,,,
937,8/12/2017 15:00,77.225,54,,,,
938,8/12/2017 16:00,77.225,88,,,,
939,8/12/2017 17:00,77.4,86,,,,
940,8/12/2017 18:00,76.876,109,,,,
941,8/12/2017 19:00,77.05,97,,,,
942,8/12/2017 20:00,76.528,17,,,,
943,8/12/2017 21:00,76.354,0,,,,
944,8/12/2017 22:00,76.181,0,,,,
945,8/12/2017 23:00,76.181,0,,,,
946,8/13/2017 0:00,76.006,0,,,,
947,8/13/2017 1:00,75.832,0,,,,
948,8/13/2017 2:00,75.659,0,,,,
949,8/13/2017 3:00,75.484,0,,,,
950,8/13/2017 4:00,75.484,0,,,,
951,8/13/2017 5:00,75.484,0,,,,
952,8/13/2017 6:00,75.312,0,,,,
953,8/13/2017 7:00,75.312,6,,,,
954,8/13/2017 8:00,75.484,61,,,,
955,8/13/2017 9:00,76.006,128,,,,
956,8/13/2017 10:00,76.006,61,,,,
957,8/13/2017 11:00,77.05,152,,,,
958,8/13/2017 12:00,78.624,200,,,,
959,8/13/2017 13:00,77.574,89,,,,
960,8/13/2017 14:00,78.098,87,,,,
961,8/13/2017 15:00,78.449,115,,,,
962,8/13/2017 16:00,78.098,136,,,,
963,8/13/2017 17:00,77.749,115,,,,
964,8/13/2017 18:00,77.923,115,,,,
965,8/13/2017 19:00,78.274,56,,,,
966,8/13/2017 20:00,77.923,5,,,,
967,8/13/2017 21:00,77.4,0,,,,
968,8/13/2017 22:00,77.225,0,,,,
969,8/13/2017 23:00,76.876,0,,,,
970,8/14/2017 0:00,76.876,0,,,,
971,8/14/2017 1:00,76.703,0,,,,
972,8/14/2017 2:00,76.703,0,,,,
973,8/14/2017 3:00,76.528,0,,,,
974,8/14/2017 4:00,76.354,0,,,,
975,8/14/2017 5:00,76.181,0,,,,
976,8/14/2017 6:00,76.181,0,,,,
977,8/14/2017 7:00,76.006,4,,,,
978,8/14/2017 8:00,76.006,51,,,,
979,8/14/2017 9:00,76.181,86,,,,
980,8/14/2017 10:00,76.876,128,,,,
981,8/14/2017 11:00,77.574,160,,,,
982,8/14/2017 12:00,78.098,152,,,,
983,8/14/2017 13:00,77.574,101,,,,
984,8/14/2017 14:00,77.923,128,,,,
985,8/14/2017 15:00,77.923,117,,,,
986,8/14/2017 16:00,77.923,136,,,,
987,8/14/2017 17:00,77.923,128,,,,
988,8/14/2017 18:00,77.574,87,,,,
989,8/14/2017 19:00,77.574,101,,,,
990,8/14/2017 20:00,77.574,18,,,,
991,8/14/2017 21:00,77.4,0,,,,
992,8/14/2017 22:00,77.4,0,,,,
993,8/14/2017 23:00,77.225,0,,,,
994,8/15/2017 0:00,77.05,0,,,,
995,8/15/2017 1:00,76.876,0,,,,
996,8/15/2017 2:00,76.703,0,,,,
997,8/15/2017 3:00,76.528,0,,,,
998,8/15/2017 4:00,76.528,0,,,,
999,8/15/2017 5:00,76.354,0,,,,
1000,8/15/2017 6:00,76.354,0,,,,
1001,8/15/2017 7:00,76.181,0,,,,
1002,8/15/2017 8:00,76.181,3,,,,
1003,8/15/2017 9:00,76.181,48,,,,
1004,8/15/2017 10:00,76.703,81,,,,
1005,8/15/2017 11:00,77.923,184,,,,
1006,8/15/2017 12:00,78.975,216,,,,
1007,8/15/2017 13:00,78.8,66,,,,
1008,8/15/2017 14:00,79.678,76,,,,
1009,8/15/2017 15:00,80.382,76,,,,
1010,8/15/2017 16:00,79.678,58,,,,
1011,8/15/2017 17:00,81.266,76,,,,
1012,8/15/2017 18:00,80.735,71,,,,
1013,8/15/2017 19:00,80.382,84,,,,
1014,8/15/2017 20:00,80.206,18,,,,
1015,8/15/2017 21:00,79.678,0,,,,
1016,8/15/2017 22:00,79.151,0,,,,
1017,8/15/2017 23:00,78.8,0,,,,
1018,8/16/2017 0:00,78.624,0,,,,
1019,8/16/2017 1:00,78.449,0,,,,
1020,8/16/2017 2:00,78.274,0,,,,
1021,8/16/2017 3:00,78.098,0,,,,
1022,8/16/2017 4:00,77.923,0,,,,
1023,8/16/2017 5:00,77.574,0,,,,
1024,8/16/2017 6:00,77.4,0,,,,
1025,8/16/2017 7:00,77.225,6,,,,
1026,8/16/2017 8:00,77.225,43,,,,
1027,8/16/2017 9:00,77.574,128,,,,
1028,8/16/2017 10:00,77.923,168,,,,
1029,8/16/2017 11:00,78.624,200,,,,
1030,8/16/2017 12:00,79.678,152,,,,
1031,8/16/2017 13:00,78.624,85,,,,
1032,8/16/2017 14:00,78.975,85,,,,
1033,8/16/2017 15:00,79.853,81,,,,
1034,8/16/2017 16:00,80.029,76,,,,
1035,8/16/2017 17:00,81.621,81,,,,
1036,8/16/2017 18:00,80.382,62,,,,
1037,8/16/2017 19:00,80.382,71,,,,
1038,8/16/2017 20:00,79.678,17,,,,
1039,8/16/2017 21:00,79.326,0,,,,
1040,8/16/2017 22:00,78.975,0,,,,
1041,8/16/2017 23:00,78.624,0,,,,
1042,8/17/2017 0:00,78.274,0,,,,
1043,8/17/2017 1:00,77.749,0,,,,
1044,8/17/2017 2:00,77.574,0,,,,
1045,8/17/2017 3:00,77.4,0,,,,
1046,8/17/2017 4:00,77.225,0,,,,
1047,8/17/2017 5:00,77.4,0,,,,
1048,8/17/2017 6:00,77.4,0,,,,
1049,8/17/2017 7:00,77.225,0,,,,
1050,8/17/2017 8:00,77.225,14,,,,
1051,8/17/2017 9:00,77.4,24,,,,
1052,8/17/2017 10:00,77.225,49,,,,
1053,8/17/2017 11:00,77.749,136,,,,
1054,8/17/2017 12:00,77.749,104,,,,
1055,8/17/2017 13:00,77.574,136,,,,
1056,8/17/2017 14:00,77.574,44,,,,
1057,8/17/2017 15:00,77.574,152,,,,
1058,8/17/2017 16:00,77.749,116,,,,
1059,8/17/2017 17:00,78.098,95,,,,
1060,8/17/2017 18:00,78.098,61,,,,
1061,8/17/2017 19:00,78.098,32,,,,
1062,8/17/2017 20:00,78.274,14,,,,
1063,8/17/2017 21:00,78.098,0,,,,
1064,8/17/2017 22:00,77.923,0,,,,
1065,8/17/2017 23:00,77.923,0,,,,
1066,8/18/2017 0:00,77.749,0,,,,
1067,8/18/2017 1:00,77.574,0,,,,
1068,8/18/2017 2:00,77.4,0,,,,
1069,8/18/2017 3:00,77.225,0,,,,
1070,8/18/2017 4:00,77.225,0,,,,
1071,8/18/2017 5:00,77.05,0,,,,
1072,8/18/2017 6:00,76.876,0,,,,
1073,8/18/2017 7:00,76.876,5,,,,
1074,8/18/2017 8:00,76.876,65,,,,
1075,8/18/2017 9:00,76.876,49,,,,
1076,8/18/2017 10:00,76.876,46,,,,
1077,8/18/2017 11:00,77.225,99,,,,
1078,8/18/2017 12:00,77.749,120,,,,
1079,8/18/2017 13:00,77.05,65,,,,
1080,8/18/2017 14:00,77.225,32,,,,
1081,8/18/2017 15:00,77.225,102,,,,
1082,8/18/2017 16:00,77.4,115,,,,
1083,8/18/2017 17:00,76.876,77,,,,
1084,8/18/2017 18:00,76.876,50,,,,
1085,8/18/2017 19:00,76.703,13,,,,
1086,8/18/2017 20:00,76.703,4,,,,
1087,8/18/2017 21:00,76.528,0,,,,
1088,8/18/2017 22:00,76.528,0,,,,
1089,8/18/2017 23:00,76.181,0,,,,
1090,8/19/2017 0:00,76.181,0,,,,
1091,8/19/2017 1:00,76.181,0,,,,
1092,8/19/2017 2:00,76.006,0,,,,
1093,8/19/2017 3:00,75.832,0,,,,
1094,8/19/2017 4:00,75.832,0,,,,
1095,8/19/2017 5:00,75.659,0,,,,
1096,8/19/2017 6:00,75.659,0,,,,
1097,8/19/2017 7:00,75.659,2,,,,
1098,8/19/2017 8:00,75.484,12,,,,
1099,8/19/2017 9:00,75.659,31,,,,
1100,8/19/2017 10:00,76.528,160,,,,
1101,8/19/2017 11:00,77.05,119,,,,
1102,8/19/2017 12:00,77.749,66,,,,
1103,8/19/2017 13:00,77.225,107,,,,
1104,8/19/2017 14:00,77.4,107,,,,
1105,8/19/2017 15:00,78.098,91,,,,
1106,8/19/2017 16:00,77.923,80,,,,
1107,8/19/2017 17:00,78.274,73,,,,
1108,8/19/2017 18:00,78.274,50,,,,
1109,8/19/2017 19:00,77.923,48,,,,
1110,8/19/2017 20:00,77.574,13,,,,
1111,8/19/2017 21:00,77.225,0,,,,
1112,8/19/2017 22:00,77.05,0,,,,
1113,8/19/2017 23:00,76.703,0,,,,
1114,8/20/2017 0:00,76.703,0,,,,
1115,8/20/2017 1:00,76.528,0,,,,
1116,8/20/2017 2:00,76.354,0,,,,
1117,8/20/2017 3:00,76.181,0,,,,
1118,8/20/2017 4:00,76.006,0,,,,
1119,8/20/2017 5:00,76.006,0,,,,
1120,8/20/2017 6:00,75.832,0,,,,
1121,8/20/2017 7:00,75.659,3,,,,
1122,8/20/2017 8:00,75.832,39,,,,
1123,8/20/2017 9:00,76.181,91,,,,
1124,8/20/2017 10:00,77.05,121,,,,
1125,8/20/2017 11:00,77.225,112,,,,
1126,8/20/2017 12:00,77.923,115,,,,
1127,8/20/2017 13:00,77.4,73,,,,
1128,8/20/2017 14:00,77.225,64,,,,
1129,8/20/2017 15:00,77.574,94,,,,
1130,8/20/2017 16:00,77.574,72,,,,
1131,8/20/2017 17:00,78.098,88,,,,
1132,8/20/2017 18:00,77.749,58,,,,
1133,8/20/2017 19:00,77.574,46,,,,
1134,8/20/2017 20:00,77.574,7,,,,
1135,8/20/2017 21:00,77.4,0,,,,
1136,8/20/2017 22:00,77.225,0,,,,
1137,8/20/2017 23:00,77.05,0,,,,
1138,8/21/2017 0:00,76.876,0,,,,
1139,8/21/2017 1:00,76.876,0,,,,
1140,8/21/2017 2:00,77.05,0,,,,
1141,8/21/2017 3:00,77.05,0,,,,
1142,8/21/2017 4:00,76.876,0,,,,
1143,8/21/2017 5:00,76.703,0,,,,
1144,8/21/2017 6:00,76.528,0,,,,
1145,8/21/2017 7:00,76.528,3,,,,
1146,8/21/2017 8:00,76.528,21,,,,
1147,8/21/2017 9:00,77.225,48,,,,
1148,8/21/2017 10:00,77.923,122,,,,
1149,8/21/2017 11:00,78.098,109,,,,
1150,8/21/2017 12:00,79.678,127,,,,
1151,8/21/2017 13:00,78.975,81,,,,
1152,8/21/2017 14:00,79.502,47,,,,
1153,8/21/2017 15:00,78.624,15,,,,
1154,8/21/2017 16:00,77.923,109,,,,
1155,8/21/2017 17:00,78.975,89,,,,
1156,8/21/2017 18:00,78.624,57,,,,
1157,8/21/2017 19:00,78.449,21,,,,
1158,8/21/2017 20:00,78.975,6,,,,
1159,8/21/2017 21:00,78.624,0,,,,
1160,8/21/2017 22:00,78.274,0,,,,
1161,8/21/2017 23:00,78.274,0,,,,
1162,8/22/2017 0:00,78.274,0,,,,
1163,8/22/2017 1:00,78.274,0,,,,
1164,8/22/2017 2:00,78.098,0,,,,
1165,8/22/2017 3:00,77.923,0,,,,
1166,8/22/2017 4:00,77.749,0,,,,
1167,8/22/2017 5:00,77.749,0,,,,
1168,8/22/2017 6:00,77.749,0,,,,
1169,8/22/2017 7:00,77.574,0,,,,
1170,8/22/2017 8:00,77.225,6,,,,
1171,8/22/2017 9:00,76.703,18,,,,
1172,8/22/2017 10:00,77.225,57,,,,
1173,8/22/2017 11:00,77.4,22,,,,
1174,8/22/2017 12:00,77.749,115,,,,
1175,8/22/2017 13:00,78.098,125,,,,
1176,8/22/2017 14:00,77.4,110,,,,
1177,8/22/2017 15:00,77.4,82,,,,
1178,8/22/2017 16:00,77.923,55,,,,
1179,8/22/2017 17:00,78.098,36,,,,
1180,8/22/2017 18:00,77.749,44,,,,
1181,8/22/2017 19:00,78.098,35,,,,
1182,8/22/2017 20:00,77.749,8,,,,
1183,8/22/2017 21:00,77.4,0,,,,
1184,8/22/2017 22:00,77.225,0,,,,
1185,8/22/2017 23:00,77.225,0,,,,
1186,8/23/2017 0:00,76.876,0,,,,
1187,8/23/2017 1:00,76.703,0,,,,
1188,8/23/2017 2:00,76.703,0,,,,
1189,8/23/2017 3:00,76.354,0,,,,
1190,8/23/2017 4:00,76.181,0,,,,
1191,8/23/2017 5:00,76.006,0,,,,
1192,8/23/2017 6:00,75.832,0,,,,
1193,8/23/2017 7:00,75.832,1,,,,
1194,8/23/2017 8:00,75.832,39,,,,
1195,8/23/2017 9:00,76.181,86,,,,
1196,8/23/2017 10:00,76.703,106,,,,
1197,8/23/2017 11:00,76.876,120,,,,
1198,8/23/2017 12:00,77.225,66,,,,
1199,8/23/2017 13:00,77.05,77,,,,
1200,8/23/2017 14:00,77.225,93,,,,
1201,8/23/2017 15:00,77.4,65,,,,
1202,8/23/2017 16:00,77.574,84,,,,
1203,8/23/2017 17:00,77.225,40,,,,
1204,8/23/2017 18:00,77.05,49,,,,
1205,8/23/2017 19:00,76.703,40,,,,
1206,8/23/2017 20:00,76.354,4,,,,
1207,8/23/2017 21:00,76.181,0,,,,
1208,8/23/2017 22:00,75.832,0,,,,
1209,8/23/2017 23:00,75.659,0,,,,
1210,8/24/2017 0:00,75.659,0,,,,
1211,8/24/2017 1:00,75.484,0,,,,
1212,8/24/2017 2:00,75.312,0,,,,
1213,8/24/2017 3:00,75.312,0,,,,
1214,8/24/2017 4:00,75.139,0,,,,
1215,8/24/2017 5:00,74.964,0,,,,
1216,8/24/2017 6:00,74.791,0,,,,
1217,8/24/2017 7:00,74.791,1,,,,
1218,8/24/2017 8:00,74.619,18,,,,
1219,8/24/2017 9:00,74.964,66,,,,
1220,8/24/2017 10:00,74.964,78,,,,
1221,8/24/2017 11:00,75.139,73,,,,
1222,8/24/2017 12:00,75.659,96,,,,
1223,8/24/2017 13:00,75.312,86,,,,
1224,8/24/2017 14:00,75.139,41,,,,
1225,8/24/2017 15:00,75.312,87,,,,
1226,8/24/2017 16:00,75.139,49,,,,
1227,8/24/2017 17:00,74.964,44,,,,
1228,8/24/2017 18:00,74.791,56,,,,
1229,8/24/2017 19:00,74.791,28,,,,
1230,8/24/2017 20:00,74.446,7,,,,
1231,8/24/2017 21:00,74.446,0,,,,
1232,8/24/2017 22:00,74.271,0,,,,
1233,8/24/2017 23:00,73.926,0,,,,
1234,8/25/2017 0:00,73.926,0,,,,
1235,8/25/2017 1:00,73.753,0,,,,
1236,8/25/2017 2:00,73.58,0,,,,
1237,8/25/2017 3:00,73.407,0,,,,
1238,8/25/2017 4:00,73.234,0,,,,
1239,8/25/2017 5:00,73.234,0,,,,
1240,8/25/2017 6:00,73.234,0,,,,
1241,8/25/2017 7:00,73.062,0,,,,
1242,8/25/2017 8:00,73.062,29,,,,
1243,8/25/2017 9:00,73.407,58,,,,
1244,8/25/2017 10:00,73.926,91,,,,
1245,8/25/2017 11:00,74.098,85,,,,
1246,8/25/2017 12:00,74.619,79,,,,
1247,8/25/2017 13:00,74.619,55,,,,
1248,8/25/2017 14:00,74.791,35,,,,
1249,8/25/2017 15:00,76.006,57,,,,
1250,8/25/2017 16:00,75.484,52,,,,
1251,8/25/2017 17:00,76.181,34,,,,
1252,8/25/2017 18:00,76.006,34,,,,
1253,8/25/2017 19:00,75.659,20,,,,
1254,8/25/2017 20:00,75.139,5,,,,
1255,8/25/2017 21:00,74.791,0,,,,
1256,8/25/2017 22:00,74.446,0,,,,
1257,8/25/2017 23:00,74.098,0,,,,
1258,8/26/2017 0:00,73.926,0,,,,
1259,8/26/2017 1:00,73.753,0,,,,
1260,8/26/2017 2:00,73.58,0,,,,
1261,8/26/2017 3:00,73.407,0,,,,
1262,8/26/2017 4:00,73.234,0,,,,
1263,8/26/2017 5:00,73.062,0,,,,
1264,8/26/2017 6:00,72.891,0,,,,
1265,8/26/2017 7:00,72.891,0,,,,
1266,8/26/2017 8:00,72.891,26,,,,
1267,8/26/2017 9:00,73.234,63,,,,
1268,8/26/2017 10:00,73.753,91,,,,
1269,8/26/2017 11:00,74.271,99,,,,
1270,8/26/2017 12:00,75.312,123,,,,
1271,8/26/2017 13:00,75.312,69,,,,
1272,8/26/2017 14:00,76.354,61,,,,
1273,8/26/2017 15:00,77.225,56,,,,
1274,8/26/2017 16:00,76.703,61,,,,
1275,8/26/2017 17:00,77.749,47,,,,
1276,8/26/2017 18:00,77.225,50,,,,
1277,8/26/2017 19:00,76.876,32,,,,
1278,8/26/2017 20:00,76.181,2,,,,
1279,8/26/2017 21:00,75.312,0,,,,
1280,8/26/2017 22:00,75.139,0,,,,
1281,8/26/2017 23:00,74.619,0,,,,
1282,8/27/2017 0:00,74.446,0,,,,
1283,8/27/2017 1:00,74.271,0,,,,
1284,8/27/2017 2:00,73.926,0,,,,
1285,8/27/2017 3:00,73.753,0,,,,
1286,8/27/2017 4:00,73.753,0,,,,
1287,8/27/2017 5:00,73.58,0,,,,
1288,8/27/2017 6:00,73.407,0,,,,
1289,8/27/2017 7:00,73.234,0,,,,
1290,8/27/2017 8:00,73.234,6,,,,
1291,8/27/2017 9:00,73.234,29,,,,
1292,8/27/2017 10:00,73.926,96,,,,
1293,8/27/2017 11:00,74.271,63,,,,
1294,8/27/2017 12:00,74.964,75,,,,
1295,8/27/2017 13:00,75.484,42,,,,
1296,8/27/2017 14:00,74.964,47,,,,
1297,8/27/2017 15:00,77.05,66,,,,
1298,8/27/2017 16:00,75.832,63,,,,
1299,8/27/2017 17:00,76.181,48,,,,
1300,8/27/2017 18:00,75.659,26,,,,
1301,8/27/2017 19:00,76.006,13,,,,
1302,8/27/2017 20:00,75.659,1,,,,
1303,8/27/2017 21:00,74.791,0,,,,
1304,8/27/2017 22:00,74.446,0,,,,
1305,8/27/2017 23:00,74.098,0,,,,
1306,8/28/2017 0:00,73.926,0,,,,
1307,8/28/2017 1:00,73.926,0,,,,
1308,8/28/2017 2:00,73.753,0,,,,
1309,8/28/2017 3:00,73.58,0,,,,
1310,8/28/2017 4:00,73.58,0,,,,
1311,8/28/2017 5:00,73.58,0,,,,
1312,8/28/2017 6:00,73.407,0,,,,
1313,8/28/2017 7:00,73.407,0,,,,
1314,8/28/2017 8:00,73.407,5,,,,
1315,8/28/2017 9:00,73.407,14,,,,
1316,8/28/2017 10:00,73.407,14,,,,
1317,8/28/2017 11:00,73.407,25,,,,
1318,8/28/2017 12:00,73.58,25,,,,
1319,8/28/2017 13:00,73.407,18,,,,
1320,8/28/2017 14:00,73.407,46,,,,
1321,8/28/2017 15:00,73.234,8,,,,
1322,8/28/2017 16:00,73.234,23,,,,
1323,8/28/2017 17:00,73.753,49,,,,
1324,8/28/2017 18:00,73.753,23,,,,
1325,8/28/2017 19:00,73.58,12,,,,
1326,8/28/2017 20:00,73.407,2,,,,
1327,8/28/2017 21:00,73.234,0,,,,
1328,8/28/2017 22:00,73.234,0,,,,
1329,8/28/2017 23:00,73.062,0,,,,
1330,8/29/2017 0:00,73.062,0,,,,
1331,8/29/2017 1:00,73.062,0,,,,
1332,8/29/2017 2:00,73.062,0,,,,
1333,8/29/2017 3:00,72.891,0,,,,
1334,8/29/2017 4:00,72.718,0,,,,
1335,8/29/2017 5:00,72.891,0,,,,
1336,8/29/2017 6:00,72.718,0,,,,
1337,8/29/2017 7:00,72.718,0,,,,
1338,8/29/2017 8:00,72.545,7,,,,
1339,8/29/2017 9:00,72.718,11,,,,
1340,8/29/2017 10:00,72.718,30,,,,
1341,8/29/2017 11:00,72.891,55,,,,
1342,8/29/2017 12:00,73.407,62,,,,
1343,8/29/2017 13:00,73.926,37,,,,
1344,8/29/2017 14:00,74.791,52,,,,
1345,8/29/2017 15:00,74.791,8,,,,
1346,8/29/2017 16:00,74.098,10,,,,
1347,8/29/2017 17:00,73.926,2,,,,
1348,8/29/2017 18:00,73.753,14,,,,
1349,8/29/2017 19:00,73.753,14,,,,
1350,8/29/2017 20:00,73.753,2,,,,
1351,8/29/2017 21:00,73.407,0,,,,
1352,8/29/2017 22:00,73.234,0,,,,
1353,8/29/2017 23:00,73.062,0,,,,
1354,8/30/2017 0:00,72.891,0,,,,
1355,8/30/2017 1:00,72.718,0,,,,
1356,8/30/2017 2:00,72.718,0,,,,
1357,8/30/2017 3:00,72.545,0,,,,
1358,8/30/2017 4:00,72.545,0,,,,
1359,8/30/2017 5:00,72.545,0,,,,
1360,8/30/2017 6:00,72.372,0,,,,
1361,8/30/2017 7:00,72.372,0,,,,
1362,8/30/2017 8:00,72.372,7,,,,
1363,8/30/2017 9:00,72.372,22,,,,
1364,8/30/2017 10:00,72.718,58,,,,
1365,8/30/2017 11:00,73.926,79,,,,
1366,8/30/2017 12:00,74.791,51,,,,
1367,8/30/2017 13:00,74.964,66,,,,
1368,8/30/2017 14:00,76.006,54,,,,
1369,8/30/2017 15:00,76.181,39,,,,
1370,8/30/2017 16:00,76.181,52,,,,
1371,8/30/2017 17:00,75.139,33,,,,
1372,8/30/2017 18:00,74.619,22,,,,
1373,8/30/2017 19:00,74.098,14,,,,
1374,8/30/2017 20:00,74.098,2,,,,
1375,8/30/2017 21:00,74.098,0,,,,
1376,8/30/2017 22:00,73.926,0,,,,
1377,8/30/2017 23:00,73.926,0,,,,
1378,8/31/2017 0:00,74.098,0,,,,
1379,8/31/2017 1:00,73.753,0,,,,
1380,8/31/2017 2:00,73.58,0,,,,
1381,8/31/2017 3:00,73.234,0,,,,
1382,8/31/2017 4:00,73.234,0,,,,
1383,8/31/2017 5:00,73.234,0,,,,
1384,8/31/2017 6:00,73.234,0,,,,
1385,8/31/2017 7:00,73.062,0,,,,
1386,8/31/2017 8:00,72.891,7,,,,
1387,8/31/2017 9:00,73.234,28,,,,
1388,8/31/2017 10:00,73.062,32,,,,
1389,8/31/2017 11:00,73.234,105,,,,
1390,8/31/2017 12:00,73.407,59,,,,
1391,8/31/2017 13:00,73.58,74,,,,
1392,8/31/2017 14:00,74.098,67,,,,
1393,8/31/2017 15:00,74.446,56,,,,
1394,8/31/2017 16:00,74.619,23,,,,
1395,8/31/2017 17:00,74.271,20,,,,
1396,8/31/2017 18:00,74.098,12,,,,
1397,8/31/2017 19:00,73.926,10,,,,
1398,8/31/2017 20:00,73.407,1,,,,
1399,8/31/2017 21:00,73.234,0,,,,
1400,8/31/2017 22:00,72.891,0,,,,
1401,8/31/2017 23:00,72.718,0,,,,
1402,9/1/2017 0:00,72.372,0,,,,
1403,9/1/2017 1:00,72.372,0,,,,
1404,9/1/2017 2:00,72.199,0,,,,
1405,9/1/2017 3:00,72.028,0,,,,
1406,9/1/2017 4:00,71.856,0,,,,
1407,9/1/2017 5:00,71.683,0,,,,
1408,9/1/2017 6:00,71.512,0,,,,
1409,9/1/2017 7:00,71.683,0,,,,
1410,9/1/2017 8:00,71.512,9,,,,
1411,9/1/2017 9:00,70.824,28,,,,
1412,9/1/2017 10:00,71.683,65,,,,
1413,9/1/2017 11:00,72.028,61,,,,
1414,9/1/2017 12:00,72.028,54,,,,
1415,9/1/2017 13:00,72.199,59,,,,
1416,9/1/2017 14:00,72.372,58,,,,
1417,9/1/2017 15:00,73.062,58,,,,
1418,9/1/2017 16:00,73.407,37,,,,
1419,9/1/2017 17:00,73.062,35,,,,
1420,9/1/2017 18:00,72.199,16,,,,
1421,9/1/2017 19:00,72.199,7,,,,
1422,9/1/2017 20:00,71.683,0,,,,
1423,9/1/2017 21:00,71.512,0,,,,
1424,9/1/2017 22:00,71.339,0,,,,
1425,9/1/2017 23:00,71.339,0,,,,
1426,9/2/2017 0:00,71.168,0,,,,
1427,9/2/2017 1:00,70.995,0,,,,
1428,9/2/2017 2:00,70.824,0,,,,
1429,9/2/2017 3:00,70.824,0,,,,
1430,9/2/2017 4:00,70.824,0,,,,
1431,9/2/2017 5:00,70.651,0,,,,
1432,9/2/2017 6:00,70.48,0,,,,
1433,9/2/2017 7:00,70.48,0,,,,
1434,9/2/2017 8:00,70.48,12,,,,
1435,9/2/2017 9:00,70.308,46,,,,
1436,9/2/2017 10:00,70.824,78,,,,
1437,9/2/2017 11:00,71.339,79,,,,
1438,9/2/2017 12:00,71.856,102,,,,
1439,9/2/2017 13:00,71.683,35,,,,
1440,9/2/2017 14:00,72.545,34,,,,
1441,9/2/2017 15:00,73.58,74,,,,
1442,9/2/2017 16:00,72.718,25,,,,
1443,9/2/2017 17:00,73.58,25,,,,
1444,9/2/2017 18:00,72.718,22,,,,
1445,9/2/2017 19:00,73.062,11,,,,
1446,9/2/2017 20:00,72.372,0,,,,
1447,9/2/2017 21:00,72.199,0,,,,
1448,9/2/2017 22:00,71.856,0,,,,
1449,9/2/2017 23:00,71.512,0,,,,
1450,9/3/2017 0:00,71.339,0,,,,
1451,9/3/2017 1:00,71.168,0,,,,
1452,9/3/2017 2:00,70.995,0,,,,
1453,9/3/2017 3:00,70.824,0,,,,
1454,9/3/2017 4:00,70.651,0,,,,
1455,9/3/2017 5:00,70.651,0,,,,
1456,9/3/2017 6:00,70.48,0,,,,
1457,9/3/2017 7:00,70.308,0,,,,
1458,9/3/2017 8:00,70.308,1,,,,
1459,9/3/2017 9:00,70.824,45,,,,
1460,9/3/2017 10:00,71.512,76,,,,
1461,9/3/2017 11:00,71.512,96,,,,
1462,9/3/2017 12:00,70.824,20,,,,
1463,9/3/2017 13:00,70.995,34,,,,
1464,9/3/2017 14:00,71.339,48,,,,
1465,9/3/2017 15:00,71.168,121,,,,
1466,9/3/2017 16:00,71.168,26,,,,
1467,9/3/2017 17:00,72.028,16,,,,
1468,9/3/2017 18:00,71.512,13,,,,
1469,9/3/2017 19:00,71.512,9,,,,
1470,9/3/2017 20:00,71.512,0,,,,
1471,9/3/2017 21:00,71.168,0,,,,
1472,9/3/2017 22:00,70.995,0,,,,
1473,9/3/2017 23:00,70.824,0,,,,
1474,9/4/2017 0:00,70.651,0,,,,
1475,9/4/2017 1:00,70.651,0,,,,
1476,9/4/2017 2:00,70.48,0,,,,
1477,9/4/2017 3:00,70.48,0,,,,
1478,9/4/2017 4:00,70.308,0,,,,
1479,9/4/2017 5:00,70.308,0,,,,
1480,9/4/2017 6:00,70.137,0,,,,
1481,9/4/2017 7:00,70.137,0,,,,
1482,9/4/2017 8:00,70.137,5,,,,
1483,9/4/2017 9:00,70.137,11,,,,
1484,9/4/2017 10:00,70.48,48,,,,
1485,9/4/2017 11:00,70.824,68,,,,
1486,9/4/2017 12:00,70.824,73,,,,
1487,9/4/2017 13:00,70.824,62,,,,
1488,9/4/2017 14:00,70.651,57,,,,
1489,9/4/2017 15:00,70.651,176,,,,
1490,9/4/2017 16:00,70.824,52,,,,
1491,9/4/2017 17:00,70.824,7,,,,
1492,9/4/2017 18:00,70.824,1,,,,
1493,9/4/2017 19:00,70.824,1,,,,
1494,9/4/2017 20:00,70.824,0,,,,
1495,9/4/2017 21:00,70.651,0,,,,
1496,9/4/2017 22:00,70.651,0,,,,
1497,9/4/2017 23:00,70.651,0,,,,
1498,9/5/2017 0:00,70.48,0,,,,
1499,9/5/2017 1:00,70.48,0,,,,
1500,9/5/2017 2:00,70.308,0,,,,
1501,9/5/2017 3:00,70.137,0,,,,
1502,9/5/2017 4:00,70.137,0,,,,
1503,9/5/2017 5:00,70.137,0,,,,
1504,9/5/2017 6:00,70.137,0,,,,
1505,9/5/2017 7:00,69.964,0,,,,
1506,9/5/2017 8:00,69.964,1,,,,
1507,9/5/2017 9:00,69.964,11,,,,
1508,9/5/2017 10:00,70.48,27,,,,
1509,9/5/2017 11:00,71.168,152,,,,
1510,9/5/2017 12:00,70.824,37,,,,
1511,9/5/2017 13:00,71.168,38,,,,
1512,9/5/2017 14:00,71.512,45,,,,
1513,9/5/2017 15:00,71.339,176,,,,
1514,9/5/2017 16:00,71.339,23,,,,
1515,9/5/2017 17:00,70.995,6,,,,
1516,9/5/2017 18:00,70.995,11,,,,
1517,9/5/2017 19:00,70.651,8,,,,
1518,9/5/2017 20:00,70.48,0,,,,
1519,9/5/2017 21:00,70.308,0,,,,
1520,9/5/2017 22:00,69.964,0,,,,
1521,9/5/2017 23:00,69.964,0,,,,
1522,9/6/2017 0:00,69.793,0,,,,
1523,9/6/2017 1:00,69.793,0,,,,
1524,9/6/2017 2:00,69.793,0,,,,
1525,9/6/2017 3:00,69.622,0,,,,
1526,9/6/2017 4:00,69.622,0,,,,
1527,9/6/2017 5:00,69.449,0,,,,
1528,9/6/2017 6:00,69.449,0,,,,
1529,9/6/2017 7:00,69.278,0,,,,
1530,9/6/2017 8:00,69.449,13,,,,
1531,9/6/2017 9:00,70.308,64,,,,
1532,9/6/2017 10:00,70.824,93,,,,
1533,9/6/2017 11:00,70.308,127,,,,
1534,9/6/2017 12:00,70.995,21,,,,
1535,9/6/2017 13:00,70.824,29,,,,
1536,9/6/2017 14:00,71.339,75,,,,
1537,9/6/2017 15:00,70.824,22,,,,
1538,9/6/2017 16:00,70.995,25,,,,
1539,9/6/2017 17:00,70.651,29,,,,
1540,9/6/2017 18:00,70.995,14,,,,
1541,9/6/2017 19:00,70.48,5,,,,
1542,9/6/2017 20:00,70.308,0,,,,
1543,9/6/2017 21:00,69.964,0,,,,
1544,9/6/2017 22:00,69.793,0,,,,
1545,9/6/2017 23:00,69.622,0,,,,
1546,9/7/2017 0:00,69.449,0,,,,
1547,9/7/2017 1:00,69.278,0,,,,
1548,9/7/2017 2:00,69.107,0,,,,
1549,9/7/2017 3:00,69.107,0,,,,
1550,9/7/2017 4:00,68.934,0,,,,
1551,9/7/2017 5:00,68.934,0,,,,
1552,9/7/2017 6:00,68.763,0,,,,
1553,9/7/2017 7:00,68.763,0,,,,
1554,9/7/2017 8:00,68.763,9,,,,
1555,9/7/2017 8:45,,,Logged,,,
1556,9/7/2017 8:45,,,,Logged,,
1557,9/7/2017 8:45,,,Logged,,,
1558,9/7/2017 8:46,,,,,Logged,
1559,9/7/2017 8:48,,,,Logged,,
1560,9/7/2017 9:00,69.278,1280,,,,
1561,9/7/2017 10:00,69.622,864,,,,
1562,9/7/2017 11:00,69.793,960,,,,
1563,9/7/2017 12:00,69.964,768,,,,
1564,9/7/2017 13:00,69.964,512,,,,
1565,9/7/2017 14:00,69.793,608,,,,
1566,9/7/2017 15:00,70.308,448,,,,
1567,9/7/2017 16:00,69.449,208,,,,
1568,9/7/2017 17:00,69.449,240,,,,
1569,9/7/2017 18:00,69.107,168,,,,
1570,9/7/2017 19:00,68.934,61,,,,
1571,9/7/2017 20:00,68.763,0,,,,
1572,9/7/2017 21:00,68.592,0,,,,
1573,9/7/2017 22:00,68.421,0,,,,
1574,9/7/2017 23:00,68.421,0,,,,
1575,9/8/2017 0:00,68.421,0,,,,
1576,9/8/2017 1:00,68.248,0,,,,
1577,9/8/2017 2:00,68.077,0,,,,
1578,9/8/2017 3:00,67.906,0,,,,
1579,9/8/2017 4:00,67.906,0,,,,
1580,9/8/2017 5:00,67.906,0,,,,
1581,9/8/2017 6:00,67.906,0,,,,
1582,9/8/2017 7:00,67.735,1,,,,
1583,9/8/2017 8:00,67.735,127,,,,
1584,9/8/2017 9:00,68.077,480,,,,
1585,9/8/2017 10:00,68.248,336,,,,
1586,9/8/2017 11:00,68.592,496,,,,
1587,9/8/2017 12:00,68.934,256,,,,
1588,9/8/2017 13:00,69.449,232,,,,
1589,9/8/2017 14:00,69.793,224,,,,
1590,9/8/2017 15:00,70.137,168,,,,
1591,9/8/2017 16:00,70.824,864,,,,
1592,9/8/2017 17:00,70.137,224,,,,
1593,9/8/2017 18:00,69.449,41,,,,
1594,9/8/2017 19:00,68.934,11,,,,
1595,9/8/2017 20:00,68.592,0,,,,
1596,9/8/2017 21:00,68.592,0,,,,
1597,9/8/2017 22:00,68.421,0,,,,
1598,9/8/2017 23:00,68.248,0,,,,
1599,9/9/2017 0:00,68.077,0,,,,
1600,9/9/2017 1:00,68.077,0,,,,
1601,9/9/2017 2:00,67.906,0,,,,
1602,9/9/2017 3:00,67.906,0,,,,
1603,9/9/2017 4:00,67.906,0,,,,
1604,9/9/2017 5:00,67.564,0,,,,
1605,9/9/2017 6:00,67.564,0,,,,
1606,9/9/2017 7:00,67.392,0,,,,
1607,9/9/2017 8:00,67.735,39,,,,
1608,9/9/2017 9:00,68.248,109,,,,
1609,9/9/2017 10:00,69.278,160,,,,
1610,9/9/2017 11:00,69.622,232,,,,
1611,9/9/2017 12:00,69.107,80,,,,
1612,9/9/2017 13:00,70.651,512,,,,
1613,9/9/2017 14:00,70.308,672,,,,
1614,9/9/2017 15:00,71.339,304,,,,
1615,9/9/2017 16:00,70.824,288,,,,
1616,9/9/2017 17:00,70.137,99,,,,
1617,9/9/2017 18:00,69.622,66,,,,
1618,9/9/2017 19:00,69.278,20,,,,
1619,9/9/2017 20:00,68.934,0,,,,
1620,9/9/2017 21:00,68.592,0,,,,
1621,9/9/2017 22:00,68.421,0,,,,
1622,9/9/2017 23:00,68.248,0,,,,
1623,9/10/2017 0:00,68.077,0,,,,
1624,9/10/2017 1:00,67.735,0,,,,
1625,9/10/2017 2:00,67.735,0,,,,
1626,9/10/2017 3:00,67.564,0,,,,
1627,9/10/2017 4:00,67.392,0,,,,
1628,9/10/2017 5:00,67.221,0,,,,
1629,9/10/2017 6:00,67.05,0,,,,
1630,9/10/2017 7:00,67.05,0,,,,
1631,9/10/2017 8:00,67.05,24,,,,
1632,9/10/2017 9:00,67.392,94,,,,
1633,9/10/2017 10:00,69.449,122,,,,
1634,9/10/2017 11:00,68.421,232,,,,
1635,9/10/2017 12:00,70.48,208,,,,
1636,9/10/2017 13:00,69.793,384,,,,
1637,9/10/2017 14:00,71.512,320,,,,
1638,9/10/2017 15:00,72.028,320,,,,
1639,9/10/2017 16:00,72.718,224,,,,
1640,9/10/2017 17:00,72.199,512,,,,
1641,9/10/2017 18:00,71.339,58,,,,
1642,9/10/2017 19:00,69.964,33,,,,
1643,9/10/2017 20:00,69.449,0,,,,
1644,9/10/2017 21:00,68.934,0,,,,
1645,9/10/2017 22:00,68.592,0,,,,
1646,9/10/2017 23:00,68.248,0,,,,
1647,9/11/2017 0:00,67.906,0,,,,
1648,9/11/2017 1:00,67.906,0,,,,
1649,9/11/2017 2:00,67.735,0,,,,
1650,9/11/2017 3:00,67.564,0,,,,
1651,9/11/2017 4:00,67.392,0,,,,
1652,9/11/2017 5:00,67.392,0,,,,
1653,9/11/2017 6:00,67.221,0,,,,
1654,9/11/2017 7:00,67.05,0,,,,
1655,9/11/2017 8:00,67.221,29,,,,
1656,9/11/2017 9:00,68.421,86,,,,
1657,9/11/2017 10:00,69.278,160,,,,
1658,9/11/2017 11:00,68.763,272,,,,
1659,9/11/2017 12:00,71.339,240,,,,
1660,9/11/2017 13:00,72.199,288,,,,
1661,9/11/2017 14:00,71.339,704,,,,
1662,9/11/2017 15:00,73.407,288,,,,
1663,9/11/2017 16:00,74.098,216,,,,
1664,9/11/2017 17:00,72.891,368,,,,
1665,9/11/2017 18:00,72.372,91,,,,
1666,9/11/2017 19:00,71.856,25,,,,
1667,9/11/2017 20:00,71.512,0,,,,
1668,9/11/2017 21:00,70.824,0,,,,
1669,9/11/2017 22:00,70.308,0,,,,
1670,9/11/2017 23:00,69.793,0,,,,
1671,9/12/2017 0:00,69.449,0,,,,
1672,9/12/2017 1:00,69.107,0,,,,
1673,9/12/2017 2:00,68.934,0,,,,
1674,9/12/2017 3:00,68.592,0,,,,
1675,9/12/2017 4:00,68.248,0,,,,
1676,9/12/2017 5:00,68.077,0,,,,
1677,9/12/2017 6:00,67.735,0,,,,
1678,9/12/2017 7:00,67.564,0,,,,
1679,9/12/2017 8:00,67.564,35,,,,
1680,9/12/2017 9:00,68.248,112,,,,
1681,9/12/2017 10:00,70.48,152,,,,
1682,9/12/2017 11:00,69.449,336,,,,
1683,9/12/2017 12:00,69.622,416,,,,
1684,9/12/2017 13:00,70.308,368,,,,
1685,9/12/2017 14:00,70.824,480,,,,
1686,9/12/2017 15:00,72.028,384,,,,
1687,9/12/2017 16:00,72.199,184,,,,
1688,9/12/2017 17:00,73.062,352,,,,
1689,9/12/2017 18:00,72.545,65,,,,
1690,9/12/2017 19:00,70.824,38,,,,
1691,9/12/2017 20:00,69.964,0,,,,
1692,9/12/2017 21:00,69.622,0,,,,
1693,9/12/2017 22:00,69.449,0,,,,
1694,9/12/2017 23:00,69.107,0,,,,
1695,9/13/2017 0:00,69.107,0,,,,
1696,9/13/2017 1:00,68.934,0,,,,
1697,9/13/2017 2:00,68.592,0,,,,
1698,9/13/2017 3:00,68.421,0,,,,
1699,9/13/2017 4:00,68.421,0,,,,
1700,9/13/2017 5:00,68.248,0,,,,
1701,9/13/2017 6:00,68.248,0,,,,
1702,9/13/2017 7:00,68.077,0,,,,
1703,9/13/2017 8:00,68.077,18,,,,
1704,9/13/2017 9:00,68.077,33,,,,
1705,9/13/2017 10:00,68.248,53,,,,
1706,9/13/2017 11:00,70.824,240,,,,
1707,9/13/2017 12:00,70.651,432,,,,
1708,9/13/2017 13:00,71.168,80,,,,
1709,9/13/2017 14:00,70.824,104,,,,
1710,9/13/2017 15:00,69.793,45,,,,
1711,9/13/2017 16:00,69.107,74,,,,
1712,9/13/2017 17:00,70.48,184,,,,
1713,9/13/2017 18:00,68.934,49,,,,
1714,9/13/2017 19:00,68.421,22,,,,
1715,9/13/2017 20:00,68.592,0,,,,
1716,9/13/2017 21:00,68.592,0,,,,
1717,9/13/2017 22:00,68.592,0,,,,
1718,9/13/2017 23:00,68.592,0,,,,
1719,9/14/2017 0:00,68.421,0,,,,
1720,9/14/2017 1:00,68.421,0,,,,
1721,9/14/2017 2:00,68.248,0,,,,
1722,9/14/2017 3:00,68.077,0,,,,
1723,9/14/2017 4:00,67.906,0,,,,
1724,9/14/2017 5:00,67.906,0,,,,
1725,9/14/2017 6:00,67.735,0,,,,
1726,9/14/2017 7:00,67.735,0,,,,
1727,9/14/2017 8:00,67.735,15,,,,
1728,9/14/2017 9:00,67.906,63,,,,
1729,9/14/2017 10:00,68.248,168,,,,
1730,9/14/2017 11:00,70.48,200,,,,
1731,9/14/2017 12:00,71.856,256,,,,
1732,9/14/2017 13:00,72.028,416,,,,
1733,9/14/2017 14:00,74.098,272,,,,
1734,9/14/2017 15:00,74.619,116,,,,
1735,9/14/2017 16:00,73.407,464,,,,
1736,9/14/2017 17:00,73.234,124,,,,
1737,9/14/2017 18:00,71.683,50,,,,
1738,9/14/2017 19:00,72.028,20,,,,
1739,9/14/2017 20:00,71.512,0,,,,
1740,9/14/2017 21:00,70.995,0,,,,
1741,9/14/2017 22:00,70.995,0,,,,
1742,9/14/2017 23:00,70.48,0,,,,
1743,9/15/2017 0:00,70.308,0,,,,
1744,9/15/2017 1:00,70.137,0,,,,
1745,9/15/2017 2:00,69.793,0,,,,
1746,9/15/2017 3:00,69.793,0,,,,
1747,9/15/2017 4:00,69.622,0,,,,
1748,9/15/2017 5:00,69.622,0,,,,
1749,9/15/2017 6:00,69.622,0,,,,
1750,9/15/2017 7:00,69.449,0,,,,
1751,9/15/2017 8:00,69.449,29,,,,
1752,9/15/2017 9:00,69.793,63,,,,
1753,9/15/2017 10:00,71.339,152,,,,
1754,9/15/2017 11:00,70.995,184,,,,
1755,9/15/2017 12:00,71.168,480,,,,
1756,9/15/2017 13:00,71.683,320,,,,
1757,9/15/2017 14:00,71.339,160,,,,
1758,9/15/2017 15:00,71.683,136,,,,
1759,9/15/2017 16:00,71.683,168,,,,
1760,9/15/2017 17:00,72.028,109,,,,
1761,9/15/2017 18:00,72.028,80,,,,
1762,9/15/2017 19:00,71.339,28,,,,
1763,9/15/2017 20:00,70.995,0,,,,
1764,9/15/2017 21:00,70.651,0,,,,
1765,9/15/2017 22:00,70.48,0,,,,
1766,9/15/2017 23:00,70.308,0,,,,
1767,9/16/2017 0:00,70.137,0,,,,
1768,9/16/2017 1:00,70.137,0,,,,
1769,9/16/2017 2:00,69.964,0,,,,
1770,9/16/2017 3:00,69.793,0,,,,
1771,9/16/2017 4:00,69.622,0,,,,
1772,9/16/2017 5:00,69.622,0,,,,
1773,9/16/2017 6:00,69.449,0,,,,
1774,9/16/2017 7:00,69.278,0,,,,
1775,9/16/2017 8:00,69.449,20,,,,
1776,9/16/2017 9:00,70.137,74,,,,
1777,9/16/2017 10:00,71.339,123,,,,
1778,9/16/2017 11:00,72.718,160,,,,
1779,9/16/2017 12:00,73.407,200,,,,
1780,9/16/2017 13:00,73.407,232,,,,
1781,9/16/2017 14:00,74.098,248,,,,
1782,9/16/2017 15:00,73.234,448,,,,
1783,9/16/2017 16:00,73.753,400,,,,
1784,9/16/2017 17:00,72.545,320,,,,
1785,9/16/2017 18:00,72.199,73,,,,
1786,9/16/2017 19:00,71.512,31,,,,
1787,9/16/2017 20:00,71.683,0,,,,
1788,9/16/2017 21:00,71.168,0,,,,
1789,9/16/2017 22:00,70.824,0,,,,
1790,9/16/2017 23:00,70.651,0,,,,
1791,9/17/2017 0:00,70.48,0,,,,
1792,9/17/2017 1:00,70.308,0,,,,
1793,9/17/2017 2:00,70.308,0,,,,
1794,9/17/2017 3:00,70.137,0,,,,
1795,9/17/2017 4:00,70.137,0,,,,
1796,9/17/2017 5:00,70.137,0,,,,
1797,9/17/2017 6:00,70.137,0,,,,
1798,9/17/2017 7:00,69.964,0,,,,
1799,9/17/2017 8:00,69.964,25,,,,
1800,9/17/2017 9:00,70.308,105,,,,
1801,9/17/2017 10:00,71.339,116,,,,
1802,9/17/2017 11:00,72.028,144,,,,
1803,9/17/2017 12:00,72.891,288,,,,
1804,9/17/2017 13:00,73.926,256,,,,
1805,9/17/2017 14:00,73.926,176,,,,
1806,9/17/2017 15:00,72.718,82,,,,
1807,9/17/2017 16:00,71.856,168,,,,
1808,9/17/2017 17:00,72.199,232,,,,
1809,9/17/2017 18:00,71.512,76,,,,
1810,9/17/2017 19:00,71.339,14,,,,
1811,9/17/2017 20:00,71.512,0,,,,
1812,9/17/2017 21:00,71.512,0,,,,
1813,9/17/2017 22:00,71.512,0,,,,
1814,9/17/2017 23:00,71.339,0,,,,
1815,9/18/2017 0:00,71.339,0,,,,
1816,9/18/2017 1:00,71.339,0,,,,
1817,9/18/2017 2:00,71.339,0,,,,
1818,9/18/2017 3:00,71.339,0,,,,
1819,9/18/2017 4:00,71.339,0,,,,
1820,9/18/2017 5:00,71.339,0,,,,
1821,9/18/2017 6:00,71.683,0,,,,
1822,9/18/2017 7:00,71.683,0,,,,
1823,9/18/2017 8:00,71.683,9,,,,
1824,9/18/2017 9:00,71.683,12,,,,
1825,9/18/2017 10:00,71.683,58,,,,
1826,9/18/2017 11:00,72.028,94,,,,
1827,9/18/2017 12:00,72.028,52,,,,
1828,9/18/2017 13:00,72.028,84,,,,
1829,9/18/2017 14:00,72.372,89,,,,
1830,9/18/2017 15:00,72.372,99,,,,
1831,9/18/2017 16:00,72.718,115,,,,
1832,9/18/2017 17:00,73.234,152,,,,
1833,9/18/2017 18:00,73.234,64,,,,
1834,9/18/2017 19:00,73.234,17,,,,
1835,9/18/2017 20:00,72.545,0,,,,
1836,9/18/2017 21:00,72.372,0,,,,
1837,9/18/2017 22:00,72.028,0,,,,
1838,9/18/2017 23:00,72.028,0,,,,
1839,9/19/2017 0:00,71.856,0,,,,
1840,9/19/2017 1:00,71.683,0,,,,
1841,9/19/2017 2:00,71.512,0,,,,
1842,9/19/2017 3:00,71.339,0,,,,
1843,9/19/2017 4:00,71.339,0,,,,
1844,9/19/2017 5:00,71.339,0,,,,
1845,9/19/2017 6:00,71.168,0,,,,
1846,9/19/2017 7:00,71.168,0,,,,
1847,9/19/2017 8:00,71.168,18,,,,
1848,9/19/2017 9:00,71.168,61,,,,
1849,9/19/2017 10:00,70.995,26,,,,
1850,9/19/2017 11:00,70.995,16,,,,
1851,9/19/2017 12:00,70.995,33,,,,
1852,9/19/2017 13:00,71.339,136,,,,
1853,9/19/2017 14:00,71.683,136,,,,
1854,9/19/2017 15:00,72.028,99,,,,
1855,9/19/2017 16:00,72.028,56,,,,
1856,9/19/2017 17:00,72.545,85,,,,
1857,9/19/2017 18:00,71.856,47,,,,
1858,9/19/2017 19:00,71.856,12,,,,
1859,9/19/2017 20:00,71.512,0,,,,
1860,9/19/2017 21:00,71.683,0,,,,
1861,9/19/2017 22:00,71.512,0,,,,
1862,9/19/2017 23:00,71.339,0,,,,
1863,9/20/2017 0:00,71.339,0,,,,
1864,9/20/2017 1:00,71.168,0,,,,
1865,9/20/2017 2:00,71.168,0,,,,
1866,9/20/2017 3:00,71.168,0,,,,
1867,9/20/2017 4:00,71.168,0,,,,
1868,9/20/2017 5:00,70.995,0,,,,
1869,9/20/2017 6:00,70.995,0,,,,
1870,9/20/2017 7:00,70.995,0,,,,
1871,9/20/2017 8:00,70.995,5,,,,
1872,9/20/2017 9:00,71.168,32,,,,
1873,9/20/2017 10:00,71.683,91,,,,
1874,9/20/2017 11:00,73.062,200,,,,
1875,9/20/2017 12:00,73.062,272,,,,
1876,9/20/2017 13:00,72.545,352,,,,
1877,9/20/2017 14:00,73.58,272,,,,
1878,9/20/2017 15:00,73.062,113,,,,
1879,9/20/2017 16:00,74.619,160,,,,
1880,9/20/2017 17:00,73.062,352,,,,
1881,9/20/2017 18:00,72.372,31,,,,
1882,9/20/2017 19:00,72.545,16,,,,
1883,9/20/2017 20:00,73.062,0,,,,
1884,9/20/2017 21:00,73.062,0,,,,
1885,9/20/2017 22:00,73.062,0,,,,
1886,9/20/2017 23:00,73.062,0,,,,
1887,9/21/2017 0:00,73.062,0,,,,
1888,9/21/2017 1:00,72.891,0,,,,
1889,9/21/2017 2:00,72.891,0,,,,
1890,9/21/2017 3:00,72.718,0,,,,
1891,9/21/2017 4:00,72.718,0,,,,
1892,9/21/2017 5:00,72.545,0,,,,
1893,9/21/2017 6:00,72.545,0,,,,
1894,9/21/2017 7:00,72.372,0,,,,
1895,9/21/2017 8:00,72.545,49,,,,
1896,9/21/2017 9:00,73.407,76,,,,
1897,9/21/2017 10:00,74.098,152,,,,
1898,9/21/2017 11:00,75.659,168,,,,
1899,9/21/2017 12:00,75.659,240,,,,
1900,9/21/2017 13:00,77.923,240,,,,
1901,9/21/2017 14:00,75.832,512,,,,
1902,9/21/2017 15:00,75.659,1152,,,,
1903,9/21/2017 16:00,75.832,304,,,,
1904,9/21/2017 17:00,75.484,304,,,,
1905,9/21/2017 18:00,75.139,38,,,,
1906,9/21/2017 19:00,74.964,6,,,,
1907,9/21/2017 20:00,74.791,0,,,,
1908,9/21/2017 21:00,74.619,0,,,,
1909,9/21/2017 22:00,74.619,0,,,,
1910,9/21/2017 23:00,74.446,0,,,,
1911,9/22/2017 0:00,74.446,0,,,,
1912,9/22/2017 1:00,74.271,0,,,,
1913,9/22/2017 2:00,74.098,0,,,,
1914,9/22/2017 3:00,73.926,0,,,,
1915,9/22/2017 4:00,74.098,0,,,,
1916,9/22/2017 5:00,74.098,0,,,,
1917,9/22/2017 6:00,73.926,0,,,,
1918,9/22/2017 7:00,73.926,0,,,,
1919,9/22/2017 8:00,73.926,18,,,,
1920,9/22/2017 9:00,74.619,67,,,,
1921,9/22/2017 10:00,76.006,144,,,,
1922,9/22/2017 11:00,76.354,608,,,,
1923,9/22/2017 12:00,78.624,1024,,,,
1924,9/22/2017 13:00,79.678,1152,,,,
1925,9/22/2017 14:00,81.09,192,,,,
1926,9/22/2017 15:00,82.152,800,,,,
1927,9/22/2017 16:00,81.975,384,,,,
1928,9/22/2017 17:00,79.151,144,,,,
1929,9/22/2017 18:00,79.502,64,,,,
1930,9/22/2017 19:00,78.975,10,,,,
1931,9/22/2017 20:00,78.098,0,,,,
1932,9/22/2017 21:00,78.274,0,,,,
1933,9/22/2017 22:00,77.225,0,,,,
1934,9/22/2017 23:00,77.05,0,,,,
1935,9/23/2017 0:00,76.703,0,,,,
1936,9/23/2017 1:00,76.528,0,,,,
1937,9/23/2017 2:00,76.354,0,,,,
1938,9/23/2017 3:00,76.181,0,,,,
1939,9/23/2017 4:00,76.006,0,,,,
1940,9/23/2017 5:00,75.832,0,,,,
1941,9/23/2017 6:00,75.484,0,,,,
1942,9/23/2017 7:00,75.312,0,,,,
1943,9/23/2017 8:00,75.312,14,,,,
1944,9/23/2017 9:00,75.832,103,,,,
1945,9/23/2017 10:00,76.354,256,,,,
1946,9/23/2017 11:00,77.4,272,,,,
1947,9/23/2017 12:00,78.624,512,,,,
1948,9/23/2017 13:00,79.502,608,,,,
1949,9/23/2017 14:00,79.678,1152,,,,
1950,9/23/2017 15:00,81.09,800,,,,
1951,9/23/2017 16:00,82.508,448,,,,
1952,9/23/2017 17:00,82.864,576,,,,
1953,9/23/2017 18:00,81.797,61,,,,
1954,9/23/2017 19:00,79.853,16,,,,
1955,9/23/2017 20:00,78.975,0,,,,
1956,9/23/2017 21:00,78.624,0,,,,
1957,9/23/2017 22:00,78.098,0,,,,
1958,9/23/2017 23:00,77.923,0,,,,
1959,9/24/2017 0:00,77.4,0,,,,
1960,9/24/2017 1:00,77.05,0,,,,
1961,9/24/2017 2:00,76.703,0,,,,
1962,9/24/2017 3:00,76.703,0,,,,
1963,9/24/2017 4:00,76.528,0,,,,
1964,9/24/2017 5:00,76.354,0,,,,
1965,9/24/2017 6:00,76.181,0,,,,
1966,9/24/2017 7:00,75.832,0,,,,
1967,9/24/2017 8:00,75.832,33,,,,
1968,9/24/2017 9:00,76.354,96,,,,
1969,9/24/2017 10:00,76.876,256,,,,
1970,9/24/2017 11:00,77.749,368,,,,
1971,9/24/2017 12:00,80.029,256,,,,
1972,9/24/2017 13:00,81.442,272,,,,
1973,9/24/2017 14:00,79.853,672,,,,
1974,9/24/2017 15:00,80.206,800,,,,
1975,9/24/2017 16:00,80.206,800,,,,
1976,9/24/2017 17:00,81.266,368,,,,
1977,9/24/2017 18:00,79.678,40,,,,
1978,9/24/2017 19:00,78.8,19,,,,
1979,9/24/2017 20:00,78.449,0,,,,
1980,9/24/2017 21:00,78.098,0,,,,
1981,9/24/2017 22:00,77.574,0,,,,
1982,9/24/2017 23:00,77.225,0,,,,
1983,9/25/2017 0:00,76.876,0,,,,
1984,9/25/2017 1:00,76.876,0,,,,
1985,9/25/2017 2:00,76.703,0,,,,
1986,9/25/2017 3:00,76.354,0,,,,
1987,9/25/2017 4:00,76.354,0,,,,
1988,9/25/2017 5:00,76.181,0,,,,
1989,9/25/2017 6:00,76.006,0,,,,
1990,9/25/2017 7:00,76.006,0,,,,
1991,9/25/2017 8:00,75.832,32,,,,
1992,9/25/2017 9:00,76.181,79,,,,
1993,9/25/2017 10:00,76.354,200,,,,
1994,9/25/2017 11:00,77.05,432,,,,
1995,9/25/2017 12:00,78.449,768,,,,
1996,9/25/2017 13:00,78.975,224,,,,
1997,9/25/2017 14:00,79.678,464,,,,
1998,9/25/2017 15:00,78.624,104,,,,
1999,9/25/2017 16:00,78.8,496,,,,
2000,9/25/2017 17:00,79.678,176,,,,
2001,9/25/2017 18:00,79.853,51,,,,
2002,9/25/2017 19:00,78.624,19,,,,
2003,9/25/2017 20:00,78.449,0,,,,
2004,9/25/2017 21:00,78.274,0,,,,
2005,9/25/2017 22:00,78.098,0,,,,
2006,9/25/2017 23:00,77.749,0,,,,
2007,9/26/2017 0:00,77.574,0,,,,
2008,9/26/2017 1:00,77.4,0,,,,
2009,9/26/2017 2:00,77.225,0,,,,
2010,9/26/2017 3:00,76.876,0,,,,
2011,9/26/2017 4:00,76.876,0,,,,
2012,9/26/2017 5:00,76.703,0,,,,
2013,9/26/2017 6:00,76.528,0,,,,
2014,9/26/2017 7:00,76.354,0,,,,
2015,9/26/2017 8:00,76.181,33,,,,
2016,9/26/2017 9:00,76.354,224,,,,
2017,9/26/2017 10:00,77.574,152,,,,
2018,9/26/2017 11:00,78.624,216,,,,
2019,9/26/2017 12:00,79.678,256,,,,
2020,9/26/2017 13:00,80.559,200,,,,
2021,9/26/2017 14:00,79.502,144,,,,
2022,9/26/2017 15:00,79.853,128,,,,
2023,9/26/2017 16:00,78.098,128,,,,
2024,9/26/2017 17:00,76.876,52,,,,
2025,9/26/2017 18:00,76.876,35,,,,
2026,9/26/2017 19:00,77.4,12,,,,
2027,9/26/2017 20:00,77.574,0,,,,
2028,9/26/2017 21:00,77.574,0,,,,
2029,9/26/2017 22:00,77.574,0,,,,
2030,9/26/2017 23:00,77.4,0,,,,
2031,9/27/2017 0:00,77.4,0,,,,
2032,9/27/2017 1:00,77.225,0,,,,
2033,9/27/2017 2:00,77.05,0,,,,
2034,9/27/2017 3:00,76.876,0,,,,
2035,9/27/2017 4:00,76.876,0,,,,
2036,9/27/2017 5:00,76.703,0,,,,
2037,9/27/2017 6:00,76.528,0,,,,
2038,9/27/2017 7:00,76.528,0,,,,
2039,9/27/2017 8:00,76.354,6,,,,
2040,9/27/2017 9:00,76.354,20,,,,
2041,9/27/2017 10:00,76.528,70,,,,
2042,9/27/2017 11:00,76.354,98,,,,
2043,9/27/2017 12:00,77.225,480,,,,
2044,9/27/2017 13:00,77.4,272,,,,
2045,9/27/2017 14:00,77.574,192,,,,
2046,9/27/2017 15:00,77.574,184,,,,
2047,9/27/2017 16:00,77.574,184,,,,
2048,9/27/2017 17:00,77.05,113,,,,
2049,9/27/2017 18:00,76.703,40,,,,
2050,9/27/2017 19:00,76.181,6,,,,
2051,9/27/2017 20:00,75.832,0,,,,
2052,9/27/2017 21:00,75.832,0,,,,
2053,9/27/2017 22:00,75.484,0,,,,
2054,9/27/2017 23:00,75.139,0,,,,
2055,9/28/2017 0:00,74.791,0,,,,
2056,9/28/2017 1:00,74.619,0,,,,
2057,9/28/2017 2:00,74.446,0,,,,
2058,9/28/2017 3:00,74.098,0,,,,
2059,9/28/2017 4:00,73.926,0,,,,
2060,9/28/2017 5:00,73.753,0,,,,
2061,9/28/2017 6:00,73.407,0,,,,
2062,9/28/2017 7:00,73.234,0,,,,
2063,9/28/2017 8:00,73.062,32,,,,
2064,9/28/2017 9:00,73.062,136,,,,
2065,9/28/2017 10:00,73.062,90,,,,
2066,9/28/2017 11:00,73.234,152,,,,
2067,9/28/2017 12:00,73.407,184,,,,
2068,9/28/2017 13:00,73.407,208,,,,
2069,9/28/2017 14:00,73.407,136,,,,
2070,9/28/2017 15:00,74.271,800,,,,
2071,9/28/2017 16:00,74.271,184,,,,
2072,9/28/2017 17:00,73.926,608,,,,
2073,9/28/2017 18:00,73.062,18,,,,
2074,9/28/2017 19:00,72.718,8,,,,
2075,9/28/2017 20:00,72.545,0,,,,
2076,9/28/2017 21:00,72.372,0,,,,
2077,9/28/2017 22:00,72.028,0,,,,
2078,9/28/2017 23:00,72.028,0,,,,
2079,9/29/2017 0:00,71.856,0,,,,
2080,9/29/2017 1:00,71.683,0,,,,
2081,9/29/2017 2:00,71.512,0,,,,
2082,9/29/2017 3:00,71.339,0,,,,
2083,9/29/2017 4:00,71.339,0,,,,
2084,9/29/2017 5:00,71.168,0,,,,
2085,9/29/2017 6:00,70.995,0,,,,
2086,9/29/2017 7:00,70.995,0,,,,
2087,9/29/2017 8:00,70.824,24,,,,
2088,9/29/2017 9:00,70.995,144,,,,
2089,9/29/2017 10:00,71.339,352,,,,
2090,9/29/2017 11:00,71.512,272,,,,
2091,9/29/2017 12:00,71.339,75,,,,
2092,9/29/2017 13:00,71.683,122,,,,
2093,9/29/2017 14:00,71.856,480,,,,
2094,9/29/2017 15:00,71.512,121,,,,
2095,9/29/2017 16:00,71.856,576,,,,
2096,9/29/2017 17:00,71.339,480,,,,
2097,9/29/2017 18:00,70.824,58,,,,
2098,9/29/2017 19:00,70.48,8,,,,
2099,9/29/2017 20:00,70.137,0,,,,
2100,9/29/2017 21:00,70.137,0,,,,
2101,9/29/2017 22:00,69.964,0,,,,
2102,9/29/2017 23:00,69.793,0,,,,
2103,9/30/2017 0:00,69.622,0,,,,
2104,9/30/2017 1:00,69.449,0,,,,
2105,9/30/2017 2:00,69.278,0,,,,
2106,9/30/2017 3:00,69.278,0,,,,
2107,9/30/2017 4:00,69.107,0,,,,
2108,9/30/2017 5:00,68.934,0,,,,
2109,9/30/2017 6:00,68.763,0,,,,
2110,9/30/2017 7:00,68.763,0,,,,
2111,9/30/2017 8:00,68.592,18,,,,
2112,9/30/2017 9:00,68.934,87,,,,
2113,9/30/2017 10:00,69.278,144,,,,
2114,9/30/2017 11:00,69.278,608,,,,
2115,9/30/2017 12:00,69.964,2432,,,,
2116,9/30/2017 13:00,70.995,288,,,,
2117,9/30/2017 14:00,72.545,184,,,,
2118,9/30/2017 15:00,71.339,352,,,,
2119,9/30/2017 16:00,73.062,480,,,,
2120,9/30/2017 17:00,72.028,512,,,,
2121,9/30/2017 18:00,70.824,24,,,,
2122,9/30/2017 19:00,69.964,8,,,,
2123,9/30/2017 20:00,69.622,0,,,,
2124,9/30/2017 21:00,69.278,0,,,,
2125,9/30/2017 22:00,68.934,0,,,,
2126,9/30/2017 23:00,68.763,0,,,,
2127,10/1/2017 0:00,68.763,0,,,,
2128,10/1/2017 1:00,68.592,0,,,,
2129,10/1/2017 2:00,68.421,0,,,,
2130,10/1/2017 3:00,68.248,0,,,,
2131,10/1/2017 4:00,67.906,0,,,,
2132,10/1/2017 5:00,67.906,0,,,,
2133,10/1/2017 6:00,67.906,0,,,,
2134,10/1/2017 7:00,67.735,0,,,,
2135,10/1/2017 8:00,67.735,11,,,,
2136,10/1/2017 9:00,68.077,73,,,,
2137,10/1/2017 10:00,69.449,144,,,,
2138,10/1/2017 11:00,70.651,176,,,,
2139,10/1/2017 12:00,70.995,216,,,,
2140,10/1/2017 13:00,70.651,352,,,,
2141,10/1/2017 14:00,71.856,232,,,,
2142,10/1/2017 15:00,71.168,128,,,,
2143,10/1/2017 16:00,70.824,320,,,,
2144,10/1/2017 17:00,70.824,496,,,,
2145,10/1/2017 18:00,69.622,59,,,,
2146,10/1/2017 19:00,68.763,8,,,,
2147,10/1/2017 20:00,68.421,0,,,,
2148,10/1/2017 21:00,68.248,0,,,,
2149,10/1/2017 22:00,68.077,0,,,,
2150,10/1/2017 23:00,67.906,0,,,,
2151,10/2/2017 0:00,67.735,0,,,,
2152,10/2/2017 1:00,67.564,0,,,,
2153,10/2/2017 2:00,67.392,0,,,,
2154,10/2/2017 3:00,67.392,0,,,,
2155,10/2/2017 4:00,67.221,0,,,,
2156,10/2/2017 5:00,67.221,0,,,,
2157,10/2/2017 6:00,67.05,0,,,,
2158,10/2/2017 7:00,66.879,0,,,,
2159,10/2/2017 8:00,67.05,17,,,,
2160,10/2/2017 9:00,67.392,62,,,,
2161,10/2/2017 10:00,68.421,109,,,,
2162,10/2/2017 11:00,69.449,152,,,,
2163,10/2/2017 12:00,69.622,248,,,,
2164,10/2/2017 13:00,70.651,216,,,,
2165,10/2/2017 14:00,69.107,304,,,,
2166,10/2/2017 15:00,70.48,400,,,,
2167,10/2/2017 16:00,69.793,224,,,,
2168,10/2/2017 17:00,70.137,248,,,,
2169,10/2/2017 18:00,69.449,21,,,,
2170,10/2/2017 19:00,68.421,4,,,,
2171,10/2/2017 20:00,68.248,0,,,,
2172,10/2/2017 21:00,67.906,0,,,,
2173,10/2/2017 22:00,67.906,0,,,,
2174,10/2/2017 23:00,67.735,0,,,,
2175,10/3/2017 0:00,67.564,0,,,,
2176,10/3/2017 1:00,67.392,0,,,,
2177,10/3/2017 2:00,67.392,0,,,,
2178,10/3/2017 3:00,67.221,0,,,,
2179,10/3/2017 4:00,67.05,0,,,,
2180,10/3/2017 5:00,67.05,0,,,,
2181,10/3/2017 6:00,66.879,0,,,,
2182,10/3/2017 7:00,66.879,0,,,,
2183,10/3/2017 8:00,66.879,10,,,,
2184,10/3/2017 9:00,67.221,144,,,,
2185,10/3/2017 10:00,67.392,64,,,,
2186,10/3/2017 11:00,68.077,126,,,,
2187,10/3/2017 12:00,68.421,67,,,,
2188,10/3/2017 13:00,70.824,168,,,,
2189,10/3/2017 14:00,68.934,184,,,,
2190,10/3/2017 15:00,70.137,144,,,,
2191,10/3/2017 16:00,68.077,54,,,,
2192,10/3/2017 17:00,68.248,50,,,,
2193,10/3/2017 18:00,67.906,42,,,,
2194,10/3/2017 19:00,67.735,5,,,,
2195,10/3/2017 20:00,67.906,0,,,,
2196,10/3/2017 21:00,67.906,0,,,,
2197,10/3/2017 22:00,67.906,0,,,,
2198,10/3/2017 23:00,67.906,0,,,,
2199,10/4/2017 0:00,68.077,0,,,,
2200,10/4/2017 1:00,68.248,0,,,,
2201,10/4/2017 2:00,68.248,0,,,,
2202,10/4/2017 3:00,68.248,0,,,,
2203,10/4/2017 4:00,68.077,0,,,,
2204,10/4/2017 5:00,67.906,0,,,,
2205,10/4/2017 6:00,67.906,0,,,,
2206,10/4/2017 7:00,67.906,0,,,,
2207,10/4/2017 8:00,67.906,5,,,,
2208,10/4/2017 9:00,67.906,17,,,,
2209,10/4/2017 9:42,,,Logged,,,
2210,10/4/2017 9:42,,,,,Logged,Logged
