#,"Date Time, GMT-04:00",Temp,Intensity,"GDD, DDc (LGR S/N: 20050469)"
1,7/6/2017 9:38,24.931,0,
2,7/6/2017 10:38,21.187,3100,
3,7/6/2017 11:38,22.525,6200,
4,7/6/2017 12:38,22.908,3100,
5,7/6/2017 13:38,22.525,258.3,
6,7/6/2017 14:38,21.664,118.4,
7,7/6/2017 15:38,21.951,2755.6,
8,7/6/2017 16:38,22.238,893.4,
9,7/6/2017 17:38,22.142,731.9,
10,7/6/2017 18:38,22.238,398.3,
11,7/6/2017 19:38,22.525,430.6,
12,7/6/2017 20:38,22.142,96.9,
13,7/6/2017 21:38,21.664,0,
14,7/6/2017 22:38,21.091,0,
15,7/6/2017 23:38,20.996,0,
16,7/7/2017 0:38,21.282,0,
17,7/7/2017 1:38,20.901,0,
18,7/7/2017 2:38,20.71,0,
19,7/7/2017 3:38,20.424,0,
20,7/7/2017 4:38,20.329,0,
21,7/7/2017 5:38,20.519,0,
22,7/7/2017 6:38,20.329,322.9,
23,7/7/2017 7:38,20.234,484.4,
24,7/7/2017 8:38,20.424,2238.9,
25,7/7/2017 9:38,20.805,1636.1,
26,7/7/2017 10:38,20.996,7233.4,
27,7/7/2017 11:38,21.378,2325,
28,7/7/2017 12:00,,,2.371
29,7/7/2017 12:38,21.473,2927.8,
30,7/7/2017 13:38,21.664,2927.8,
31,7/7/2017 14:38,22.812,3272.2,
32,7/7/2017 15:38,23.677,4822.3,
33,7/7/2017 16:38,23.388,3100,
34,7/7/2017 17:38,23.388,2927.8,
35,7/7/2017 18:38,23.1,4650,
36,7/7/2017 19:38,22.525,538.2,
37,7/7/2017 20:38,22.429,161.5,
38,7/7/2017 21:38,21.855,21.5,
39,7/7/2017 22:38,21.282,0,
40,7/7/2017 23:38,21.091,0,
41,7/8/2017 0:38,20.901,0,
42,7/8/2017 1:38,20.71,0,
43,7/8/2017 2:38,20.615,0,
44,7/8/2017 3:38,20.329,0,
45,7/8/2017 4:38,19.948,0,
46,7/8/2017 5:38,19.662,0,
47,7/8/2017 6:38,19.472,193.8,
48,7/8/2017 7:38,19.472,1033.3,
49,7/8/2017 8:38,19.662,1356.3,
50,7/8/2017 9:38,19.948,2152.8,
51,7/8/2017 10:38,20.329,1550,
52,7/8/2017 11:38,20.901,1291.7,
53,7/8/2017 12:00,,,5.161
54,7/8/2017 12:38,21.569,2152.8,
55,7/8/2017 13:38,21.855,2152.8,
56,7/8/2017 14:38,23.1,3961.1,
57,7/8/2017 15:38,23.484,1722.2,
58,7/8/2017 16:38,23.869,1259.4,
59,7/8/2017 17:38,24.255,3100,
60,7/8/2017 18:38,24.738,602.8,
61,7/8/2017 19:38,23.869,226,
62,7/8/2017 20:38,23.484,118.4,
63,7/8/2017 21:38,22.812,0,
64,7/8/2017 22:38,22.046,0,
65,7/8/2017 23:38,21.569,0,
66,7/9/2017 0:38,21.378,0,
67,7/9/2017 1:38,21.187,0,
68,7/9/2017 2:38,20.901,0,
69,7/9/2017 3:38,20.805,0,
70,7/9/2017 4:38,20.519,0,
71,7/9/2017 5:38,20.424,0,
72,7/9/2017 6:38,20.424,139.9,
73,7/9/2017 7:38,20.424,226,
74,7/9/2017 8:38,20.424,441.3,
75,7/9/2017 9:38,20.615,1463.9,
76,7/9/2017 10:38,20.996,6544.5,
77,7/9/2017 11:38,21.664,3961.1,
78,7/9/2017 12:00,,,8.03
79,7/9/2017 12:38,22.142,3961.1,
80,7/9/2017 13:38,22.717,2152.8,
81,7/9/2017 14:38,23.388,4822.3,
82,7/9/2017 15:38,23.966,2927.8,
83,7/9/2017 16:38,24.351,1463.9,
84,7/9/2017 17:38,24.158,527.4,
85,7/9/2017 18:38,23.484,183,
86,7/9/2017 19:38,23.1,75.3,
87,7/9/2017 20:38,22.717,161.5,
88,7/9/2017 21:38,22.238,0,
89,7/9/2017 22:38,21.951,0,
90,7/9/2017 23:38,21.473,0,
91,7/10/2017 0:38,21.282,0,
92,7/10/2017 1:38,21.091,0,
93,7/10/2017 2:38,20.996,0,
94,7/10/2017 3:38,20.901,0,
95,7/10/2017 4:38,20.805,0,
96,7/10/2017 5:38,20.71,0,
97,7/10/2017 6:38,20.71,75.3,
98,7/10/2017 7:38,20.71,129.2,
99,7/10/2017 8:38,20.805,333.7,
100,7/10/2017 9:38,20.71,301.4,
101,7/10/2017 10:38,21.091,11711.2,
102,7/10/2017 11:38,21.282,1463.9,
103,7/10/2017 12:00,,,11.866
104,7/10/2017 12:38,21.951,1463.9,
105,7/10/2017 13:38,22.717,3788.9,
106,7/10/2017 14:38,23.773,2755.6,
107,7/10/2017 15:38,24.641,3272.2,
108,7/10/2017 16:38,25.222,1636.1,
109,7/10/2017 17:38,25.61,2927.8,
110,7/10/2017 18:38,25.708,1894.5,
111,7/10/2017 19:38,25.028,1377.8,
112,7/10/2017 20:38,24.931,376.7,
113,7/10/2017 21:38,24.351,0,
114,7/10/2017 22:38,23.677,0,
115,7/10/2017 23:38,23.1,0,
116,7/11/2017 0:38,22.621,0,
117,7/11/2017 1:38,22.333,0,
118,7/11/2017 2:38,22.142,0,
119,7/11/2017 3:38,21.951,0,
120,7/11/2017 4:38,21.76,0,
121,7/11/2017 5:38,21.664,0,
122,7/11/2017 6:38,21.473,172.2,
123,7/11/2017 7:38,21.76,1980.6,
124,7/11/2017 8:38,22.046,3100,
125,7/11/2017 9:38,22.046,979.5,
126,7/11/2017 10:38,22.717,3616.7,
127,7/11/2017 11:38,22.812,3788.9,
128,7/11/2017 12:00,,,15.116
129,7/11/2017 12:38,23.581,1334.7,
130,7/11/2017 13:38,24.255,9644.5,
131,7/11/2017 14:38,24.351,322.9,
132,7/11/2017 15:38,24.255,322.9,
133,7/11/2017 16:38,24.062,322.9,
134,7/11/2017 17:38,23.677,118.4,
135,7/11/2017 18:38,23.484,129.2,
136,7/11/2017 19:38,23.484,731.9,
137,7/11/2017 20:38,23.1,53.8,
138,7/11/2017 21:38,22.908,0,
139,7/11/2017 22:38,22.812,0,
140,7/11/2017 23:38,22.525,0,
141,7/12/2017 0:38,22.333,0,
142,7/12/2017 1:38,22.333,0,
143,7/12/2017 2:38,22.333,0,
144,7/12/2017 3:38,22.046,0,
145,7/12/2017 4:38,21.951,0,
146,7/12/2017 5:38,21.855,0,
147,7/12/2017 6:38,21.76,43.1,
148,7/12/2017 7:38,21.664,129.2,
149,7/12/2017 8:38,21.569,312.2,
150,7/12/2017 9:38,21.473,301.4,
151,7/12/2017 10:38,21.282,183,
152,7/12/2017 11:38,21.378,667.4,
153,7/12/2017 12:00,,,16.498
154,7/12/2017 12:38,21.187,1054.9,
155,7/12/2017 13:38,21.187,409,
156,7/12/2017 14:38,21.187,6200,
157,7/12/2017 15:38,21.091,1722.2,
158,7/12/2017 16:38,20.996,613.5,
159,7/12/2017 17:38,20.901,258.3,
160,7/12/2017 18:38,20.71,236.8,
161,7/12/2017 19:38,20.615,183,
162,7/12/2017 20:38,20.519,43.1,
163,7/12/2017 21:38,20.234,0,
164,7/12/2017 22:38,20.138,0,
165,7/12/2017 23:38,19.853,0,
166,7/13/2017 0:38,19.758,0,
167,7/13/2017 1:38,19.662,0,
168,7/13/2017 2:38,19.472,0,
169,7/13/2017 3:38,19.282,0,
170,7/13/2017 4:38,19.187,0,
171,7/13/2017 5:38,18.996,0,
172,7/13/2017 6:38,18.806,64.6,
173,7/13/2017 7:38,18.806,430.6,
174,7/13/2017 8:38,18.711,441.3,
175,7/13/2017 9:38,18.711,269.1,
176,7/13/2017 10:38,18.901,731.9,
177,7/13/2017 11:38,18.901,1808.3,
178,7/13/2017 12:00,,,16.498
179,7/13/2017 12:38,19.092,699.7,
180,7/13/2017 13:38,18.996,1173.3,
181,7/13/2017 14:38,19.092,893.4,
182,7/13/2017 15:38,18.996,473.6,
183,7/13/2017 16:38,19.092,527.4,
184,7/13/2017 17:38,19.187,667.4,
185,7/13/2017 18:38,19.092,236.8,
186,7/13/2017 19:38,19.092,107.6,
187,7/13/2017 20:38,19.092,32.3,
188,7/13/2017 21:38,18.996,0,
189,7/13/2017 22:38,18.996,0,
190,7/13/2017 23:38,18.806,0,
191,7/14/2017 0:38,18.711,0,
192,7/14/2017 1:38,18.711,0,
193,7/14/2017 2:38,18.616,0,
194,7/14/2017 3:38,18.616,0,
195,7/14/2017 4:38,18.616,0,
196,7/14/2017 5:38,18.616,0,
197,7/14/2017 6:38,18.616,32.3,
198,7/14/2017 7:38,18.521,107.6,
199,7/14/2017 8:38,18.616,226,
200,7/14/2017 9:38,18.711,441.3,
201,7/14/2017 10:38,18.996,1151.7,
202,7/14/2017 11:38,19.282,1345.5,
203,7/14/2017 12:00,,,17.315
204,7/14/2017 12:38,19.472,2411.1,
205,7/14/2017 13:38,19.758,2238.9,
206,7/14/2017 14:38,20.329,2583.4,
207,7/14/2017 15:38,20.519,1119.5,
208,7/14/2017 16:38,20.996,1334.7,
209,7/14/2017 17:38,21.378,1636.1,
210,7/14/2017 18:38,21.855,678.1,
211,7/14/2017 19:38,21.855,333.7,
212,7/14/2017 20:38,21.282,96.9,
213,7/14/2017 21:38,20.71,0,
214,7/14/2017 22:38,20.329,0,
215,7/14/2017 23:38,20.043,0,
216,7/15/2017 0:38,19.853,0,
217,7/15/2017 1:38,19.567,0,
218,7/15/2017 2:38,19.377,0,
219,7/15/2017 3:38,19.187,0,
220,7/15/2017 4:38,19.092,0,
221,7/15/2017 5:38,18.806,0,
222,7/15/2017 6:38,18.711,107.6,
223,7/15/2017 7:38,18.806,484.4,
224,7/15/2017 8:38,19.092,818.1,
225,7/15/2017 9:38,19.377,312.2,
226,7/15/2017 10:38,19.758,4822.3,
227,7/15/2017 11:38,20.329,979.5,
228,7/15/2017 12:00,,,17.942
229,7/15/2017 12:38,21.282,2152.8,
230,7/15/2017 13:38,21.091,721.2,
231,7/15/2017 14:38,21.091,2497.2,
232,7/15/2017 15:38,21.473,958,
233,7/15/2017 16:38,21.473,2325,
234,7/15/2017 17:38,21.378,419.8,
235,7/15/2017 18:38,21.282,516.7,
236,7/15/2017 19:38,21.187,139.9,
237,7/15/2017 20:38,20.996,161.5,
238,7/15/2017 21:38,20.805,0,
239,7/15/2017 22:38,20.424,0,
240,7/15/2017 23:38,20.138,0,
241,7/16/2017 0:38,19.758,0,
242,7/16/2017 1:38,19.567,0,
243,7/16/2017 2:38,19.377,0,
244,7/16/2017 3:38,19.187,0,
245,7/16/2017 4:38,19.187,0,
246,7/16/2017 5:38,19.092,0,
247,7/16/2017 6:38,19.092,21.5,
248,7/16/2017 7:38,18.996,344.4,
249,7/16/2017 8:38,18.996,1119.5,
250,7/16/2017 9:38,19.567,1550,
251,7/16/2017 10:38,19.853,2927.8,
252,7/16/2017 11:38,20.329,2325,
253,7/16/2017 12:00,,,19.643
254,7/16/2017 12:38,20.996,4994.5,
255,7/16/2017 13:38,21.569,5166.7,
256,7/16/2017 14:38,21.855,1367,
257,7/16/2017 15:38,22.333,1227.1,
258,7/16/2017 16:38,22.717,1463.9,
259,7/16/2017 17:38,22.525,1216.3,
260,7/16/2017 18:38,23.196,592,
261,7/16/2017 19:38,23.004,333.7,
262,7/16/2017 20:38,22.429,75.3,
263,7/16/2017 21:38,21.473,0,
264,7/16/2017 22:38,20.901,0,
265,7/16/2017 23:38,20.615,0,
266,7/17/2017 0:38,20.329,0,
267,7/17/2017 1:38,20.138,0,
268,7/17/2017 2:38,19.948,0,
269,7/17/2017 3:38,19.758,0,
270,7/17/2017 4:38,19.567,0,
271,7/17/2017 5:38,19.472,0,
272,7/17/2017 6:38,19.377,215.3,
273,7/17/2017 7:38,19.282,1377.8,
274,7/17/2017 8:38,19.662,5166.7,
275,7/17/2017 9:38,19.853,3444.5,
276,7/17/2017 10:38,20.519,3272.2,
277,7/17/2017 11:38,21.282,2755.6,
278,7/17/2017 12:00,,,22.867
279,7/17/2017 12:38,21.473,3272.2,
280,7/17/2017 13:38,22.717,37200.2,
281,7/17/2017 14:38,23.966,1722.2,
282,7/17/2017 15:38,24.158,30311.3,
283,7/17/2017 16:38,25.028,1808.3,
284,7/17/2017 17:38,25.416,3100,
285,7/17/2017 18:38,25.513,904.2,
286,7/17/2017 19:38,24.931,559.7,
287,7/17/2017 20:38,24.158,150.7,
288,7/17/2017 21:38,23.484,0,
289,7/17/2017 22:38,22.908,0,
290,7/17/2017 23:38,22.429,0,
291,7/18/2017 0:38,21.569,0,
292,7/18/2017 1:38,21.091,0,
293,7/18/2017 2:38,20.996,0,
294,7/18/2017 3:38,20.805,0,
295,7/18/2017 4:38,20.615,0,
296,7/18/2017 5:38,20.519,0,
297,7/18/2017 6:38,20.424,86.1,
298,7/18/2017 7:38,20.329,462.9,
299,7/18/2017 8:38,20.71,2152.8,
300,7/18/2017 9:38,21.282,1463.9,
301,7/18/2017 10:38,21.664,1108.7,
302,7/18/2017 11:38,22.333,1173.3,
303,7/18/2017 12:00,,,26.441
304,7/18/2017 12:38,23.581,4305.6,
305,7/18/2017 13:38,23.966,1463.9,
306,7/18/2017 14:38,24.545,28933.5,
307,7/18/2017 15:38,25.319,1550,
308,7/18/2017 16:38,25.513,1076.4,
309,7/18/2017 17:38,23.869,818.1,
310,7/18/2017 18:38,24.738,161.5,
311,7/18/2017 19:38,23.773,0,
312,7/18/2017 20:38,23.966,0,
313,7/18/2017 21:38,22.621,0,
314,7/18/2017 22:38,22.142,0,
315,7/18/2017 23:38,22.238,0,
316,7/19/2017 0:38,22.333,0,
317,7/19/2017 1:38,21.951,0,
318,7/19/2017 2:38,21.569,0,
319,7/19/2017 3:38,22.046,0,
320,7/19/2017 4:38,21.951,0,
321,7/19/2017 5:38,21.76,0,
322,7/19/2017 6:38,21.282,32.3,
323,7/19/2017 7:38,21.187,129.2,
324,7/19/2017 8:38,21.187,1377.8,
325,7/19/2017 9:38,21.282,1237.9,
326,7/19/2017 10:38,21.855,52355.9,
327,7/19/2017 11:38,22.812,2152.8,
328,7/19/2017 12:00,,,30.574
329,7/19/2017 12:38,23.484,1636.1,
330,7/19/2017 13:38,23.773,4133.4,
331,7/19/2017 14:38,24.641,1980.6,
332,7/19/2017 15:38,25.319,1894.5,
333,7/19/2017 16:38,25.61,1227.1,
334,7/19/2017 17:38,25.319,1001,
335,7/19/2017 18:38,25.902,549,
336,7/19/2017 19:38,25.416,107.6,
337,7/19/2017 20:38,24.931,75.3,
338,7/19/2017 21:38,24.351,0,
339,7/19/2017 22:38,23.966,0,
340,7/19/2017 23:38,23.581,0,
341,7/20/2017 0:38,23.292,0,
342,7/20/2017 1:38,23.004,0,
343,7/20/2017 2:38,22.812,0,
344,7/20/2017 3:38,22.908,0,
345,7/20/2017 4:38,22.621,0,
346,7/20/2017 5:38,22.525,0,
347,7/20/2017 6:38,22.238,43.1,
348,7/20/2017 7:38,22.142,452.1,
349,7/20/2017 8:38,22.333,4650,
350,7/20/2017 9:38,22.525,904.2,
351,7/20/2017 10:38,23.1,2927.8,
352,7/20/2017 11:38,23.773,1808.3,
353,7/20/2017 12:00,,,35.677
354,7/20/2017 12:38,24.351,2066.7,
355,7/20/2017 13:38,24.738,8611.2,
356,7/20/2017 14:38,25.805,4133.4,
357,7/20/2017 15:38,25.708,2583.4,
358,7/20/2017 16:38,26.683,4477.8,
359,7/20/2017 17:38,26.781,2927.8,
360,7/20/2017 18:38,26.879,1022.6,
361,7/20/2017 19:38,26.585,1044.1,
362,7/20/2017 20:38,25.805,333.7,
363,7/20/2017 21:38,25.125,0,
364,7/20/2017 22:38,24.545,0,
365,7/20/2017 23:38,24.158,0,
366,7/21/2017 0:38,23.869,0,
367,7/21/2017 1:38,23.677,0,
368,7/21/2017 2:38,23.484,0,
369,7/21/2017 3:38,23.292,0,
370,7/21/2017 4:38,23.1,0,
371,7/21/2017 5:38,23.004,0,
372,7/21/2017 6:38,22.717,64.6,
373,7/21/2017 7:38,22.621,473.6,
374,7/21/2017 8:38,22.908,635.1,
375,7/21/2017 9:38,23.292,914.9,
376,7/21/2017 10:38,23.581,3616.7,
377,7/21/2017 11:38,24.062,3788.9,
378,7/21/2017 12:00,,,40.704
379,7/21/2017 12:38,24.641,4305.6,
380,7/21/2017 13:38,25.028,2152.8,
381,7/21/2017 14:38,25.805,4650,
382,7/21/2017 15:38,26,4650,
383,7/21/2017 16:38,26.488,1808.3,
384,7/21/2017 17:38,26.488,688.9,
385,7/21/2017 18:38,26.097,204.5,
386,7/21/2017 19:38,25.61,236.8,
387,7/21/2017 20:38,25.222,53.8,
388,7/21/2017 21:38,24.738,0,
389,7/21/2017 22:38,24.158,0,
390,7/21/2017 23:38,23.773,0,
391,7/22/2017 0:38,23.484,0,
392,7/22/2017 1:38,23.484,0,
393,7/22/2017 2:38,23.196,0,
394,7/22/2017 3:38,23.1,0,
395,7/22/2017 4:38,22.908,0,
396,7/22/2017 5:38,22.812,0,
397,7/22/2017 6:38,22.717,43.1,
398,7/22/2017 7:38,22.621,129.2,
399,7/22/2017 8:38,22.717,624.3,
400,7/22/2017 9:38,23.1,4133.4,
401,7/22/2017 10:38,22.812,914.9,
402,7/22/2017 11:38,23.677,3100,
403,7/22/2017 12:00,,,44.188
404,7/22/2017 12:38,23.677,3272.2,
405,7/22/2017 13:38,23.773,1550,
406,7/22/2017 14:38,24.062,538.2,
407,7/22/2017 15:38,23.869,818.1,
408,7/22/2017 16:38,23.773,527.4,
409,7/22/2017 17:38,23.773,484.4,
410,7/22/2017 18:38,23.869,376.7,
411,7/22/2017 19:38,23.773,183,
412,7/22/2017 20:38,23.581,53.8,
413,7/22/2017 21:38,23.292,0,
414,7/22/2017 22:38,23.196,0,
415,7/22/2017 23:38,23.1,0,
416,7/23/2017 0:38,22.908,0,
417,7/23/2017 1:38,22.812,0,
418,7/23/2017 2:38,22.717,0,
419,7/23/2017 3:38,22.525,0,
420,7/23/2017 4:38,22.429,0,
421,7/23/2017 5:38,22.333,0,
422,7/23/2017 6:38,22.238,0,
423,7/23/2017 7:38,22.046,0,
424,7/23/2017 8:38,21.855,21.5,
425,7/23/2017 9:38,21.569,10.8,
426,7/23/2017 10:38,21.378,807.3,
427,7/23/2017 11:38,21.282,505.9,
428,7/23/2017 12:00,,,45.999
429,7/23/2017 12:38,21.187,301.4,
430,7/23/2017 13:38,20.996,269.1,
431,7/23/2017 14:38,20.901,731.9,
432,7/23/2017 15:38,20.901,914.9,
433,7/23/2017 16:38,20.805,322.9,
434,7/23/2017 17:38,20.71,1054.9,
435,7/23/2017 18:38,20.519,129.2,
436,7/23/2017 19:38,20.424,75.3,
437,7/23/2017 20:38,20.329,64.6,
438,7/23/2017 21:38,20.234,0,
439,7/23/2017 22:38,20.138,0,
440,7/23/2017 23:38,20.043,0,
441,7/24/2017 0:38,19.853,0,
442,7/24/2017 1:38,19.662,0,
443,7/24/2017 2:38,19.662,0,
444,7/24/2017 3:38,19.662,0,
445,7/24/2017 4:38,19.472,0,
446,7/24/2017 5:38,19.377,0,
447,7/24/2017 6:38,19.282,226,
448,7/24/2017 7:38,19.377,861.1,
449,7/24/2017 8:38,19.567,16533.4,
450,7/24/2017 9:38,19.853,2927.8,
451,7/24/2017 10:38,20.043,3100,
452,7/24/2017 11:38,20.424,4477.8,
453,7/24/2017 12:00,,,48.008
454,7/24/2017 12:38,20.805,2755.6,
455,7/24/2017 13:38,21.378,2066.7,
456,7/24/2017 14:38,21.855,2669.5,
457,7/24/2017 15:38,22.333,1894.5,
458,7/24/2017 16:38,23.484,1194.8,
459,7/24/2017 17:38,23.581,904.2,
460,7/24/2017 18:38,23.581,1980.6,
461,7/24/2017 19:38,23.292,559.7,
462,7/24/2017 20:38,22.525,172.2,
463,7/24/2017 21:38,21.951,0,
464,7/24/2017 22:38,21.569,0,
465,7/24/2017 23:38,21.282,0,
466,7/25/2017 0:38,21.091,0,
467,7/25/2017 1:38,20.901,0,
468,7/25/2017 2:38,20.615,0,
469,7/25/2017 3:38,20.424,0,
470,7/25/2017 4:38,20.234,0,
471,7/25/2017 5:38,20.043,0,
472,7/25/2017 6:38,19.948,333.7,
473,7/25/2017 7:38,19.948,1636.1,
474,7/25/2017 8:38,20.138,1076.4,
475,7/25/2017 9:38,20.805,1463.9,
476,7/25/2017 10:38,20.996,2066.7,
477,7/25/2017 11:38,21.76,2669.5,
478,7/25/2017 12:00,,,51.383
479,7/25/2017 12:38,22.525,3272.2,
480,7/25/2017 13:38,23.581,3444.5,
481,7/25/2017 14:38,24.448,3272.2,
482,7/25/2017 15:38,25.125,6544.5,
483,7/25/2017 16:38,25.416,5511.1,
484,7/25/2017 17:38,25.416,4994.5,
485,7/25/2017 18:38,25.222,2927.8,
486,7/25/2017 19:38,24.641,1324,
487,7/25/2017 20:38,23.677,129.2,
488,7/25/2017 21:38,23.1,0,
489,7/25/2017 22:38,22.717,0,
490,7/25/2017 23:38,22.525,0,
491,7/26/2017 0:38,22.238,0,
492,7/26/2017 1:38,21.951,0,
493,7/26/2017 2:38,21.855,0,
494,7/26/2017 3:38,21.951,0,
495,7/26/2017 4:38,21.664,0,
496,7/26/2017 5:38,21.282,0,
497,7/26/2017 6:38,21.282,0,
498,7/26/2017 7:38,21.187,75.3,
499,7/26/2017 8:38,21.282,193.8,
500,7/26/2017 9:38,21.091,258.3,
501,7/26/2017 10:38,21.091,462.9,
502,7/26/2017 11:38,21.091,430.6,
503,7/26/2017 12:00,,,53.636
504,7/26/2017 12:38,21.091,549,
505,7/26/2017 13:38,21.378,549,
506,7/26/2017 14:38,21.378,258.3,
507,7/26/2017 15:38,21.664,904.2,
508,7/26/2017 16:38,21.76,1237.9,
509,7/26/2017 17:38,22.429,5166.7,
510,7/26/2017 18:38,23.004,4305.6,
511,7/26/2017 19:38,22.908,1808.3,
512,7/26/2017 20:38,22.429,150.7,
513,7/26/2017 21:38,22.046,0,
514,7/26/2017 22:38,21.76,0,
515,7/26/2017 23:38,21.569,0,
516,7/27/2017 0:38,21.187,0,
517,7/27/2017 1:38,20.901,0,
518,7/27/2017 2:38,20.615,0,
519,7/27/2017 3:38,20.424,0,
520,7/27/2017 4:38,20.234,0,
521,7/27/2017 5:38,20.138,0,
522,7/27/2017 6:38,19.948,86.1,
523,7/27/2017 7:38,20.138,592,
524,7/27/2017 8:38,20.424,1011.8,
525,7/27/2017 9:38,20.71,1808.3,
526,7/27/2017 10:38,20.901,1151.7,
527,7/27/2017 11:38,21.187,2066.7,
528,7/27/2017 12:00,,,56.026
529,7/27/2017 12:38,21.282,3616.7,
530,7/27/2017 13:38,22.046,1894.5,
531,7/27/2017 14:38,22.717,1377.8,
532,7/27/2017 15:38,23.196,5166.7,
533,7/27/2017 16:38,23.677,2325,
534,7/27/2017 17:38,23.869,1463.9,
535,7/27/2017 18:38,23.773,2238.9,
536,7/27/2017 19:38,23.292,613.5,
537,7/27/2017 20:38,22.717,53.8,
538,7/27/2017 21:38,22.238,0,
539,7/27/2017 22:38,21.951,0,
540,7/27/2017 23:38,21.664,0,
541,7/28/2017 0:38,21.378,0,
542,7/28/2017 1:38,21.282,0,
543,7/28/2017 2:38,21.091,0,
544,7/28/2017 3:38,20.901,0,
545,7/28/2017 4:38,20.805,0,
546,7/28/2017 5:38,20.71,0,
547,7/28/2017 6:38,20.615,64.6,
548,7/28/2017 7:38,20.615,495.1,
549,7/28/2017 8:38,20.805,1377.8,
550,7/28/2017 9:38,21.091,1367,
551,7/28/2017 10:38,21.76,1377.8,
552,7/28/2017 11:38,22.046,6544.5,
553,7/28/2017 12:00,,,59.766
554,7/28/2017 12:38,22.621,27555.7,
555,7/28/2017 13:38,22.908,1463.9,
556,7/28/2017 14:38,23.869,1345.5,
557,7/28/2017 15:38,24.062,1550,
558,7/28/2017 16:38,25.125,1636.1,
559,7/28/2017 17:38,25.61,1377.8,
560,7/28/2017 18:38,25.61,3788.9,
561,7/28/2017 19:38,25.125,1259.4,
562,7/28/2017 20:38,24.545,53.8,
563,7/28/2017 21:38,23.966,0,
564,7/28/2017 22:38,23.484,0,
565,7/28/2017 23:38,22.908,0,
566,7/29/2017 0:38,22.525,0,
567,7/29/2017 1:38,22.142,0,
568,7/29/2017 2:38,21.855,0,
569,7/29/2017 3:38,21.569,0,
570,7/29/2017 4:38,21.378,0,
571,7/29/2017 5:38,21.282,0,
572,7/29/2017 6:38,21.187,43.1,
573,7/29/2017 7:38,21.282,721.2,
574,7/29/2017 8:38,21.282,1367,
575,7/29/2017 9:38,21.569,1980.6,
576,7/29/2017 10:38,21.855,1259.4,
577,7/29/2017 11:38,22.429,1808.3,
578,7/29/2017 12:00,,,63.962
579,7/29/2017 12:38,22.908,4305.6,
580,7/29/2017 13:38,23.484,1065.6,
581,7/29/2017 14:38,24.641,2927.8,
582,7/29/2017 15:38,24.931,990.3,
583,7/29/2017 16:38,25.319,1345.5,
584,7/29/2017 17:38,26,2927.8,
585,7/29/2017 18:38,25.708,699.7,
586,7/29/2017 19:38,25.708,419.8,
587,7/29/2017 20:38,25.028,43.1,
588,7/29/2017 21:38,24.255,0,
589,7/29/2017 22:38,23.677,0,
590,7/29/2017 23:38,23.196,0,
591,7/30/2017 0:38,22.812,0,
592,7/30/2017 1:38,22.525,0,
593,7/30/2017 2:38,22.333,0,
594,7/30/2017 3:38,22.142,0,
595,7/30/2017 4:38,21.951,0,
596,7/30/2017 5:38,21.76,0,
597,7/30/2017 6:38,21.569,32.3,
598,7/30/2017 7:38,21.569,387.5,
599,7/30/2017 8:38,21.664,602.8,
600,7/30/2017 9:38,22.429,1550,
601,7/30/2017 10:38,22.525,10677.8,
602,7/30/2017 11:38,23.1,1463.9,
603,7/30/2017 12:00,,,68.794
604,7/30/2017 12:38,23.677,1980.6,
605,7/30/2017 13:38,24.448,5166.7,
606,7/30/2017 14:38,25.416,1367,
607,7/30/2017 15:38,25.61,1194.8,
608,7/30/2017 16:38,26.097,1463.9,
609,7/30/2017 17:38,26.488,3444.5,
610,7/30/2017 18:38,26.585,3788.9,
611,7/30/2017 19:38,26.781,990.3,
612,7/30/2017 20:38,26.195,75.3,
613,7/30/2017 21:38,25.513,0,
614,7/30/2017 22:38,25.028,0,
615,7/30/2017 23:38,24.545,0,
616,7/31/2017 0:38,24.255,0,
617,7/31/2017 1:38,23.966,0,
618,7/31/2017 2:38,23.677,0,
619,7/31/2017 3:38,23.388,0,
620,7/31/2017 4:38,23.1,0,
621,7/31/2017 5:38,23.004,0,
622,7/31/2017 6:38,22.908,10.8,
623,7/31/2017 7:38,22.908,538.2,
624,7/31/2017 8:38,23.004,1011.8,
625,7/31/2017 9:38,23.677,1550,
626,7/31/2017 10:38,23.966,1130.2,
627,7/31/2017 11:38,24.351,1463.9,
628,7/31/2017 12:00,,,75.052
629,7/31/2017 12:38,25.028,3788.9,
630,7/31/2017 13:38,25.805,1636.1,
631,7/31/2017 14:38,26.488,1184,
632,7/31/2017 15:38,27.173,2152.8,
633,7/31/2017 16:38,28.159,979.5,
634,7/31/2017 17:38,28.159,322.9,
635,7/31/2017 18:38,28.258,721.2,
636,7/31/2017 19:38,27.272,1980.6,
637,7/31/2017 20:38,27.37,107.6,
638,7/31/2017 21:38,26.879,0,
639,7/31/2017 22:38,26.39,0,
640,7/31/2017 23:38,25.902,0,
641,8/1/2017 0:38,25.416,0,
642,8/1/2017 1:38,25.125,0,
643,8/1/2017 2:38,24.835,0,
644,8/1/2017 3:38,24.448,0,
645,8/1/2017 4:38,24.158,0,
646,8/1/2017 5:38,24.062,0,
647,8/1/2017 6:38,23.966,21.5,
648,8/1/2017 7:38,23.773,236.8,
649,8/1/2017 8:38,23.869,947.2,
650,8/1/2017 9:38,24.158,1054.9,
651,8/1/2017 10:38,24.835,947.2,
652,8/1/2017 11:38,25.028,2152.8,
653,8/1/2017 12:00,,,80.188
654,8/1/2017 12:38,25.319,1550,
655,8/1/2017 13:38,25.513,1636.1,
656,8/1/2017 14:38,26,1894.5,
657,8/1/2017 15:38,25.028,290.6,
658,8/1/2017 16:38,25.902,807.3,
659,8/1/2017 17:38,24.641,258.3,
660,8/1/2017 18:38,25.708,958,
661,8/1/2017 19:38,25.222,129.2,
662,8/1/2017 20:38,24.931,21.5,
663,8/1/2017 21:38,24.641,0,
664,8/1/2017 22:38,24.255,0,
665,8/1/2017 23:38,23.966,0,
666,8/2/2017 0:38,23.773,0,
667,8/2/2017 1:38,23.484,0,
668,8/2/2017 2:38,23.196,0,
669,8/2/2017 3:38,23.1,0,
670,8/2/2017 4:38,23.004,0,
671,8/2/2017 5:38,22.908,0,
672,8/2/2017 6:38,22.812,0,
673,8/2/2017 7:38,22.812,96.9,
674,8/2/2017 8:38,22.812,398.3,
675,8/2/2017 9:38,22.812,527.4,
676,8/2/2017 10:38,23.1,904.2,
677,8/2/2017 11:38,23.581,1636.1,
678,8/2/2017 12:00,,,85.346
679,8/2/2017 12:38,24.448,581.3,
680,8/2/2017 13:38,24.835,3444.5,
681,8/2/2017 14:38,25.319,1291.7,
682,8/2/2017 15:38,26,1302.4,
683,8/2/2017 16:38,26.585,2755.6,
684,8/2/2017 17:38,26.39,1463.9,
685,8/2/2017 18:38,26.097,1980.6,
686,8/2/2017 19:38,25.61,409,
687,8/2/2017 20:38,25.028,96.9,
688,8/2/2017 21:38,24.448,0,
689,8/2/2017 22:38,24.158,0,
690,8/2/2017 23:38,23.773,0,
691,8/3/2017 0:38,23.677,0,
692,8/3/2017 1:38,23.484,0,
693,8/3/2017 2:38,23.292,0,
694,8/3/2017 3:38,23.1,0,
695,8/3/2017 4:38,22.908,0,
696,8/3/2017 5:38,22.717,0,
697,8/3/2017 6:38,22.525,43.1,
698,8/3/2017 7:38,22.429,484.4,
699,8/3/2017 8:38,22.429,581.3,
700,8/3/2017 9:38,22.621,861.1,
701,8/3/2017 10:38,22.238,376.7,
702,8/3/2017 11:38,22.142,1044.1,
703,8/3/2017 12:00,,,88.064
704,8/3/2017 12:38,22.142,699.7,
705,8/3/2017 13:38,21.951,473.6,
706,8/3/2017 14:38,21.951,430.6,
707,8/3/2017 15:38,21.951,936.5,
708,8/3/2017 16:38,22.046,1636.1,
709,8/3/2017 17:38,21.951,290.6,
710,8/3/2017 18:38,21.855,516.7,
711,8/3/2017 19:38,21.664,75.3,
712,8/3/2017 20:38,21.569,0,
713,8/3/2017 21:38,21.473,0,
714,8/3/2017 22:38,21.282,0,
715,8/3/2017 23:38,21.187,0,
716,8/4/2017 0:38,20.996,0,
717,8/4/2017 1:38,20.901,0,
718,8/4/2017 2:38,20.805,0,
719,8/4/2017 3:38,20.71,0,
720,8/4/2017 4:38,20.615,0,
721,8/4/2017 5:38,20.519,0,
722,8/4/2017 6:38,20.519,21.5,
723,8/4/2017 7:38,20.615,505.9,
724,8/4/2017 8:38,20.805,581.3,
725,8/4/2017 9:38,20.805,75.3,
726,8/4/2017 10:38,20.996,1162.5,
727,8/4/2017 11:38,21.855,538.2,
728,8/4/2017 12:00,,,90.048
729,8/4/2017 12:38,22.142,1722.2,
730,8/4/2017 13:38,22.908,990.3,
731,8/4/2017 14:38,22.717,828.8,
732,8/4/2017 15:38,22.525,667.4,
733,8/4/2017 16:38,22.333,150.7,
734,8/4/2017 17:38,21.951,290.6,
735,8/4/2017 18:38,21.76,430.6,
736,8/4/2017 19:38,21.569,96.9,
737,8/4/2017 20:38,21.378,0,
738,8/4/2017 21:38,21.282,0,
739,8/4/2017 22:38,21.091,0,
740,8/4/2017 23:38,20.901,0,
741,8/5/2017 0:38,20.71,0,
742,8/5/2017 1:38,20.615,0,
743,8/5/2017 2:38,20.329,0,
744,8/5/2017 3:38,20.234,0,
745,8/5/2017 4:38,20.043,0,
746,8/5/2017 5:38,19.853,0,
747,8/5/2017 6:38,19.662,0,
748,8/5/2017 7:38,19.567,215.3,
749,8/5/2017 8:38,19.662,1076.4,
750,8/5/2017 9:38,19.662,2497.2,
751,8/5/2017 10:38,19.948,904.2,
752,8/5/2017 11:38,20.519,5166.7,
753,8/5/2017 12:00,,,92.012
754,8/5/2017 12:38,20.615,1894.5,
755,8/5/2017 13:38,20.996,1636.1,
756,8/5/2017 14:38,21.664,3100,
757,8/5/2017 15:38,21.76,2152.8,
758,8/5/2017 16:38,22.525,2411.1,
759,8/5/2017 17:38,22.717,2497.2,
760,8/5/2017 18:38,23.388,1894.5,
761,8/5/2017 19:38,22.812,376.7,
762,8/5/2017 20:38,22.333,64.6,
763,8/5/2017 21:38,21.855,0,
764,8/5/2017 22:38,21.378,0,
765,8/5/2017 23:38,20.996,0,
766,8/6/2017 0:38,20.71,0,
767,8/6/2017 1:38,20.424,0,
768,8/6/2017 2:38,20.329,0,
769,8/6/2017 3:38,20.138,0,
770,8/6/2017 4:38,19.948,0,
771,8/6/2017 5:38,19.853,0,
772,8/6/2017 6:38,19.758,21.5,
773,8/6/2017 7:38,19.662,387.5,
774,8/6/2017 8:38,19.853,947.2,
775,8/6/2017 9:38,20.234,4133.4,
776,8/6/2017 10:38,20.71,3961.1,
777,8/6/2017 11:38,21.473,3788.9,
778,8/6/2017 12:00,,,94.493
779,8/6/2017 12:38,21.855,3100,
780,8/6/2017 13:38,22.525,6544.5,
781,8/6/2017 14:38,23.1,11022.3,
782,8/6/2017 15:38,23.581,1808.3,
783,8/6/2017 16:38,23.869,1550,
784,8/6/2017 17:38,24.158,3100,
785,8/6/2017 18:38,23.966,3616.7,
786,8/6/2017 19:38,23.773,1270.1,
787,8/6/2017 20:38,23.484,161.5,
788,8/6/2017 21:38,22.812,0,
789,8/6/2017 22:38,22.333,0,
790,8/6/2017 23:38,21.951,0,
791,8/7/2017 0:38,21.664,0,
792,8/7/2017 1:38,21.378,0,
793,8/7/2017 2:38,21.091,0,
794,8/7/2017 3:38,20.901,0,
795,8/7/2017 4:38,20.71,0,
796,8/7/2017 5:38,20.615,0,
797,8/7/2017 6:38,20.519,0,
798,8/7/2017 7:38,20.519,301.4,
799,8/7/2017 8:38,20.615,538.2,
800,8/7/2017 9:38,20.71,3444.5,
801,8/7/2017 10:38,21.187,4994.5,
802,8/7/2017 11:38,21.569,4305.6,
803,8/7/2017 12:00,,,97.704
804,8/7/2017 12:38,22.333,4822.3,
805,8/7/2017 13:38,22.812,861.1,
806,8/7/2017 14:38,23.581,936.5,
807,8/7/2017 15:38,24.062,688.9,
808,8/7/2017 16:38,24.255,775,
809,8/7/2017 17:38,24.738,839.6,
810,8/7/2017 18:38,24.835,678.1,
811,8/7/2017 19:38,24.448,247.6,
812,8/7/2017 20:38,23.869,21.5,
813,8/7/2017 21:38,23.292,0,
814,8/7/2017 22:38,22.717,0,
815,8/7/2017 23:38,22.238,0,
816,8/8/2017 0:38,21.951,0,
817,8/8/2017 1:38,21.76,0,
818,8/8/2017 2:38,21.473,0,
819,8/8/2017 3:38,21.378,0,
820,8/8/2017 4:38,21.187,0,
821,8/8/2017 5:38,21.091,0,
822,8/8/2017 6:38,20.901,0,
823,8/8/2017 7:38,20.901,462.9,
824,8/8/2017 8:38,20.996,1377.8,
825,8/8/2017 9:38,21.473,1291.7,
826,8/8/2017 10:38,21.664,1377.8,
827,8/8/2017 11:38,21.855,1894.5,
828,8/8/2017 12:00,,,100.623
829,8/8/2017 12:38,22.238,2325,
830,8/8/2017 13:38,22.812,2497.2,
831,8/8/2017 14:38,23.581,1550,
832,8/8/2017 15:38,23.773,1356.3,
833,8/8/2017 16:38,24.158,1377.8,
834,8/8/2017 17:38,23.869,635.1,
835,8/8/2017 18:38,23.869,1463.9,
836,8/8/2017 19:38,23.484,96.9,
837,8/8/2017 20:38,23.1,0,
838,8/8/2017 21:38,22.812,0,
839,8/8/2017 22:38,22.525,0,
840,8/8/2017 23:38,22.238,0,
841,8/9/2017 0:38,22.046,0,
842,8/9/2017 1:38,21.855,0,
843,8/9/2017 2:38,21.76,0,
844,8/9/2017 3:38,21.569,0,
845,8/9/2017 4:38,21.569,0,
846,8/9/2017 5:38,21.378,0,
847,8/9/2017 6:38,21.282,96.9,
848,8/9/2017 7:38,21.282,764.2,
849,8/9/2017 8:38,21.378,2238.9,
850,8/9/2017 9:38,21.664,3788.9,
851,8/9/2017 10:38,21.76,2325,
852,8/9/2017 11:38,21.76,1894.5,
853,8/9/2017 12:00,,,103.314
854,8/9/2017 12:38,21.951,4477.8,
855,8/9/2017 13:38,22.429,7233.4,
856,8/9/2017 14:38,22.717,7233.4,
857,8/9/2017 15:38,23.484,4650,
858,8/9/2017 16:38,23.484,656.6,
859,8/9/2017 17:38,23.581,1722.2,
860,8/9/2017 18:38,23.388,333.7,
861,8/9/2017 19:38,23.292,118.4,
862,8/9/2017 20:38,23.1,32.3,
863,8/9/2017 21:38,22.812,0,
864,8/9/2017 22:38,22.621,0,
865,8/9/2017 23:38,22.429,0,
866,8/10/2017 0:38,22.238,0,
867,8/10/2017 1:38,22.142,0,
868,8/10/2017 2:38,22.046,0,
869,8/10/2017 3:38,21.855,0,
870,8/10/2017 4:38,21.76,0,
871,8/10/2017 5:38,21.664,0,
872,8/10/2017 6:38,21.569,0,
873,8/10/2017 7:38,21.473,96.9,
874,8/10/2017 8:38,21.473,312.2,
875,8/10/2017 9:38,21.664,699.7,
876,8/10/2017 10:38,21.76,215.3,
877,8/10/2017 11:38,21.664,333.7,
878,8/10/2017 12:00,,,105.34
879,8/10/2017 12:38,21.569,226,
880,8/10/2017 13:38,21.664,527.4,
881,8/10/2017 14:38,21.855,1980.6,
882,8/10/2017 15:38,21.951,850.4,
883,8/10/2017 16:38,22.238,1151.7,
884,8/10/2017 17:38,22.333,1119.5,
885,8/10/2017 18:38,22.429,301.4,
886,8/10/2017 19:38,22.238,312.2,
887,8/10/2017 20:38,22.046,32.3,
888,8/10/2017 21:38,21.855,0,
889,8/10/2017 22:38,21.76,0,
890,8/10/2017 23:38,21.664,0,
891,8/11/2017 0:38,21.569,0,
892,8/11/2017 1:38,21.569,0,
893,8/11/2017 2:38,21.473,0,
894,8/11/2017 3:38,21.378,0,
895,8/11/2017 4:38,21.282,0,
896,8/11/2017 5:38,21.282,0,
897,8/11/2017 6:38,21.187,0,
898,8/11/2017 7:38,21.091,419.8,
899,8/11/2017 8:38,21.091,322.9,
900,8/11/2017 9:38,21.091,441.3,
901,8/11/2017 10:38,21.091,279.9,
902,8/11/2017 11:38,21.378,9300.1,
903,8/11/2017 12:00,,,107.106
904,8/11/2017 12:38,21.855,1808.3,
905,8/11/2017 13:38,22.142,1033.3,
906,8/11/2017 14:38,22.142,247.6,
907,8/11/2017 15:38,21.76,333.7,
908,8/11/2017 16:38,22.142,2411.1,
909,8/11/2017 17:38,22.142,1022.6,
910,8/11/2017 18:38,22.238,193.8,
911,8/11/2017 19:38,22.046,215.3,
912,8/11/2017 20:38,21.855,21.5,
913,8/11/2017 21:38,21.76,0,
914,8/11/2017 22:38,21.664,0,
915,8/11/2017 23:38,21.569,0,
916,8/12/2017 0:38,21.473,0,
917,8/12/2017 1:38,21.378,0,
918,8/12/2017 2:38,21.282,0,
919,8/12/2017 3:38,21.187,0,
920,8/12/2017 4:38,21.091,0,
921,8/12/2017 5:38,20.996,0,
922,8/12/2017 6:38,20.901,0,
923,8/12/2017 7:38,20.805,32.3,
924,8/12/2017 8:38,20.71,172.2,
925,8/12/2017 9:38,20.805,538.2,
926,8/12/2017 10:38,21.473,1119.5,
927,8/12/2017 11:38,21.569,3100,
928,8/12/2017 12:00,,,109.772
929,8/12/2017 12:38,21.951,1550,
930,8/12/2017 13:38,22.525,1808.3,
931,8/12/2017 14:38,22.908,3272.2,
932,8/12/2017 15:38,23.292,2927.8,
933,8/12/2017 16:38,23.677,1808.3,
934,8/12/2017 17:38,23.869,2411.1,
935,8/12/2017 18:38,23.773,1808.3,
936,8/12/2017 19:38,23.677,688.9,
937,8/12/2017 20:38,23.1,43.1,
938,8/12/2017 21:38,22.621,0,
939,8/12/2017 22:38,22.333,0,
940,8/12/2017 23:38,22.046,0,
941,8/13/2017 0:38,21.76,0,
942,8/13/2017 1:38,21.569,0,
943,8/13/2017 2:38,21.378,0,
944,8/13/2017 3:38,21.282,0,
945,8/13/2017 4:38,21.091,0,
946,8/13/2017 5:38,20.996,0,
947,8/13/2017 6:38,20.805,0,
948,8/13/2017 7:38,20.71,226,
949,8/13/2017 8:38,20.996,355.2,
950,8/13/2017 9:38,21.282,688.9,
951,8/13/2017 10:38,21.855,990.3,
952,8/13/2017 11:38,22.525,1345.5,
953,8/13/2017 12:00,,,113.114
954,8/13/2017 12:38,22.908,2927.8,
955,8/13/2017 13:38,23.388,5166.7,
956,8/13/2017 14:38,23.869,1980.6,
957,8/13/2017 15:38,24.545,3788.9,
958,8/13/2017 16:38,24.931,1463.9,
959,8/13/2017 17:38,24.931,1808.3,
960,8/13/2017 18:38,24.931,796.5,
961,8/13/2017 19:38,24.545,279.9,
962,8/13/2017 20:38,24.158,10.8,
963,8/13/2017 21:38,23.677,0,
964,8/13/2017 22:38,23.196,0,
965,8/13/2017 23:38,22.812,0,
966,8/14/2017 0:38,22.525,0,
967,8/14/2017 1:38,22.238,0,
968,8/14/2017 2:38,22.046,0,
969,8/14/2017 3:38,21.951,0,
970,8/14/2017 4:38,21.664,0,
971,8/14/2017 5:38,21.569,0,
972,8/14/2017 6:38,21.473,0,
973,8/14/2017 7:38,21.378,172.2,
974,8/14/2017 8:38,21.378,785.8,
975,8/14/2017 9:38,21.664,1808.3,
976,8/14/2017 10:38,22.046,15155.7,
977,8/14/2017 11:38,22.812,7577.8,
978,8/14/2017 12:00,,,116.391
979,8/14/2017 12:38,23.1,4133.4,
980,8/14/2017 13:38,23.869,979.5,
981,8/14/2017 14:38,24.255,1808.3,
982,8/14/2017 15:38,24.448,570.5,
983,8/14/2017 16:38,24.351,635.1,
984,8/14/2017 17:38,24.351,893.4,
985,8/14/2017 18:38,24.158,1377.8,
986,8/14/2017 19:38,23.773,366,
987,8/14/2017 20:38,23.484,10.8,
988,8/14/2017 21:38,23.196,0,
989,8/14/2017 22:38,22.812,0,
990,8/14/2017 23:38,22.525,0,
991,8/15/2017 0:38,22.333,0,
992,8/15/2017 1:38,22.238,0,
993,8/15/2017 2:38,22.142,0,
994,8/15/2017 3:38,22.046,0,
995,8/15/2017 4:38,21.951,0,
996,8/15/2017 5:38,21.855,0,
997,8/15/2017 6:38,21.76,21.5,
998,8/15/2017 7:38,21.76,3100,
999,8/15/2017 8:38,21.76,7577.8,
1000,8/15/2017 9:38,21.951,1141,
1001,8/15/2017 10:38,22.142,15844.5,
1002,8/15/2017 11:38,22.525,3444.5,
1003,8/15/2017 12:00,,,120.176
1004,8/15/2017 12:38,23.004,1151.7,
1005,8/15/2017 13:38,23.581,3788.9,
1006,8/15/2017 14:38,24.062,2152.8,
1007,8/15/2017 15:38,24.835,1377.8,
1008,8/15/2017 16:38,24.835,2755.6,
1009,8/15/2017 17:38,25.028,710.4,
1010,8/15/2017 18:38,24.931,2411.1,
1011,8/15/2017 19:38,24.448,312.2,
1012,8/15/2017 20:38,23.966,21.5,
1013,8/15/2017 21:38,23.677,0,
1014,8/15/2017 22:38,23.196,0,
1015,8/15/2017 23:38,23.004,0,
1016,8/16/2017 0:38,22.812,0,
1017,8/16/2017 1:38,22.621,0,
1018,8/16/2017 2:38,22.429,0,
1019,8/16/2017 3:38,22.238,0,
1020,8/16/2017 4:38,22.046,0,
1021,8/16/2017 5:38,21.951,0,
1022,8/16/2017 6:38,21.76,53.8,
1023,8/16/2017 7:38,21.76,430.6,
1024,8/16/2017 8:38,21.76,1356.3,
1025,8/16/2017 9:38,21.76,2755.6,
1026,8/16/2017 10:38,22.429,1065.6,
1027,8/16/2017 11:38,22.621,12400.1,
1028,8/16/2017 12:00,,,123.777
1029,8/16/2017 12:38,23.677,1636.1,
1030,8/16/2017 13:38,23.773,5511.1,
1031,8/16/2017 14:38,24.062,2583.4,
1032,8/16/2017 15:38,24.351,3788.9,
1033,8/16/2017 16:38,24.738,1463.9,
1034,8/16/2017 17:38,24.738,1302.4,
1035,8/16/2017 18:38,24.545,1463.9,
1036,8/16/2017 19:38,23.966,150.7,
1037,8/16/2017 20:38,23.484,86.1,
1038,8/16/2017 21:38,23.484,0,
1039,8/16/2017 22:38,23.196,0,
1040,8/16/2017 23:38,23.004,0,
1041,8/17/2017 0:38,22.812,0,
1042,8/17/2017 1:38,22.621,0,
1043,8/17/2017 2:38,22.525,0,
1044,8/17/2017 3:38,22.429,0,
1045,8/17/2017 4:38,22.333,0,
1046,8/17/2017 5:38,22.238,0,
1047,8/17/2017 6:38,22.046,0,
1048,8/17/2017 7:38,21.951,86.1,
1049,8/17/2017 8:38,21.855,139.9,
1050,8/17/2017 9:38,21.76,183,
1051,8/17/2017 10:38,21.569,269.1,
1052,8/17/2017 11:38,21.378,430.6,
1053,8/17/2017 12:00,,,125.7
1054,8/17/2017 12:38,21.282,527.4,
1055,8/17/2017 13:38,21.282,667.4,
1056,8/17/2017 14:38,21.187,484.4,
1057,8/17/2017 15:38,21.091,1808.3,
1058,8/17/2017 16:38,20.996,21.5,
1059,8/17/2017 17:38,20.901,183,
1060,8/17/2017 18:38,20.805,301.4,
1061,8/17/2017 19:38,20.71,32.3,
1062,8/17/2017 20:38,20.615,0,
1063,8/17/2017 21:38,20.615,0,
1064,8/17/2017 22:38,20.519,0,
1065,8/17/2017 23:38,20.519,0,
1066,8/18/2017 0:38,20.424,0,
1067,8/18/2017 1:38,20.424,0,
1068,8/18/2017 2:38,20.424,0,
1069,8/18/2017 3:38,20.329,0,
1070,8/18/2017 4:38,20.329,0,
1071,8/18/2017 5:38,20.329,0,
1072,8/18/2017 6:38,20.234,0,
1073,8/18/2017 7:38,20.234,279.9,
1074,8/18/2017 8:38,20.234,333.7,
1075,8/18/2017 9:38,20.329,387.5,
1076,8/18/2017 10:38,20.329,290.6,
1077,8/18/2017 11:38,20.329,731.9,
1078,8/18/2017 12:00,,,126.036
1079,8/18/2017 12:38,20.519,1463.9,
1080,8/18/2017 13:38,20.805,979.5,
1081,8/18/2017 14:38,20.519,258.3,
1082,8/18/2017 15:38,20.424,1065.6,
1083,8/18/2017 16:38,20.424,581.3,
1084,8/18/2017 17:38,20.234,409,
1085,8/18/2017 18:38,20.043,344.4,
1086,8/18/2017 19:38,19.853,118.4,
1087,8/18/2017 20:38,19.662,0,
1088,8/18/2017 21:38,19.567,0,
1089,8/18/2017 22:38,19.472,0,
1090,8/18/2017 23:38,19.377,0,
1091,8/19/2017 0:38,19.282,0,
1092,8/19/2017 1:38,19.092,0,
1093,8/19/2017 2:38,18.996,0,
1094,8/19/2017 3:38,18.996,0,
1095,8/19/2017 4:38,18.901,0,
1096,8/19/2017 5:38,18.901,0,
1097,8/19/2017 6:38,18.806,10.8,
1098,8/19/2017 7:38,18.711,430.6,
1099,8/19/2017 8:38,18.901,1636.1,
1100,8/19/2017 9:38,19.187,2152.8,
1101,8/19/2017 10:38,19.472,2238.9,
1102,8/19/2017 11:38,20.901,3272.2,
1103,8/19/2017 12:00,,,128.445
1104,8/19/2017 12:38,21.473,5511.1,
1105,8/19/2017 13:38,22.429,6200,
1106,8/19/2017 14:38,22.717,2583.4,
1107,8/19/2017 15:38,23.004,1173.3,
1108,8/19/2017 16:38,23.773,2497.2,
1109,8/19/2017 17:38,23.773,2583.4,
1110,8/19/2017 18:38,24.448,1808.3,
1111,8/19/2017 19:38,23.677,570.5,
1112,8/19/2017 20:38,23.581,32.3,
1113,8/19/2017 21:38,23.004,0,
1114,8/19/2017 22:38,22.525,0,
1115,8/19/2017 23:38,22.142,0,
1116,8/20/2017 0:38,21.855,0,
1117,8/20/2017 1:38,21.569,0,
1118,8/20/2017 2:38,21.378,0,
1119,8/20/2017 3:38,21.187,0,
1120,8/20/2017 4:38,20.901,0,
1121,8/20/2017 5:38,20.71,0,
1122,8/20/2017 6:38,20.615,0,
1123,8/20/2017 7:38,20.519,139.9,
1124,8/20/2017 8:38,20.519,430.6,
1125,8/20/2017 9:38,20.615,688.9,
1126,8/20/2017 10:38,21.091,1377.8,
1127,8/20/2017 11:38,21.664,3100,
1128,8/20/2017 12:00,,,131.348
1129,8/20/2017 12:38,22.908,2152.8,
1130,8/20/2017 13:38,23.581,1636.1,
1131,8/20/2017 14:38,23.292,1550,
1132,8/20/2017 15:38,23.773,1313.2,
1133,8/20/2017 16:38,24.062,1636.1,
1134,8/20/2017 17:38,24.351,1894.5,
1135,8/20/2017 18:38,23.484,398.3,
1136,8/20/2017 19:38,23.196,129.2,
1137,8/20/2017 20:38,22.621,0,
1138,8/20/2017 21:38,22.333,0,
1139,8/20/2017 22:38,21.951,0,
1140,8/20/2017 23:38,21.664,0,
1141,8/21/2017 0:38,21.378,0,
1142,8/21/2017 1:38,21.187,0,
1143,8/21/2017 2:38,21.091,0,
1144,8/21/2017 3:38,20.901,0,
1145,8/21/2017 4:38,20.805,0,
1146,8/21/2017 5:38,20.615,0,
1147,8/21/2017 6:38,20.424,0,
1148,8/21/2017 7:38,20.329,161.5,
1149,8/21/2017 8:38,20.424,387.5,
1150,8/21/2017 9:38,20.71,678.1,
1151,8/21/2017 10:38,21.091,1894.5,
1152,8/21/2017 11:38,21.76,1151.7,
1153,8/21/2017 12:00,,,135.046
1154,8/21/2017 12:38,22.525,3272.2,
1155,8/21/2017 13:38,23.292,1550,
1156,8/21/2017 14:38,23.773,570.5,
1157,8/21/2017 15:38,23.966,2238.9,
1158,8/21/2017 16:38,24.351,1463.9,
1159,8/21/2017 17:38,24.835,1108.7,
1160,8/21/2017 18:38,25.708,419.8,
1161,8/21/2017 19:38,25.319,75.3,
1162,8/21/2017 20:38,25.028,0,
1163,8/21/2017 21:38,24.641,0,
1164,8/21/2017 22:38,24.351,0,
1165,8/21/2017 23:38,23.966,0,
1166,8/22/2017 0:38,23.773,0,
1167,8/22/2017 1:38,23.484,0,
1168,8/22/2017 2:38,23.292,0,
1169,8/22/2017 3:38,23.196,0,
1170,8/22/2017 4:38,23.1,0,
1171,8/22/2017 5:38,22.908,0,
1172,8/22/2017 6:38,22.812,0,
1173,8/22/2017 7:38,22.621,64.6,
1174,8/22/2017 8:38,22.429,32.3,
1175,8/22/2017 9:38,22.046,742.7,
1176,8/22/2017 10:38,21.187,2066.7,
1177,8/22/2017 11:38,21.855,1808.3,
1178,8/22/2017 12:00,,,137.375
1179,8/22/2017 12:38,21.664,2152.8,
1180,8/22/2017 13:38,21.664,462.9,
1181,8/22/2017 14:38,22.238,807.3,
1182,8/22/2017 15:38,22.621,1722.2,
1183,8/22/2017 16:38,22.238,3100,
1184,8/22/2017 17:38,21.282,1345.5,
1185,8/22/2017 18:38,21.378,333.7,
1186,8/22/2017 19:38,21.282,279.9,
1187,8/22/2017 20:38,20.71,0,
1188,8/22/2017 21:38,20.424,0,
1189,8/22/2017 22:38,20.138,0,
1190,8/22/2017 23:38,19.948,0,
1191,8/23/2017 0:38,19.758,0,
1192,8/23/2017 1:38,19.662,0,
1193,8/23/2017 2:38,19.472,0,
1194,8/23/2017 3:38,19.472,0,
1195,8/23/2017 4:38,19.377,0,
1196,8/23/2017 5:38,19.377,0,
1197,8/23/2017 6:38,19.187,0,
1198,8/23/2017 7:38,19.187,96.9,
1199,8/23/2017 8:38,19.187,269.1,
1200,8/23/2017 9:38,19.187,193.8,
1201,8/23/2017 10:38,19.187,688.9,
1202,8/23/2017 11:38,19.092,645.8,
1203,8/23/2017 12:00,,,137.375
1204,8/23/2017 12:38,19.092,1356.3,
1205,8/23/2017 13:38,19.092,785.8,
1206,8/23/2017 14:38,19.092,710.4,
1207,8/23/2017 15:38,19.187,301.4,
1208,8/23/2017 16:38,19.187,290.6,
1209,8/23/2017 17:38,19.187,269.1,
1210,8/23/2017 18:38,18.996,129.2,
1211,8/23/2017 19:38,18.901,32.3,
1212,8/23/2017 20:38,18.711,0,
1213,8/23/2017 21:38,18.616,0,
1214,8/23/2017 22:38,18.616,0,
1215,8/23/2017 23:38,18.426,0,
1216,8/24/2017 0:38,18.426,0,
1217,8/24/2017 1:38,18.331,0,
1218,8/24/2017 2:38,18.236,0,
1219,8/24/2017 3:38,18.045,0,
1220,8/24/2017 4:38,18.045,0,
1221,8/24/2017 5:38,17.95,0,
1222,8/24/2017 6:38,17.76,0,
1223,8/24/2017 7:38,17.76,129.2,
1224,8/24/2017 8:38,17.76,344.4,
1225,8/24/2017 9:38,17.855,570.5,
1226,8/24/2017 10:38,18.236,1270.1,
1227,8/24/2017 11:38,18.901,1636.1,
1228,8/24/2017 12:00,,,137.525
1229,8/24/2017 12:38,19.092,1980.6,
1230,8/24/2017 13:38,19.472,1980.6,
1231,8/24/2017 14:38,19.853,1980.6,
1232,8/24/2017 15:38,20.234,1550,
1233,8/24/2017 16:38,20.329,1808.3,
1234,8/24/2017 17:38,20.615,1550,
1235,8/24/2017 18:38,20.615,1980.6,
1236,8/24/2017 19:38,20.234,635.1,
1237,8/24/2017 20:38,19.758,0,
1238,8/24/2017 21:38,19.282,0,
1239,8/24/2017 22:38,18.901,0,
1240,8/24/2017 23:38,18.616,0,
1241,8/25/2017 0:38,18.331,0,
1242,8/25/2017 1:38,18.14,0,
1243,8/25/2017 2:38,17.95,0,
1244,8/25/2017 3:38,17.855,0,
1245,8/25/2017 4:38,17.76,0,
1246,8/25/2017 5:38,17.665,0,
1247,8/25/2017 6:38,17.57,0,
1248,8/25/2017 7:38,17.379,161.5,
1249,8/25/2017 8:38,17.475,441.3,
1250,8/25/2017 9:38,17.665,861.1,
1251,8/25/2017 10:38,17.95,1173.3,
1252,8/25/2017 11:38,18.711,1550,
1253,8/25/2017 12:00,,,138.225
1254,8/25/2017 12:38,19.567,1377.8,
1255,8/25/2017 13:38,20.043,1173.3,
1256,8/25/2017 14:38,20.615,1808.3,
1257,8/25/2017 15:38,21.282,1302.4,
1258,8/25/2017 16:38,21.569,1302.4,
1259,8/25/2017 17:38,21.664,914.9,
1260,8/25/2017 18:38,21.855,516.7,
1261,8/25/2017 19:38,21.569,150.7,
1262,8/25/2017 20:38,20.996,0,
1263,8/25/2017 21:38,20.424,0,
1264,8/25/2017 22:38,19.948,0,
1265,8/25/2017 23:38,19.567,0,
1266,8/26/2017 0:38,19.282,0,
1267,8/26/2017 1:38,19.092,0,
1268,8/26/2017 2:38,18.806,0,
1269,8/26/2017 3:38,18.616,0,
1270,8/26/2017 4:38,18.426,0,
1271,8/26/2017 5:38,18.236,0,
1272,8/26/2017 6:38,18.045,0,
1273,8/26/2017 7:38,17.95,1054.9,
1274,8/26/2017 8:38,17.95,1162.5,
1275,8/26/2017 9:38,18.14,1162.5,
1276,8/26/2017 10:38,18.426,1259.4,
1277,8/26/2017 11:38,19.092,1227.1,
1278,8/26/2017 12:00,,,139.402
1279,8/26/2017 12:38,19.853,925.7,
1280,8/26/2017 13:38,21.378,1076.4,
1281,8/26/2017 14:38,21.76,20666.8,
1282,8/26/2017 15:38,22.238,1097.9,
1283,8/26/2017 16:38,22.429,1377.8,
1284,8/26/2017 17:38,22.621,1722.2,
1285,8/26/2017 18:38,22.621,764.2,
1286,8/26/2017 19:38,22.333,183,
1287,8/26/2017 20:38,21.951,0,
1288,8/26/2017 21:38,21.282,0,
1289,8/26/2017 22:38,20.901,0,
1290,8/26/2017 23:38,20.519,0,
1291,8/27/2017 0:38,20.234,0,
1292,8/27/2017 1:38,19.948,0,
1293,8/27/2017 2:38,19.662,0,
1294,8/27/2017 3:38,19.567,0,
1295,8/27/2017 4:38,19.377,0,
1296,8/27/2017 5:38,19.187,0,
1297,8/27/2017 6:38,19.092,0,
1298,8/27/2017 7:38,18.901,204.5,
1299,8/27/2017 8:38,18.901,322.9,
1300,8/27/2017 9:38,18.901,441.3,
1301,8/27/2017 10:38,19.187,462.9,
1302,8/27/2017 11:38,19.853,1550,
1303,8/27/2017 12:00,,,139.441
1304,8/27/2017 12:38,19.853,4822.3,
1305,8/27/2017 13:38,19.758,5166.7,
1306,8/27/2017 14:38,19.758,1550,
1307,8/27/2017 15:38,19.758,1173.3,
1308,8/27/2017 16:38,19.567,1722.2,
1309,8/27/2017 17:38,19.472,355.2,
1310,8/27/2017 18:38,19.377,96.9,
1311,8/27/2017 19:38,19.282,75.3,
1312,8/27/2017 20:38,19.187,0,
1313,8/27/2017 21:38,19.187,0,
1314,8/27/2017 22:38,19.092,0,
1315,8/27/2017 23:38,18.996,0,
1316,8/28/2017 0:38,18.901,0,
1317,8/28/2017 1:38,18.806,0,
1318,8/28/2017 2:38,18.711,0,
1319,8/28/2017 3:38,18.711,0,
1320,8/28/2017 4:38,18.616,0,
1321,8/28/2017 5:38,18.521,0,
1322,8/28/2017 6:38,18.521,0,
1323,8/28/2017 7:38,18.426,32.3,
1324,8/28/2017 8:38,18.521,118.4,
1325,8/28/2017 9:38,18.521,1980.6,
1326,8/28/2017 10:38,18.521,1119.5,
1327,8/28/2017 11:38,18.616,2325,
1328,8/28/2017 12:00,,,139.789
1329,8/28/2017 12:38,18.901,2583.4,
1330,8/28/2017 13:38,19.282,6200,
1331,8/28/2017 14:38,20.043,5166.7,
1332,8/28/2017 15:38,20.71,10677.8,
1333,8/28/2017 16:38,20.996,1550,
1334,8/28/2017 17:38,20.996,3272.2,
1335,8/28/2017 18:38,20.71,893.4,
1336,8/28/2017 19:38,20.615,32.3,
1337,8/28/2017 20:38,20.424,0,
1338,8/28/2017 21:38,20.329,0,
1339,8/28/2017 22:38,20.138,0,
1340,8/28/2017 23:38,20.043,0,
1341,8/29/2017 0:38,19.948,0,
1342,8/29/2017 1:38,19.853,0,
1343,8/29/2017 2:38,19.758,0,
1344,8/29/2017 3:38,19.662,0,
1345,8/29/2017 4:38,19.567,0,
1346,8/29/2017 5:38,19.472,0,
1347,8/29/2017 6:38,19.472,0,
1348,8/29/2017 7:38,19.377,43.1,
1349,8/29/2017 8:38,19.377,355.2,
1350,8/29/2017 9:38,19.472,322.9,
1351,8/29/2017 10:38,19.567,419.8,
1352,8/29/2017 11:38,19.662,1044.1,
1353,8/29/2017 12:00,,,140.69
1354,8/29/2017 12:38,19.853,688.9,
1355,8/29/2017 13:38,20.329,1463.9,
1356,8/29/2017 14:38,20.71,1377.8,
1357,8/29/2017 15:38,20.901,1980.6,
1358,8/29/2017 16:38,21.664,6200,
1359,8/29/2017 17:38,21.76,2325,
1360,8/29/2017 18:38,21.569,1044.1,
1361,8/29/2017 19:38,21.378,204.5,
1362,8/29/2017 20:38,21.187,0,
1363,8/29/2017 21:38,20.901,0,
1364,8/29/2017 22:38,20.71,0,
1365,8/29/2017 23:38,20.519,0,
1366,8/30/2017 0:38,20.329,0,
1367,8/30/2017 1:38,20.234,0,
1368,8/30/2017 2:38,20.138,0,
1369,8/30/2017 3:38,20.043,0,
1370,8/30/2017 4:38,20.043,0,
1371,8/30/2017 5:38,19.948,0,
1372,8/30/2017 6:38,19.853,0,
1373,8/30/2017 7:38,19.853,344.4,
1374,8/30/2017 8:38,19.853,1280.9,
1375,8/30/2017 9:38,19.948,1377.8,
1376,8/30/2017 10:38,19.948,1184,
1377,8/30/2017 11:38,19.948,441.3,
1378,8/30/2017 12:00,,,140.89
1379,8/30/2017 12:38,20.234,4133.4,
1380,8/30/2017 13:38,20.138,775,
1381,8/30/2017 14:38,20.329,2927.8,
1382,8/30/2017 15:38,20.424,1808.3,
1383,8/30/2017 16:38,20.519,290.6,
1384,8/30/2017 17:38,20.519,269.1,
1385,8/30/2017 18:38,20.329,75.3,
1386,8/30/2017 19:38,20.138,258.3,
1387,8/30/2017 20:38,20.043,0,
1388,8/30/2017 21:38,19.853,0,
1389,8/30/2017 22:38,19.758,0,
1390,8/30/2017 23:38,19.567,0,
1391,8/31/2017 0:38,19.472,0,
1392,8/31/2017 1:38,19.282,0,
1393,8/31/2017 2:38,19.092,0,
1394,8/31/2017 3:38,18.901,0,
1395,8/31/2017 4:38,18.806,0,
1396,8/31/2017 5:38,18.616,0,
1397,8/31/2017 6:38,18.521,0,
1398,8/31/2017 7:38,18.331,118.4,
1399,8/31/2017 8:38,18.331,828.8,
1400,8/31/2017 9:38,18.426,6544.5,
1401,8/31/2017 10:38,18.616,2066.7,
1402,8/31/2017 11:38,18.806,9644.5,
1403,8/31/2017 12:00,,,141.232
1404,8/31/2017 12:38,19.377,1894.5,
1405,8/31/2017 13:38,19.758,419.8,
1406,8/31/2017 14:38,20.138,979.5,
1407,8/31/2017 15:38,20.519,592,
1408,8/31/2017 16:38,20.805,635.1,
1409,8/31/2017 17:38,20.996,430.6,
1410,8/31/2017 18:38,20.901,495.1,
1411,8/31/2017 19:38,20.329,64.6,
1412,8/31/2017 20:38,19.853,0,
1413,8/31/2017 21:38,19.567,0,
1414,8/31/2017 22:38,19.282,0,
1415,8/31/2017 23:38,19.092,0,
1416,9/1/2017 0:38,18.901,0,
1417,9/1/2017 1:38,18.711,0,
1418,9/1/2017 2:38,18.616,0,
1419,9/1/2017 3:38,18.426,0,
1420,9/1/2017 4:38,18.236,0,
1421,9/1/2017 5:38,18.14,0,
1422,9/1/2017 6:38,18.045,0,
1423,9/1/2017 7:38,17.855,581.3,
1424,9/1/2017 8:38,18.045,8266.7,
1425,9/1/2017 9:38,18.14,1636.1,
1426,9/1/2017 10:38,18.426,2238.9,
1427,9/1/2017 11:38,18.901,2066.7,
1428,9/1/2017 12:00,,,142.077
1429,9/1/2017 12:38,19.377,2325,
1430,9/1/2017 13:38,20.138,1141,
1431,9/1/2017 14:38,21.091,28933.5,
1432,9/1/2017 15:38,21.282,2066.7,
1433,9/1/2017 16:38,22.046,6200,
1434,9/1/2017 17:38,21.76,5166.7,
1435,9/1/2017 18:38,21.664,3616.7,
1436,9/1/2017 19:38,21.187,204.5,
1437,9/1/2017 20:38,20.71,0,
1438,9/1/2017 21:38,20.329,0,
1439,9/1/2017 22:38,19.853,0,
1440,9/1/2017 23:38,19.567,0,
1441,9/2/2017 0:38,19.282,0,
1442,9/2/2017 1:38,18.996,0,
1443,9/2/2017 2:38,18.806,0,
1444,9/2/2017 3:38,18.521,0,
1445,9/2/2017 4:38,18.426,0,
1446,9/2/2017 5:38,18.236,0,
1447,9/2/2017 6:38,18.045,0,
1448,9/2/2017 7:38,17.95,441.3,
1449,9/2/2017 8:38,17.855,376.7,
1450,9/2/2017 9:38,17.95,1367,
1451,9/2/2017 10:38,18.14,968.8,
1452,9/2/2017 11:38,18.521,6544.5,
1453,9/2/2017 12:00,,,142.077
1454,9/2/2017 12:38,18.806,2411.1,
1455,9/2/2017 13:38,18.901,635.1,
1456,9/2/2017 14:38,18.996,2755.6,
1457,9/2/2017 15:38,18.996,914.9,
1458,9/2/2017 16:38,18.901,1097.9,
1459,9/2/2017 17:38,18.711,1248.6,
1460,9/2/2017 18:38,18.616,215.3,
1461,9/2/2017 19:38,18.521,32.3,
1462,9/2/2017 20:38,18.426,0,
1463,9/2/2017 21:38,18.331,0,
1464,9/2/2017 22:38,18.331,0,
1465,9/2/2017 23:38,18.236,0,
1466,9/3/2017 0:38,18.14,0,
1467,9/3/2017 1:38,18.045,0,
1468,9/3/2017 2:38,18.045,0,
1469,9/3/2017 3:38,17.95,0,
1470,9/3/2017 4:38,17.855,0,
1471,9/3/2017 5:38,17.855,0,
1472,9/3/2017 6:38,17.76,0,
1473,9/3/2017 7:38,17.76,21.5,
1474,9/3/2017 8:38,17.76,150.7,
1475,9/3/2017 9:38,17.76,236.8,
1476,9/3/2017 10:38,17.95,1065.6,
1477,9/3/2017 11:38,18.14,904.2,
1478,9/3/2017 12:00,,,142.566
1479,9/3/2017 12:38,18.426,1636.1,
1480,9/3/2017 13:38,19.092,1808.3,
1481,9/3/2017 14:38,20.234,1722.2,
1482,9/3/2017 15:38,20.996,2583.4,
1483,9/3/2017 16:38,21.378,1808.3,
1484,9/3/2017 17:38,21.282,764.2,
1485,9/3/2017 18:38,21.091,183,
1486,9/3/2017 19:38,21.282,0,
1487,9/3/2017 20:38,20.615,0,
1488,9/3/2017 21:38,20.329,0,
1489,9/3/2017 22:38,20.043,0,
1490,9/3/2017 23:38,19.758,0,
1491,9/4/2017 0:38,19.567,0,
1492,9/4/2017 1:38,19.377,0,
1493,9/4/2017 2:38,19.282,0,
1494,9/4/2017 3:38,19.187,0,
1495,9/4/2017 4:38,19.092,0,
1496,9/4/2017 5:38,18.996,0,
1497,9/4/2017 6:38,18.996,0,
1498,9/4/2017 7:38,18.901,107.6,
1499,9/4/2017 8:38,18.901,344.4,
1500,9/4/2017 9:38,18.996,452.1,
1501,9/4/2017 10:38,19.187,527.4,
1502,9/4/2017 11:38,19.377,796.5,
1503,9/4/2017 12:00,,,142.637
1504,9/4/2017 12:38,19.567,1227.1,
1505,9/4/2017 13:38,19.662,904.2,
1506,9/4/2017 14:38,19.662,150.7,
1507,9/4/2017 15:38,20.043,581.3,
1508,9/4/2017 16:38,20.329,1065.6,
1509,9/4/2017 17:38,20.234,871.9,
1510,9/4/2017 18:38,19.948,602.8,
1511,9/4/2017 19:38,19.472,75.3,
1512,9/4/2017 20:38,19.187,0,
1513,9/4/2017 21:38,19.092,0,
1514,9/4/2017 22:38,18.996,0,
1515,9/4/2017 23:38,18.806,0,
1516,9/5/2017 0:38,18.711,0,
1517,9/5/2017 1:38,18.521,0,
1518,9/5/2017 2:38,18.426,0,
1519,9/5/2017 3:38,18.331,0,
1520,9/5/2017 4:38,18.236,0,
1521,9/5/2017 5:38,18.14,0,
1522,9/5/2017 6:38,18.045,0,
1523,9/5/2017 7:38,18.045,96.9,
1524,9/5/2017 8:38,18.045,398.3,
1525,9/5/2017 9:38,18.331,1808.3,
1526,9/5/2017 10:38,18.331,753.5,
1527,9/5/2017 11:38,18.616,785.8,
1528,9/5/2017 12:00,,,142.637
1529,9/5/2017 12:38,18.616,742.7,
1530,9/5/2017 13:38,18.901,1162.5,
1531,9/5/2017 14:38,18.996,549,
1532,9/5/2017 15:38,19.282,1377.8,
1533,9/5/2017 16:38,19.377,699.7,
1534,9/5/2017 17:38,19.377,452.1,
1535,9/5/2017 18:38,19.187,527.4,
1536,9/5/2017 19:38,18.711,64.6,
1537,9/5/2017 20:38,18.521,0,
1538,9/5/2017 21:38,18.331,0,
1539,9/5/2017 22:38,18.236,0,
1540,9/5/2017 23:38,18.14,0,
1541,9/6/2017 0:38,17.95,0,
1542,9/6/2017 1:38,17.855,0,
1543,9/6/2017 2:38,17.76,0,
1544,9/6/2017 3:38,17.76,0,
1545,9/6/2017 4:38,17.57,0,
1546,9/6/2017 5:38,17.57,0,
1547,9/6/2017 6:38,17.475,0,
1548,9/6/2017 7:38,17.475,43.1,
1549,9/6/2017 8:38,17.379,139.9,
1550,9/6/2017 9:38,17.379,409,
1551,9/6/2017 10:38,17.475,1065.6,
1552,9/6/2017 11:38,17.665,914.9,
1553,9/6/2017 12:00,,,142.637
1554,9/6/2017 12:38,17.855,1076.4,
1555,9/6/2017 13:38,17.95,1550,
1556,9/6/2017 14:38,18.045,947.2,
1557,9/6/2017 15:38,18.14,2325,
1558,9/6/2017 16:38,18.521,2497.2,
1559,9/6/2017 17:38,18.426,1377.8,
1560,9/6/2017 18:38,18.331,398.3,
1561,9/6/2017 19:38,18.045,129.2,
1562,9/6/2017 20:38,17.855,0,
1563,9/6/2017 21:38,17.665,0,
1564,9/6/2017 22:38,17.57,0,
1565,9/6/2017 23:38,17.475,0,
1566,9/7/2017 0:38,17.379,0,
1567,9/7/2017 1:38,17.379,0,
1568,9/7/2017 2:38,17.284,0,
1569,9/7/2017 3:38,17.189,0,
1570,9/7/2017 4:38,17.189,0,
1571,9/7/2017 5:38,16.999,0,
1572,9/7/2017 6:38,16.903,0,
1573,9/7/2017 7:38,16.903,193.8,
1574,9/7/2017 8:38,16.903,398.3,
1575,9/7/2017 9:38,17.094,936.5,
1576,9/7/2017 10:38,17.379,1463.9,
1577,9/7/2017 11:38,17.665,796.5,
1578,9/7/2017 12:00,,,142.637
1579,9/7/2017 12:38,17.95,2669.5,
1580,9/7/2017 13:38,18.236,1980.6,
1581,9/7/2017 14:38,18.616,1291.7,
1582,9/7/2017 15:38,19.092,2152.8,
1583,9/7/2017 16:38,18.901,1463.9,
1584,9/7/2017 17:38,18.901,914.9,
1585,9/7/2017 18:38,18.521,301.4,
1586,9/7/2017 19:38,18.14,53.8,
1587,9/7/2017 20:38,17.855,0,
1588,9/7/2017 21:38,17.665,0,
1589,9/7/2017 22:38,17.475,0,
1590,9/7/2017 23:38,17.379,0,
1591,9/8/2017 0:38,17.284,0,
1592,9/8/2017 1:38,17.189,0,
1593,9/8/2017 2:38,16.999,0,
1594,9/8/2017 3:38,16.903,0,
1595,9/8/2017 4:38,16.713,0,
1596,9/8/2017 5:38,16.523,0,
1597,9/8/2017 6:38,16.427,0,
1598,9/8/2017 7:38,16.237,2497.2,
1599,9/8/2017 8:38,16.332,2066.7,
1600,9/8/2017 9:38,16.332,1011.8,
1601,9/8/2017 10:38,16.618,1808.3,
1602,9/8/2017 11:38,16.903,2066.7,
1603,9/8/2017 12:00,,,142.637
1604,9/8/2017 12:38,17.475,1636.1,
1605,9/8/2017 13:38,17.95,1463.9,
1606,9/8/2017 14:38,18.236,1550,
1607,9/8/2017 15:38,18.616,1722.2,
1608,9/8/2017 16:38,18.806,2152.8,
1609,9/8/2017 17:38,18.806,1141,
1610,9/8/2017 18:38,18.806,452.1,
1611,9/8/2017 19:38,18.426,129.2,
1612,9/8/2017 20:38,17.95,0,
1613,9/8/2017 21:38,17.57,0,
1614,9/8/2017 22:38,17.284,0,
1615,9/8/2017 23:38,17.189,0,
1616,9/9/2017 0:38,16.999,0,
1617,9/9/2017 1:38,16.808,0,
1618,9/9/2017 2:38,16.713,0,
1619,9/9/2017 3:38,16.618,0,
1620,9/9/2017 4:38,16.427,0,
1621,9/9/2017 5:38,16.237,0,
1622,9/9/2017 6:38,16.141,0,
1623,9/9/2017 7:38,16.046,139.9,
1624,9/9/2017 8:38,16.046,2238.9,
1625,9/9/2017 9:38,16.427,16533.4,
1626,9/9/2017 10:38,16.713,3961.1,
1627,9/9/2017 11:38,17.189,3788.9,
1628,9/9/2017 12:00,,,142.637
1629,9/9/2017 12:38,18.045,2669.5,
1630,9/9/2017 13:38,18.616,1808.3,
1631,9/9/2017 14:38,18.901,1377.8,
1632,9/9/2017 15:38,19.758,1894.5,
1633,9/9/2017 16:38,19.853,1722.2,
1634,9/9/2017 17:38,19.948,1119.5,
1635,9/9/2017 18:38,19.853,473.6,
1636,9/9/2017 19:38,19.567,118.4,
1637,9/9/2017 20:38,18.996,0,
1638,9/9/2017 21:38,18.521,0,
1639,9/9/2017 22:38,18.14,0,
1640,9/9/2017 23:38,17.855,0,
1641,9/10/2017 0:38,17.475,0,
1642,9/10/2017 1:38,17.284,0,
1643,9/10/2017 2:38,17.094,0,
1644,9/10/2017 3:38,16.903,0,
1645,9/10/2017 4:38,16.713,0,
1646,9/10/2017 5:38,16.523,0,
1647,9/10/2017 6:38,16.427,0,
1648,9/10/2017 7:38,16.237,269.1,
1649,9/10/2017 8:38,16.237,527.4,
1650,9/10/2017 9:38,16.523,4477.8,
1651,9/10/2017 10:38,16.808,5166.7,
1652,9/10/2017 11:38,17.475,7577.8,
1653,9/10/2017 12:00,,,142.637
1654,9/10/2017 12:38,18.14,14466.8,
1655,9/10/2017 13:38,18.901,18600.1,
1656,9/10/2017 14:38,19.187,4650,
1657,9/10/2017 15:38,19.472,3961.1,
1658,9/10/2017 16:38,19.948,4133.4,
1659,9/10/2017 17:38,19.758,1894.5,
1660,9/10/2017 18:38,19.472,419.8,
1661,9/10/2017 19:38,19.092,64.6,
1662,9/10/2017 20:38,18.711,0,
1663,9/10/2017 21:38,18.426,0,
1664,9/10/2017 22:38,18.236,0,
1665,9/10/2017 23:38,17.95,0,
1666,9/11/2017 0:38,17.76,0,
1667,9/11/2017 1:38,17.57,0,
1668,9/11/2017 2:38,17.379,0,
1669,9/11/2017 3:38,17.284,0,
1670,9/11/2017 4:38,17.189,0,
1671,9/11/2017 5:38,17.094,0,
1672,9/11/2017 6:38,16.903,0,
1673,9/11/2017 7:38,16.808,279.9,
1674,9/11/2017 8:38,16.808,6200,
1675,9/11/2017 9:38,16.999,2927.8,
1676,9/11/2017 10:38,17.094,2152.8,
1677,9/11/2017 11:38,17.855,2066.7,
1678,9/11/2017 12:00,,,142.644
1679,9/11/2017 12:38,18.426,4650,
1680,9/11/2017 13:38,19.187,6544.5,
1681,9/11/2017 14:38,19.948,20666.8,
1682,9/11/2017 15:38,20.138,861.1,
1683,9/11/2017 16:38,19.948,1722.2,
1684,9/11/2017 17:38,19.758,2583.4,
1685,9/11/2017 18:38,19.472,1237.9,
1686,9/11/2017 19:38,19.187,86.1,
1687,9/11/2017 20:38,18.996,0,
1688,9/11/2017 21:38,18.806,0,
1689,9/11/2017 22:38,18.616,0,
1690,9/11/2017 23:38,18.426,0,
1691,9/12/2017 0:38,18.426,0,
1692,9/12/2017 1:38,18.236,0,
1693,9/12/2017 2:38,18.236,0,
1694,9/12/2017 3:38,18.045,0,
1695,9/12/2017 4:38,17.95,0,
1696,9/12/2017 5:38,17.855,0,
1697,9/12/2017 6:38,17.855,0,
1698,9/12/2017 7:38,17.76,172.2,
1699,9/12/2017 8:38,17.76,667.4,
1700,9/12/2017 9:38,17.855,3616.7,
1701,9/12/2017 10:38,18.331,7577.8,
1702,9/12/2017 11:38,18.996,3616.7,
1703,9/12/2017 12:00,,,143.328
1704,9/12/2017 12:38,19.758,9644.5,
1705,9/12/2017 13:38,20.138,4133.4,
1706,9/12/2017 14:38,20.805,11711.2,
1707,9/12/2017 15:38,21.187,1980.6,
1708,9/12/2017 16:38,21.569,4305.6,
1709,9/12/2017 17:38,21.76,1054.9,
1710,9/12/2017 18:38,21.76,775,
1711,9/12/2017 19:38,21.282,32.3,
1712,9/12/2017 20:38,21.091,0,
1713,9/12/2017 21:38,20.519,0,
1714,9/12/2017 22:38,20.138,0,
1715,9/12/2017 23:38,19.758,0,
1716,9/13/2017 0:38,19.472,0,
1717,9/13/2017 1:38,19.187,0,
1718,9/13/2017 2:38,18.996,0,
1719,9/13/2017 3:38,18.806,0,
1720,9/13/2017 4:38,18.711,0,
1721,9/13/2017 5:38,18.521,0,
1722,9/13/2017 6:38,18.331,0,
1723,9/13/2017 7:38,18.236,161.5,
1724,9/13/2017 8:38,18.236,764.2,
1725,9/13/2017 9:38,18.426,1550,
1726,9/13/2017 10:38,18.806,3961.1,
1727,9/13/2017 11:38,19.187,11022.3,
1728,9/13/2017 12:00,,,144.164
1729,9/13/2017 12:38,19.948,7577.8,
1730,9/13/2017 13:38,20.519,1022.6,
1731,9/13/2017 14:38,21.187,1808.3,
1732,9/13/2017 15:38,21.76,1636.1,
1733,9/13/2017 16:38,21.76,1270.1,
1734,9/13/2017 17:38,21.951,893.4,
1735,9/13/2017 18:38,21.76,570.5,
1736,9/13/2017 19:38,21.569,107.6,
1737,9/13/2017 20:38,21.282,0,
1738,9/13/2017 21:38,20.901,0,
1739,9/13/2017 22:38,20.519,0,
1740,9/13/2017 23:38,20.234,0,
1741,9/14/2017 0:38,19.948,0,
1742,9/14/2017 1:38,19.758,0,
1743,9/14/2017 2:38,19.567,0,
1744,9/14/2017 3:38,19.377,0,
1745,9/14/2017 4:38,19.282,0,
1746,9/14/2017 5:38,19.092,0,
1747,9/14/2017 6:38,18.996,0,
1748,9/14/2017 7:38,18.901,150.7,
1749,9/14/2017 8:38,18.806,775,
1750,9/14/2017 9:38,18.996,1248.6,
1751,9/14/2017 10:38,19.092,7577.8,
1752,9/14/2017 11:38,19.567,17911.2,
1753,9/14/2017 12:00,,,144.911
1754,9/14/2017 12:38,19.758,5511.1,
1755,9/14/2017 13:38,20.329,3788.9,
1756,9/14/2017 14:38,21.091,4822.3,
1757,9/14/2017 15:38,21.282,3444.5,
1758,9/14/2017 16:38,21.473,2755.6,
1759,9/14/2017 17:38,21.569,1216.3,
1760,9/14/2017 18:38,21.664,527.4,
1761,9/14/2017 19:38,21.187,43.1,
1762,9/14/2017 20:38,20.901,0,
1763,9/14/2017 21:38,20.615,0,
1764,9/14/2017 22:38,20.329,0,
1765,9/14/2017 23:38,20.138,0,
1766,9/15/2017 0:38,19.948,0,
1767,9/15/2017 1:38,19.853,0,
1768,9/15/2017 2:38,19.662,0,
1769,9/15/2017 3:38,19.662,0,
1770,9/15/2017 4:38,19.567,0,
1771,9/15/2017 5:38,19.472,0,
1772,9/15/2017 6:38,19.472,0,
1773,9/15/2017 7:38,19.377,75.3,
1774,9/15/2017 8:38,19.377,1550,
1775,9/15/2017 9:38,19.567,4305.6,
1776,9/15/2017 10:38,19.662,1550,
1777,9/15/2017 11:38,20.043,3616.7,
1778,9/15/2017 12:00,,,146.046
1779,9/15/2017 12:38,20.424,1334.7,
1780,9/15/2017 13:38,20.615,3444.5,
1781,9/15/2017 14:38,21.569,7577.8,
1782,9/15/2017 15:38,21.569,27555.7,
1783,9/15/2017 16:38,22.142,18600.1,
1784,9/15/2017 17:38,21.855,4822.3,
1785,9/15/2017 18:38,21.76,731.9,
1786,9/15/2017 19:38,21.473,10.8,
1787,9/15/2017 20:38,21.378,0,
1788,9/15/2017 21:38,21.091,0,
1789,9/15/2017 22:38,20.71,0,
1790,9/15/2017 23:38,20.615,0,
1791,9/16/2017 0:38,20.424,0,
1792,9/16/2017 1:38,20.329,0,
1793,9/16/2017 2:38,20.138,0,
1794,9/16/2017 3:38,20.043,0,
1795,9/16/2017 4:38,20.234,0,
1796,9/16/2017 5:38,20.138,0,
1797,9/16/2017 6:38,19.948,0,
1798,9/16/2017 7:38,19.853,96.9,
1799,9/16/2017 8:38,19.948,850.4,
1800,9/16/2017 9:38,20.043,1808.3,
1801,9/16/2017 10:38,20.615,3961.1,
1802,9/16/2017 11:38,20.996,1130.2,
1803,9/16/2017 12:00,,,148.221
1804,9/16/2017 12:38,21.664,7233.4,
1805,9/16/2017 13:38,22.333,4133.4,
1806,9/16/2017 14:38,23.004,3444.5,
1807,9/16/2017 15:38,23.1,3788.9,
1808,9/16/2017 16:38,23.292,1636.1,
1809,9/16/2017 17:38,23.581,1808.3,
1810,9/16/2017 18:38,23.388,624.3,
1811,9/16/2017 19:38,23.196,43.1,
1812,9/16/2017 20:38,22.812,0,
1813,9/16/2017 21:38,22.333,0,
1814,9/16/2017 22:38,22.238,0,
1815,9/16/2017 23:38,21.951,0,
1816,9/17/2017 0:38,21.664,0,
1817,9/17/2017 1:38,21.473,0,
1818,9/17/2017 2:38,21.378,0,
1819,9/17/2017 3:38,21.187,0,
1820,9/17/2017 4:38,21.091,0,
1821,9/17/2017 5:38,20.996,0,
1822,9/17/2017 6:38,20.805,0,
1823,9/17/2017 7:38,20.71,118.4,
1824,9/17/2017 8:38,20.805,1130.2,
1825,9/17/2017 9:38,20.805,1894.5,
1826,9/17/2017 10:38,21.091,1550,
1827,9/17/2017 11:38,21.855,1636.1,
1828,9/17/2017 12:00,,,149.432
1829,9/17/2017 12:38,21.569,1356.3,
1830,9/17/2017 13:38,21.664,2152.8,
1831,9/17/2017 14:38,21.664,75.3,
1832,9/17/2017 15:38,21.378,785.8,
1833,9/17/2017 16:38,21.187,419.8,
1834,9/17/2017 17:38,20.996,279.9,
1835,9/17/2017 18:38,20.805,96.9,
1836,9/17/2017 19:38,20.71,21.5,
1837,9/17/2017 20:38,20.615,0,
1838,9/17/2017 21:38,20.424,0,
1839,9/17/2017 22:38,20.329,0,
1840,9/17/2017 23:38,20.234,0,
1841,9/18/2017 0:38,20.043,0,
1842,9/18/2017 1:38,19.948,0,
1843,9/18/2017 2:38,19.758,0,
1844,9/18/2017 3:38,19.662,0,
1845,9/18/2017 4:38,19.567,0,
1846,9/18/2017 5:38,19.472,0,
1847,9/18/2017 6:38,19.282,0,
1848,9/18/2017 7:38,19.187,387.5,
1849,9/18/2017 8:38,19.377,2325,
1850,9/18/2017 9:38,19.662,26178,
1851,9/18/2017 10:38,19.662,3788.9,
1852,9/18/2017 11:38,19.948,1463.9,
1853,9/18/2017 12:00,,,150.182
1854,9/18/2017 12:38,20.329,1377.8,
1855,9/18/2017 13:38,20.901,1119.5,
1856,9/18/2017 14:38,21.473,1313.2,
1857,9/18/2017 15:38,21.378,1463.9,
1858,9/18/2017 16:38,21.569,925.7,
1859,9/18/2017 17:38,21.473,807.3,
1860,9/18/2017 18:38,21.091,645.8,
1861,9/18/2017 19:38,20.71,21.5,
1862,9/18/2017 20:38,20.424,0,
1863,9/18/2017 21:38,20.138,0,
1864,9/18/2017 22:38,20.043,0,
1865,9/18/2017 23:38,19.948,0,
1866,9/19/2017 0:38,19.853,0,
1867,9/19/2017 1:38,19.662,0,
1868,9/19/2017 2:38,19.567,0,
1869,9/19/2017 3:38,19.567,0,
1870,9/19/2017 4:38,19.472,0,
1871,9/19/2017 5:38,19.377,0,
1872,9/19/2017 6:38,19.282,0,
1873,9/19/2017 7:38,19.187,86.1,
1874,9/19/2017 8:38,19.187,2411.1,
1875,9/19/2017 9:38,19.187,3100,
1876,9/19/2017 10:38,19.567,4650,
1877,9/19/2017 11:38,20.234,3444.5,
1878,9/19/2017 12:00,,,150.876
1879,9/19/2017 12:38,20.519,7233.4,
1880,9/19/2017 13:38,20.901,1550,
1881,9/19/2017 14:38,20.996,1216.3,
1882,9/19/2017 15:38,21.282,2583.4,
1883,9/19/2017 16:38,21.473,1980.6,
1884,9/19/2017 17:38,21.187,850.4,
1885,9/19/2017 18:38,20.996,699.7,
1886,9/19/2017 19:38,20.615,64.6,
1887,9/19/2017 20:38,20.424,0,
1888,9/19/2017 21:38,20.234,0,
1889,9/19/2017 22:38,20.138,0,
1890,9/19/2017 23:38,20.043,0,
1891,9/20/2017 0:38,19.948,0,
1892,9/20/2017 1:38,19.853,0,
1893,9/20/2017 2:38,19.758,0,
1894,9/20/2017 3:38,19.758,0,
1895,9/20/2017 4:38,19.662,0,
1896,9/20/2017 5:38,19.662,0,
1897,9/20/2017 6:38,19.567,0,
1898,9/20/2017 7:38,19.567,53.8,
1899,9/20/2017 8:38,19.567,64.6,
1900,9/20/2017 9:38,19.567,344.4,
1901,9/20/2017 10:38,19.662,785.8,
1902,9/20/2017 11:38,19.853,635.1,
1903,9/20/2017 12:00,,,151.238
1904,9/20/2017 12:38,20.043,2927.8,
1905,9/20/2017 13:38,20.234,1808.3,
1906,9/20/2017 14:38,20.329,742.7,
1907,9/20/2017 15:38,20.519,2325,
1908,9/20/2017 16:38,20.71,1894.5,
1909,9/20/2017 17:38,20.805,4133.4,
1910,9/20/2017 18:38,20.71,1173.3,
1911,9/20/2017 19:38,20.424,96.9,
1912,9/20/2017 20:38,20.424,0,
1913,9/20/2017 21:38,20.329,0,
1914,9/20/2017 22:38,20.329,0,
1915,9/20/2017 23:38,20.234,0,
1916,9/21/2017 0:38,20.234,0,
1917,9/21/2017 1:38,20.138,0,
1918,9/21/2017 2:38,20.043,0,
1919,9/21/2017 3:38,20.043,0,
1920,9/21/2017 4:38,20.043,0,
1921,9/21/2017 5:38,20.043,0,
1922,9/21/2017 6:38,20.043,0,
1923,9/21/2017 7:38,19.948,10.8,
1924,9/21/2017 8:38,20.138,1636.1,
1925,9/21/2017 9:38,20.329,3100,
1926,9/21/2017 10:38,20.424,430.6,
1927,9/21/2017 11:38,20.615,850.4,
1928,9/21/2017 12:00,,,152.53
1929,9/21/2017 12:38,20.71,1636.1,
1930,9/21/2017 13:38,20.901,1463.9,
1931,9/21/2017 14:38,21.091,1280.9,
1932,9/21/2017 15:38,21.378,818.1,
1933,9/21/2017 16:38,21.76,656.6,
1934,9/21/2017 17:38,22.046,462.9,
1935,9/21/2017 18:38,21.951,118.4,
1936,9/21/2017 19:38,22.142,0,
1937,9/21/2017 20:38,22.142,0,
1938,9/21/2017 21:38,21.951,0,
1939,9/21/2017 22:38,21.664,0,
1940,9/21/2017 23:38,21.473,0,
1941,9/22/2017 0:38,21.378,0,
1942,9/22/2017 1:38,21.282,0,
1943,9/22/2017 2:38,21.091,0,
1944,9/22/2017 3:38,20.996,0,
1945,9/22/2017 4:38,20.996,0,
1946,9/22/2017 5:38,20.901,0,
1947,9/22/2017 6:38,20.805,0,
1948,9/22/2017 7:38,20.805,10.8,
1949,9/22/2017 8:38,20.805,290.6,
1950,9/22/2017 9:38,20.805,344.4,
1951,9/22/2017 10:38,21.187,5511.1,
1952,9/22/2017 11:38,21.76,9300.1,
1953,9/22/2017 12:00,,,155.23
1954,9/22/2017 12:38,22.142,4477.8,
1955,9/22/2017 13:38,23.292,6544.5,
1956,9/22/2017 14:38,23.869,4305.6,
1957,9/22/2017 15:38,23.869,1980.6,
1958,9/22/2017 16:38,23.581,183,
1959,9/22/2017 17:38,23.1,226,
1960,9/22/2017 18:38,22.621,86.1,
1961,9/22/2017 19:38,22.142,0,
1962,9/22/2017 20:38,22.142,0,
1963,9/22/2017 21:38,22.046,0,
1964,9/22/2017 22:38,21.76,0,
1965,9/22/2017 23:38,21.855,0,
1966,9/23/2017 0:38,21.951,0,
1967,9/23/2017 1:38,21.855,0,
1968,9/23/2017 2:38,21.473,0,
1969,9/23/2017 3:38,21.664,0,
1970,9/23/2017 4:38,21.473,0,
1971,9/23/2017 5:38,21.282,0,
1972,9/23/2017 6:38,21.282,0,
1973,9/23/2017 7:38,21.282,193.8,
1974,9/23/2017 8:38,21.282,624.3,
1975,9/23/2017 9:38,21.378,1216.3,
1976,9/23/2017 10:38,21.76,4822.3,
1977,9/23/2017 11:38,22.142,1141,
1978,9/23/2017 12:00,,,158.534
1979,9/23/2017 12:38,22.429,1463.9,
1980,9/23/2017 13:38,22.908,2152.8,
1981,9/23/2017 14:38,23.004,8266.7,
1982,9/23/2017 15:38,23.677,7233.4,
1983,9/23/2017 16:38,24.545,57867,
1984,9/23/2017 17:38,24.062,710.4,
1985,9/23/2017 18:38,23.869,322.9,
1986,9/23/2017 19:38,23.581,0,
1987,9/23/2017 20:38,23.292,0,
1988,9/23/2017 21:38,22.908,0,
1989,9/23/2017 22:38,22.621,0,
1990,9/23/2017 23:38,22.429,0,
1991,9/24/2017 0:38,22.142,0,
1992,9/24/2017 1:38,22.046,0,
1993,9/24/2017 2:38,21.855,0,
1994,9/24/2017 3:38,21.855,0,
1995,9/24/2017 4:38,21.76,0,
1996,9/24/2017 5:38,21.664,0,
1997,9/24/2017 6:38,21.664,0,
1998,9/24/2017 7:38,21.569,43.1,
1999,9/24/2017 8:38,21.569,721.2,
2000,9/24/2017 9:38,21.664,1463.9,
2001,9/24/2017 10:38,21.951,1894.5,
2002,9/24/2017 11:38,22.333,1722.2,
2003,9/24/2017 12:00,,,162.497
2004,9/24/2017 12:38,23.004,8266.7,
2005,9/24/2017 13:38,23.773,10333.4,
2006,9/24/2017 14:38,24.545,2669.5,
2007,9/24/2017 15:38,25.319,44089.2,
2008,9/24/2017 16:38,25.416,3272.2,
2009,9/24/2017 17:38,25.222,8266.7,
2010,9/24/2017 18:38,24.448,226,
2011,9/24/2017 19:38,23.484,0,
2012,9/24/2017 20:38,23.484,0,
2013,9/24/2017 21:38,23.196,0,
2014,9/24/2017 22:38,23.1,0,
2015,9/24/2017 23:38,22.717,0,
2016,9/25/2017 0:38,22.429,0,
2017,9/25/2017 1:38,22.333,0,
2018,9/25/2017 2:38,22.142,0,
2019,9/25/2017 3:38,21.951,0,
2020,9/25/2017 4:38,21.76,0,
2021,9/25/2017 5:38,21.76,0,
2022,9/25/2017 6:38,21.664,0,
2023,9/25/2017 7:38,21.569,75.3,
2024,9/25/2017 8:38,21.569,850.4,
2025,9/25/2017 9:38,21.664,538.2,
2026,9/25/2017 10:38,21.855,828.8,
2027,9/25/2017 11:38,22.333,1980.6,
2028,9/25/2017 12:00,,,165.659
2029,9/25/2017 12:38,23.196,9300.1,
2030,9/25/2017 13:38,23.581,10333.4,
2031,9/25/2017 14:38,24.062,34444.7,
2032,9/25/2017 15:38,23.292,1162.5,
2033,9/25/2017 16:38,24.158,28933.5,
2034,9/25/2017 17:38,23.388,678.1,
2035,9/25/2017 18:38,23.292,322.9,
2036,9/25/2017 19:38,23.292,0,
2037,9/25/2017 20:38,23.1,0,
2038,9/25/2017 21:38,22.812,0,
2039,9/25/2017 22:38,22.525,0,
2040,9/25/2017 23:38,22.333,0,
2041,9/26/2017 0:38,22.142,0,
2042,9/26/2017 1:38,22.046,0,
2043,9/26/2017 2:38,21.855,0,
2044,9/26/2017 3:38,21.76,0,
2045,9/26/2017 4:38,21.664,0,
2046,9/26/2017 5:38,21.569,0,
2047,9/26/2017 6:38,21.473,0,
2048,9/26/2017 7:38,21.473,21.5,
2049,9/26/2017 8:38,21.378,462.9,
2050,9/26/2017 9:38,21.473,968.8,
2051,9/26/2017 10:38,21.855,4822.3,
2052,9/26/2017 11:38,21.951,1894.5,
2053,9/26/2017 12:00,,,168.2
2054,9/26/2017 12:38,22.812,18600.1,
2055,9/26/2017 13:38,23.292,3100,
2056,9/26/2017 14:38,23.292,6200,
2057,9/26/2017 15:38,23.292,904.2,
2058,9/26/2017 16:38,23.196,107.6,
2059,9/26/2017 17:38,23.004,613.5,
2060,9/26/2017 18:38,22.717,75.3,
2061,9/26/2017 19:38,22.621,0,
2062,9/26/2017 20:38,22.429,0,
2063,9/26/2017 21:38,22.142,0,
2064,9/26/2017 22:38,21.951,0,
2065,9/26/2017 23:38,21.855,0,
2066,9/27/2017 0:38,21.664,0,
2067,9/27/2017 1:38,21.473,0,
2068,9/27/2017 2:38,21.187,0,
2069,9/27/2017 3:38,21.091,0,
2070,9/27/2017 4:38,20.996,0,
2071,9/27/2017 5:38,20.901,0,
2072,9/27/2017 6:38,20.71,0,
2073,9/27/2017 7:38,20.519,0,
2074,9/27/2017 8:38,20.329,129.2,
2075,9/27/2017 9:38,20.329,258.3,
2076,9/27/2017 10:38,20.329,1130.2,
2077,9/27/2017 11:38,20.234,1044.1,
2078,9/27/2017 12:00,,,169.007
2079,9/27/2017 12:38,20.424,871.9,
2080,9/27/2017 13:38,20.234,3444.5,
2081,9/27/2017 14:38,20.329,1184,
2082,9/27/2017 15:38,20.519,1011.8,
2083,9/27/2017 16:38,20.138,495.1,
2084,9/27/2017 17:38,19.948,258.3,
2085,9/27/2017 18:38,19.758,75.3,
2086,9/27/2017 19:38,19.758,0,
2087,9/27/2017 20:38,19.567,0,
2088,9/27/2017 21:38,19.472,0,
2089,9/27/2017 22:38,19.282,0,
2090,9/27/2017 23:38,19.187,0,
2091,9/28/2017 0:38,19.092,0,
2092,9/28/2017 1:38,18.901,0,
2093,9/28/2017 2:38,18.806,0,
2094,9/28/2017 3:38,18.711,0,
2095,9/28/2017 4:38,18.616,0,
2096,9/28/2017 5:38,18.521,0,
2097,9/28/2017 6:38,18.331,0,
2098,9/28/2017 7:38,18.236,10.8,
2099,9/28/2017 8:38,18.236,667.4,
2100,9/28/2017 9:38,18.426,645.8,
2101,9/28/2017 10:38,18.426,1377.8,
2102,9/28/2017 11:38,18.616,731.9,
2103,9/28/2017 12:00,,,169.007
2104,9/28/2017 12:38,18.996,1894.5,
2105,9/28/2017 13:38,19.187,2411.1,
2106,9/28/2017 14:38,19.187,893.4,
2107,9/28/2017 15:38,19.187,753.5,
2108,9/28/2017 16:38,19.377,613.5,
2109,9/28/2017 17:38,18.806,215.3,
2110,9/28/2017 18:38,18.616,75.3,
2111,9/28/2017 19:38,18.521,0,
2112,9/28/2017 20:38,18.331,0,
2113,9/28/2017 21:38,18.236,0,
2114,9/28/2017 22:38,18.14,0,
2115,9/28/2017 23:38,18.045,0,
2116,9/29/2017 0:38,17.95,0,
2117,9/29/2017 1:38,17.95,0,
2118,9/29/2017 2:38,17.855,0,
2119,9/29/2017 3:38,17.76,0,
2120,9/29/2017 4:38,17.76,0,
2121,9/29/2017 5:38,17.665,0,
2122,9/29/2017 6:38,17.57,0,
2123,9/29/2017 7:38,17.475,0,
2124,9/29/2017 8:38,17.475,53.8,
2125,9/29/2017 9:38,17.379,1550,
2126,9/29/2017 10:38,17.475,1356.3,
2127,9/29/2017 11:38,17.379,861.1,
2128,9/29/2017 12:00,,,169.007
2129,9/29/2017 12:38,17.57,1722.2,
2130,9/29/2017 13:38,18.045,1141,
2131,9/29/2017 14:38,18.236,1550,
2132,9/29/2017 15:38,17.855,925.7,
2133,9/29/2017 16:38,17.95,1237.9,
2134,9/29/2017 17:38,17.855,1377.8,
2135,9/29/2017 18:38,17.665,516.7,
2136,9/29/2017 19:38,17.475,0,
2137,9/29/2017 20:38,17.284,0,
2138,9/29/2017 21:38,17.094,0,
2139,9/29/2017 22:38,16.808,0,
2140,9/29/2017 23:38,16.618,0,
2141,9/30/2017 0:38,16.427,0,
2142,9/30/2017 1:38,16.237,0,
2143,9/30/2017 2:38,16.046,0,
2144,9/30/2017 3:38,15.855,0,
2145,9/30/2017 4:38,15.76,0,
2146,9/30/2017 5:38,15.569,0,
2147,9/30/2017 6:38,15.473,0,
2148,9/30/2017 7:38,15.282,43.1,
2149,9/30/2017 8:38,15.282,1722.2,
2150,9/30/2017 9:38,15.473,14466.8,
2151,9/30/2017 10:38,15.951,37200.2,
2152,9/30/2017 11:38,15.855,5166.7,
2153,9/30/2017 12:00,,,169.007
2154,9/30/2017 12:38,16.237,1550,
2155,9/30/2017 13:38,16.999,30311.3,
2156,9/30/2017 14:38,17.284,1173.3,
2157,9/30/2017 15:38,17.76,1980.6,
2158,9/30/2017 16:38,17.855,1550,
2159,9/30/2017 17:38,17.57,678.1,
2160,9/30/2017 18:38,16.999,118.4,
2161,9/30/2017 19:38,16.713,0,
2162,9/30/2017 20:38,16.332,0,
2163,9/30/2017 21:38,16.141,0,
2164,9/30/2017 22:38,16.046,0,
2165,9/30/2017 23:38,15.855,0,
2166,10/1/2017 0:38,15.664,0,
2167,10/1/2017 1:38,15.569,0,
2168,10/1/2017 2:38,15.473,0,
2169,10/1/2017 3:38,15.378,0,
2170,10/1/2017 4:38,15.187,0,
2171,10/1/2017 5:38,15.091,0,
2172,10/1/2017 6:38,14.996,0,
2173,10/1/2017 7:38,14.9,10.8,
2174,10/1/2017 8:38,14.9,807.3,
2175,10/1/2017 9:38,15.187,18600.1,
2176,10/1/2017 10:38,15.378,3961.1,
2177,10/1/2017 11:38,15.76,7577.8,
2178,10/1/2017 12:00,,,169.007
2179,10/1/2017 12:38,16.713,5166.7,
2180,10/1/2017 13:38,16.999,3272.2,
2181,10/1/2017 14:38,17.475,4305.6,
2182,10/1/2017 15:38,17.379,4650,
2183,10/1/2017 16:38,17.379,1894.5,
2184,10/1/2017 17:38,17.189,1324,
2185,10/1/2017 18:38,16.808,193.8,
2186,10/1/2017 19:38,16.523,0,
2187,10/1/2017 20:38,16.332,0,
2188,10/1/2017 21:38,16.141,0,
2189,10/1/2017 22:38,16.046,0,
2190,10/1/2017 23:38,15.951,0,
2191,10/2/2017 0:38,15.76,0,
2192,10/2/2017 1:38,15.76,0,
2193,10/2/2017 2:38,15.76,0,
2194,10/2/2017 3:38,15.664,0,
2195,10/2/2017 4:38,15.473,0,
2196,10/2/2017 5:38,15.473,0,
2197,10/2/2017 6:38,15.473,0,
2198,10/2/2017 7:38,15.282,0,
2199,10/2/2017 8:38,15.282,129.2,
2200,10/2/2017 9:38,15.378,2238.9,
2201,10/2/2017 10:38,15.473,1463.9,
2202,10/2/2017 11:38,15.855,17222.3,
2203,10/2/2017 12:00,,,169.007
2204,10/2/2017 12:38,16.237,15155.7,
2205,10/2/2017 13:38,16.618,9300.1,
2206,10/2/2017 14:38,16.903,5166.7,
2207,10/2/2017 15:38,16.618,1291.7,
2208,10/2/2017 16:38,16.713,1636.1,
2209,10/2/2017 17:38,16.523,710.4,
2210,10/2/2017 18:38,16.523,1022.6,
2211,10/2/2017 19:38,16.427,0,
2212,10/2/2017 20:38,16.427,0,
2213,10/2/2017 21:38,16.427,0,
2214,10/2/2017 22:38,16.332,0,
2215,10/2/2017 23:38,16.332,0,
2216,10/3/2017 0:38,16.332,0,
2217,10/3/2017 1:38,16.332,0,
2218,10/3/2017 2:38,16.237,0,
2219,10/3/2017 3:38,16.237,0,
2220,10/3/2017 4:38,16.141,0,
2221,10/3/2017 5:38,16.141,0,
2222,10/3/2017 6:38,16.141,0,
2223,10/3/2017 7:38,16.046,0,
2224,10/3/2017 8:38,16.046,258.3,
2225,10/3/2017 9:38,16.332,4822.3,
2226,10/3/2017 10:38,16.618,3961.1,
2227,10/3/2017 11:38,16.999,6200,
2228,10/3/2017 12:00,,,169.007
2229,10/3/2017 12:38,17.665,8266.7,
2230,10/3/2017 13:38,18.331,5338.9,
2231,10/3/2017 14:38,18.14,4994.5,
2232,10/3/2017 15:38,18.236,1280.9,
2233,10/3/2017 16:38,18.236,581.3,
2234,10/3/2017 17:38,18.14,516.7,
2235,10/3/2017 18:38,18.14,86.1,
2236,10/3/2017 19:38,18.14,0,
2237,10/3/2017 20:38,17.855,0,
2238,10/3/2017 21:38,17.665,0,
2239,10/3/2017 22:38,17.855,0,
2240,10/3/2017 23:38,17.95,0,
2241,10/4/2017 0:38,17.855,0,
2242,10/4/2017 1:38,17.76,0,
2243,10/4/2017 2:38,17.855,0,
2244,10/4/2017 3:38,17.76,0,
2245,10/4/2017 4:38,17.57,0,
2246,10/4/2017 5:38,17.475,0,
2247,10/4/2017 6:38,17.379,0,
2248,10/4/2017 7:38,17.284,0,
2249,10/4/2017 8:38,17.284,43.1,
2250,10/4/2017 9:38,17.284,430.6,
2251,10/4/2017 10:38,17.379,796.5,
2252,10/4/2017 11:38,17.475,904.2,
2253,10/4/2017 12:00,,,169.007
2254,10/4/2017 12:38,17.475,1119.5,
2255,10/4/2017 13:38,17.475,753.5,
2256,10/4/2017 14:38,17.57,538.2,
2257,10/4/2017 15:38,18.331,1463.9,
2258,10/4/2017 16:38,18.236,645.8,
2259,10/4/2017 17:38,17.76,452.1,
2260,10/4/2017 18:38,17.665,107.6,
2261,10/4/2017 19:38,17.57,0,
2262,10/4/2017 20:38,17.475,0,
2263,10/4/2017 21:38,17.379,0,
2264,10/4/2017 22:38,17.189,0,
2265,10/4/2017 23:38,17.094,0,
2266,10/5/2017 0:38,16.999,0,
2267,10/5/2017 1:38,16.903,0,
2268,10/5/2017 2:38,16.713,0,
2269,10/5/2017 3:38,16.618,0,
2270,10/5/2017 4:38,16.523,0,
2271,10/5/2017 5:38,16.332,0,
2272,10/5/2017 6:38,16.237,0,
2273,10/5/2017 7:38,16.141,0,
2274,10/5/2017 8:38,16.237,398.3,
2275,10/5/2017 9:38,16.237,559.7,
2276,10/5/2017 10:38,16.427,1108.7,
2277,10/5/2017 11:38,16.618,1377.8,
2278,10/5/2017 12:00,,,169.007
2279,10/5/2017 12:38,16.618,1001,
2280,10/5/2017 13:38,16.808,4133.4,
2281,10/5/2017 14:38,16.903,1550,
2282,10/5/2017 15:38,16.808,1054.9,
2283,10/5/2017 16:38,16.903,1237.9,
2284,10/5/2017 17:38,16.903,1550,
2285,10/5/2017 18:38,16.713,129.2,
2286,10/5/2017 19:38,16.523,0,
2287,10/5/2017 20:38,16.427,0,
2288,10/5/2017 21:38,16.332,0,
2289,10/5/2017 22:38,16.332,0,
2290,10/5/2017 23:38,16.237,0,
2291,10/6/2017 0:38,16.141,0,
2292,10/6/2017 1:38,16.046,0,
2293,10/6/2017 2:38,15.855,0,
2294,10/6/2017 3:38,15.76,0,
2295,10/6/2017 4:38,15.76,0,
2296,10/6/2017 5:38,15.569,0,
2297,10/6/2017 6:38,15.473,0,
2298,10/6/2017 7:38,15.378,0,
2299,10/6/2017 8:38,15.378,925.7,
2300,10/6/2017 9:38,15.76,721.2,
2301,10/6/2017 10:38,15.855,5338.9,
2302,10/6/2017 11:38,16.237,6200,
2303,10/6/2017 12:00,,,169.007
2304,10/6/2017 12:38,16.618,5511.1,
2305,10/6/2017 13:38,17.284,8611.2,
2306,10/6/2017 14:38,17.379,1808.3,
2307,10/6/2017 15:38,17.665,1636.1,
2308,10/6/2017 16:38,17.284,882.6,
2309,10/6/2017 17:38,17.284,581.3,
2310,10/6/2017 18:38,16.903,161.5,
2311,10/6/2017 19:38,16.618,0,
2312,10/6/2017 20:38,16.427,0,
2313,10/6/2017 21:38,16.237,0,
2314,10/6/2017 22:38,16.141,0,
2315,10/6/2017 23:38,16.141,0,
2316,10/7/2017 0:38,16.046,0,
2317,10/7/2017 1:38,15.951,0,
2318,10/7/2017 2:38,15.951,0,
2319,10/7/2017 3:38,15.855,0,
2320,10/7/2017 4:38,15.76,0,
2321,10/7/2017 5:38,15.76,0,
2322,10/7/2017 6:38,15.76,0,
2323,10/7/2017 7:38,15.855,0,
2324,10/7/2017 8:38,15.855,75.3,
2325,10/7/2017 9:38,15.855,64.6,
2326,10/7/2017 10:38,15.951,193.8,
2327,10/7/2017 11:38,16.046,333.7,
2328,10/7/2017 12:00,,,169.007
2329,10/7/2017 12:38,16.141,366,
2330,10/7/2017 13:38,16.237,516.7,
2331,10/7/2017 14:38,16.332,1356.3,
2332,10/7/2017 15:38,16.427,398.3,
2333,10/7/2017 16:38,16.618,699.7,
2334,10/7/2017 17:38,16.713,53.8,
2335,10/7/2017 18:38,16.618,10.8,
2336,10/7/2017 19:38,16.713,0,
2337,10/7/2017 20:38,16.713,0,
2338,10/7/2017 21:38,16.618,0,
2339,10/7/2017 22:38,16.523,0,
2340,10/7/2017 23:38,16.523,0,
2341,10/8/2017 0:38,16.427,0,
2342,10/8/2017 1:38,16.427,0,
2343,10/8/2017 2:38,16.427,0,
2344,10/8/2017 3:38,16.332,0,
2345,10/8/2017 4:38,16.332,0,
2346,10/8/2017 5:38,16.332,0,
2347,10/8/2017 6:38,16.237,0,
2348,10/8/2017 7:38,16.237,0,
2349,10/8/2017 8:38,16.141,775,
2350,10/8/2017 9:38,16.332,2927.8,
2351,10/8/2017 10:38,16.523,1463.9,
2352,10/8/2017 11:38,17.094,3444.5,
2353,10/8/2017 12:00,,,174.057
2354,10/8/2017 12:38,18.806,505.9,
2355,10/8/2017 13:38,19.758,0,
2356,10/8/2017 14:38,25.805,21.5,
2357,10/8/2017 15:38,27.961,312.2,
2358,10/8/2017 16:38,29.652,0,
2359,10/8/2017 17:38,23.677,0,
2360,10/8/2017 18:38,22.717,0,
2361,10/8/2017 19:38,22.238,0,
2362,10/8/2017 20:38,22.429,0,
2363,10/8/2017 21:38,22.238,0,
2364,10/8/2017 22:38,22.142,0,
2365,10/8/2017 23:38,22.142,0,
2366,10/9/2017 0:38,22.046,0,
2367,10/9/2017 1:38,21.951,0,
2368,10/9/2017 2:38,21.855,0,
2369,10/9/2017 3:38,21.855,0,
2370,10/9/2017 4:38,21.76,0,
2371,10/9/2017 5:38,21.569,0,
2372,10/9/2017 6:38,21.473,0,
2373,10/9/2017 7:38,21.378,0,
2374,10/9/2017 8:38,21.378,0,
2375,10/9/2017 9:38,20.424,0,
2376,10/9/2017 10:38,19.662,0,
2377,10/9/2017 11:38,20.329,0,
2378,10/9/2017 12:00,,,178.017
2379,10/9/2017 12:38,21.282,0,
2380,10/9/2017 13:38,22.525,0,
2381,10/9/2017 14:38,25.805,0,
2382,10/9/2017 15:38,26.488,0,
2383,10/9/2017 16:38,25.61,0,
2384,10/9/2017 17:38,25.416,0,
2385,10/9/2017 18:38,24.448,0,
2386,10/9/2017 19:38,22.525,0,
2387,10/9/2017 20:38,21.76,0,
2388,10/9/2017 21:38,20.901,0,
2389,10/9/2017 22:38,20.615,0,
2390,10/9/2017 23:38,20.138,0,
2391,10/10/2017 0:38,21.76,0,
2392,10/10/2017 1:38,22.046,0,
2393,10/10/2017 2:38,22.142,0,
2394,10/10/2017 3:38,22.046,0,
2395,10/10/2017 4:38,21.951,0,
2396,10/10/2017 5:38,21.855,0,
2397,10/10/2017 6:38,21.76,0,
2398,10/10/2017 7:38,21.76,0,
2399,10/10/2017 8:38,21.76,0,
2400,10/10/2017 9:38,21.664,0,
2401,10/10/2017 10:38,22.238,0,
2402,10/10/2017 11:38,21.569,0,
2403,10/10/2017 12:00,,,179.506
2404,10/10/2017 12:38,21.569,0,
2405,10/10/2017 13:38,21.282,0,
2406,10/10/2017 14:38,21.091,0,
2407,10/10/2017 15:38,20.996,0,
2408,10/10/2017 16:38,20.901,0,
2409,10/10/2017 17:38,20.805,0,
2410,10/10/2017 18:38,20.805,0,
2411,10/10/2017 19:38,20.71,0,
2412,10/10/2017 20:38,20.329,0,
2413,10/10/2017 21:38,21.378,0,
2414,10/10/2017 22:38,21.76,0,
2415,10/10/2017 23:38,21.76,0,
2416,10/11/2017 0:38,21.855,0,
2417,10/11/2017 1:38,21.951,0,
2418,10/11/2017 2:38,21.855,0,
2419,10/11/2017 3:38,21.855,0,
2420,10/11/2017 4:38,21.76,0,
2421,10/11/2017 5:38,21.282,0,
2422,10/11/2017 6:38,20.996,0,
2423,10/11/2017 7:38,20.805,0,
2424,10/11/2017 8:38,20.615,0,
2425,10/11/2017 9:38,20.424,0,
2426,10/11/2017 10:38,20.329,0,
2427,10/11/2017 11:38,20.138,0,
2428,10/11/2017 12:00,,,180.676
2429,10/11/2017 12:38,19.948,0,
2430,10/11/2017 13:38,20.71,0,
2431,10/11/2017 14:38,21.091,43.1,
2432,10/11/2017 15:38,21.282,0,
2433,10/11/2017 16:38,21.282,0,
2434,10/11/2017 17:38,21.282,0,
2435,10/11/2017 18:38,21.187,0,
2436,10/11/2017 19:38,21.187,0,
2437,10/11/2017 20:38,21.091,0,
2438,10/11/2017 21:38,21.091,0,
2439,10/11/2017 22:38,21.091,0,
2440,10/11/2017 23:38,21.091,0,
2441,10/12/2017 0:38,20.996,0,
2442,10/12/2017 1:38,20.901,0,
2443,10/12/2017 2:38,20.615,0,
2444,10/12/2017 3:38,20.043,0,
2445,10/12/2017 4:38,19.758,0,
2446,10/12/2017 5:38,19.567,0,
2447,10/12/2017 6:38,19.377,0,
2448,10/12/2017 7:38,19.282,0,
2449,10/12/2017 8:38,19.187,0,
2450,10/12/2017 9:38,19.187,0,
2451,10/12/2017 10:38,19.282,0,
2452,10/12/2017 11:38,19.567,0,
2453,10/12/2017 12:00,,,181.095
2454,10/12/2017 12:38,19.472,10.8,
2455,10/12/2017 13:38,19.377,10.8,
2456,10/12/2017 14:38,19.472,32.3,
2457,10/12/2017 15:38,19.472,43.1,
2458,10/12/2017 16:38,19.472,21.5,
2459,10/12/2017 17:38,19.472,0,
2460,10/12/2017 18:38,19.472,0,
2461,10/12/2017 19:38,19.662,0,
2462,10/12/2017 20:38,19.853,0,
2463,10/12/2017 21:38,19.853,0,
2464,10/12/2017 22:38,19.567,0,
2465,10/12/2017 23:38,19.948,0,
2466,10/13/2017 0:38,19.948,0,
2467,10/13/2017 1:38,19.853,0,
2468,10/13/2017 2:38,19.853,0,
2469,10/13/2017 3:38,19.853,0,
2470,10/13/2017 4:38,19.853,0,
2471,10/13/2017 5:38,19.758,0,
2472,10/13/2017 6:38,19.758,0,
2473,10/13/2017 7:38,19.662,0,
2474,10/13/2017 8:38,19.662,0,
2475,10/13/2017 9:38,20.519,10.8,
2476,10/13/2017 10:38,20.519,64.6,
2477,10/13/2017 11:38,20.234,86.1,
2478,10/13/2017 12:00,,,183.454
2479,10/13/2017 12:38,20.615,355.2,
2480,10/13/2017 13:38,21.664,678.1,
2481,10/13/2017 14:38,23.004,150.7,
2482,10/13/2017 15:38,23.292,129.2,
2483,10/13/2017 16:38,23.966,129.2,
2484,10/13/2017 17:38,23.966,75.3,
2485,10/13/2017 18:38,23.869,0,
2486,10/13/2017 19:38,23.581,0,
2487,10/13/2017 20:38,23.484,0,
2488,10/13/2017 21:38,23.388,0,
2489,10/13/2017 22:38,23.388,0,
2490,10/13/2017 23:38,23.292,0,
2491,10/14/2017 0:38,23.292,0,
2492,10/14/2017 1:38,23.196,0,
2493,10/14/2017 2:38,22.908,0,
2494,10/14/2017 3:38,22.621,0,
2495,10/14/2017 4:38,22.333,0,
2496,10/14/2017 5:38,22.046,0,
2497,10/14/2017 6:38,21.855,0,
2498,10/14/2017 7:38,21.664,0,
2499,10/14/2017 8:38,21.473,0,
2500,10/14/2017 9:38,21.473,10.8,
2501,10/14/2017 10:38,21.282,64.6,
2502,10/14/2017 11:38,21.091,53.8,
2503,10/14/2017 12:00,,,185.683
2504,10/14/2017 12:38,20.996,32.3,
2505,10/14/2017 13:38,20.996,10.8,
2506,10/14/2017 14:38,20.996,10.8,
2507,10/14/2017 15:38,20.901,0,
2508,10/14/2017 16:38,20.901,0,
2509,10/14/2017 17:38,20.805,0,
2510,10/14/2017 18:38,20.71,0,
2511,10/14/2017 19:38,20.71,0,
2512,10/14/2017 20:38,20.615,0,
2513,10/14/2017 21:38,20.615,0,
2514,10/14/2017 22:38,20.519,0,
2515,10/14/2017 23:38,20.519,0,
2516,10/15/2017 0:38,20.424,0,
2517,10/15/2017 1:38,20.424,0,
2518,10/15/2017 2:38,20.329,0,
2519,10/15/2017 3:38,20.424,0,
2520,10/15/2017 4:38,20.805,0,
2521,10/15/2017 5:38,21.091,0,
2522,10/15/2017 6:38,21.187,0,
2523,10/15/2017 7:38,20.901,0,
2524,10/15/2017 8:38,20.901,0,
2525,10/15/2017 9:38,20.996,53.8,
2526,10/15/2017 10:38,21.187,21.5,
2527,10/15/2017 11:38,21.76,86.1,
2528,10/15/2017 12:00,,,187.233
2529,10/15/2017 12:38,22.238,968.8,
2530,10/15/2017 13:38,22.238,64.6,
2531,10/15/2017 14:38,22.046,505.9,
2532,10/15/2017 15:38,22.238,882.6,
2533,10/15/2017 16:38,22.333,75.3,
2534,10/15/2017 17:38,22.046,0,
2535,10/15/2017 18:38,21.569,0,
2536,10/15/2017 19:38,21.091,0,
2537,10/15/2017 20:38,20.901,0,
2538,10/15/2017 21:38,21.091,0,
2539,10/15/2017 22:38,20.519,0,
2540,10/15/2017 23:38,20.519,0,
2541,10/16/2017 0:38,20.424,0,
2542,10/16/2017 1:38,20.138,0,
2543,10/16/2017 2:38,19.567,0,
2544,10/16/2017 3:38,18.996,0,
2545,10/16/2017 4:38,18.616,0,
2546,10/16/2017 5:38,18.236,0,
2547,10/16/2017 6:38,18.045,0,
2548,10/16/2017 7:38,17.76,0,
2549,10/16/2017 8:38,17.855,32.3,
2550,10/16/2017 9:38,17.76,64.6,
2551,10/16/2017 10:38,17.76,43.1,
2552,10/16/2017 11:38,18.14,785.8,
2553,10/16/2017 12:00,,,187.818
2554,10/16/2017 12:38,19.758,785.8,
2555,10/16/2017 13:38,20.519,807.3,
2556,10/16/2017 14:38,21.282,1119.5,
2557,10/16/2017 15:38,21.569,1377.8,
2558,10/16/2017 16:38,21.569,1141,
2559,10/16/2017 17:38,20.901,32.3,
2560,10/16/2017 18:38,20.424,0,
2561,10/16/2017 19:38,20.329,0,
2562,10/16/2017 20:38,20.329,0,
2563,10/16/2017 21:38,19.948,0,
2564,10/16/2017 22:38,19.853,0,
2565,10/16/2017 23:38,19.282,0,
2566,10/17/2017 0:38,18.806,0,
2567,10/17/2017 1:38,18.426,0,
2568,10/17/2017 2:38,18.045,0,
2569,10/17/2017 3:38,17.76,0,
2570,10/17/2017 4:38,17.57,0,
2571,10/17/2017 5:38,17.379,0,
2572,10/17/2017 6:38,17.189,0,
2573,10/17/2017 7:38,17.094,0,
2574,10/17/2017 8:38,16.999,10.8,
2575,10/17/2017 9:38,16.903,53.8,
2576,10/17/2017 10:38,17.95,43.1,
2577,10/17/2017 11:38,18.521,764.2,
2578,10/17/2017 12:00,,,188.529
2579,10/17/2017 12:38,19.758,753.5,
2580,10/17/2017 13:38,20.138,613.5,
2581,10/17/2017 14:38,20.996,1087.2,
2582,10/17/2017 15:38,21.76,1227.1,
2583,10/17/2017 16:38,21.951,979.5,
2584,10/17/2017 17:38,21.378,32.3,
2585,10/17/2017 18:38,20.901,0,
2586,10/17/2017 19:38,20.519,0,
2587,10/17/2017 20:38,20.234,0,
2588,10/17/2017 21:38,20.615,0,
2589,10/17/2017 22:38,20.805,0,
2590,10/17/2017 23:38,20.71,0,
2591,10/18/2017 0:38,20.519,0,
2592,10/18/2017 1:38,20.138,0,
2593,10/18/2017 2:38,19.662,0,
2594,10/18/2017 3:38,19.377,0,
2595,10/18/2017 4:38,19.092,0,
2596,10/18/2017 5:38,18.901,0,
2597,10/18/2017 6:38,18.521,0,
2598,10/18/2017 7:38,18.236,0,
2599,10/18/2017 8:38,17.95,10.8,
2600,10/18/2017 9:38,17.95,64.6,
2601,10/18/2017 10:38,17.855,53.8,
2602,10/18/2017 11:38,18.331,828.8,
2603,10/18/2017 12:38,20.329,818.1,
2604,10/18/2017 13:38,21.187,936.5,
2605,10/18/2017 14:38,22.429,1550,
2606,10/18/2017 15:38,23.196,1550,
