#,"Date Time, GMT-04:00",Temp,Intensity,Coupler Attached (LGR S/N: 20055160),Host Connected (LGR S/N: 20055160),Coupler Detached (LGR S/N: 20055160),End Of File (LGR S/N: 20055160)
1,7/4/2017 20:00,30.45722222,0,,,,
2,7/4/2017 21:00,29.45222222,0,,,,
3,7/4/2017 22:00,28.25777778,0,,,,
4,7/4/2017 23:00,26.87888889,0,,,,
5,7/5/2017 0:00,25.61,0,,,,
6,7/5/2017 1:00,24.35111111,0,,,,
7,7/5/2017 2:00,23.29222222,0,,,,
8,7/5/2017 3:00,22.14222222,0,,,,
9,7/5/2017 4:00,21.09111111,0,,,,
10,7/5/2017 5:00,20.23388889,0,,,,
11,7/5/2017 6:00,19.37722222,0,,,,
12,7/5/2017 7:00,18.71111111,0,,,,
13,7/5/2017 8:00,20.615,0,,,,
14,7/5/2017 9:00,22.14222222,0,,,,
15,7/5/2017 10:00,22.62111111,0,,,,
16,7/5/2017 11:00,24.835,0,,,,
17,7/5/2017 12:00,28.25777778,0,,,,
18,7/5/2017 13:00,30.45722222,0,,,,
19,7/5/2017 14:00,30.96277778,0,,,,
20,7/5/2017 15:00,36.295,0,,,,
21,7/5/2017 16:00,39.27611111,0,,,,
22,7/5/2017 17:00,39.16277778,0,,,,
23,7/5/2017 18:00,37.60388889,0,,,,
24,7/5/2017 19:00,35.435,0,,,,
25,7/5/2017 20:00,33.43,0,,,,
26,7/5/2017 21:00,31.57388889,0,,,,
27,7/5/2017 22:00,29.55222222,0,,,,
28,7/5/2017 23:00,27.86222222,0,,,,
29,7/6/2017 0:00,26.48777778,0,,,,
30,7/6/2017 1:00,25.31888889,0,,,,
31,7/6/2017 2:00,24.06222222,0,,,,
32,7/6/2017 3:00,23.00388889,0,,,,
33,7/6/2017 4:00,22.04611111,0,,,,
34,7/6/2017 5:00,21.09111111,0,,,,
35,7/6/2017 6:00,20.32888889,0,,,,
36,7/6/2017 7:00,22.14222222,0,,,,
37,7/6/2017 8:00,23.1,0,,,,
38,7/6/2017 9:00,24.255,0,,,,
39,7/6/2017 10:00,27.075,0,,,,
40,7/6/2017 11:00,30.255,7424,,,,
41,7/6/2017 12:00,26.39,109,,,,
42,7/6/2017 13:00,26.68277778,105,,,,
43,7/6/2017 14:00,28.15888889,121,,,,
44,7/6/2017 15:00,28.15888889,88,,,,
45,7/6/2017 16:00,28.95277778,84,,,,
46,7/6/2017 17:00,29.05277778,70,,,,
47,7/6/2017 18:00,28.95277778,36,,,,
48,7/6/2017 19:00,28.06,28,,,,
49,7/6/2017 20:00,27.665,18,,,,
50,7/6/2017 21:00,27.37,3,,,,
51,7/6/2017 22:00,27.075,0,,,,
52,7/6/2017 23:00,26.87888889,0,,,,
53,7/7/2017 0:00,26.78111111,0,,,,
54,7/7/2017 1:00,26.585,0,,,,
55,7/7/2017 2:00,26.39,0,,,,
56,7/7/2017 3:00,26.29222222,0,,,,
57,7/7/2017 4:00,26.195,0,,,,
58,7/7/2017 5:00,26.195,0,,,,
59,7/7/2017 6:00,25.805,0,,,,
60,7/7/2017 7:00,25.805,3,,,,
61,7/7/2017 8:00,25.805,66,,,,
62,7/7/2017 9:00,26.195,400,,,,
63,7/7/2017 10:00,26.09722222,152,,,,
64,7/7/2017 11:00,26,54,,,,
65,7/7/2017 12:00,26.09722222,68,,,,
66,7/7/2017 13:00,26.09722222,66,,,,
67,7/7/2017 14:00,26.29222222,86,,,,
68,7/7/2017 15:00,26.39,84,,,,
69,7/7/2017 16:00,26.48777778,97,,,,
70,7/7/2017 17:00,26.48777778,66,,,,
71,7/7/2017 18:00,26.48777778,71,,,,
72,7/7/2017 19:00,26.48777778,37,,,,
73,7/7/2017 20:00,26.39,12,,,,
74,7/7/2017 21:00,26.29222222,5,,,,
75,7/7/2017 22:00,26.09722222,0,,,,
76,7/7/2017 23:00,25.90222222,0,,,,
77,7/8/2017 0:00,25.805,0,,,,
78,7/8/2017 1:00,25.70777778,0,,,,
79,7/8/2017 2:00,25.61,0,,,,
80,7/8/2017 3:00,25.61,0,,,,
81,7/8/2017 4:00,25.51277778,0,,,,
82,7/8/2017 5:00,25.41611111,0,,,,
83,7/8/2017 6:00,25.31888889,0,,,,
84,7/8/2017 7:00,25.31888889,40,,,,
85,7/8/2017 8:00,25.31888889,232,,,,
86,7/8/2017 9:00,25.90222222,1984,,,,
87,7/8/2017 10:00,25.61,224,,,,
88,7/8/2017 11:00,25.70777778,125,,,,
89,7/8/2017 12:00,25.805,103,,,,
90,7/8/2017 13:00,25.805,89,,,,
91,7/8/2017 14:00,26.09722222,93,,,,
92,7/8/2017 15:00,26.29222222,37,,,,
93,7/8/2017 16:00,26.585,84,,,,
94,7/8/2017 17:00,27.37,320,,,,
95,7/8/2017 18:00,27.37,248,,,,
96,7/8/2017 19:00,27.075,59,,,,
97,7/8/2017 20:00,26.48777778,14,,,,
98,7/8/2017 21:00,26.29222222,3,,,,
99,7/8/2017 22:00,26.29222222,0,,,,
100,7/8/2017 23:00,26.195,0,,,,
101,7/9/2017 0:00,26.09722222,0,,,,
102,7/9/2017 1:00,26,0,,,,
103,7/9/2017 2:00,25.90222222,0,,,,
104,7/9/2017 3:00,25.805,0,,,,
105,7/9/2017 4:00,25.70777778,0,,,,
106,7/9/2017 5:00,25.70777778,0,,,,
107,7/9/2017 6:00,25.61,0,,,,
108,7/9/2017 7:00,25.51277778,20,,,,
109,7/9/2017 8:00,25.51277778,576,,,,
110,7/9/2017 9:00,26,2304,,,,
111,7/9/2017 10:00,25.805,248,,,,
112,7/9/2017 11:00,26,50,,,,
113,7/9/2017 12:00,26.39,101,,,,
114,7/9/2017 13:00,26.68277778,100,,,,
115,7/9/2017 14:00,26.87888889,92,,,,
116,7/9/2017 15:00,26.97722222,144,,,,
117,7/9/2017 16:00,27.075,136,,,,
118,7/9/2017 17:00,27.17277778,58,,,,
119,7/9/2017 18:00,26.87888889,56,,,,
120,7/9/2017 19:00,26.68277778,38,,,,
121,7/9/2017 20:00,26.39,23,,,,
122,7/9/2017 21:00,26.195,1,,,,
123,7/9/2017 22:00,26.09722222,0,,,,
124,7/9/2017 23:00,26,0,,,,
125,7/10/2017 0:00,25.90222222,0,,,,
126,7/10/2017 1:00,25.805,0,,,,
127,7/10/2017 2:00,25.805,0,,,,
128,7/10/2017 3:00,25.70777778,0,,,,
129,7/10/2017 4:00,25.61,0,,,,
130,7/10/2017 5:00,25.41611111,0,,,,
131,7/10/2017 6:00,25.31888889,0,,,,
132,7/10/2017 7:00,25.31888889,1,,,,
133,7/10/2017 8:00,25.31888889,10,,,,
134,7/10/2017 9:00,25.22222222,0,,,,
135,7/10/2017 10:00,25.22222222,0,,,,
136,7/10/2017 11:00,25.125,13,,,,
137,7/10/2017 12:00,25.125,9,,,,
138,7/10/2017 13:00,25.125,54,,,,
139,7/10/2017 14:00,25.125,32,,,,
140,7/10/2017 15:00,25.22222222,109,,,,
141,7/10/2017 16:00,25.31888889,67,,,,
142,7/10/2017 17:00,25.61,70,,,,
143,7/10/2017 18:00,25.805,26,,,,
144,7/10/2017 19:00,25.805,25,,,,
145,7/10/2017 20:00,25.805,12,,,,
146,7/10/2017 21:00,25.70777778,0,,,,
147,7/10/2017 22:00,25.61,0,,,,
148,7/10/2017 23:00,25.51277778,0,,,,
149,7/11/2017 0:00,25.41611111,0,,,,
150,7/11/2017 1:00,25.41611111,0,,,,
151,7/11/2017 2:00,25.31888889,0,,,,
152,7/11/2017 3:00,25.31888889,0,,,,
153,7/11/2017 4:00,25.31888889,0,,,,
154,7/11/2017 5:00,25.22222222,0,,,,
155,7/11/2017 6:00,25.22222222,0,,,,
156,7/11/2017 7:00,25.22222222,5,,,,
157,7/11/2017 8:00,25.22222222,127,,,,
158,7/11/2017 9:00,25.41611111,1024,,,,
159,7/11/2017 10:00,25.51277778,78,,,,
160,7/11/2017 11:00,25.61,46,,,,
161,7/11/2017 12:00,25.70777778,30,,,,
162,7/11/2017 13:00,26.48777778,88,,,,
163,7/11/2017 14:00,26.97722222,83,,,,
164,7/11/2017 15:00,26.97722222,99,,,,
165,7/11/2017 16:00,26.585,82,,,,
166,7/11/2017 17:00,27.17277778,73,,,,
167,7/11/2017 18:00,26.87888889,40,,,,
168,7/11/2017 19:00,26.585,27,,,,
169,7/11/2017 20:00,26.78111111,5,,,,
170,7/11/2017 21:00,26.29222222,0,,,,
171,7/11/2017 22:00,26.09722222,0,,,,
172,7/11/2017 23:00,25.90222222,0,,,,
173,7/12/2017 0:00,25.805,0,,,,
174,7/12/2017 1:00,25.805,0,,,,
175,7/12/2017 2:00,25.70777778,0,,,,
176,7/12/2017 3:00,25.70777778,0,,,,
177,7/12/2017 4:00,25.61,0,,,,
178,7/12/2017 5:00,25.51277778,0,,,,
179,7/12/2017 6:00,25.41611111,0,,,,
180,7/12/2017 7:00,25.41611111,2,,,,
181,7/12/2017 8:00,25.41611111,26,,,,
182,7/12/2017 9:00,25.51277778,36,,,,
183,7/12/2017 10:00,25.61,108,,,,
184,7/12/2017 11:00,25.70777778,144,,,,
185,7/12/2017 12:00,25.90222222,105,,,,
186,7/12/2017 13:00,25.805,56,,,,
187,7/12/2017 14:00,25.61,32,,,,
188,7/12/2017 15:00,25.61,87,,,,
189,7/12/2017 16:00,25.90222222,107,,,,
190,7/12/2017 17:00,26.09722222,93,,,,
191,7/12/2017 18:00,26.195,73,,,,
192,7/12/2017 19:00,26.195,36,,,,
193,7/12/2017 20:00,26.195,26,,,,
194,7/12/2017 21:00,26,2,,,,
195,7/12/2017 22:00,25.90222222,0,,,,
196,7/12/2017 23:00,25.805,0,,,,
197,7/13/2017 0:00,25.805,0,,,,
198,7/13/2017 1:00,25.70777778,0,,,,
199,7/13/2017 2:00,25.61,0,,,,
200,7/13/2017 3:00,25.61,0,,,,
201,7/13/2017 4:00,25.61,0,,,,
202,7/13/2017 5:00,25.61,0,,,,
203,7/13/2017 6:00,25.51277778,0,,,,
204,7/13/2017 7:00,25.51277778,4,,,,
205,7/13/2017 8:00,25.51277778,41,,,,
206,7/13/2017 9:00,25.51277778,24,,,,
207,7/13/2017 10:00,25.51277778,34,,,,
208,7/13/2017 11:00,25.51277778,95,,,,
209,7/13/2017 12:00,25.61,90,,,,
210,7/13/2017 13:00,26.09722222,168,,,,
211,7/13/2017 14:00,26.195,36,,,,
212,7/13/2017 15:00,26.09722222,61,,,,
213,7/13/2017 16:00,26.09722222,118,,,,
214,7/13/2017 17:00,26.09722222,28,,,,
215,7/13/2017 18:00,26.195,67,,,,
216,7/13/2017 19:00,26.195,35,,,,
217,7/13/2017 20:00,26.09722222,21,,,,
218,7/13/2017 21:00,26,1,,,,
219,7/13/2017 22:00,25.90222222,0,,,,
220,7/13/2017 23:00,25.805,0,,,,
221,7/14/2017 0:00,25.70777778,0,,,,
222,7/14/2017 1:00,25.61,0,,,,
223,7/14/2017 2:00,25.61,0,,,,
224,7/14/2017 3:00,25.61,0,,,,
225,7/14/2017 4:00,25.51277778,0,,,,
226,7/14/2017 5:00,25.51277778,0,,,,
227,7/14/2017 6:00,25.41611111,0,,,,
228,7/14/2017 7:00,25.41611111,31,,,,
229,7/14/2017 8:00,25.41611111,336,,,,
230,7/14/2017 9:00,25.805,3072,,,,
231,7/14/2017 10:00,25.805,272,,,,
232,7/14/2017 11:00,25.90222222,192,,,,
233,7/14/2017 12:00,26,104,,,,
234,7/14/2017 13:00,26.09722222,102,,,,
235,7/14/2017 14:00,26.585,65,,,,
236,7/14/2017 15:00,27.075,75,,,,
237,7/14/2017 16:00,27.17277778,109,,,,
238,7/14/2017 17:00,27.37,128,,,,
239,7/14/2017 18:00,26.78111111,35,,,,
240,7/14/2017 19:00,26.48777778,19,,,,
241,7/14/2017 20:00,26.39,22,,,,
242,7/14/2017 21:00,26.39,2,,,,
243,7/14/2017 22:00,26.29222222,0,,,,
244,7/14/2017 23:00,26.195,0,,,,
245,7/15/2017 0:00,26.195,0,,,,
246,7/15/2017 1:00,26.09722222,0,,,,
247,7/15/2017 2:00,26,0,,,,
248,7/15/2017 3:00,25.90222222,0,,,,
249,7/15/2017 4:00,25.805,0,,,,
250,7/15/2017 5:00,25.805,0,,,,
251,7/15/2017 6:00,25.70777778,0,,,,
252,7/15/2017 7:00,25.61,40,,,,
253,7/15/2017 8:00,25.61,87,,,,
254,7/15/2017 9:00,25.61,152,,,,
255,7/15/2017 10:00,25.805,240,,,,
256,7/15/2017 11:00,26,144,,,,
257,7/15/2017 12:00,26.39,114,,,,
258,7/15/2017 13:00,26.39,103,,,,
259,7/15/2017 14:00,26.97722222,83,,,,
260,7/15/2017 15:00,27.46777778,99,,,,
261,7/15/2017 16:00,27.46777778,80,,,,
262,7/15/2017 17:00,28.15888889,128,,,,
263,7/15/2017 18:00,27.96111111,168,,,,
264,7/15/2017 19:00,27.27222222,22,,,,
265,7/15/2017 20:00,26.97722222,14,,,,
266,7/15/2017 21:00,26.78111111,2,,,,
267,7/15/2017 22:00,26.68277778,0,,,,
268,7/15/2017 23:00,26.585,0,,,,
269,7/16/2017 0:00,26.48777778,0,,,,
270,7/16/2017 1:00,26.39,0,,,,
271,7/16/2017 2:00,26.29222222,0,,,,
272,7/16/2017 3:00,26.195,0,,,,
273,7/16/2017 4:00,26.09722222,0,,,,
274,7/16/2017 5:00,26.09722222,0,,,,
275,7/16/2017 6:00,26,0,,,,
276,7/16/2017 7:00,25.90222222,22,,,,
277,7/16/2017 8:00,25.90222222,304,,,,
278,7/16/2017 9:00,26.29222222,1344,,,,
279,7/16/2017 10:00,26.195,176,,,,
280,7/16/2017 11:00,26.29222222,144,,,,
281,7/16/2017 12:00,26.48777778,176,,,,
282,7/16/2017 13:00,26.68277778,106,,,,
283,7/16/2017 14:00,26.68277778,128,,,,
284,7/16/2017 15:00,26.78111111,93,,,,
285,7/16/2017 16:00,26.87888889,99,,,,
286,7/16/2017 17:00,26.87888889,65,,,,
287,7/16/2017 18:00,26.78111111,27,,,,
288,7/16/2017 19:00,26.78111111,21,,,,
289,7/16/2017 20:00,26.87888889,16,,,,
290,7/16/2017 21:00,26.78111111,2,,,,
291,7/16/2017 22:00,26.78111111,0,,,,
292,7/16/2017 23:00,26.585,0,,,,
293,7/17/2017 0:00,26.585,0,,,,
294,7/17/2017 1:00,26.48777778,0,,,,
295,7/17/2017 2:00,26.39,0,,,,
296,7/17/2017 3:00,26.29222222,0,,,,
297,7/17/2017 4:00,26.29222222,0,,,,
298,7/17/2017 5:00,26.195,0,,,,
299,7/17/2017 6:00,26.09722222,0,,,,
300,7/17/2017 7:00,26,44,,,,
301,7/17/2017 8:00,26,192,,,,
302,7/17/2017 9:00,26.09722222,74,,,,
303,7/17/2017 10:00,26.29222222,320,,,,
304,7/17/2017 11:00,26.48777778,136,,,,
305,7/17/2017 12:00,26.78111111,105,,,,
306,7/17/2017 13:00,27.46777778,74,,,,
307,7/17/2017 14:00,27.76388889,81,,,,
308,7/17/2017 15:00,28.15888889,77,,,,
309,7/17/2017 16:00,28.45611111,74,,,,
310,7/17/2017 17:00,28.655,68,,,,
311,7/17/2017 18:00,29.45222222,39,,,,
312,7/17/2017 19:00,29.35222222,19,,,,
313,7/17/2017 20:00,28.95277778,15,,,,
314,7/17/2017 21:00,28.655,1,,,,
315,7/17/2017 22:00,28.25777778,0,,,,
316,7/17/2017 23:00,27.76388889,0,,,,
317,7/18/2017 0:00,27.46777778,0,,,,
318,7/18/2017 1:00,27.37,0,,,,
319,7/18/2017 2:00,27.27222222,0,,,,
320,7/18/2017 3:00,27.075,0,,,,
321,7/18/2017 4:00,26.97722222,0,,,,
322,7/18/2017 5:00,26.78111111,0,,,,
323,7/18/2017 6:00,26.68277778,0,,,,
324,7/18/2017 7:00,26.585,19,,,,
325,7/18/2017 8:00,26.585,125,,,,
326,7/18/2017 9:00,26.87888889,384,,,,
327,7/18/2017 10:00,26.97722222,184,,,,
328,7/18/2017 11:00,27.37,125,,,,
329,7/18/2017 12:00,27.86222222,109,,,,
330,7/18/2017 13:00,28.555,94,,,,
331,7/18/2017 14:00,28.95277778,101,,,,
332,7/18/2017 15:00,29.15222222,54,,,,
333,7/18/2017 16:00,29.45222222,72,,,,
334,7/18/2017 17:00,28.85277778,52,,,,
335,7/18/2017 18:00,28.75388889,45,,,,
336,7/18/2017 19:00,29.45222222,23,,,,
337,7/18/2017 20:00,29.05277778,11,,,,
338,7/18/2017 21:00,28.555,2,,,,
339,7/18/2017 22:00,27.96111111,0,,,,
340,7/18/2017 23:00,27.86222222,0,,,,
341,7/19/2017 0:00,27.665,0,,,,
342,7/19/2017 1:00,27.56722222,0,,,,
343,7/19/2017 2:00,27.56722222,0,,,,
344,7/19/2017 3:00,27.46777778,0,,,,
345,7/19/2017 4:00,27.37,0,,,,
346,7/19/2017 5:00,27.27222222,0,,,,
347,7/19/2017 6:00,27.17277778,0,,,,
348,7/19/2017 7:00,27.075,13,,,,
349,7/19/2017 8:00,27.075,123,,,,
350,7/19/2017 9:00,27.46777778,512,,,,
351,7/19/2017 10:00,27.56722222,288,,,,
352,7/19/2017 11:00,27.665,160,,,,
353,7/19/2017 12:00,28.555,136,,,,
354,7/19/2017 13:00,29.15222222,71,,,,
355,7/19/2017 14:00,28.85277778,81,,,,
356,7/19/2017 15:00,29.85277778,80,,,,
357,7/19/2017 16:00,28.95277778,72,,,,
358,7/19/2017 17:00,29.15222222,36,,,,
359,7/19/2017 18:00,28.85277778,61,,,,
360,7/19/2017 19:00,28.35722222,28,,,,
361,7/19/2017 20:00,28.45611111,24,,,,
362,7/19/2017 21:00,28.35722222,1,,,,
363,7/19/2017 22:00,28.15888889,0,,,,
364,7/19/2017 23:00,27.96111111,0,,,,
365,7/20/2017 0:00,28.06,0,,,,
366,7/20/2017 1:00,28.06,0,,,,
367,7/20/2017 2:00,28.06,0,,,,
368,7/20/2017 3:00,27.96111111,0,,,,
369,7/20/2017 4:00,27.86222222,0,,,,
370,7/20/2017 5:00,27.76388889,0,,,,
371,7/20/2017 6:00,27.665,0,,,,
372,7/20/2017 7:00,27.665,29,,,,
373,7/20/2017 8:00,27.665,144,,,,
374,7/20/2017 9:00,27.665,121,,,,
375,7/20/2017 10:00,27.665,109,,,,
376,7/20/2017 11:00,27.76388889,122,,,,
377,7/20/2017 12:00,27.96111111,144,,,,
378,7/20/2017 13:00,28.06,144,,,,
379,7/20/2017 14:00,28.35722222,102,,,,
380,7/20/2017 15:00,28.45611111,74,,,,
381,7/20/2017 16:00,29.05277778,71,,,,
382,7/20/2017 17:00,28.555,49,,,,
383,7/20/2017 18:00,29.05277778,27,,,,
384,7/20/2017 19:00,29.05277778,28,,,,
385,7/20/2017 20:00,28.85277778,11,,,,
386,7/20/2017 21:00,28.655,1,,,,
387,7/20/2017 22:00,28.35722222,0,,,,
388,7/20/2017 23:00,28.15888889,0,,,,
389,7/21/2017 0:00,28.06,0,,,,
390,7/21/2017 1:00,27.96111111,0,,,,
391,7/21/2017 2:00,27.86222222,0,,,,
392,7/21/2017 3:00,27.86222222,0,,,,
393,7/21/2017 4:00,27.76388889,0,,,,
394,7/21/2017 5:00,27.665,0,,,,
395,7/21/2017 6:00,27.665,0,,,,
396,7/21/2017 7:00,27.56722222,32,,,,
397,7/21/2017 8:00,27.56722222,58,,,,
398,7/21/2017 9:00,27.665,192,,,,
399,7/21/2017 10:00,27.665,115,,,,
400,7/21/2017 11:00,27.76388889,136,,,,
401,7/21/2017 12:00,28.25777778,99,,,,
402,7/21/2017 13:00,28.555,73,,,,
403,7/21/2017 14:00,28.75388889,77,,,,
404,7/21/2017 15:00,29.15222222,94,,,,
405,7/21/2017 16:00,29.15222222,80,,,,
406,7/21/2017 17:00,29.95277778,54,,,,
407,7/21/2017 18:00,30.05388889,40,,,,
408,7/21/2017 19:00,29.55222222,26,,,,
409,7/21/2017 20:00,29.55222222,12,,,,
410,7/21/2017 21:00,29.45222222,0,,,,
411,7/21/2017 22:00,29.25222222,0,,,,
412,7/21/2017 23:00,29.15222222,0,,,,
413,7/22/2017 0:00,29.05277778,0,,,,
414,7/22/2017 1:00,28.95277778,0,,,,
415,7/22/2017 2:00,28.85277778,0,,,,
416,7/22/2017 3:00,28.75388889,0,,,,
417,7/22/2017 4:00,28.655,0,,,,
418,7/22/2017 5:00,28.555,0,,,,
419,7/22/2017 6:00,28.555,0,,,,
420,7/22/2017 7:00,28.35722222,2,,,,
421,7/22/2017 8:00,28.35722222,19,,,,
422,7/22/2017 9:00,28.35722222,16,,,,
423,7/22/2017 10:00,28.45611111,54,,,,
424,7/22/2017 11:00,28.655,114,,,,
425,7/22/2017 12:00,28.75388889,79,,,,
426,7/22/2017 13:00,28.95277778,111,,,,
427,7/22/2017 14:00,29.35222222,128,,,,
428,7/22/2017 15:00,29.45222222,72,,,,
429,7/22/2017 16:00,29.35222222,39,,,,
430,7/22/2017 17:00,29.25222222,67,,,,
431,7/22/2017 18:00,29.25222222,20,,,,
432,7/22/2017 19:00,29.15222222,30,,,,
433,7/22/2017 20:00,29.05277778,10,,,,
434,7/22/2017 21:00,28.85277778,1,,,,
435,7/22/2017 22:00,28.75388889,0,,,,
436,7/22/2017 23:00,28.555,0,,,,
437,7/23/2017 0:00,28.45611111,0,,,,
438,7/23/2017 1:00,28.35722222,0,,,,
439,7/23/2017 2:00,28.25777778,0,,,,
440,7/23/2017 3:00,28.15888889,0,,,,
441,7/23/2017 4:00,28.15888889,0,,,,
442,7/23/2017 5:00,28.06,0,,,,
443,7/23/2017 6:00,28.06,0,,,,
444,7/23/2017 7:00,27.96111111,2,,,,
445,7/23/2017 8:00,27.96111111,8,,,,
446,7/23/2017 9:00,27.96111111,23,,,,
447,7/23/2017 10:00,27.96111111,28,,,,
448,7/23/2017 11:00,28.25777778,55,,,,
449,7/23/2017 12:00,28.555,83,,,,
450,7/23/2017 13:00,28.85277778,98,,,,
451,7/23/2017 14:00,28.85277778,26,,,,
452,7/23/2017 15:00,29.15222222,50,,,,
453,7/23/2017 16:00,28.75388889,10,,,,
454,7/23/2017 17:00,28.75388889,32,,,,
455,7/23/2017 18:00,29.05277778,18,,,,
456,7/23/2017 19:00,28.85277778,15,,,,
457,7/23/2017 20:00,28.75388889,8,,,,
458,7/23/2017 21:00,28.555,0,,,,
459,7/23/2017 22:00,28.45611111,0,,,,
460,7/23/2017 23:00,28.45611111,0,,,,
461,7/24/2017 0:00,28.35722222,0,,,,
462,7/24/2017 1:00,28.25777778,0,,,,
463,7/24/2017 2:00,28.15888889,0,,,,
464,7/24/2017 3:00,28.06,0,,,,
465,7/24/2017 4:00,27.96111111,0,,,,
466,7/24/2017 5:00,27.86222222,0,,,,
467,7/24/2017 6:00,27.76388889,0,,,,
468,7/24/2017 7:00,27.56722222,7,,,,
469,7/24/2017 8:00,27.56722222,59,,,,
470,7/24/2017 9:00,27.76388889,160,,,,
471,7/24/2017 10:00,27.56722222,36,,,,
472,7/24/2017 11:00,27.56722222,88,,,,
473,7/24/2017 12:00,27.46777778,59,,,,
474,7/24/2017 13:00,27.56722222,92,,,,
475,7/24/2017 14:00,27.46777778,65,,,,
476,7/24/2017 15:00,27.56722222,64,,,,
477,7/24/2017 16:00,27.56722222,55,,,,
478,7/24/2017 17:00,27.665,32,,,,
479,7/24/2017 18:00,27.665,19,,,,
480,7/24/2017 19:00,27.56722222,12,,,,
481,7/24/2017 20:00,27.46777778,6,,,,
482,7/24/2017 21:00,27.37,1,,,,
483,7/24/2017 22:00,27.27222222,0,,,,
484,7/24/2017 23:00,27.17277778,0,,,,
485,7/25/2017 0:00,27.075,0,,,,
486,7/25/2017 1:00,26.97722222,0,,,,
487,7/25/2017 2:00,26.97722222,0,,,,
488,7/25/2017 3:00,26.87888889,0,,,,
489,7/25/2017 4:00,26.78111111,0,,,,
490,7/25/2017 5:00,26.68277778,0,,,,
491,7/25/2017 6:00,26.585,0,,,,
492,7/25/2017 7:00,26.48777778,7,,,,
493,7/25/2017 8:00,26.48777778,114,,,,
494,7/25/2017 9:00,26.68277778,336,,,,
495,7/25/2017 10:00,26.68277778,176,,,,
496,7/25/2017 11:00,26.87888889,82,,,,
497,7/25/2017 12:00,27.17277778,58,,,,
498,7/25/2017 13:00,27.665,51,,,,
499,7/25/2017 14:00,28.06,49,,,,
500,7/25/2017 15:00,28.555,57,,,,
501,7/25/2017 16:00,29.05277778,66,,,,
502,7/25/2017 17:00,28.85277778,42,,,,
503,7/25/2017 18:00,28.75388889,14,,,,
504,7/25/2017 19:00,28.555,13,,,,
505,7/25/2017 20:00,28.25777778,8,,,,
506,7/25/2017 21:00,28.06,0,,,,
507,7/25/2017 22:00,27.86222222,0,,,,
508,7/25/2017 23:00,27.665,0,,,,
509,7/26/2017 0:00,27.56722222,0,,,,
510,7/26/2017 1:00,27.46777778,0,,,,
511,7/26/2017 2:00,27.27222222,0,,,,
512,7/26/2017 3:00,27.17277778,0,,,,
513,7/26/2017 4:00,27.075,0,,,,
514,7/26/2017 5:00,26.97722222,0,,,,
515,7/26/2017 6:00,26.87888889,0,,,,
516,7/26/2017 7:00,26.78111111,13,,,,
517,7/26/2017 8:00,26.68277778,54,,,,
518,7/26/2017 9:00,26.78111111,496,,,,
519,7/26/2017 10:00,26.87888889,120,,,,
520,7/26/2017 11:00,26.87888889,81,,,,
521,7/26/2017 12:00,27.075,88,,,,
522,7/26/2017 13:00,27.46777778,51,,,,
523,7/26/2017 14:00,27.76388889,74,,,,
524,7/26/2017 15:00,27.86222222,88,,,,
525,7/26/2017 16:00,28.06,91,,,,
526,7/26/2017 17:00,28.15888889,72,,,,
527,7/26/2017 18:00,27.96111111,39,,,,
528,7/26/2017 19:00,27.76388889,31,,,,
529,7/26/2017 20:00,27.665,10,,,,
530,7/26/2017 21:00,27.46777778,0,,,,
531,7/26/2017 22:00,27.27222222,0,,,,
532,7/26/2017 23:00,27.17277778,0,,,,
533,7/27/2017 0:00,27.075,0,,,,
534,7/27/2017 1:00,26.97722222,0,,,,
535,7/27/2017 2:00,26.87888889,0,,,,
536,7/27/2017 3:00,26.87888889,0,,,,
537,7/27/2017 4:00,26.78111111,0,,,,
538,7/27/2017 5:00,26.78111111,0,,,,
539,7/27/2017 6:00,26.68277778,0,,,,
540,7/27/2017 7:00,26.68277778,6,,,,
541,7/27/2017 8:00,26.68277778,168,,,,
542,7/27/2017 9:00,26.78111111,72,,,,
543,7/27/2017 10:00,26.97722222,136,,,,
544,7/27/2017 11:00,27.27222222,152,,,,
545,7/27/2017 12:00,27.665,72,,,,
546,7/27/2017 13:00,28.35722222,73,,,,
547,7/27/2017 14:00,28.85277778,73,,,,
548,7/27/2017 15:00,28.555,53,,,,
549,7/27/2017 16:00,29.85277778,50,,,,
550,7/27/2017 17:00,29.15222222,41,,,,
551,7/27/2017 18:00,29.25222222,34,,,,
552,7/27/2017 19:00,29.35222222,12,,,,
553,7/27/2017 20:00,29.15222222,6,,,,
554,7/27/2017 21:00,29.05277778,0,,,,
555,7/27/2017 22:00,28.85277778,0,,,,
556,7/27/2017 23:00,28.75388889,0,,,,
557,7/28/2017 0:00,28.655,0,,,,
558,7/28/2017 1:00,28.45611111,0,,,,
559,7/28/2017 2:00,28.35722222,0,,,,
560,7/28/2017 3:00,28.15888889,0,,,,
561,7/28/2017 4:00,28.06,0,,,,
562,7/28/2017 5:00,27.86222222,0,,,,
563,7/28/2017 6:00,27.76388889,0,,,,
564,7/28/2017 7:00,27.56722222,7,,,,
565,7/28/2017 8:00,27.46777778,12,,,,
566,7/28/2017 9:00,27.37,36,,,,
567,7/28/2017 10:00,27.27222222,29,,,,
568,7/28/2017 11:00,27.27222222,70,,,,
569,7/28/2017 12:00,27.56722222,72,,,,
570,7/28/2017 13:00,27.46777778,92,,,,
571,7/28/2017 14:00,27.46777778,54,,,,
572,7/28/2017 15:00,27.37,36,,,,
573,7/28/2017 16:00,27.76388889,43,,,,
574,7/28/2017 17:00,27.76388889,29,,,,
575,7/28/2017 18:00,27.56722222,14,,,,
576,7/28/2017 19:00,27.56722222,10,,,,
577,7/28/2017 20:00,27.46777778,7,,,,
578,7/28/2017 21:00,27.27222222,0,,,,
579,7/28/2017 22:00,27.17277778,0,,,,
580,7/28/2017 23:00,26.97722222,0,,,,
581,7/29/2017 0:00,26.87888889,0,,,,
582,7/29/2017 1:00,26.68277778,0,,,,
583,7/29/2017 2:00,26.585,0,,,,
584,7/29/2017 3:00,26.48777778,0,,,,
585,7/29/2017 4:00,26.39,0,,,,
586,7/29/2017 5:00,26.29222222,0,,,,
587,7/29/2017 6:00,26.09722222,0,,,,
588,7/29/2017 7:00,26,5,,,,
589,7/29/2017 8:00,26,144,,,,
590,7/29/2017 9:00,26.195,320,,,,
591,7/29/2017 10:00,26.195,240,,,,
592,7/29/2017 11:00,26.09722222,88,,,,
593,7/29/2017 12:00,26.195,77,,,,
594,7/29/2017 13:00,26.585,90,,,,
595,7/29/2017 14:00,26.97722222,66,,,,
596,7/29/2017 15:00,27.17277778,69,,,,
597,7/29/2017 16:00,27.27222222,56,,,,
598,7/29/2017 17:00,27.075,33,,,,
599,7/29/2017 18:00,26.97722222,20,,,,
600,7/29/2017 19:00,26.78111111,13,,,,
601,7/29/2017 20:00,26.585,7,,,,
602,7/29/2017 21:00,26.48777778,0,,,,
603,7/29/2017 22:00,26.48777778,0,,,,
604,7/29/2017 23:00,26.39,0,,,,
605,7/30/2017 0:00,26.29222222,0,,,,
606,7/30/2017 1:00,26.195,0,,,,
607,7/30/2017 2:00,26.195,0,,,,
608,7/30/2017 3:00,26.09722222,0,,,,
609,7/30/2017 4:00,26,0,,,,
610,7/30/2017 5:00,25.90222222,0,,,,
611,7/30/2017 6:00,25.805,0,,,,
612,7/30/2017 7:00,25.805,8,,,,
613,7/30/2017 8:00,25.805,152,,,,
614,7/30/2017 9:00,26.09722222,448,,,,
615,7/30/2017 10:00,26.09722222,224,,,,
616,7/30/2017 11:00,26.195,111,,,,
617,7/30/2017 12:00,26.68277778,86,,,,
618,7/30/2017 13:00,26.87888889,67,,,,
619,7/30/2017 14:00,27.17277778,62,,,,
620,7/30/2017 15:00,27.37,61,,,,
621,7/30/2017 16:00,27.56722222,62,,,,
622,7/30/2017 17:00,27.56722222,47,,,,
623,7/30/2017 18:00,27.46777778,42,,,,
624,7/30/2017 19:00,27.37,35,,,,
625,7/30/2017 20:00,27.17277778,5,,,,
626,7/30/2017 21:00,26.97722222,0,,,,
627,7/30/2017 22:00,26.87888889,0,,,,
628,7/30/2017 23:00,26.68277778,0,,,,
629,7/31/2017 0:00,26.585,0,,,,
630,7/31/2017 1:00,26.48777778,0,,,,
631,7/31/2017 2:00,26.39,0,,,,
632,7/31/2017 3:00,26.29222222,0,,,,
633,7/31/2017 4:00,26.195,0,,,,
634,7/31/2017 5:00,26.09722222,0,,,,
635,7/31/2017 6:00,26,0,,,,
636,7/31/2017 7:00,26,14,,,,
637,7/31/2017 8:00,26,224,,,,
638,7/31/2017 9:00,26.195,768,,,,
639,7/31/2017 10:00,26.39,352,,,,
640,7/31/2017 11:00,26.48777778,112,,,,
641,7/31/2017 12:00,26.78111111,91,,,,
642,7/31/2017 13:00,27.17277778,78,,,,
643,7/31/2017 14:00,27.76388889,69,,,,
644,7/31/2017 15:00,27.27222222,54,,,,
645,7/31/2017 16:00,28.06,480,,,,
646,7/31/2017 17:00,28.06,31,,,,
647,7/31/2017 18:00,27.86222222,20,,,,
648,7/31/2017 19:00,27.665,14,,,,
649,7/31/2017 20:00,27.27222222,9,,,,
650,7/31/2017 21:00,26.87888889,0,,,,
651,7/31/2017 22:00,26.585,0,,,,
652,7/31/2017 23:00,26.48777778,0,,,,
653,8/1/2017 0:00,26.48777778,0,,,,
654,8/1/2017 1:00,26.39,0,,,,
655,8/1/2017 2:00,26.39,0,,,,
656,8/1/2017 3:00,26.29222222,0,,,,
657,8/1/2017 4:00,26.195,0,,,,
658,8/1/2017 5:00,26.09722222,0,,,,
659,8/1/2017 6:00,26.09722222,0,,,,
660,8/1/2017 7:00,26,13,,,,
661,8/1/2017 8:00,26.09722222,208,,,,
662,8/1/2017 9:00,26.29222222,480,,,,
663,8/1/2017 10:00,26.48777778,256,,,,
664,8/1/2017 11:00,26.87888889,108,,,,
665,8/1/2017 12:00,27.27222222,76,,,,
666,8/1/2017 13:00,27.76388889,94,,,,
667,8/1/2017 14:00,27.86222222,69,,,,
668,8/1/2017 15:00,27.86222222,61,,,,
669,8/1/2017 16:00,28.25777778,125,,,,
670,8/1/2017 17:00,28.75388889,55,,,,
671,8/1/2017 18:00,28.45611111,31,,,,
672,8/1/2017 19:00,27.86222222,25,,,,
673,8/1/2017 20:00,27.56722222,15,,,,
674,8/1/2017 21:00,27.27222222,0,,,,
675,8/1/2017 22:00,27.075,0,,,,
676,8/1/2017 23:00,26.87888889,0,,,,
677,8/2/2017 0:00,26.78111111,0,,,,
678,8/2/2017 1:00,26.78111111,0,,,,
679,8/2/2017 2:00,26.68277778,0,,,,
680,8/2/2017 3:00,26.68277778,0,,,,
681,8/2/2017 4:00,26.585,0,,,,
682,8/2/2017 5:00,26.48777778,0,,,,
683,8/2/2017 6:00,26.48777778,0,,,,
684,8/2/2017 7:00,26.39,16,,,,
685,8/2/2017 8:00,26.48777778,216,,,,
686,8/2/2017 9:00,26.68277778,960,,,,
687,8/2/2017 10:00,26.78111111,304,,,,
688,8/2/2017 11:00,27.17277778,105,,,,
689,8/2/2017 12:00,27.96111111,115,,,,
690,8/2/2017 13:00,28.35722222,84,,,,
691,8/2/2017 14:00,28.655,80,,,,
692,8/2/2017 15:00,28.555,72,,,,
693,8/2/2017 16:00,28.85277778,136,,,,
694,8/2/2017 17:00,28.85277778,53,,,,
695,8/2/2017 18:00,28.655,57,,,,
696,8/2/2017 19:00,27.76388889,31,,,,
697,8/2/2017 20:00,27.86222222,35,,,,
698,8/2/2017 21:00,27.665,0,,,,
699,8/2/2017 22:00,27.56722222,0,,,,
700,8/2/2017 23:00,27.46777778,0,,,,
701,8/3/2017 0:00,27.37,0,,,,
702,8/3/2017 1:00,27.37,0,,,,
703,8/3/2017 2:00,27.27222222,0,,,,
704,8/3/2017 3:00,27.17277778,0,,,,
705,8/3/2017 4:00,27.075,0,,,,
706,8/3/2017 5:00,26.97722222,0,,,,
707,8/3/2017 6:00,26.97722222,0,,,,
708,8/3/2017 7:00,26.87888889,13,,,,
709,8/3/2017 8:00,26.97722222,160,,,,
710,8/3/2017 9:00,27.075,608,,,,
711,8/3/2017 10:00,27.37,272,,,,
712,8/3/2017 10:44,,,,,,
713,8/3/2017 10:45,,,,,Logged,
714,8/3/2017 11:00,82.152,208,,,,
715,8/3/2017 12:00,82.508,68,,,,
716,8/3/2017 13:00,82.686,81,,,,
717,8/3/2017 14:00,83.221,99,,,,
718,8/3/2017 15:00,83.579,208,,,,
719,8/3/2017 16:00,83.579,109,,,,
720,8/3/2017 17:00,83.221,30,,,,
721,8/3/2017 18:00,82.508,25,,,,
722,8/3/2017 19:00,81.975,8,,,,
723,8/3/2017 20:00,81.266,1,,,,
724,8/3/2017 21:00,81.09,0,,,,
725,8/3/2017 22:00,80.735,0,,,,
726,8/3/2017 23:00,80.559,0,,,,
727,8/4/2017 0:00,80.206,0,,,,
728,8/4/2017 1:00,80.029,0,,,,
729,8/4/2017 2:00,80.029,0,,,,
730,8/4/2017 3:00,79.678,0,,,,
731,8/4/2017 4:00,79.678,0,,,,
732,8/4/2017 5:00,79.502,0,,,,
733,8/4/2017 6:00,79.326,0,,,,
734,8/4/2017 7:00,79.326,0,,,,
735,8/4/2017 8:00,79.151,5,,,,
736,8/4/2017 9:00,79.151,10,,,,
737,8/4/2017 10:00,79.853,57,,,,
738,8/4/2017 11:00,79.502,44,,,,
739,8/4/2017 12:00,79.853,49,,,,
740,8/4/2017 13:00,80.029,59,,,,
741,8/4/2017 14:00,79.853,102,,,,
742,8/4/2017 15:00,79.326,38,,,,
743,8/4/2017 16:00,78.975,30,,,,
744,8/4/2017 17:00,78.8,23,,,,
745,8/4/2017 18:00,78.449,36,,,,
746,8/4/2017 19:00,78.274,9,,,,
747,8/4/2017 20:00,77.923,3,,,,
748,8/4/2017 21:00,77.574,0,,,,
749,8/4/2017 22:00,77.574,0,,,,
750,8/4/2017 23:00,77.4,0,,,,
751,8/5/2017 0:00,77.05,0,,,,
752,8/5/2017 1:00,76.876,0,,,,
753,8/5/2017 2:00,76.703,0,,,,
754,8/5/2017 3:00,76.528,0,,,,
755,8/5/2017 4:00,76.354,0,,,,
756,8/5/2017 5:00,76.354,0,,,,
757,8/5/2017 6:00,76.354,0,,,,
758,8/5/2017 7:00,76.354,2,,,,
759,8/5/2017 8:00,76.528,13,,,,
760,8/5/2017 9:00,77.574,43,,,,
761,8/5/2017 10:00,77.4,33,,,,
762,8/5/2017 11:00,76.876,42,,,,
763,8/5/2017 12:00,77.4,75,,,,
764,8/5/2017 13:00,77.574,80,,,,
765,8/5/2017 14:00,77.923,111,,,,
766,8/5/2017 15:00,78.274,30,,,,
767,8/5/2017 16:00,78.274,13,,,,
768,8/5/2017 17:00,77.923,78,,,,
769,8/5/2017 18:00,78.098,43,,,,
770,8/5/2017 19:00,77.923,12,,,,
771,8/5/2017 20:00,77.574,14,,,,
772,8/5/2017 21:00,77.4,0,,,,
773,8/5/2017 22:00,77.225,0,,,,
774,8/5/2017 23:00,77.05,0,,,,
775,8/6/2017 0:00,76.876,0,,,,
776,8/6/2017 1:00,76.703,0,,,,
777,8/6/2017 2:00,76.528,0,,,,
778,8/6/2017 3:00,76.528,0,,,,
779,8/6/2017 4:00,76.354,0,,,,
780,8/6/2017 5:00,76.354,0,,,,
781,8/6/2017 6:00,76.181,0,,,,
782,8/6/2017 7:00,76.181,3,,,,
783,8/6/2017 8:00,76.181,12,,,,
784,8/6/2017 9:00,76.181,35,,,,
785,8/6/2017 10:00,76.181,30,,,,
786,8/6/2017 11:00,76.181,42,,,,
787,8/6/2017 12:00,76.181,50,,,,
788,8/6/2017 13:00,76.528,144,,,,
789,8/6/2017 14:00,76.876,128,,,,
790,8/6/2017 15:00,77.05,21,,,,
791,8/6/2017 16:00,77.574,368,,,,
792,8/6/2017 17:00,77.749,35,,,,
793,8/6/2017 18:00,77.574,11,,,,
794,8/6/2017 19:00,77.4,7,,,,
795,8/6/2017 20:00,76.876,1,,,,
796,8/6/2017 21:00,76.703,0,,,,
797,8/6/2017 22:00,76.528,0,,,,
798,8/6/2017 23:00,76.354,0,,,,
799,8/7/2017 0:00,76.354,0,,,,
800,8/7/2017 1:00,76.181,0,,,,
801,8/7/2017 2:00,76.006,0,,,,
802,8/7/2017 3:00,75.832,0,,,,
803,8/7/2017 4:00,75.832,0,,,,
804,8/7/2017 5:00,75.659,0,,,,
805,8/7/2017 6:00,75.659,0,,,,
806,8/7/2017 7:00,75.484,0,,,,
807,8/7/2017 8:00,75.659,5,,,,
808,8/7/2017 9:00,76.006,14,,,,
809,8/7/2017 10:00,76.703,26,,,,
810,8/7/2017 11:00,76.703,19,,,,
811,8/7/2017 12:00,76.876,29,,,,
812,8/7/2017 13:00,77.225,19,,,,
813,8/7/2017 14:00,77.225,24,,,,
814,8/7/2017 15:00,77.574,70,,,,
815,8/7/2017 16:00,78.8,80,,,,
816,8/7/2017 17:00,78.274,16,,,,
817,8/7/2017 18:00,78.449,9,,,,
818,8/7/2017 19:00,78.274,6,,,,
819,8/7/2017 20:00,78.098,1,,,,
820,8/7/2017 21:00,77.923,0,,,,
821,8/7/2017 22:00,77.749,0,,,,
822,8/7/2017 23:00,77.574,0,,,,
823,8/8/2017 0:00,77.4,0,,,,
824,8/8/2017 1:00,77.225,0,,,,
825,8/8/2017 2:00,76.876,0,,,,
826,8/8/2017 3:00,76.528,0,,,,
827,8/8/2017 4:00,76.354,0,,,,
828,8/8/2017 5:00,76.181,0,,,,
829,8/8/2017 6:00,76.006,0,,,,
830,8/8/2017 7:00,76.006,1,,,,
831,8/8/2017 8:00,76.354,25,,,,
832,8/8/2017 9:00,77.225,38,,,,
833,8/8/2017 10:00,77.923,29,,,,
834,8/8/2017 11:00,77.05,29,,,,
835,8/8/2017 12:00,78.098,43,,,,
836,8/8/2017 13:00,77.574,65,,,,
837,8/8/2017 14:00,78.975,91,,,,
838,8/8/2017 15:00,77.923,84,,,,
839,8/8/2017 16:00,78.975,59,,,,
840,8/8/2017 17:00,79.678,20,,,,
841,8/8/2017 18:00,79.151,8,,,,
842,8/8/2017 19:00,78.274,3,,,,
843,8/8/2017 20:00,77.923,1,,,,
844,8/8/2017 21:00,77.4,0,,,,
845,8/8/2017 22:00,77.05,0,,,,
846,8/8/2017 23:00,76.703,0,,,,
847,8/9/2017 0:00,76.703,0,,,,
848,8/9/2017 1:00,76.703,0,,,,
849,8/9/2017 2:00,76.528,0,,,,
850,8/9/2017 3:00,76.528,0,,,,
851,8/9/2017 4:00,76.354,0,,,,
852,8/9/2017 5:00,76.181,0,,,,
853,8/9/2017 6:00,76.181,0,,,,
854,8/9/2017 7:00,76.006,0,,,,
855,8/9/2017 8:00,76.181,19,,,,
856,8/9/2017 9:00,76.528,43,,,,
857,8/9/2017 10:00,77.4,46,,,,
858,8/9/2017 11:00,77.574,17,,,,
859,8/9/2017 12:00,78.274,19,,,,
860,8/9/2017 13:00,79.502,19,,,,
861,8/9/2017 14:00,80.559,56,,,,
862,8/9/2017 15:00,81.266,82,,,,
863,8/9/2017 16:00,81.975,73,,,,
864,8/9/2017 17:00,81.442,18,,,,
865,8/9/2017 18:00,80.206,11,,,,
866,8/9/2017 19:00,79.502,11,,,,
867,8/9/2017 20:00,79.502,4,,,,
868,8/9/2017 21:00,78.975,0,,,,
869,8/9/2017 22:00,78.449,0,,,,
870,8/9/2017 23:00,78.098,0,,,,
871,8/10/2017 0:00,77.749,0,,,,
872,8/10/2017 1:00,77.749,0,,,,
873,8/10/2017 2:00,77.574,0,,,,
874,8/10/2017 3:00,77.4,0,,,,
875,8/10/2017 4:00,77.225,0,,,,
876,8/10/2017 5:00,77.225,0,,,,
877,8/10/2017 6:00,76.876,0,,,,
878,8/10/2017 7:00,76.876,0,,,,
879,8/10/2017 8:00,76.876,23,,,,
880,8/10/2017 9:00,77.4,38,,,,
881,8/10/2017 10:00,78.274,37,,,,
882,8/10/2017 11:00,78.449,49,,,,
883,8/10/2017 12:00,79.151,92,,,,
884,8/10/2017 13:00,79.678,102,,,,
885,8/10/2017 14:00,80.559,51,,,,
886,8/10/2017 15:00,81.442,192,,,,
887,8/10/2017 16:00,82.686,30,,,,
888,8/10/2017 17:00,81.442,17,,,,
889,8/10/2017 18:00,80.911,20,,,,
890,8/10/2017 19:00,80.382,14,,,,
891,8/10/2017 20:00,79.853,5,,,,
892,8/10/2017 21:00,79.151,0,,,,
893,8/10/2017 22:00,78.8,0,,,,
894,8/10/2017 23:00,78.449,0,,,,
895,8/11/2017 0:00,78.274,0,,,,
896,8/11/2017 1:00,77.923,0,,,,
897,8/11/2017 2:00,77.923,0,,,,
898,8/11/2017 3:00,77.749,0,,,,
899,8/11/2017 4:00,77.749,0,,,,
900,8/11/2017 5:00,77.574,0,,,,
901,8/11/2017 6:00,77.4,0,,,,
902,8/11/2017 7:00,77.225,0,,,,
903,8/11/2017 8:00,77.225,5,,,,
904,8/11/2017 9:00,77.05,19,,,,
905,8/11/2017 10:00,77.05,29,,,,
906,8/11/2017 11:00,77.4,59,,,,
907,8/11/2017 12:00,77.574,97,,,,
908,8/11/2017 13:00,78.274,86,,,,
909,8/11/2017 14:00,79.151,160,,,,
910,8/11/2017 15:00,80.029,256,,,,
911,8/11/2017 16:00,80.735,256,,,,
912,8/11/2017 17:00,79.151,9,,,,
913,8/11/2017 18:00,79.151,10,,,,
914,8/11/2017 19:00,78.975,9,,,,
915,8/11/2017 20:00,78.274,2,,,,
916,8/11/2017 21:00,77.923,0,,,,
917,8/11/2017 22:00,77.574,0,,,,
918,8/11/2017 23:00,77.4,0,,,,
919,8/12/2017 0:00,77.05,0,,,,
920,8/12/2017 1:00,77.05,0,,,,
921,8/12/2017 2:00,76.876,0,,,,
922,8/12/2017 3:00,76.876,0,,,,
923,8/12/2017 4:00,76.876,0,,,,
924,8/12/2017 5:00,76.703,0,,,,
925,8/12/2017 6:00,76.528,0,,,,
926,8/12/2017 7:00,76.354,0,,,,
927,8/12/2017 8:00,76.528,29,,,,
928,8/12/2017 9:00,77.225,53,,,,
929,8/12/2017 10:00,76.876,14,,,,
930,8/12/2017 11:00,76.876,19,,,,
931,8/12/2017 12:00,76.876,37,,,,
932,8/12/2017 13:00,77.225,61,,,,
933,8/12/2017 14:00,77.749,81,,,,
934,8/12/2017 15:00,77.923,256,,,,
935,8/12/2017 16:00,78.624,192,,,,
936,8/12/2017 17:00,78.449,32,,,,
937,8/12/2017 18:00,78.274,7,,,,
938,8/12/2017 19:00,78.098,6,,,,
939,8/12/2017 20:00,77.923,3,,,,
940,8/12/2017 21:00,77.574,0,,,,
941,8/12/2017 22:00,77.574,0,,,,
942,8/12/2017 23:00,77.4,0,,,,
943,8/13/2017 0:00,77.225,0,,,,
944,8/13/2017 1:00,77.05,0,,,,
945,8/13/2017 2:00,76.876,0,,,,
946,8/13/2017 3:00,76.703,0,,,,
947,8/13/2017 4:00,76.703,0,,,,
948,8/13/2017 5:00,76.528,0,,,,
949,8/13/2017 6:00,76.354,0,,,,
950,8/13/2017 7:00,76.354,0,,,,
951,8/13/2017 8:00,76.528,23,,,,
952,8/13/2017 9:00,77.225,44,,,,
953,8/13/2017 10:00,77.749,35,,,,
954,8/13/2017 11:00,77.574,26,,,,
955,8/13/2017 12:00,78.098,16,,,,
956,8/13/2017 13:00,78.8,107,,,,
957,8/13/2017 14:00,79.326,45,,,,
958,8/13/2017 15:00,79.326,26,,,,
959,8/13/2017 16:00,80.029,60,,,,
960,8/13/2017 17:00,79.151,38,,,,
961,8/13/2017 18:00,78.8,15,,,,
962,8/13/2017 19:00,78.449,5,,,,
963,8/13/2017 20:00,78.098,4,,,,
964,8/13/2017 21:00,77.923,0,,,,
965,8/13/2017 22:00,77.749,0,,,,
966,8/13/2017 23:00,77.574,0,,,,
967,8/14/2017 0:00,77.4,0,,,,
968,8/14/2017 1:00,77.225,0,,,,
969,8/14/2017 2:00,77.05,0,,,,
970,8/14/2017 3:00,76.876,0,,,,
971,8/14/2017 4:00,76.876,0,,,,
972,8/14/2017 5:00,76.703,0,,,,
973,8/14/2017 6:00,76.528,0,,,,
974,8/14/2017 7:00,76.528,1,,,,
975,8/14/2017 8:00,76.528,24,,,,
976,8/14/2017 9:00,77.225,49,,,,
977,8/14/2017 10:00,77.749,39,,,,
978,8/14/2017 11:00,77.923,38,,,,
979,8/14/2017 12:00,78.8,30,,,,
980,8/14/2017 13:00,79.326,28,,,,
981,8/14/2017 14:00,79.678,20,,,,
982,8/14/2017 15:00,79.853,17,,,,
983,8/14/2017 16:00,80.029,20,,,,
984,8/14/2017 17:00,80.029,14,,,,
985,8/14/2017 18:00,79.853,8,,,,
986,8/14/2017 19:00,79.502,4,,,,
987,8/14/2017 20:00,78.975,2,,,,
988,8/14/2017 21:00,78.449,0,,,,
989,8/14/2017 22:00,77.923,0,,,,
990,8/14/2017 23:00,77.574,0,,,,
991,8/15/2017 0:00,77.574,0,,,,
992,8/15/2017 1:00,77.574,0,,,,
993,8/15/2017 2:00,77.4,0,,,,
994,8/15/2017 3:00,77.225,0,,,,
995,8/15/2017 4:00,77.225,0,,,,
996,8/15/2017 5:00,77.05,0,,,,
997,8/15/2017 6:00,76.876,0,,,,
998,8/15/2017 7:00,76.703,0,,,,
999,8/15/2017 8:00,76.703,1,,,,
1000,8/15/2017 9:00,76.703,10,,,,
1001,8/15/2017 10:00,77.574,41,,,,
1002,8/15/2017 11:00,77.923,39,,,,
1003,8/15/2017 12:00,78.274,48,,,,
1004,8/15/2017 13:00,78.624,57,,,,
1005,8/15/2017 14:00,79.326,63,,,,
1006,8/15/2017 15:00,80.206,99,,,,
1007,8/15/2017 16:00,81.09,81,,,,
1008,8/15/2017 17:00,80.206,8,,,,
1009,8/15/2017 18:00,80.559,4,,,,
1010,8/15/2017 19:00,81.09,4,,,,
1011,8/15/2017 20:00,80.911,0,,,,
1012,8/15/2017 21:00,80.735,0,,,,
1013,8/15/2017 22:00,80.382,0,,,,
1014,8/15/2017 23:00,80.206,0,,,,
1015,8/16/2017 0:00,80.029,0,,,,
1016,8/16/2017 1:00,79.678,0,,,,
1017,8/16/2017 2:00,79.502,0,,,,
1018,8/16/2017 3:00,79.326,0,,,,
1019,8/16/2017 4:00,78.975,0,,,,
1020,8/16/2017 5:00,78.8,0,,,,
1021,8/16/2017 6:00,78.624,0,,,,
1022,8/16/2017 7:00,78.449,0,,,,
1023,8/16/2017 8:00,78.449,13,,,,
1024,8/16/2017 9:00,78.8,34,,,,
1025,8/16/2017 10:00,79.151,32,,,,
1026,8/16/2017 11:00,79.502,26,,,,
1027,8/16/2017 12:00,80.206,30,,,,
1028,8/16/2017 13:00,81.621,43,,,,
1029,8/16/2017 14:00,82.152,62,,,,
1030,8/16/2017 15:00,83.043,81,,,,
1031,8/16/2017 16:00,83.579,60,,,,
1032,8/16/2017 17:00,82.686,10,,,,
1033,8/16/2017 18:00,83.757,6,,,,
1034,8/16/2017 19:00,83.221,3,,,,
1035,8/16/2017 20:00,82.508,0,,,,
1036,8/16/2017 21:00,81.797,0,,,,
1037,8/16/2017 22:00,81.09,0,,,,
1038,8/16/2017 23:00,80.735,0,,,,
1039,8/17/2017 0:00,80.382,0,,,,
1040,8/17/2017 1:00,80.029,0,,,,
1041,8/17/2017 2:00,79.678,0,,,,
1042,8/17/2017 3:00,79.502,0,,,,
1043,8/17/2017 4:00,79.502,0,,,,
1044,8/17/2017 5:00,79.326,0,,,,
1045,8/17/2017 6:00,79.151,0,,,,
1046,8/17/2017 7:00,78.975,0,,,,
1047,8/17/2017 8:00,78.975,2,,,,
1048,8/17/2017 9:00,78.975,3,,,,
1049,8/17/2017 10:00,78.975,8,,,,
1050,8/17/2017 11:00,79.502,9,,,,
1051,8/17/2017 12:00,79.326,0,,,,
1052,8/17/2017 13:00,79.151,0,,,,
1053,8/17/2017 14:00,79.502,37,,,,
1054,8/17/2017 15:00,79.853,27,,,,
1055,8/17/2017 16:00,80.911,29,,,,
1056,8/17/2017 17:00,80.559,13,,,,
1057,8/17/2017 18:00,80.559,6,,,,
1058,8/17/2017 19:00,80.382,2,,,,
1059,8/17/2017 20:00,79.678,0,,,,
1060,8/17/2017 21:00,79.151,0,,,,
1061,8/17/2017 22:00,78.624,0,,,,
1062,8/17/2017 23:00,78.449,0,,,,
1063,8/18/2017 0:00,78.098,0,,,,
1064,8/18/2017 1:00,77.923,0,,,,
1065,8/18/2017 2:00,77.749,0,,,,
1066,8/18/2017 3:00,77.574,0,,,,
1067,8/18/2017 4:00,77.574,0,,,,
1068,8/18/2017 5:00,77.4,0,,,,
1069,8/18/2017 6:00,77.225,0,,,,
1070,8/18/2017 7:00,77.05,1,,,,
1071,8/18/2017 8:00,77.4,36,,,,
1072,8/18/2017 9:00,78.098,73,,,,
1073,8/18/2017 10:00,78.098,32,,,,
1074,8/18/2017 11:00,77.4,18,,,,
1075,8/18/2017 12:00,77.4,25,,,,
1076,8/18/2017 13:00,77.574,69,,,,
1077,8/18/2017 14:00,77.923,48,,,,
1078,8/18/2017 15:00,78.098,144,,,,
1079,8/18/2017 16:00,78.449,16,,,,
1080,8/18/2017 17:00,78.449,32,,,,
1081,8/18/2017 18:00,78.449,11,,,,
1082,8/18/2017 19:00,78.274,3,,,,
1083,8/18/2017 20:00,77.749,1,,,,
1084,8/18/2017 21:00,77.4,0,,,,
1085,8/18/2017 22:00,77.225,0,,,,
1086,8/18/2017 23:00,77.05,0,,,,
1087,8/19/2017 0:00,76.876,0,,,,
1088,8/19/2017 1:00,76.876,0,,,,
1089,8/19/2017 2:00,76.703,0,,,,
1090,8/19/2017 3:00,76.703,0,,,,
1091,8/19/2017 4:00,76.703,0,,,,
1092,8/19/2017 5:00,76.528,0,,,,
1093,8/19/2017 6:00,76.528,0,,,,
1094,8/19/2017 7:00,76.354,0,,,,
1095,8/19/2017 8:00,76.528,12,,,,
1096,8/19/2017 9:00,77.4,33,,,,
1097,8/19/2017 10:00,77.923,34,,,,
1098,8/19/2017 11:00,77.225,20,,,,
1099,8/19/2017 12:00,77.574,22,,,,
1100,8/19/2017 13:00,77.749,27,,,,
1101,8/19/2017 14:00,78.274,52,,,,
1102,8/19/2017 15:00,78.624,65,,,,
1103,8/19/2017 16:00,79.853,85,,,,
1104,8/19/2017 17:00,79.326,8,,,,
1105,8/19/2017 18:00,78.975,4,,,,
1106,8/19/2017 19:00,78.624,2,,,,
1107,8/19/2017 20:00,78.624,0,,,,
1108,8/19/2017 21:00,78.449,0,,,,
1109,8/19/2017 22:00,78.274,0,,,,
1110,8/19/2017 23:00,78.098,0,,,,
1111,8/20/2017 0:00,77.749,0,,,,
1112,8/20/2017 1:00,77.749,0,,,,
1113,8/20/2017 2:00,77.574,0,,,,
1114,8/20/2017 3:00,77.4,0,,,,
1115,8/20/2017 4:00,77.225,0,,,,
1116,8/20/2017 5:00,77.225,0,,,,
1117,8/20/2017 6:00,76.876,0,,,,
1118,8/20/2017 7:00,76.876,0,,,,
1119,8/20/2017 8:00,77.05,14,,,,
1120,8/20/2017 9:00,77.574,33,,,,
1121,8/20/2017 10:00,78.274,29,,,,
1122,8/20/2017 11:00,77.923,23,,,,
1123,8/20/2017 12:00,78.8,20,,,,
1124,8/20/2017 13:00,79.678,38,,,,
1125,8/20/2017 14:00,80.559,82,,,,
1126,8/20/2017 15:00,80.735,46,,,,
1127,8/20/2017 16:00,81.442,22,,,,
1128,8/20/2017 17:00,80.559,14,,,,
1129,8/20/2017 18:00,80.029,7,,,,
1130,8/20/2017 19:00,79.853,5,,,,
1131,8/20/2017 20:00,79.502,0,,,,
1132,8/20/2017 21:00,79.326,0,,,,
1133,8/20/2017 22:00,78.975,0,,,,
1134,8/20/2017 23:00,78.8,0,,,,
1135,8/21/2017 0:00,78.8,0,,,,
1136,8/21/2017 1:00,78.624,0,,,,
1137,8/21/2017 2:00,78.449,0,,,,
1138,8/21/2017 3:00,78.449,0,,,,
1139,8/21/2017 4:00,78.274,0,,,,
1140,8/21/2017 5:00,78.098,0,,,,
1141,8/21/2017 6:00,78.098,0,,,,
1142,8/21/2017 7:00,78.098,0,,,,
1143,8/21/2017 8:00,78.098,4,,,,
1144,8/21/2017 9:00,78.8,24,,,,
1145,8/21/2017 10:00,78.449,25,,,,
1146,8/21/2017 11:00,79.326,42,,,,
1147,8/21/2017 12:00,80.206,69,,,,
1148,8/21/2017 13:00,81.266,60,,,,
1149,8/21/2017 14:00,81.09,30,,,,
1150,8/21/2017 15:00,81.266,59,,,,
1151,8/21/2017 16:00,81.975,304,,,,
1152,8/21/2017 17:00,82.152,25,,,,
1153,8/21/2017 18:00,81.442,16,,,,
1154,8/21/2017 19:00,80.735,10,,,,
1155,8/21/2017 20:00,80.206,0,,,,
1156,8/21/2017 21:00,79.502,0,,,,
1157,8/21/2017 22:00,79.326,0,,,,
1158,8/21/2017 23:00,79.326,0,,,,
1159,8/22/2017 0:00,78.975,0,,,,
1160,8/22/2017 1:00,78.975,0,,,,
1161,8/22/2017 2:00,78.975,0,,,,
1162,8/22/2017 3:00,78.975,0,,,,
1163,8/22/2017 4:00,78.624,0,,,,
1164,8/22/2017 5:00,78.624,0,,,,
1165,8/22/2017 6:00,78.449,0,,,,
1166,8/22/2017 7:00,78.274,0,,,,
1167,8/22/2017 8:00,78.098,1,,,,
1168,8/22/2017 9:00,78.098,4,,,,
1169,8/22/2017 10:00,78.624,23,,,,
1170,8/22/2017 11:00,78.274,22,,,,
1171,8/22/2017 12:00,78.449,14,,,,
1172,8/22/2017 13:00,78.8,31,,,,
1173,8/22/2017 14:00,79.151,59,,,,
1174,8/22/2017 15:00,79.326,8,,,,
1175,8/22/2017 16:00,79.853,76,,,,
1176,8/22/2017 17:00,79.326,11,,,,
1177,8/22/2017 18:00,78.8,6,,,,
1178,8/22/2017 19:00,78.449,2,,,,
1179,8/22/2017 20:00,78.098,0,,,,
1180,8/22/2017 21:00,77.749,0,,,,
1181,8/22/2017 22:00,77.574,0,,,,
1182,8/22/2017 23:00,77.4,0,,,,
1183,8/23/2017 0:00,77.574,0,,,,
1184,8/23/2017 1:00,77.4,0,,,,
1185,8/23/2017 2:00,77.4,0,,,,
1186,8/23/2017 3:00,77.225,0,,,,
1187,8/23/2017 4:00,77.05,0,,,,
1188,8/23/2017 5:00,76.876,0,,,,
1189,8/23/2017 6:00,76.876,0,,,,
1190,8/23/2017 7:00,76.876,0,,,,
1191,8/23/2017 8:00,77.05,16,,,,
1192,8/23/2017 9:00,77.574,31,,,,
1193,8/23/2017 10:00,78.449,30,,,,
1194,8/23/2017 11:00,77.4,22,,,,
1195,8/23/2017 12:00,77.574,28,,,,
1196,8/23/2017 13:00,77.4,35,,,,
1197,8/23/2017 14:00,77.4,8,,,,
1198,8/23/2017 15:00,77.923,61,,,,
1199,8/23/2017 16:00,78.274,9,,,,
1200,8/23/2017 17:00,78.098,7,,,,
1201,8/23/2017 18:00,78.098,3,,,,
1202,8/23/2017 19:00,77.749,2,,,,
1203,8/23/2017 20:00,77.4,0,,,,
1204,8/23/2017 21:00,77.05,0,,,,
1205,8/23/2017 22:00,76.876,0,,,,
1206,8/23/2017 23:00,76.703,0,,,,
1207,8/24/2017 0:00,76.528,0,,,,
1208,8/24/2017 1:00,76.354,0,,,,
1209,8/24/2017 2:00,76.181,0,,,,
1210,8/24/2017 3:00,76.181,0,,,,
1211,8/24/2017 4:00,76.006,0,,,,
1212,8/24/2017 5:00,75.832,0,,,,
1213,8/24/2017 6:00,75.832,0,,,,
1214,8/24/2017 7:00,75.659,0,,,,
1215,8/24/2017 8:00,75.659,5,,,,
1216,8/24/2017 9:00,75.832,14,,,,
1217,8/24/2017 10:00,76.703,31,,,,
1218,8/24/2017 11:00,76.354,27,,,,
1219,8/24/2017 12:00,76.354,16,,,,
1220,8/24/2017 13:00,76.528,15,,,,
1221,8/24/2017 14:00,76.181,6,,,,
1222,8/24/2017 15:00,76.006,6,,,,
1223,8/24/2017 16:00,76.006,8,,,,
1224,8/24/2017 17:00,75.832,3,,,,
1225,8/24/2017 18:00,75.832,9,,,,
1226,8/24/2017 19:00,75.832,5,,,,
1227,8/24/2017 20:00,75.659,0,,,,
1228,8/24/2017 21:00,75.484,0,,,,
1229,8/24/2017 22:00,75.312,0,,,,
1230,8/24/2017 23:00,75.312,0,,,,
1231,8/25/2017 0:00,75.139,0,,,,
1232,8/25/2017 1:00,74.964,0,,,,
1233,8/25/2017 2:00,74.791,0,,,,
1234,8/25/2017 3:00,74.791,0,,,,
1235,8/25/2017 4:00,74.619,0,,,,
1236,8/25/2017 5:00,74.446,0,,,,
1237,8/25/2017 6:00,74.446,0,,,,
1238,8/25/2017 7:00,74.271,0,,,,
1239,8/25/2017 8:00,74.446,16,,,,
1240,8/25/2017 9:00,75.312,35,,,,
1241,8/25/2017 10:00,75.659,30,,,,
1242,8/25/2017 11:00,75.139,23,,,,
1243,8/25/2017 12:00,75.312,29,,,,
1244,8/25/2017 13:00,76.006,35,,,,
1245,8/25/2017 14:00,76.528,54,,,,
1246,8/25/2017 15:00,77.4,79,,,,
1247,8/25/2017 16:00,78.449,30,,,,
1248,8/25/2017 17:00,78.274,10,,,,
1249,8/25/2017 18:00,77.923,14,,,,
1250,8/25/2017 19:00,77.4,6,,,,
1251,8/25/2017 20:00,77.05,0,,,,
1252,8/25/2017 21:00,76.703,0,,,,
1253,8/25/2017 22:00,76.528,0,,,,
1254,8/25/2017 23:00,76.181,0,,,,
1255,8/26/2017 0:00,75.832,0,,,,
1256,8/26/2017 1:00,75.659,0,,,,
1257,8/26/2017 2:00,75.484,0,,,,
1258,8/26/2017 3:00,75.139,0,,,,
1259,8/26/2017 4:00,74.791,0,,,,
1260,8/26/2017 5:00,74.619,0,,,,
1261,8/26/2017 6:00,74.446,0,,,,
1262,8/26/2017 7:00,74.271,0,,,,
1263,8/26/2017 8:00,74.271,11,,,,
1264,8/26/2017 9:00,74.791,28,,,,
1265,8/26/2017 10:00,75.659,27,,,,
1266,8/26/2017 11:00,74.964,20,,,,
1267,8/26/2017 12:00,75.484,39,,,,
1268,8/26/2017 13:00,76.528,31,,,,
1269,8/26/2017 14:00,77.225,15,,,,
1270,8/26/2017 15:00,77.4,74,,,,
1271,8/26/2017 16:00,78.624,85,,,,
1272,8/26/2017 17:00,77.4,11,,,,
1273,8/26/2017 18:00,77.225,6,,,,
1274,8/26/2017 19:00,76.876,3,,,,
1275,8/26/2017 20:00,76.703,0,,,,
1276,8/26/2017 21:00,76.181,0,,,,
1277,8/26/2017 22:00,76.006,0,,,,
1278,8/26/2017 23:00,75.659,0,,,,
1279,8/27/2017 0:00,75.312,0,,,,
1280,8/27/2017 1:00,75.139,0,,,,
1281,8/27/2017 2:00,74.964,0,,,,
1282,8/27/2017 3:00,74.964,0,,,,
1283,8/27/2017 4:00,74.791,0,,,,
1284,8/27/2017 5:00,74.619,0,,,,
1285,8/27/2017 6:00,74.446,0,,,,
1286,8/27/2017 7:00,74.446,0,,,,
1287,8/27/2017 8:00,74.271,1,,,,
1288,8/27/2017 9:00,74.964,40,,,,
1289,8/27/2017 10:00,75.139,50,,,,
1290,8/27/2017 11:00,74.964,22,,,,
1291,8/27/2017 12:00,75.484,28,,,,
1292,8/27/2017 13:00,75.832,16,,,,
1293,8/27/2017 14:00,76.528,36,,,,
1294,8/27/2017 15:00,77.574,53,,,,
1295,8/27/2017 16:00,78.098,51,,,,
1296,8/27/2017 17:00,77.225,21,,,,
1297,8/27/2017 18:00,76.876,12,,,,
1298,8/27/2017 19:00,76.181,2,,,,
1299,8/27/2017 20:00,75.832,0,,,,
1300,8/27/2017 21:00,75.484,0,,,,
1301,8/27/2017 22:00,75.312,0,,,,
1302,8/27/2017 23:00,74.964,0,,,,
1303,8/28/2017 0:00,74.964,0,,,,
1304,8/28/2017 1:00,74.964,0,,,,
1305,8/28/2017 2:00,74.791,0,,,,
1306,8/28/2017 3:00,74.791,0,,,,
1307,8/28/2017 4:00,74.619,0,,,,
1308,8/28/2017 5:00,74.619,0,,,,
1309,8/28/2017 6:00,74.446,0,,,,
1310,8/28/2017 7:00,74.446,0,,,,
1311,8/28/2017 8:00,74.446,0,,,,
1312,8/28/2017 9:00,74.271,1,,,,
1313,8/28/2017 10:00,74.446,4,,,,
1314,8/28/2017 11:00,74.271,6,,,,
1315,8/28/2017 12:00,74.446,8,,,,
1316,8/28/2017 13:00,74.271,5,,,,
1317,8/28/2017 14:00,74.619,27,,,,
1318,8/28/2017 15:00,74.791,14,,,,
1319,8/28/2017 16:00,74.964,12,,,,
1320,8/28/2017 17:00,74.964,6,,,,
1321,8/28/2017 18:00,74.964,6,,,,
1322,8/28/2017 19:00,74.791,2,,,,
1323,8/28/2017 20:00,74.619,0,,,,
1324,8/28/2017 21:00,74.446,0,,,,
1325,8/28/2017 22:00,74.271,0,,,,
1326,8/28/2017 23:00,74.271,0,,,,
1327,8/29/2017 0:00,74.098,0,,,,
1328,8/29/2017 1:00,74.098,0,,,,
1329,8/29/2017 2:00,74.098,0,,,,
1330,8/29/2017 3:00,74.098,0,,,,
1331,8/29/2017 4:00,74.098,0,,,,
1332,8/29/2017 5:00,73.926,0,,,,
1333,8/29/2017 6:00,73.926,0,,,,
1334,8/29/2017 7:00,73.926,0,,,,
1335,8/29/2017 8:00,73.926,0,,,,
1336,8/29/2017 9:00,73.926,4,,,,
1337,8/29/2017 10:00,73.926,7,,,,
1338,8/29/2017 11:00,73.926,6,,,,
1339,8/29/2017 12:00,74.098,7,,,,
1340,8/29/2017 13:00,74.271,18,,,,
1341,8/29/2017 14:00,75.139,12,,,,
1342,8/29/2017 15:00,76.006,16,,,,
1343,8/29/2017 16:00,76.181,8,,,,
1344,8/29/2017 17:00,76.006,2,,,,
1345,8/29/2017 18:00,75.659,7,,,,
1346,8/29/2017 19:00,75.312,1,,,,
1347,8/29/2017 20:00,75.139,0,,,,
1348,8/29/2017 21:00,74.791,0,,,,
1349,8/29/2017 22:00,74.619,0,,,,
1350,8/29/2017 23:00,74.446,0,,,,
1351,8/30/2017 0:00,74.271,0,,,,
1352,8/30/2017 1:00,74.098,0,,,,
1353,8/30/2017 2:00,73.926,0,,,,
1354,8/30/2017 3:00,73.753,0,,,,
1355,8/30/2017 4:00,73.753,0,,,,
1356,8/30/2017 5:00,73.58,0,,,,
1357,8/30/2017 6:00,73.58,0,,,,
1358,8/30/2017 7:00,73.407,0,,,,
1359,8/30/2017 8:00,73.58,14,,,,
1360,8/30/2017 9:00,73.753,46,,,,
1361,8/30/2017 10:00,74.271,77,,,,
1362,8/30/2017 11:00,74.271,38,,,,
1363,8/30/2017 12:00,75.139,11,,,,
1364,8/30/2017 13:00,74.964,12,,,,
1365,8/30/2017 14:00,75.139,22,,,,
1366,8/30/2017 15:00,78.098,43,,,,
1367,8/30/2017 16:00,78.274,17,,,,
1368,8/30/2017 17:00,78.098,10,,,,
1369,8/30/2017 18:00,76.528,7,,,,
1370,8/30/2017 19:00,76.006,1,,,,
1371,8/30/2017 20:00,75.659,0,,,,
1372,8/30/2017 21:00,74.791,0,,,,
1373,8/30/2017 22:00,74.446,0,,,,
1374,8/30/2017 23:00,74.098,0,,,,
1375,8/31/2017 0:00,74.098,0,,,,
1376,8/31/2017 1:00,74.098,0,,,,
1377,8/31/2017 2:00,74.098,0,,,,
1378,8/31/2017 3:00,74.098,0,,,,
1379,8/31/2017 4:00,74.098,0,,,,
1380,8/31/2017 5:00,73.926,0,,,,
1381,8/31/2017 6:00,73.926,0,,,,
1382,8/31/2017 7:00,73.753,0,,,,
1383,8/31/2017 8:00,73.753,0,,,,
1384,8/31/2017 9:00,73.926,5,,,,
1385,8/31/2017 10:00,74.271,13,,,,
1386,8/31/2017 11:00,74.098,4,,,,
1387,8/31/2017 12:00,73.753,3,,,,
1388,8/31/2017 13:00,74.446,20,,,,
1389,8/31/2017 14:00,74.619,13,,,,
1390,8/31/2017 15:00,75.139,16,,,,
1391,8/31/2017 16:00,75.139,15,,,,
1392,8/31/2017 17:00,75.312,8,,,,
1393,8/31/2017 18:00,75.139,5,,,,
1394,8/31/2017 19:00,74.791,2,,,,
1395,8/31/2017 20:00,74.619,0,,,,
1396,8/31/2017 21:00,74.446,0,,,,
1397,8/31/2017 22:00,74.098,0,,,,
1398,8/31/2017 23:00,73.926,0,,,,
1399,9/1/2017 0:00,73.753,0,,,,
1400,9/1/2017 1:00,73.58,0,,,,
1401,9/1/2017 2:00,73.407,0,,,,
1402,9/1/2017 3:00,73.407,0,,,,
1403,9/1/2017 4:00,73.234,0,,,,
1404,9/1/2017 5:00,73.062,0,,,,
1405,9/1/2017 6:00,72.891,0,,,,
1406,9/1/2017 7:00,72.545,0,,,,
1407,9/1/2017 8:00,72.545,2,,,,
1408,9/1/2017 9:00,72.545,20,,,,
1409,9/1/2017 10:00,72.372,7,,,,
1410,9/1/2017 11:00,72.545,17,,,,
1411,9/1/2017 12:00,72.545,17,,,,
1412,9/1/2017 13:00,73.234,20,,,,
1413,9/1/2017 14:00,73.407,31,,,,
1414,9/1/2017 15:00,73.753,31,,,,
1415,9/1/2017 16:00,73.58,16,,,,
1416,9/1/2017 17:00,73.407,10,,,,
1417,9/1/2017 18:00,73.234,6,,,,
1418,9/1/2017 19:00,72.718,2,,,,
1419,9/1/2017 20:00,72.372,0,,,,
1420,9/1/2017 21:00,72.199,0,,,,
1421,9/1/2017 22:00,72.028,0,,,,
1422,9/1/2017 23:00,71.856,0,,,,
1423,9/2/2017 0:00,71.856,0,,,,
1424,9/2/2017 1:00,71.683,0,,,,
1425,9/2/2017 2:00,71.512,0,,,,
1426,9/2/2017 3:00,71.512,0,,,,
1427,9/2/2017 4:00,71.339,0,,,,
1428,9/2/2017 5:00,71.168,0,,,,
1429,9/2/2017 6:00,71.168,0,,,,
1430,9/2/2017 7:00,70.995,0,,,,
1431,9/2/2017 8:00,70.824,2,,,,
1432,9/2/2017 9:00,71.168,35,,,,
1433,9/2/2017 10:00,71.856,49,,,,
1434,9/2/2017 11:00,71.683,26,,,,
1435,9/2/2017 12:00,72.028,18,,,,
1436,9/2/2017 13:00,72.372,24,,,,
1437,9/2/2017 14:00,73.234,26,,,,
1438,9/2/2017 15:00,73.234,16,,,,
1439,9/2/2017 16:00,72.718,6,,,,
1440,9/2/2017 17:00,72.545,5,,,,
1441,9/2/2017 18:00,72.372,6,,,,
1442,9/2/2017 19:00,72.028,1,,,,
1443,9/2/2017 20:00,72.028,0,,,,
1444,9/2/2017 21:00,71.856,0,,,,
1445,9/2/2017 22:00,71.856,0,,,,
1446,9/2/2017 23:00,71.683,0,,,,
1447,9/3/2017 0:00,71.512,0,,,,
1448,9/3/2017 1:00,71.512,0,,,,
1449,9/3/2017 2:00,71.339,0,,,,
1450,9/3/2017 3:00,71.168,0,,,,
1451,9/3/2017 4:00,71.168,0,,,,
1452,9/3/2017 5:00,71.168,0,,,,
1453,9/3/2017 6:00,71.168,0,,,,
1454,9/3/2017 7:00,70.995,0,,,,
1455,9/3/2017 8:00,70.995,7,,,,
1456,9/3/2017 9:00,71.339,30,,,,
1457,9/3/2017 10:00,70.995,5,,,,
1458,9/3/2017 11:00,71.339,10,,,,
1459,9/3/2017 12:00,71.856,11,,,,
1460,9/3/2017 13:00,72.372,22,,,,
1461,9/3/2017 14:00,72.891,34,,,,
1462,9/3/2017 15:00,73.407,31,,,,
1463,9/3/2017 16:00,73.234,11,,,,
1464,9/3/2017 17:00,73.407,4,,,,
1465,9/3/2017 18:00,72.718,2,,,,
1466,9/3/2017 19:00,72.545,0,,,,
1467,9/3/2017 20:00,72.199,0,,,,
1468,9/3/2017 21:00,72.028,0,,,,
1469,9/3/2017 22:00,71.856,0,,,,
1470,9/3/2017 23:00,71.683,0,,,,
1471,9/4/2017 0:00,71.339,0,,,,
1472,9/4/2017 1:00,71.339,0,,,,
1473,9/4/2017 2:00,71.168,0,,,,
1474,9/4/2017 3:00,71.168,0,,,,
1475,9/4/2017 4:00,70.995,0,,,,
1476,9/4/2017 5:00,70.995,0,,,,
1477,9/4/2017 6:00,70.824,0,,,,
1478,9/4/2017 7:00,70.824,0,,,,
1479,9/4/2017 8:00,70.824,3,,,,
1480,9/4/2017 9:00,70.824,3,,,,
1481,9/4/2017 10:00,70.824,9,,,,
1482,9/4/2017 11:00,71.168,22,,,,
1483,9/4/2017 12:00,71.339,18,,,,
1484,9/4/2017 13:00,71.856,24,,,,
1485,9/4/2017 14:00,72.891,30,,,,
1486,9/4/2017 15:00,73.407,21,,,,
1487,9/4/2017 16:00,73.407,11,,,,
1488,9/4/2017 17:00,73.407,11,,,,
1489,9/4/2017 18:00,72.372,0,,,,
1490,9/4/2017 19:00,71.683,0,,,,
1491,9/4/2017 20:00,71.512,0,,,,
1492,9/4/2017 21:00,71.339,0,,,,
1493,9/4/2017 22:00,71.339,0,,,,
1494,9/4/2017 23:00,71.168,0,,,,
1495,9/5/2017 0:00,70.995,0,,,,
1496,9/5/2017 1:00,70.824,0,,,,
1497,9/5/2017 2:00,70.824,0,,,,
1498,9/5/2017 3:00,70.651,0,,,,
1499,9/5/2017 4:00,70.651,0,,,,
1500,9/5/2017 5:00,70.48,0,,,,
1501,9/5/2017 6:00,70.48,0,,,,
1502,9/5/2017 7:00,70.48,0,,,,
1503,9/5/2017 8:00,70.48,7,,,,
1504,9/5/2017 9:00,70.651,24,,,,
1505,9/5/2017 10:00,71.683,45,,,,
1506,9/5/2017 11:00,71.168,25,,,,
1507,9/5/2017 12:00,71.168,22,,,,
1508,9/5/2017 13:00,71.512,23,,,,
1509,9/5/2017 14:00,71.512,7,,,,
1510,9/5/2017 15:00,74.446,85,,,,
1511,9/5/2017 16:00,72.891,8,,,,
1512,9/5/2017 17:00,72.372,8,,,,
1513,9/5/2017 18:00,72.028,3,,,,
1514,9/5/2017 19:00,71.512,1,,,,
1515,9/5/2017 20:00,70.995,0,,,,
1516,9/5/2017 21:00,70.651,0,,,,
1517,9/5/2017 22:00,70.48,0,,,,
1518,9/5/2017 23:00,70.48,0,,,,
1519,9/6/2017 0:00,70.308,0,,,,
1520,9/6/2017 1:00,70.137,0,,,,
1521,9/6/2017 2:00,70.137,0,,,,
1522,9/6/2017 3:00,70.137,0,,,,
1523,9/6/2017 4:00,70.137,0,,,,
1524,9/6/2017 5:00,69.964,0,,,,
1525,9/6/2017 6:00,69.793,0,,,,
1526,9/6/2017 7:00,69.622,0,,,,
1527,9/6/2017 8:00,69.793,1,,,,
1528,9/6/2017 9:00,69.793,5,,,,
1529,9/6/2017 10:00,69.964,6,,,,
1530,9/6/2017 11:00,70.308,23,,,,
1531,9/6/2017 12:00,70.651,16,,,,
1532,9/6/2017 13:00,70.824,28,,,,
1533,9/6/2017 14:00,71.512,16,,,,
1534,9/6/2017 15:00,71.168,16,,,,
1535,9/6/2017 16:00,71.339,7,,,,
1536,9/6/2017 17:00,70.824,11,,,,
1537,9/6/2017 18:00,70.824,4,,,,
1538,9/6/2017 19:00,70.824,1,,,,
1539,9/6/2017 20:00,70.308,0,,,,
1540,9/6/2017 21:00,70.308,0,,,,
1541,9/6/2017 22:00,70.137,0,,,,
1542,9/6/2017 23:00,69.964,0,,,,
1543,9/7/2017 0:00,69.793,0,,,,
1544,9/7/2017 1:00,69.622,0,,,,
1545,9/7/2017 2:00,69.622,0,,,,
1546,9/7/2017 3:00,69.622,0,,,,
1547,9/7/2017 4:00,69.449,0,,,,
1548,9/7/2017 5:00,69.278,0,,,,
1549,9/7/2017 6:00,69.278,0,,,,
1550,9/7/2017 7:00,69.278,0,,,,
1551,9/7/2017 8:00,69.278,6,,,,
1552,9/7/2017 9:00,69.449,13,,,,
1553,9/7/2017 10:00,69.964,17,,,,
1554,9/7/2017 11:00,69.964,27,,,,
1555,9/7/2017 12:00,69.964,14,,,,
1556,9/7/2017 13:00,70.137,12,,,,
1557,9/7/2017 14:00,71.339,19,,,,
1558,9/7/2017 15:00,70.137,0,,,,
1559,9/7/2017 16:00,69.793,8,,,,
1560,9/7/2017 17:00,69.793,6,,,,
1561,9/7/2017 18:00,69.793,4,,,,
1562,9/7/2017 19:00,69.622,0,,,,
1563,9/7/2017 20:00,69.278,0,,,,
1564,9/7/2017 21:00,69.278,0,,,,
1565,9/7/2017 22:00,69.107,0,,,,
1566,9/7/2017 23:00,69.107,0,,,,
1567,9/8/2017 0:00,68.934,0,,,,
1568,9/8/2017 1:00,68.934,0,,,,
1569,9/8/2017 2:00,68.934,0,,,,
1570,9/8/2017 3:00,68.763,0,,,,
1571,9/8/2017 4:00,68.763,0,,,,
1572,9/8/2017 5:00,68.592,0,,,,
1573,9/8/2017 6:00,68.592,0,,,,
1574,9/8/2017 7:00,68.592,0,,,,
1575,9/8/2017 8:00,68.592,5,,,,
1576,9/8/2017 9:00,68.763,8,,,,
1577,9/8/2017 10:00,68.934,8,,,,
1578,9/8/2017 10:17,,,Logged,Logged,,
1579,9/8/2017 10:18,,,,,Logged,
1580,9/8/2017 11:00,68.934,22,,,,
1581,9/8/2017 12:00,69.278,28,,,,
1582,9/8/2017 13:00,69.449,21,,,,
1583,9/8/2017 14:00,69.449,52,,,,
1584,9/8/2017 15:00,69.622,11,,,,
1585,9/8/2017 16:00,69.793,12,,,,
1586,9/8/2017 17:00,69.793,10,,,,
1587,9/8/2017 18:00,69.793,4,,,,
1588,9/8/2017 19:00,69.793,2,,,,
1589,9/8/2017 20:00,69.622,0,,,,
1590,9/8/2017 21:00,69.622,0,,,,
1591,9/8/2017 22:00,69.449,0,,,,
1592,9/8/2017 23:00,69.278,0,,,,
1593,9/9/2017 0:00,69.107,0,,,,
1594,9/9/2017 1:00,68.934,0,,,,
1595,9/9/2017 2:00,68.763,0,,,,
1596,9/9/2017 3:00,68.763,0,,,,
1597,9/9/2017 4:00,68.592,0,,,,
1598,9/9/2017 5:00,68.421,0,,,,
1599,9/9/2017 6:00,68.421,0,,,,
1600,9/9/2017 7:00,68.248,0,,,,
1601,9/9/2017 8:00,68.421,32,,,,
1602,9/9/2017 9:00,69.107,63,,,,
1603,9/9/2017 10:00,69.449,92,,,,
1604,9/9/2017 11:00,68.934,34,,,,
1605,9/9/2017 12:00,69.449,31,,,,
1606,9/9/2017 13:00,69.964,34,,,,
1607,9/9/2017 14:00,70.48,29,,,,
1608,9/9/2017 15:00,71.168,121,,,,
1609,9/9/2017 16:00,70.995,27,,,,
1610,9/9/2017 17:00,71.339,21,,,,
1611,9/9/2017 18:00,70.824,7,,,,
1612,9/9/2017 19:00,70.308,3,,,,
1613,9/9/2017 20:00,69.793,0,,,,
1614,9/9/2017 21:00,69.449,0,,,,
1615,9/9/2017 22:00,69.449,0,,,,
1616,9/9/2017 23:00,69.278,0,,,,
1617,9/10/2017 0:00,69.278,0,,,,
1618,9/10/2017 1:00,69.107,0,,,,
1619,9/10/2017 2:00,68.934,0,,,,
1620,9/10/2017 3:00,68.763,0,,,,
1621,9/10/2017 4:00,68.592,0,,,,
1622,9/10/2017 5:00,68.421,0,,,,
1623,9/10/2017 6:00,68.248,0,,,,
1624,9/10/2017 7:00,68.248,0,,,,
1625,9/10/2017 8:00,68.248,17,,,,
1626,9/10/2017 9:00,68.592,73,,,,
1627,9/10/2017 10:00,69.449,90,,,,
1628,9/10/2017 11:00,69.107,34,,,,
1629,9/10/2017 12:00,69.622,30,,,,
1630,9/10/2017 13:00,70.308,43,,,,
1631,9/10/2017 14:00,70.651,26,,,,
1632,9/10/2017 15:00,70.995,120,,,,
1633,9/10/2017 16:00,71.683,35,,,,
1634,9/10/2017 17:00,71.339,18,,,,
1635,9/10/2017 18:00,71.168,10,,,,
1636,9/10/2017 19:00,70.48,3,,,,
1637,9/10/2017 20:00,70.137,0,,,,
1638,9/10/2017 21:00,69.793,0,,,,
1639,9/10/2017 22:00,69.622,0,,,,
1640,9/10/2017 23:00,69.449,0,,,,
1641,9/11/2017 0:00,69.107,0,,,,
1642,9/11/2017 1:00,69.107,0,,,,
1643,9/11/2017 2:00,68.934,0,,,,
1644,9/11/2017 3:00,68.763,0,,,,
1645,9/11/2017 4:00,68.592,0,,,,
1646,9/11/2017 5:00,68.421,0,,,,
1647,9/11/2017 6:00,68.248,0,,,,
1648,9/11/2017 7:00,68.248,0,,,,
1649,9/11/2017 8:00,68.248,16,,,,
1650,9/11/2017 9:00,68.421,36,,,,
1651,9/11/2017 10:00,69.107,121,,,,
1652,9/11/2017 11:00,68.934,35,,,,
1653,9/11/2017 12:00,69.793,36,,,,
1654,9/11/2017 13:00,70.48,34,,,,
1655,9/11/2017 14:00,71.168,49,,,,
1656,9/11/2017 15:00,71.683,54,,,,
1657,9/11/2017 16:00,72.545,26,,,,
1658,9/11/2017 17:00,71.683,17,,,,
1659,9/11/2017 18:00,71.683,8,,,,
1660,9/11/2017 19:00,71.339,3,,,,
1661,9/11/2017 20:00,70.995,0,,,,
1662,9/11/2017 21:00,70.824,0,,,,
1663,9/11/2017 22:00,70.48,0,,,,
1664,9/11/2017 23:00,70.308,0,,,,
1665,9/12/2017 0:00,69.964,0,,,,
1666,9/12/2017 1:00,69.793,0,,,,
1667,9/12/2017 2:00,69.622,0,,,,
1668,9/12/2017 3:00,69.278,0,,,,
1669,9/12/2017 4:00,69.107,0,,,,
1670,9/12/2017 5:00,68.763,0,,,,
1671,9/12/2017 6:00,68.421,0,,,,
1672,9/12/2017 7:00,68.248,0,,,,
1673,9/12/2017 8:00,67.906,7,,,,
1674,9/12/2017 9:00,68.077,24,,,,
1675,9/12/2017 10:00,68.421,35,,,,
1676,9/12/2017 11:00,68.934,26,,,,
1677,9/12/2017 12:00,69.278,30,,,,
1678,9/12/2017 13:00,69.449,41,,,,
1679,9/12/2017 14:00,70.137,43,,,,
1680,9/12/2017 15:00,70.995,115,,,,
1681,9/12/2017 16:00,70.995,18,,,,
1682,9/12/2017 17:00,70.995,10,,,,
1683,9/12/2017 18:00,70.995,6,,,,
1684,9/12/2017 19:00,70.651,1,,,,
1685,9/12/2017 20:00,70.308,0,,,,
1686,9/12/2017 21:00,70.137,0,,,,
1687,9/12/2017 22:00,69.964,0,,,,
1688,9/12/2017 23:00,69.793,0,,,,
1689,9/13/2017 0:00,69.622,0,,,,
1690,9/13/2017 1:00,69.622,0,,,,
1691,9/13/2017 2:00,69.449,0,,,,
1692,9/13/2017 3:00,69.449,0,,,,
1693,9/13/2017 4:00,69.278,0,,,,
1694,9/13/2017 5:00,69.107,0,,,,
1695,9/13/2017 6:00,69.107,0,,,,
1696,9/13/2017 7:00,69.107,0,,,,
1697,9/13/2017 8:00,68.934,2,,,,
1698,9/13/2017 9:00,69.107,20,,,,
1699,9/13/2017 10:00,69.278,9,,,,
1700,9/13/2017 11:00,69.278,5,,,,
1701,9/13/2017 12:00,69.278,3,,,,
1702,9/13/2017 13:00,69.278,3,,,,
1703,9/13/2017 14:00,69.449,4,,,,
1704,9/13/2017 15:00,69.964,12,,,,
1705,9/13/2017 16:00,70.137,18,,,,
1706,9/13/2017 17:00,70.48,5,,,,
1707,9/13/2017 18:00,70.308,6,,,,
1708,9/13/2017 19:00,70.137,1,,,,
1709,9/13/2017 20:00,69.793,0,,,,
1710,9/13/2017 21:00,69.622,0,,,,
1711,9/13/2017 22:00,69.278,0,,,,
1712,9/13/2017 23:00,69.107,0,,,,
1713,9/14/2017 0:00,68.934,0,,,,
1714,9/14/2017 1:00,68.763,0,,,,
1715,9/14/2017 2:00,68.592,0,,,,
1716,9/14/2017 3:00,68.421,0,,,,
1717,9/14/2017 4:00,68.421,0,,,,
1718,9/14/2017 5:00,68.248,0,,,,
1719,9/14/2017 6:00,68.248,0,,,,
1720,9/14/2017 7:00,68.248,0,,,,
1721,9/14/2017 8:00,68.077,2,,,,
1722,9/14/2017 9:00,68.248,15,,,,
1723,9/14/2017 10:00,68.763,42,,,,
1724,9/14/2017 11:00,68.763,19,,,,
1725,9/14/2017 12:00,69.964,13,,,,
1726,9/14/2017 13:00,70.995,24,,,,
1727,9/14/2017 14:00,72.372,16,,,,
1728,9/14/2017 15:00,72.545,18,,,,
1729,9/14/2017 16:00,73.062,9,,,,
1730,9/14/2017 17:00,73.926,12,,,,
1731,9/14/2017 18:00,74.446,3,,,,
1732,9/14/2017 19:00,74.098,1,,,,
1733,9/14/2017 20:00,72.891,0,,,,
1734,9/14/2017 21:00,72.199,0,,,,
1735,9/14/2017 22:00,71.339,0,,,,
1736,9/14/2017 23:00,70.651,0,,,,
1737,9/15/2017 0:00,70.308,0,,,,
1738,9/15/2017 1:00,69.964,0,,,,
1739,9/15/2017 2:00,69.793,0,,,,
1740,9/15/2017 3:00,69.622,0,,,,
1741,9/15/2017 4:00,69.449,0,,,,
1742,9/15/2017 5:00,69.278,0,,,,
1743,9/15/2017 6:00,69.107,0,,,,
1744,9/15/2017 7:00,69.107,0,,,,
1745,9/15/2017 8:00,68.934,4,,,,
1746,9/15/2017 9:00,69.622,65,,,,
1747,9/15/2017 10:00,70.651,107,,,,
1748,9/15/2017 11:00,70.308,16,,,,
1749,9/15/2017 12:00,71.168,19,,,,
1750,9/15/2017 13:00,71.683,25,,,,
1751,9/15/2017 14:00,73.407,27,,,,
1752,9/15/2017 15:00,73.234,68,,,,
1753,9/15/2017 16:00,73.234,9,,,,
1754,9/15/2017 17:00,73.062,11,,,,
1755,9/15/2017 18:00,73.234,3,,,,
1756,9/15/2017 19:00,72.028,1,,,,
1757,9/15/2017 20:00,71.856,0,,,,
1758,9/15/2017 21:00,71.339,0,,,,
1759,9/15/2017 22:00,71.168,0,,,,
1760,9/15/2017 23:00,70.824,0,,,,
1761,9/16/2017 0:00,70.651,0,,,,
1762,9/16/2017 1:00,70.48,0,,,,
1763,9/16/2017 2:00,70.308,0,,,,
1764,9/16/2017 3:00,70.137,0,,,,
1765,9/16/2017 4:00,69.964,0,,,,
1766,9/16/2017 5:00,69.793,0,,,,
1767,9/16/2017 6:00,69.793,0,,,,
1768,9/16/2017 7:00,69.622,0,,,,
1769,9/16/2017 8:00,69.449,4,,,,
1770,9/16/2017 9:00,69.622,23,,,,
1771,9/16/2017 10:00,69.964,54,,,,
1772,9/16/2017 11:00,71.339,160,,,,
1773,9/16/2017 12:00,72.028,144,,,,
1774,9/16/2017 13:00,72.718,136,,,,
1775,9/16/2017 14:00,72.718,49,,,,
1776,9/16/2017 15:00,73.58,168,,,,
1777,9/16/2017 16:00,73.58,109,,,,
1778,9/16/2017 17:00,74.271,99,,,,
1779,9/16/2017 18:00,73.407,29,,,,
1780,9/16/2017 19:00,72.199,12,,,,
1781,9/16/2017 20:00,71.856,0,,,,
1782,9/16/2017 21:00,71.512,0,,,,
1783,9/16/2017 22:00,71.168,0,,,,
1784,9/16/2017 23:00,70.995,0,,,,
1785,9/17/2017 0:00,70.824,0,,,,
1786,9/17/2017 1:00,70.824,0,,,,
1787,9/17/2017 2:00,70.651,0,,,,
1788,9/17/2017 3:00,70.651,0,,,,
1789,9/17/2017 4:00,70.48,0,,,,
1790,9/17/2017 5:00,70.308,0,,,,
1791,9/17/2017 6:00,70.137,0,,,,
1792,9/17/2017 7:00,70.137,0,,,,
1793,9/17/2017 8:00,70.137,17,,,,
1794,9/17/2017 9:00,70.48,75,,,,
1795,9/17/2017 10:00,71.339,128,,,,
1796,9/17/2017 11:00,72.028,168,,,,
1797,9/17/2017 12:00,72.891,232,,,,
1798,9/17/2017 13:00,73.58,336,,,,
1799,9/17/2017 14:00,73.926,248,,,,
1800,9/17/2017 15:00,74.619,240,,,,
1801,9/17/2017 16:00,74.964,200,,,,
1802,9/17/2017 17:00,73.753,36,,,,
1803,9/17/2017 18:00,74.446,23,,,,
1804,9/17/2017 19:00,73.062,5,,,,
1805,9/17/2017 20:00,72.545,0,,,,
1806,9/17/2017 21:00,72.372,0,,,,
1807,9/17/2017 22:00,72.028,0,,,,
1808,9/17/2017 23:00,71.856,0,,,,
1809,9/18/2017 0:00,72.028,0,,,,
1810,9/18/2017 1:00,71.856,0,,,,
1811,9/18/2017 2:00,71.856,0,,,,
1812,9/18/2017 3:00,71.683,0,,,,
1813,9/18/2017 4:00,71.683,0,,,,
1814,9/18/2017 5:00,71.512,0,,,,
1815,9/18/2017 6:00,71.512,0,,,,
1816,9/18/2017 7:00,71.512,0,,,,
1817,9/18/2017 8:00,71.512,3,,,,
1818,9/18/2017 9:00,71.512,8,,,,
1819,9/18/2017 10:00,72.028,76,,,,
1820,9/18/2017 11:00,72.028,30,,,,
1821,9/18/2017 12:00,72.199,43,,,,
1822,9/18/2017 13:00,73.234,152,,,,
1823,9/18/2017 14:00,73.58,101,,,,
1824,9/18/2017 15:00,73.407,78,,,,
1825,9/18/2017 16:00,74.446,152,,,,
1826,9/18/2017 17:00,74.791,62,,,,
1827,9/18/2017 18:00,74.791,35,,,,
1828,9/18/2017 19:00,74.619,9,,,,
1829,9/18/2017 20:00,74.619,0,,,,
1830,9/18/2017 21:00,74.271,0,,,,
1831,9/18/2017 22:00,74.098,0,,,,
1832,9/18/2017 23:00,73.926,0,,,,
1833,9/19/2017 0:00,73.753,0,,,,
1834,9/19/2017 1:00,73.58,0,,,,
1835,9/19/2017 2:00,73.407,0,,,,
1836,9/19/2017 3:00,73.234,0,,,,
1837,9/19/2017 4:00,72.891,0,,,,
1838,9/19/2017 5:00,72.891,0,,,,
1839,9/19/2017 6:00,72.891,0,,,,
1840,9/19/2017 7:00,72.718,0,,,,
1841,9/19/2017 8:00,72.718,8,,,,
1842,9/19/2017 9:00,72.545,4,,,,
1843,9/19/2017 10:00,72.372,1,,,,
1844,9/19/2017 11:00,72.545,37,,,,
1845,9/19/2017 12:00,72.891,71,,,,
1846,9/19/2017 13:00,73.062,104,,,,
1847,9/19/2017 14:00,73.234,144,,,,
1848,9/19/2017 15:00,73.234,61,,,,
1849,9/19/2017 16:00,73.062,20,,,,
1850,9/19/2017 17:00,73.062,15,,,,
1851,9/19/2017 18:00,72.891,11,,,,
1852,9/19/2017 19:00,72.891,1,,,,
1853,9/19/2017 20:00,72.718,0,,,,
1854,9/19/2017 21:00,72.718,0,,,,
1855,9/19/2017 22:00,72.545,0,,,,
1856,9/19/2017 23:00,72.545,0,,,,
1857,9/20/2017 0:00,72.545,0,,,,
1858,9/20/2017 1:00,72.545,0,,,,
1859,9/20/2017 2:00,72.372,0,,,,
1860,9/20/2017 3:00,72.372,0,,,,
1861,9/20/2017 4:00,72.372,0,,,,
1862,9/20/2017 5:00,72.372,0,,,,
1863,9/20/2017 6:00,72.199,0,,,,
1864,9/20/2017 7:00,72.199,0,,,,
1865,9/20/2017 8:00,72.199,5,,,,
1866,9/20/2017 9:00,72.372,37,,,,
1867,9/20/2017 10:00,73.062,121,,,,
1868,9/20/2017 11:00,75.139,232,,,,
1869,9/20/2017 12:00,75.312,128,,,,
1870,9/20/2017 13:00,76.354,336,,,,
1871,9/20/2017 14:00,76.528,200,,,,
1872,9/20/2017 15:00,76.528,168,,,,
1873,9/20/2017 16:00,77.4,160,,,,
1874,9/20/2017 17:00,78.624,124,,,,
1875,9/20/2017 18:00,76.703,18,,,,
1876,9/20/2017 19:00,76.181,7,,,,
1877,9/20/2017 20:00,75.832,0,,,,
1878,9/20/2017 21:00,75.484,0,,,,
1879,9/20/2017 22:00,75.139,0,,,,
1880,9/20/2017 23:00,74.791,0,,,,
1881,9/21/2017 0:00,74.619,0,,,,
1882,9/21/2017 1:00,74.446,0,,,,
1883,9/21/2017 2:00,74.271,0,,,,
1884,9/21/2017 3:00,74.098,0,,,,
1885,9/21/2017 4:00,74.098,0,,,,
1886,9/21/2017 5:00,73.926,0,,,,
1887,9/21/2017 6:00,73.753,0,,,,
1888,9/21/2017 7:00,73.753,0,,,,
1889,9/21/2017 8:00,73.58,11,,,,
1890,9/21/2017 9:00,74.098,72,,,,
1891,9/21/2017 10:00,75.139,144,,,,
1892,9/21/2017 11:00,76.181,192,,,,
1893,9/21/2017 12:00,77.4,216,,,,
1894,9/21/2017 13:00,78.274,168,,,,
1895,9/21/2017 14:00,78.8,200,,,,
1896,9/21/2017 15:00,80.029,160,,,,
1897,9/21/2017 16:00,79.151,70,,,,
1898,9/21/2017 17:00,78.975,115,,,,
1899,9/21/2017 18:00,79.151,36,,,,
1900,9/21/2017 19:00,76.528,12,,,,
1901,9/21/2017 20:00,76.181,0,,,,
1902,9/21/2017 21:00,75.659,0,,,,
1903,9/21/2017 22:00,75.659,0,,,,
1904,9/21/2017 23:00,76.181,0,,,,
1905,9/22/2017 0:00,76.181,0,,,,
1906,9/22/2017 1:00,75.832,0,,,,
1907,9/22/2017 2:00,75.659,0,,,,
1908,9/22/2017 3:00,75.832,0,,,,
1909,9/22/2017 4:00,75.659,0,,,,
1910,9/22/2017 5:00,75.484,0,,,,
1911,9/22/2017 6:00,75.312,0,,,,
1912,9/22/2017 7:00,75.312,0,,,,
1913,9/22/2017 8:00,75.312,14,,,,
1914,9/22/2017 9:00,75.832,76,,,,
1915,9/22/2017 10:00,77.05,144,,,,
1916,9/22/2017 11:00,78.624,192,,,,
1917,9/22/2017 12:00,78.624,160,,,,
1918,9/22/2017 13:00,80.029,192,,,,
1919,9/22/2017 14:00,81.09,160,,,,
1920,9/22/2017 15:00,81.09,152,,,,
1921,9/22/2017 16:00,82.152,52,,,,
1922,9/22/2017 17:00,83.757,66,,,,
1923,9/22/2017 18:00,80.029,6,,,,
1924,9/22/2017 19:00,79.326,5,,,,
1925,9/22/2017 20:00,78.624,0,,,,
1926,9/22/2017 21:00,78.624,0,,,,
1927,9/22/2017 22:00,78.098,0,,,,
1928,9/22/2017 23:00,77.749,0,,,,
1929,9/23/2017 0:00,77.4,0,,,,
1930,9/23/2017 1:00,77.225,0,,,,
1931,9/23/2017 2:00,76.876,0,,,,
1932,9/23/2017 3:00,76.703,0,,,,
1933,9/23/2017 4:00,76.354,0,,,,
1934,9/23/2017 5:00,76.181,0,,,,
1935,9/23/2017 6:00,76.006,0,,,,
1936,9/23/2017 7:00,75.659,0,,,,
1937,9/23/2017 8:00,75.484,15,,,,
1938,9/23/2017 9:00,76.006,67,,,,
1939,9/23/2017 10:00,76.876,128,,,,
1940,9/23/2017 11:00,78.098,176,,,,
1941,9/23/2017 12:00,78.098,256,,,,
1942,9/23/2017 13:00,79.326,240,,,,
1943,9/23/2017 14:00,78.624,208,,,,
1944,9/23/2017 15:00,79.502,160,,,,
1945,9/23/2017 16:00,79.151,136,,,,
1946,9/23/2017 17:00,80.029,120,,,,
1947,9/23/2017 18:00,80.029,12,,,,
1948,9/23/2017 19:00,79.151,16,,,,
1949,9/23/2017 20:00,78.8,0,,,,
1950,9/23/2017 21:00,78.449,0,,,,
1951,9/23/2017 22:00,78.098,0,,,,
1952,9/23/2017 23:00,77.749,0,,,,
1953,9/24/2017 0:00,77.4,0,,,,
1954,9/24/2017 1:00,77.225,0,,,,
1955,9/24/2017 2:00,76.876,0,,,,
1956,9/24/2017 3:00,76.703,0,,,,
1957,9/24/2017 4:00,76.528,0,,,,
1958,9/24/2017 5:00,76.354,0,,,,
1959,9/24/2017 6:00,76.006,0,,,,
1960,9/24/2017 7:00,76.006,0,,,,
1961,9/24/2017 8:00,75.832,21,,,,
1962,9/24/2017 9:00,76.181,90,,,,
1963,9/24/2017 10:00,76.876,160,,,,
1964,9/24/2017 11:00,77.574,240,,,,
1965,9/24/2017 12:00,78.624,240,,,,
1966,9/24/2017 13:00,79.678,240,,,,
1967,9/24/2017 14:00,79.678,304,,,,
1968,9/24/2017 15:00,80.735,416,,,,
1969,9/24/2017 16:00,80.735,432,,,,
1970,9/24/2017 17:00,80.559,288,,,,
1971,9/24/2017 18:00,80.029,18,,,,
1972,9/24/2017 19:00,79.326,6,,,,
1973,9/24/2017 20:00,78.449,0,,,,
1974,9/24/2017 21:00,77.923,0,,,,
1975,9/24/2017 22:00,77.749,0,,,,
1976,9/24/2017 23:00,77.574,0,,,,
1977,9/25/2017 0:00,77.4,0,,,,
1978,9/25/2017 1:00,77.225,0,,,,
1979,9/25/2017 2:00,77.05,0,,,,
1980,9/25/2017 3:00,76.876,0,,,,
1981,9/25/2017 4:00,76.703,0,,,,
1982,9/25/2017 5:00,76.528,0,,,,
1983,9/25/2017 6:00,76.354,0,,,,
1984,9/25/2017 7:00,76.181,0,,,,
1985,9/25/2017 8:00,76.181,11,,,,
1986,9/25/2017 9:00,76.528,50,,,,
1987,9/25/2017 10:00,77.574,119,,,,
1988,9/25/2017 11:00,78.274,118,,,,
1989,9/25/2017 12:00,78.975,113,,,,
1990,9/25/2017 13:00,81.09,176,,,,
1991,9/25/2017 14:00,81.266,184,,,,
1992,9/25/2017 15:00,82.152,184,,,,
1993,9/25/2017 16:00,82.686,192,,,,
1994,9/25/2017 17:00,81.797,128,,,,
1995,9/25/2017 18:00,81.621,21,,,,
1996,9/25/2017 19:00,80.029,8,,,,
1997,9/25/2017 20:00,78.449,0,,,,
1998,9/25/2017 21:00,78.098,0,,,,
1999,9/25/2017 22:00,77.749,0,,,,
2000,9/25/2017 23:00,77.749,0,,,,
2001,9/26/2017 0:00,77.4,0,,,,
2002,9/26/2017 1:00,77.225,0,,,,
2003,9/26/2017 2:00,77.05,0,,,,
2004,9/26/2017 3:00,76.876,0,,,,
2005,9/26/2017 4:00,76.703,0,,,,
2006,9/26/2017 5:00,76.528,0,,,,
2007,9/26/2017 6:00,76.528,0,,,,
2008,9/26/2017 7:00,76.354,0,,,,
2009,9/26/2017 8:00,76.181,12,,,,
2010,9/26/2017 9:00,76.876,58,,,,
2011,9/26/2017 10:00,77.749,109,,,,
2012,9/26/2017 11:00,78.624,136,,,,
2013,9/26/2017 12:00,78.624,200,,,,
2014,9/26/2017 13:00,79.326,144,,,,
2015,9/26/2017 14:00,80.206,168,,,,
2016,9/26/2017 15:00,80.559,184,,,,
2017,9/26/2017 16:00,80.735,168,,,,
2018,9/26/2017 17:00,80.206,104,,,,
2019,9/26/2017 18:00,78.8,17,,,,
2020,9/26/2017 19:00,78.8,6,,,,
2021,9/26/2017 20:00,78.098,0,,,,
2022,9/26/2017 21:00,77.749,0,,,,
2023,9/26/2017 22:00,77.4,0,,,,
2024,9/26/2017 23:00,77.4,0,,,,
2025,9/27/2017 0:00,77.225,0,,,,
2026,9/27/2017 1:00,77.05,0,,,,
2027,9/27/2017 2:00,76.876,0,,,,
2028,9/27/2017 3:00,76.703,0,,,,
2029,9/27/2017 4:00,76.703,0,,,,
2030,9/27/2017 5:00,76.528,0,,,,
2031,9/27/2017 6:00,76.354,0,,,,
2032,9/27/2017 7:00,76.354,0,,,,
2033,9/27/2017 8:00,76.354,1,,,,
2034,9/27/2017 9:00,76.354,29,,,,
2035,9/27/2017 10:00,76.181,13,,,,
2036,9/27/2017 11:00,76.006,22,,,,
2037,9/27/2017 12:00,76.876,69,,,,
2038,9/27/2017 13:00,77.225,126,,,,
2039,9/27/2017 14:00,77.749,192,,,,
2040,9/27/2017 15:00,77.225,115,,,,
2041,9/27/2017 16:00,76.876,77,,,,
2042,9/27/2017 17:00,76.876,73,,,,
2043,9/27/2017 18:00,76.528,32,,,,
2044,9/27/2017 19:00,76.181,6,,,,
2045,9/27/2017 20:00,75.832,0,,,,
2046,9/27/2017 21:00,75.832,0,,,,
2047,9/27/2017 22:00,75.484,0,,,,
2048,9/27/2017 23:00,75.484,0,,,,
2049,9/28/2017 0:00,75.139,0,,,,
2050,9/28/2017 1:00,75.139,0,,,,
2051,9/28/2017 2:00,74.964,0,,,,
2052,9/28/2017 3:00,74.619,0,,,,
2053,9/28/2017 4:00,74.446,0,,,,
2054,9/28/2017 5:00,74.271,0,,,,
2055,9/28/2017 6:00,74.098,0,,,,
2056,9/28/2017 7:00,73.926,0,,,,
2057,9/28/2017 8:00,73.926,22,,,,
2058,9/28/2017 9:00,74.271,95,,,,
2059,9/28/2017 10:00,75.139,184,,,,
2060,9/28/2017 11:00,75.659,256,,,,
2061,9/28/2017 12:00,74.619,96,,,,
2062,9/28/2017 13:00,74.619,87,,,,
2063,9/28/2017 14:00,74.964,184,,,,
2064,9/28/2017 15:00,74.791,192,,,,
2065,9/28/2017 16:00,75.139,200,,,,
2066,9/28/2017 17:00,74.964,124,,,,
2067,9/28/2017 18:00,74.271,16,,,,
2068,9/28/2017 19:00,74.098,5,,,,
2069,9/28/2017 20:00,74.098,0,,,,
2070,9/28/2017 21:00,73.926,0,,,,
2071,9/28/2017 22:00,73.753,0,,,,
2072,9/28/2017 23:00,73.58,0,,,,
2073,9/29/2017 0:00,73.407,0,,,,
2074,9/29/2017 1:00,73.234,0,,,,
2075,9/29/2017 2:00,73.062,0,,,,
2076,9/29/2017 3:00,73.062,0,,,,
2077,9/29/2017 4:00,72.891,0,,,,
2078,9/29/2017 5:00,72.718,0,,,,
2079,9/29/2017 6:00,72.545,0,,,,
2080,9/29/2017 7:00,72.372,0,,,,
2081,9/29/2017 8:00,72.372,21,,,,
2082,9/29/2017 9:00,72.545,97,,,,
2083,9/29/2017 10:00,73.062,240,,,,
2084,9/29/2017 11:00,73.234,123,,,,
2085,9/29/2017 12:00,73.234,176,,,,
2086,9/29/2017 13:00,72.891,128,,,,
2087,9/29/2017 14:00,73.062,176,,,,
2088,9/29/2017 15:00,73.062,68,,,,
2089,9/29/2017 16:00,73.234,184,,,,
2090,9/29/2017 17:00,73.062,224,,,,
2091,9/29/2017 18:00,72.545,16,,,,
2092,9/29/2017 19:00,72.372,3,,,,
2093,9/29/2017 20:00,72.028,0,,,,
2094,9/29/2017 21:00,71.856,0,,,,
2095,9/29/2017 22:00,71.683,0,,,,
2096,9/29/2017 23:00,71.683,0,,,,
2097,9/30/2017 0:00,71.512,0,,,,
2098,9/30/2017 1:00,71.339,0,,,,
2099,9/30/2017 2:00,71.339,0,,,,
2100,9/30/2017 3:00,70.995,0,,,,
2101,9/30/2017 4:00,70.995,0,,,,
2102,9/30/2017 5:00,70.824,0,,,,
2103,9/30/2017 6:00,70.651,0,,,,
2104,9/30/2017 7:00,70.651,0,,,,
2105,9/30/2017 8:00,70.308,17,,,,
2106,9/30/2017 9:00,70.824,103,,,,
2107,9/30/2017 10:00,71.512,200,,,,
2108,9/30/2017 11:00,72.199,288,,,,
2109,9/30/2017 12:00,72.545,320,,,,
2110,9/30/2017 13:00,72.718,224,,,,
2111,9/30/2017 14:00,72.718,208,,,,
2112,9/30/2017 15:00,73.753,248,,,,
2113,9/30/2017 16:00,73.58,208,,,,
2114,9/30/2017 17:00,73.234,248,,,,
2115,9/30/2017 18:00,72.545,64,,,,
2116,9/30/2017 19:00,71.683,5,,,,
2117,9/30/2017 20:00,71.168,0,,,,
2118,9/30/2017 21:00,70.824,0,,,,
2119,9/30/2017 22:00,70.651,0,,,,
2120,9/30/2017 23:00,70.48,0,,,,
2121,10/1/2017 0:00,70.308,0,,,,
2122,10/1/2017 1:00,70.308,0,,,,
2123,10/1/2017 2:00,70.137,0,,,,
2124,10/1/2017 3:00,69.964,0,,,,
2125,10/1/2017 4:00,69.793,0,,,,
2126,10/1/2017 5:00,69.622,0,,,,
2127,10/1/2017 6:00,69.449,0,,,,
2128,10/1/2017 7:00,69.278,0,,,,
2129,10/1/2017 8:00,69.278,14,,,,
2130,10/1/2017 9:00,69.622,144,,,,
2131,10/1/2017 10:00,70.48,272,,,,
2132,10/1/2017 11:00,71.168,256,,,,
2133,10/1/2017 12:00,71.512,208,,,,
2134,10/1/2017 13:00,71.512,336,,,,
2135,10/1/2017 14:00,71.856,224,,,,
2136,10/1/2017 15:00,72.718,480,,,,
2137,10/1/2017 16:00,72.199,384,,,,
2138,10/1/2017 17:00,72.545,704,,,,
2139,10/1/2017 18:00,71.168,49,,,,
2140,10/1/2017 19:00,70.651,8,,,,
2141,10/1/2017 20:00,70.137,0,,,,
2142,10/1/2017 21:00,69.793,0,,,,
2143,10/1/2017 22:00,69.622,0,,,,
2144,10/1/2017 23:00,69.449,0,,,,
2145,10/2/2017 0:00,69.278,0,,,,
2146,10/2/2017 1:00,69.107,0,,,,
2147,10/2/2017 2:00,69.107,0,,,,
2148,10/2/2017 3:00,68.934,0,,,,
2149,10/2/2017 4:00,68.763,0,,,,
2150,10/2/2017 5:00,68.763,0,,,,
2151,10/2/2017 6:00,68.763,0,,,,
2152,10/2/2017 7:00,68.592,0,,,,
2153,10/2/2017 8:00,68.421,21,,,,
2154,10/2/2017 9:00,68.763,98,,,,
2155,10/2/2017 10:00,69.449,184,,,,
2156,10/2/2017 11:00,70.48,288,,,,
2157,10/2/2017 12:00,71.168,272,,,,
2158,10/2/2017 13:00,71.168,200,,,,
2159,10/2/2017 14:00,71.512,184,,,,
2160,10/2/2017 15:00,72.372,192,,,,
2161,10/2/2017 16:00,73.234,240,,,,
2162,10/2/2017 17:00,72.545,320,,,,
2163,10/2/2017 18:00,71.683,77,,,,
2164,10/2/2017 19:00,71.339,4,,,,
2165,10/2/2017 20:00,70.48,0,,,,
2166,10/2/2017 21:00,70.308,0,,,,
2167,10/2/2017 22:00,69.964,0,,,,
2168,10/2/2017 23:00,69.793,0,,,,
2169,10/3/2017 0:00,69.793,0,,,,
2170,10/3/2017 1:00,69.622,0,,,,
2171,10/3/2017 2:00,69.449,0,,,,
2172,10/3/2017 3:00,69.278,0,,,,
2173,10/3/2017 4:00,68.934,0,,,,
2174,10/3/2017 5:00,68.763,0,,,,
2175,10/3/2017 6:00,68.592,0,,,,
2176,10/3/2017 7:00,68.592,0,,,,
2177,10/3/2017 8:00,68.421,17,,,,
2178,10/3/2017 9:00,68.763,100,,,,
2179,10/3/2017 10:00,69.449,168,,,,
2180,10/3/2017 11:00,69.793,232,,,,
2181,10/3/2017 12:00,70.308,192,,,,
2182,10/3/2017 13:00,70.48,232,,,,
2183,10/3/2017 14:00,71.168,216,,,,
2184,10/3/2017 15:00,71.683,256,,,,
2185,10/3/2017 16:00,71.856,464,,,,
2186,10/3/2017 17:00,71.683,320,,,,
2187,10/3/2017 18:00,70.824,29,,,,
2188,10/3/2017 19:00,70.308,4,,,,
2189,10/3/2017 20:00,69.622,0,,,,
2190,10/3/2017 21:00,69.278,0,,,,
2191,10/3/2017 22:00,69.449,0,,,,
2192,10/3/2017 23:00,69.449,0,,,,
2193,10/4/2017 0:00,69.449,0,,,,
2194,10/4/2017 1:00,69.278,0,,,,
2195,10/4/2017 2:00,69.107,0,,,,
2196,10/4/2017 3:00,69.107,0,,,,
2197,10/4/2017 4:00,68.934,0,,,,
2198,10/4/2017 5:00,68.934,0,,,,
2199,10/4/2017 6:00,68.934,0,,,,
2200,10/4/2017 7:00,68.934,0,,,,
2201,10/4/2017 8:00,68.934,3,,,,
2202,10/4/2017 9:00,68.763,9,,,,
2203,10/4/2017 10:00,68.934,20,,,,
2204,10/4/2017 11:00,68.934,25,,,,
2205,10/4/2017 12:00,69.793,80,,,,
2206,10/4/2017 13:00,70.48,128,,,,
2207,10/4/2017 14:00,70.651,103,,,,
2208,10/4/2017 15:00,70.137,43,,,,
2209,10/4/2017 16:00,69.793,21,,,,
2210,10/4/2017 17:00,70.137,106,,,,
2211,10/4/2017 18:00,69.793,12,,,,
2212,10/4/2017 19:00,69.793,0,,,,
2213,10/4/2017 20:00,69.622,0,,,,
2214,10/4/2017 21:00,69.278,0,,,,
2215,10/4/2017 22:00,69.278,0,,,,
2216,10/4/2017 23:00,69.278,0,,,,
2217,10/5/2017 0:00,69.107,0,,,,
2218,10/5/2017 1:00,69.107,0,,,,
2219,10/5/2017 2:00,69.107,0,,,,
2220,10/5/2017 3:00,69.107,0,,,,
2221,10/5/2017 4:00,69.107,0,,,,
2222,10/5/2017 5:00,69.107,0,,,,
2223,10/5/2017 6:00,68.934,0,,,,
2224,10/5/2017 7:00,68.934,0,,,,
2225,10/5/2017 8:00,68.934,6,,,,
2226,10/5/2017 9:00,69.107,57,,,,
2227,10/5/2017 10:00,69.278,42,,,,
2228,10/5/2017 11:00,63.455,10752,,,,
2229,10/5/2017 11:02,,,Logged,Logged,,Logged
