#,"Date Time, GMT-04:00",Temp,Intensity,,,
1,7/4/2017 20:00,27.17277778,0,,,
2,7/4/2017 21:00,26.68277778,0,,,
3,7/4/2017 22:00,26.09722222,0,,,
4,7/4/2017 23:00,25.41611111,0,,,
5,7/5/2017 0:00,24.835,0,,,
6,7/5/2017 1:00,24.255,0,,,
7,7/5/2017 2:00,23.67722222,0,,,
8,7/5/2017 3:00,23.1,0,,,
9,7/5/2017 4:00,22.42888889,0,,,
10,7/5/2017 5:00,21.855,0,,,
11,7/5/2017 6:00,21.37777778,0,,,
12,7/5/2017 7:00,20.805,0,,,
13,7/5/2017 8:00,21.37777778,0,,,
14,7/5/2017 9:00,23.29222222,0,,,
15,7/5/2017 10:00,23.19611111,0,,,
16,7/5/2017 11:00,23.38777778,0,,,
17,7/5/2017 12:00,24.255,0,,,
18,7/5/2017 13:00,26.29222222,0,,,
19,7/5/2017 14:00,33.43,0,,,
20,7/5/2017 15:00,35.32777778,0,,,
21,7/5/2017 16:00,36.40277778,0,,,
22,7/5/2017 17:00,35.32777778,0,,,
23,7/5/2017 18:00,34.37388889,0,,,
24,7/5/2017 19:00,33.43,0,,,
25,7/5/2017 20:00,29.75222222,0,,,
26,7/5/2017 21:00,26.78111111,0,,,
27,7/5/2017 22:00,25.125,0,,,
28,7/5/2017 23:00,24.06222222,0,,,
29,7/6/2017 0:00,22.525,0,,,
30,7/6/2017 1:00,21.47277778,0,,,
31,7/6/2017 2:00,20.13777778,0,,,
32,7/6/2017 3:00,18.99611111,0,,,
33,7/6/2017 4:00,18.23611111,0,,,
34,7/6/2017 5:00,17.855,0,,,
35,7/6/2017 6:00,17.18888889,0,,,
36,7/6/2017 7:00,16.90277778,0,,,
37,7/6/2017 8:00,18.61611111,0,,,
38,7/6/2017 9:00,22.81222222,0,,,
39,7/6/2017 10:00,24.06222222,0,,,
40,7/6/2017 11:00,26.97722222,0,,,
41,7/6/2017 12:00,35.22222222,1,,,
42,7/6/2017 13:00,37.165,0,,,
43,7/6/2017 14:00,31.98277778,0,,,
44,7/6/2017 15:00,36.40277778,0,,,
45,7/6/2017 16:00,35.97111111,0,,,
46,7/6/2017 17:00,28.95277778,0,,,
47,7/6/2017 18:00,26.48777778,0,,,
48,7/6/2017 19:00,25.31888889,0,,,
49,7/6/2017 20:00,24.835,0,,,
50,7/6/2017 21:00,23.96611111,0,,,
51,7/6/2017 22:00,23.58111111,0,,,
52,7/6/2017 23:00,23.19611111,0,,,
53,7/7/2017 0:00,22.81222222,0,,,
54,7/7/2017 1:00,20.805,0,,,
55,7/7/2017 2:00,20.13777778,0,,,
56,7/7/2017 3:00,19.47222222,0,,,
57,7/7/2017 4:00,18.61611111,0,,,
58,7/7/2017 5:00,18.23611111,0,,,
59,7/7/2017 6:00,17.95,0,,,
60,7/7/2017 7:00,18.61611111,0,,,
61,7/7/2017 8:00,19.09222222,0,,,
62,7/7/2017 9:00,21.09111111,0,,,
63,7/7/2017 10:00,26.09722222,0,,,
64,7/7/2017 11:00,25.61,0,,,
65,7/7/2017 12:00,32.6,0,,,
66,7/7/2017 13:00,36.18722222,0,,,
67,7/7/2017 14:00,34.16277778,0,,,
68,7/7/2017 15:00,35.115,0,,,
69,7/7/2017 16:00,31.16611111,0,,,
70,7/7/2017 17:00,25.125,0,,,
71,7/7/2017 18:00,23.38777778,0,,,
72,7/7/2017 19:00,22.42888889,0,,,
73,7/7/2017 20:00,22.14222222,0,,,
74,7/7/2017 21:00,22.04611111,0,,,
75,7/7/2017 22:00,21.76,0,,,
76,7/7/2017 23:00,22.04611111,0,,,
77,7/8/2017 0:00,22.14222222,0,,,
78,7/8/2017 1:00,22.33277778,0,,,
79,7/8/2017 2:00,22.42888889,0,,,
80,7/8/2017 3:00,22.525,0,,,
81,7/8/2017 4:00,22.62111111,0,,,
82,7/8/2017 5:00,22.62111111,0,,,
83,7/8/2017 6:00,22.14222222,0,,,
84,7/8/2017 7:00,22.14222222,0,,,
85,7/8/2017 8:00,21.95111111,0,,,
86,7/8/2017 9:00,21.76,0,,,
87,7/8/2017 10:00,21.76,0,,,
88,7/8/2017 11:00,21.76,0,,,
89,7/8/2017 12:00,21.76,0,,,
90,7/8/2017 13:00,21.76,0,,,
91,7/8/2017 14:00,21.66388889,0,,,
92,7/8/2017 15:00,21.76,0,,,
93,7/8/2017 16:00,21.76,0,,,
94,7/8/2017 17:00,21.66388889,0,,,
95,7/8/2017 18:00,21.37777778,0,,,
96,7/8/2017 19:00,21.47277778,0,,,
97,7/8/2017 20:00,21.56888889,0,,,
98,7/8/2017 21:00,21.37777778,0,,,
99,7/8/2017 22:00,21.37777778,0,,,
100,7/8/2017 23:00,21.47277778,0,,,
101,7/9/2017 0:00,21.66388889,0,,,
102,7/9/2017 1:00,21.76,0,,,
103,7/9/2017 2:00,21.855,0,,,
104,7/9/2017 3:00,21.855,0,,,
105,7/9/2017 4:00,21.95111111,0,,,
106,7/9/2017 5:00,21.95111111,0,,,
107,7/9/2017 6:00,21.76,0,,,
108,7/9/2017 7:00,21.37777778,0,,,
109,7/9/2017 8:00,21.37777778,0,,,
110,7/9/2017 9:00,21.37777778,0,,,
111,7/9/2017 10:00,21.47277778,0,,,
112,7/9/2017 11:00,21.47277778,0,,,
113,7/9/2017 12:00,21.47277778,0,,,
114,7/9/2017 13:00,21.37777778,0,,,
115,7/9/2017 14:00,21.37777778,0,,,
116,7/9/2017 15:00,21.56888889,0,,,
117,7/9/2017 16:00,21.37777778,0,,,
118,7/9/2017 17:00,21.37777778,0,,,
119,7/9/2017 18:00,21.28222222,0,,,
120,7/9/2017 19:00,21.37777778,0,,,
121,7/9/2017 20:00,21.37777778,0,,,
122,7/9/2017 21:00,21.37777778,0,,,
123,7/9/2017 22:00,21.47277778,0,,,
124,7/9/2017 23:00,21.56888889,0,,,
125,7/10/2017 0:00,21.66388889,0,,,
126,7/10/2017 1:00,21.76,0,,,
127,7/10/2017 2:00,21.95111111,0,,,
128,7/10/2017 3:00,22.04611111,0,,,
129,7/10/2017 4:00,22.14222222,0,,,
130,7/10/2017 5:00,22.23777778,0,,,
131,7/10/2017 6:00,21.855,0,,,
132,7/10/2017 7:00,22.04611111,0,,,
133,7/10/2017 8:00,21.66388889,0,,,
134,7/10/2017 9:00,22.04611111,0,,,
135,7/10/2017 10:00,21.66388889,0,,,
136,7/10/2017 11:00,21.56888889,0,,,
137,7/10/2017 12:00,21.56888889,0,,,
138,7/10/2017 13:00,21.47277778,0,,,
139,7/10/2017 14:00,21.37777778,0,,,
140,7/10/2017 15:00,21.37777778,0,,,
141,7/10/2017 16:00,21.66388889,0,,,
142,7/10/2017 17:00,21.28222222,0,,,
143,7/10/2017 18:00,21.37777778,0,,,
144,7/10/2017 19:00,21.66388889,0,,,
145,7/10/2017 20:00,21.09111111,0,,,
146,7/10/2017 21:00,21.18722222,0,,,
147,7/10/2017 22:00,21.37777778,0,,,
148,7/10/2017 23:00,21.56888889,0,,,
149,7/11/2017 0:00,21.66388889,0,,,
150,7/11/2017 1:00,21.76,0,,,
151,7/11/2017 2:00,21.855,0,,,
152,7/11/2017 3:00,21.855,0,,,
153,7/11/2017 4:00,21.855,0,,,
154,7/11/2017 5:00,21.95111111,0,,,
155,7/11/2017 6:00,21.18722222,0,,,
156,7/11/2017 7:00,21.37777778,0,,,
157,7/11/2017 8:00,21.28222222,0,,,
158,7/11/2017 9:00,21.09111111,0,,,
159,7/11/2017 10:00,21.37777778,0,,,
160,7/11/2017 11:00,21.18722222,0,,,
161,7/11/2017 12:00,21.28222222,0,,,
162,7/11/2017 13:00,21.28222222,0,,,
163,7/11/2017 14:00,21.09111111,0,,,
164,7/11/2017 15:00,21.47277778,0,,,
165,7/11/2017 16:00,21.28222222,0,,,
166,7/11/2017 17:00,21.28222222,0,,,
167,7/11/2017 18:00,21.37777778,0,,,
168,7/11/2017 19:00,21.47277778,0,,,
169,7/11/2017 20:00,21.37777778,0,,,
170,7/11/2017 21:00,21.28222222,0,,,
171,7/11/2017 22:00,21.28222222,0,,,
172,7/11/2017 23:00,21.56888889,0,,,
173,7/12/2017 0:00,21.855,0,,,
174,7/12/2017 1:00,22.14222222,0,,,
175,7/12/2017 2:00,22.33277778,0,,,
176,7/12/2017 3:00,22.525,0,,,
177,7/12/2017 4:00,22.71722222,0,,,
178,7/12/2017 5:00,22.81222222,0,,,
179,7/12/2017 6:00,22.04611111,0,,,
180,7/12/2017 7:00,22.04611111,0,,,
181,7/12/2017 8:00,21.66388889,0,,,
182,7/12/2017 9:00,21.37777778,0,,,
183,7/12/2017 10:00,21.37777778,0,,,
184,7/12/2017 11:00,21.37777778,0,,,
185,7/12/2017 12:00,21.76,0,,,
186,7/12/2017 13:00,21.66388889,0,,,
187,7/12/2017 14:00,21.66388889,0,,,
188,7/12/2017 15:00,21.66388889,0,,,
189,7/12/2017 16:00,21.66388889,0,,,
190,7/12/2017 17:00,21.56888889,0,,,
191,7/12/2017 18:00,21.66388889,0,,,
192,7/12/2017 19:00,21.47277778,0,,,
193,7/12/2017 20:00,21.56888889,0,,,
194,7/12/2017 21:00,21.76,0,,,
195,7/12/2017 22:00,21.37777778,0,,,
196,7/12/2017 23:00,21.66388889,0,,,
197,7/13/2017 0:00,21.95111111,0,,,
198,7/13/2017 1:00,22.23777778,0,,,
199,7/13/2017 2:00,22.42888889,0,,,
200,7/13/2017 3:00,22.62111111,0,,,
201,7/13/2017 4:00,22.71722222,0,,,
202,7/13/2017 5:00,22.23777778,0,,,
203,7/13/2017 6:00,21.66388889,0,,,
204,7/13/2017 7:00,21.95111111,0,,,
205,7/13/2017 8:00,21.56888889,0,,,
206,7/13/2017 9:00,21.76,0,,,
207,7/13/2017 10:00,21.47277778,0,,,
208,7/13/2017 11:00,21.56888889,0,,,
209,7/13/2017 12:00,21.56888889,0,,,
210,7/13/2017 13:00,21.47277778,0,,,
211,7/13/2017 14:00,21.66388889,0,,,
212,7/13/2017 15:00,21.37777778,0,,,
213,7/13/2017 16:00,21.37777778,0,,,
214,7/13/2017 17:00,21.76,0,,,
215,7/13/2017 18:00,21.47277778,0,,,
216,7/13/2017 19:00,21.76,0,,,
217,7/13/2017 20:00,21.37777778,0,,,
218,7/13/2017 21:00,21.47277778,0,,,
219,7/13/2017 22:00,21.37777778,0,,,
220,7/13/2017 23:00,21.56888889,0,,,
221,7/14/2017 0:00,21.855,0,,,
222,7/14/2017 1:00,22.04611111,0,,,
223,7/14/2017 2:00,22.23777778,0,,,
224,7/14/2017 3:00,22.33277778,0,,,
225,7/14/2017 4:00,22.42888889,0,,,
226,7/14/2017 5:00,22.62111111,0,,,
227,7/14/2017 6:00,21.76,0,,,
228,7/14/2017 7:00,21.855,0,,,
229,7/14/2017 8:00,21.37777778,0,,,
230,7/14/2017 9:00,21.66388889,0,,,
231,7/14/2017 10:00,21.66388889,0,,,
232,7/14/2017 11:00,21.66388889,0,,,
233,7/14/2017 12:00,21.66388889,0,,,
234,7/14/2017 13:00,21.66388889,0,,,
235,7/14/2017 14:00,21.66388889,0,,,
236,7/14/2017 15:00,21.56888889,0,,,
237,7/14/2017 16:00,21.56888889,0,,,
238,7/14/2017 17:00,21.56888889,0,,,
239,7/14/2017 18:00,21.66388889,0,,,
240,7/14/2017 19:00,21.76,0,,,
241,7/14/2017 20:00,21.855,0,,,
242,7/14/2017 21:00,21.855,0,,,
243,7/14/2017 22:00,21.76,0,,,
244,7/14/2017 23:00,21.95111111,0,,,
245,7/15/2017 0:00,22.04611111,0,,,
246,7/15/2017 1:00,22.23777778,0,,,
247,7/15/2017 2:00,22.33277778,0,,,
248,7/15/2017 3:00,22.42888889,0,,,
249,7/15/2017 4:00,22.42888889,0,,,
250,7/15/2017 5:00,22.525,0,,,
251,7/15/2017 6:00,21.95111111,0,,,
252,7/15/2017 7:00,21.76,0,,,
253,7/15/2017 8:00,21.76,0,,,
254,7/15/2017 9:00,21.66388889,0,,,
255,7/15/2017 10:00,21.66388889,0,,,
256,7/15/2017 11:00,21.56888889,0,,,
257,7/15/2017 12:00,21.95111111,0,,,
258,7/15/2017 13:00,21.855,0,,,
259,7/15/2017 14:00,21.66388889,0,,,
260,7/15/2017 15:00,21.56888889,0,,,
261,7/15/2017 16:00,21.76,0,,,
262,7/15/2017 17:00,21.855,0,,,
263,7/15/2017 18:00,21.855,0,,,
264,7/15/2017 19:00,21.855,0,,,
265,7/15/2017 20:00,21.855,0,,,
266,7/15/2017 21:00,21.855,0,,,
267,7/15/2017 22:00,21.76,0,,,
268,7/15/2017 23:00,21.95111111,0,,,
269,7/16/2017 0:00,22.14222222,0,,,
270,7/16/2017 1:00,22.33277778,0,,,
271,7/16/2017 2:00,22.42888889,0,,,
272,7/16/2017 3:00,22.525,0,,,
273,7/16/2017 4:00,22.62111111,0,,,
274,7/16/2017 5:00,22.62111111,0,,,
275,7/16/2017 6:00,22.04611111,0,,,
276,7/16/2017 7:00,22.33277778,0,,,
277,7/16/2017 8:00,22.04611111,0,,,
278,7/16/2017 9:00,21.76,0,,,
279,7/16/2017 10:00,21.95111111,0,,,
280,7/16/2017 11:00,22.04611111,0,,,
281,7/16/2017 12:00,21.66388889,0,,,
282,7/16/2017 13:00,21.76,0,,,
283,7/16/2017 14:00,21.76,0,,,
284,7/16/2017 15:00,21.66388889,0,,,
285,7/16/2017 16:00,21.76,0,,,
286,7/16/2017 17:00,21.76,0,,,
287,7/16/2017 18:00,22.04611111,0,,,
288,7/16/2017 19:00,22.04611111,0,,,
289,7/16/2017 20:00,22.04611111,0,,,
290,7/16/2017 21:00,21.855,0,,,
291,7/16/2017 22:00,21.855,0,,,
292,7/16/2017 23:00,21.95111111,0,,,
293,7/17/2017 0:00,22.04611111,0,,,
294,7/17/2017 1:00,22.14222222,0,,,
295,7/17/2017 2:00,22.14222222,0,,,
296,7/17/2017 3:00,22.23777778,0,,,
297,7/17/2017 4:00,22.23777778,0,,,
298,7/17/2017 5:00,22.23777778,0,,,
299,7/17/2017 6:00,22.14222222,0,,,
300,7/17/2017 7:00,21.95111111,0,,,
301,7/17/2017 8:00,21.855,0,,,
302,7/17/2017 9:00,21.56888889,0,,,
303,7/17/2017 10:00,21.66388889,0,,,
304,7/17/2017 11:00,21.47277778,0,,,
305,7/17/2017 12:00,21.56888889,0,,,
306,7/17/2017 13:00,21.66388889,0,,,
307,7/17/2017 14:00,21.47277778,0,,,
308,7/17/2017 15:00,21.37777778,0,,,
309,7/17/2017 16:00,21.28222222,0,,,
310,7/17/2017 17:00,21.66388889,0,,,
311,7/17/2017 18:00,21.47277778,0,,,
312,7/17/2017 19:00,21.56888889,0,,,
313,7/17/2017 20:00,21.47277778,0,,,
314,7/17/2017 21:00,21.47277778,0,,,
315,7/17/2017 22:00,21.56888889,0,,,
316,7/17/2017 23:00,21.76,0,,,
317,7/18/2017 0:00,21.95111111,0,,,
318,7/18/2017 1:00,22.14222222,0,,,
319,7/18/2017 2:00,22.33277778,0,,,
320,7/18/2017 3:00,22.42888889,0,,,
321,7/18/2017 4:00,22.42888889,0,,,
322,7/18/2017 5:00,22.525,0,,,
323,7/18/2017 6:00,22.14222222,0,,,
324,7/18/2017 7:00,22.04611111,0,,,
325,7/18/2017 8:00,21.76,0,,,
326,7/18/2017 9:00,22.04611111,0,,,
327,7/18/2017 10:00,22.14222222,0,,,
328,7/18/2017 11:00,22.14222222,0,,,
329,7/18/2017 12:00,21.47277778,0,,,
330,7/18/2017 13:00,21.76,0,,,
331,7/18/2017 14:00,21.76,0,,,
332,7/18/2017 15:00,21.47277778,0,,,
333,7/18/2017 16:00,21.28222222,0,,,
334,7/18/2017 17:00,21.37777778,0,,,
335,7/18/2017 18:00,21.56888889,0,,,
336,7/18/2017 19:00,21.47277778,0,,,
337,7/18/2017 20:00,21.37777778,0,,,
338,7/18/2017 21:00,21.47277778,0,,,
339,7/18/2017 22:00,21.47277778,0,,,
340,7/18/2017 23:00,21.76,0,,,
341,7/19/2017 0:00,22.04611111,0,,,
342,7/19/2017 1:00,22.23777778,0,,,
343,7/19/2017 2:00,22.42888889,0,,,
344,7/19/2017 3:00,22.525,0,,,
345,7/19/2017 4:00,22.62111111,0,,,
346,7/19/2017 5:00,22.62111111,0,,,
347,7/19/2017 6:00,22.42888889,0,,,
348,7/19/2017 7:00,22.525,0,,,
349,7/19/2017 8:00,21.95111111,0,,,
350,7/19/2017 9:00,21.76,0,,,
351,7/19/2017 10:00,22.04611111,0,,,
352,7/19/2017 11:00,22.04611111,0,,,
353,7/19/2017 12:00,21.855,0,,,
354,7/19/2017 13:00,21.95111111,0,,,
355,7/19/2017 14:00,21.66388889,0,,,
356,7/19/2017 15:00,21.47277778,0,,,
357,7/19/2017 16:00,21.47277778,0,,,
358,7/19/2017 17:00,21.37777778,0,,,
359,7/19/2017 18:00,21.28222222,0,,,
360,7/19/2017 19:00,21.37777778,0,,,
361,7/19/2017 20:00,21.37777778,0,,,
362,7/19/2017 21:00,21.56888889,0,,,
363,7/19/2017 22:00,21.66388889,0,,,
364,7/19/2017 23:00,21.95111111,0,,,
365,7/20/2017 0:00,22.23777778,0,,,
366,7/20/2017 1:00,22.42888889,0,,,
367,7/20/2017 2:00,22.62111111,0,,,
368,7/20/2017 3:00,22.71722222,0,,,
369,7/20/2017 4:00,22.90777778,0,,,
370,7/20/2017 5:00,23.00388889,0,,,
371,7/20/2017 6:00,22.33277778,0,,,
372,7/20/2017 7:00,22.71722222,0,,,
373,7/20/2017 8:00,22.42888889,0,,,
374,7/20/2017 9:00,21.855,0,,,
375,7/20/2017 10:00,21.76,0,,,
376,7/20/2017 11:00,21.76,0,,,
377,7/20/2017 12:00,21.66388889,0,,,
378,7/20/2017 13:00,21.66388889,0,,,
379,7/20/2017 14:00,21.76,0,,,
380,7/20/2017 15:00,21.66388889,0,,,
381,7/20/2017 16:00,21.66388889,0,,,
382,7/20/2017 17:00,21.47277778,0,,,
383,7/20/2017 18:00,21.76,0,,,
384,7/20/2017 19:00,21.76,0,,,
385,7/20/2017 20:00,21.56888889,0,,,
386,7/20/2017 21:00,21.76,0,,,
387,7/20/2017 22:00,21.47277778,0,,,
388,7/20/2017 23:00,21.855,0,,,
389,7/21/2017 0:00,22.14222222,0,,,
390,7/21/2017 1:00,22.42888889,0,,,
391,7/21/2017 2:00,22.62111111,0,,,
392,7/21/2017 3:00,22.71722222,0,,,
393,7/21/2017 4:00,22.90777778,0,,,
394,7/21/2017 5:00,23.00388889,0,,,
395,7/21/2017 6:00,22.23777778,0,,,
396,7/21/2017 7:00,22.62111111,0,,,
397,7/21/2017 8:00,22.14222222,0,,,
398,7/21/2017 9:00,21.855,0,,,
399,7/21/2017 10:00,21.855,0,,,
400,7/21/2017 11:00,21.95111111,0,,,
401,7/21/2017 12:00,21.855,0,,,
402,7/21/2017 13:00,22.04611111,0,,,
403,7/21/2017 14:00,21.95111111,0,,,
404,7/21/2017 15:00,21.76,0,,,
405,7/21/2017 16:00,21.855,0,,,
406,7/21/2017 17:00,21.66388889,0,,,
407,7/21/2017 18:00,21.855,0,,,
408,7/21/2017 19:00,21.95111111,0,,,
409,7/21/2017 20:00,21.855,0,,,
410,7/21/2017 21:00,21.95111111,0,,,
411,7/21/2017 22:00,21.95111111,0,,,
412,7/21/2017 23:00,21.95111111,0,,,
413,7/22/2017 0:00,21.855,0,,,
414,7/22/2017 1:00,21.95111111,0,,,
415,7/22/2017 2:00,21.855,0,,,
416,7/22/2017 3:00,21.855,0,,,
417,7/22/2017 4:00,21.855,0,,,
418,7/22/2017 5:00,21.855,0,,,
419,7/22/2017 6:00,21.855,0,,,
420,7/22/2017 7:00,21.855,0,,,
421,7/22/2017 8:00,21.66388889,0,,,
422,7/22/2017 9:00,21.66388889,0,,,
423,7/22/2017 10:00,21.76,0,,,
424,7/22/2017 11:00,21.66388889,0,,,
425,7/22/2017 12:00,21.855,0,,,
426,7/22/2017 13:00,21.76,0,,,
427,7/22/2017 14:00,21.56888889,0,,,
428,7/22/2017 15:00,21.76,0,,,
429,7/22/2017 16:00,21.56888889,0,,,
430,7/22/2017 17:00,21.56888889,0,,,
431,7/22/2017 18:00,21.76,0,,,
432,7/22/2017 19:00,21.76,0,,,
433,7/22/2017 20:00,21.66388889,0,,,
434,7/22/2017 21:00,21.66388889,0,,,
435,7/22/2017 22:00,21.66388889,0,,,
436,7/22/2017 23:00,21.66388889,0,,,
437,7/23/2017 0:00,21.855,0,,,
438,7/23/2017 1:00,21.855,0,,,
439,7/23/2017 2:00,21.855,0,,,
440,7/23/2017 3:00,21.855,0,,,
441,7/23/2017 4:00,21.76,0,,,
442,7/23/2017 5:00,21.76,0,,,
443,7/23/2017 6:00,21.76,0,,,
444,7/23/2017 7:00,21.76,0,,,
445,7/23/2017 8:00,21.56888889,0,,,
446,7/23/2017 9:00,21.37777778,0,,,
447,7/23/2017 10:00,21.66388889,0,,,
448,7/23/2017 11:00,21.66388889,0,,,
449,7/23/2017 12:00,21.56888889,0,,,
450,7/23/2017 13:00,21.56888889,0,,,
451,7/23/2017 14:00,21.47277778,0,,,
452,7/23/2017 15:00,21.18722222,0,,,
453,7/23/2017 16:00,21.37777778,0,,,
454,7/23/2017 17:00,21.28222222,0,,,
455,7/23/2017 18:00,21.56888889,0,,,
456,7/23/2017 19:00,21.56888889,0,,,
457,7/23/2017 20:00,21.66388889,0,,,
458,7/23/2017 21:00,21.66388889,0,,,
459,7/23/2017 22:00,21.76,0,,,
460,7/23/2017 23:00,21.76,0,,,
461,7/24/2017 0:00,21.76,0,,,
462,7/24/2017 1:00,21.66388889,0,,,
463,7/24/2017 2:00,21.66388889,0,,,
464,7/24/2017 3:00,21.66388889,0,,,
465,7/24/2017 4:00,21.76,0,,,
466,7/24/2017 5:00,21.66388889,0,,,
467,7/24/2017 6:00,21.66388889,0,,,
468,7/24/2017 7:00,21.28222222,0,,,
469,7/24/2017 8:00,21.18722222,0,,,
470,7/24/2017 9:00,21.47277778,0,,,
471,7/24/2017 10:00,21.18722222,0,,,
472,7/24/2017 11:00,21.18722222,0,,,
473,7/24/2017 12:00,21.18722222,0,,,
474,7/24/2017 13:00,21.18722222,0,,,
475,7/24/2017 14:00,21.18722222,0,,,
476,7/24/2017 15:00,21.18722222,0,,,
477,7/24/2017 16:00,21.37777778,0,,,
478,7/24/2017 17:00,21.37777778,0,,,
479,7/24/2017 18:00,21.18722222,0,,,
480,7/24/2017 19:00,21.37777778,0,,,
481,7/24/2017 20:00,21.28222222,0,,,
482,7/24/2017 21:00,21.37777778,0,,,
483,7/24/2017 22:00,21.37777778,0,,,
484,7/24/2017 23:00,21.47277778,0,,,
485,7/25/2017 0:00,21.47277778,0,,,
486,7/25/2017 1:00,21.56888889,0,,,
487,7/25/2017 2:00,21.56888889,0,,,
488,7/25/2017 3:00,21.56888889,0,,,
489,7/25/2017 4:00,21.47277778,0,,,
490,7/25/2017 5:00,21.47277778,0,,,
491,7/25/2017 6:00,21.37777778,0,,,
492,7/25/2017 7:00,21.18722222,0,,,
493,7/25/2017 8:00,21.28222222,0,,,
494,7/25/2017 9:00,21.37777778,0,,,
495,7/25/2017 10:00,21.37777778,0,,,
496,7/25/2017 11:00,21.28222222,0,,,
497,7/25/2017 12:00,21.47277778,0,,,
498,7/25/2017 13:00,21.47277778,0,,,
499,7/25/2017 14:00,21.56888889,0,,,
500,7/25/2017 15:00,21.37777778,0,,,
501,7/25/2017 16:00,21.28222222,0,,,
502,7/25/2017 17:00,21.28222222,0,,,
503,7/25/2017 18:00,21.37777778,0,,,
504,7/25/2017 19:00,21.47277778,0,,,
505,7/25/2017 20:00,21.47277778,0,,,
506,7/25/2017 21:00,21.37777778,0,,,
507,7/25/2017 22:00,21.47277778,0,,,
508,7/25/2017 23:00,21.56888889,0,,,
509,7/26/2017 0:00,21.66388889,0,,,
510,7/26/2017 1:00,21.855,0,,,
511,7/26/2017 2:00,21.95111111,0,,,
512,7/26/2017 3:00,22.04611111,0,,,
513,7/26/2017 4:00,22.04611111,0,,,
514,7/26/2017 5:00,22.04611111,0,,,
515,7/26/2017 6:00,22.04611111,0,,,
516,7/26/2017 7:00,21.66388889,0,,,
517,7/26/2017 8:00,21.76,0,,,
518,7/26/2017 9:00,21.95111111,0,,,
519,7/26/2017 10:00,21.66388889,0,,,
520,7/26/2017 11:00,21.66388889,0,,,
521,7/26/2017 12:00,21.76,0,,,
522,7/26/2017 13:00,21.855,0,,,
523,7/26/2017 14:00,21.76,0,,,
524,7/26/2017 15:00,21.76,0,,,
525,7/26/2017 16:00,21.56888889,0,,,
526,7/26/2017 17:00,21.56888889,0,,,
527,7/26/2017 18:00,21.47277778,0,,,
528,7/26/2017 19:00,21.56888889,0,,,
529,7/26/2017 20:00,21.66388889,0,,,
530,7/26/2017 21:00,21.66388889,0,,,
531,7/26/2017 22:00,21.66388889,0,,,
532,7/26/2017 23:00,21.855,0,,,
533,7/27/2017 0:00,22.04611111,0,,,
534,7/27/2017 1:00,22.23777778,0,,,
535,7/27/2017 2:00,22.33277778,0,,,
536,7/27/2017 3:00,22.42888889,0,,,
537,7/27/2017 4:00,22.525,0,,,
538,7/27/2017 5:00,22.62111111,0,,,
539,7/27/2017 6:00,22.04611111,0,,,
540,7/27/2017 7:00,22.33277778,0,,,
541,7/27/2017 8:00,22.04611111,0,,,
542,7/27/2017 9:00,21.95111111,0,,,
543,7/27/2017 10:00,21.66388889,0,,,
544,7/27/2017 11:00,21.66388889,0,,,
545,7/27/2017 12:00,21.95111111,0,,,
546,7/27/2017 13:00,21.76,0,,,
547,7/27/2017 14:00,21.76,0,,,
548,7/27/2017 15:00,21.76,0,,,
549,7/27/2017 16:00,21.76,0,,,
550,7/27/2017 17:00,21.66388889,0,,,
551,7/27/2017 18:00,21.66388889,0,,,
552,7/27/2017 19:00,21.76,0,,,
553,7/27/2017 20:00,21.56888889,0,,,
554,7/27/2017 21:00,21.66388889,0,,,
555,7/27/2017 22:00,21.66388889,0,,,
556,7/27/2017 23:00,21.855,0,,,
557,7/28/2017 0:00,22.04611111,0,,,
558,7/28/2017 1:00,22.14222222,0,,,
559,7/28/2017 2:00,22.23777778,0,,,
560,7/28/2017 3:00,22.23777778,0,,,
561,7/28/2017 4:00,22.33277778,0,,,
562,7/28/2017 5:00,22.33277778,0,,,
563,7/28/2017 6:00,21.855,0,,,
564,7/28/2017 7:00,21.95111111,0,,,
565,7/28/2017 8:00,21.76,0,,,
566,7/28/2017 9:00,21.95111111,0,,,
567,7/28/2017 10:00,21.66388889,0,,,
568,7/28/2017 11:00,21.76,0,,,
569,7/28/2017 12:00,21.855,0,,,
570,7/28/2017 13:00,21.76,0,,,
571,7/28/2017 14:00,21.56888889,0,,,
572,7/28/2017 15:00,21.56888889,0,,,
573,7/28/2017 16:00,21.66388889,0,,,
574,7/28/2017 17:00,21.66388889,0,,,
575,7/28/2017 18:00,21.47277778,0,,,
576,7/28/2017 19:00,21.56888889,0,,,
577,7/28/2017 20:00,21.66388889,0,,,
578,7/28/2017 21:00,21.66388889,0,,,
579,7/28/2017 22:00,21.66388889,0,,,
580,7/28/2017 23:00,21.76,0,,,
581,7/29/2017 0:00,21.76,0,,,
582,7/29/2017 1:00,21.855,0,,,
583,7/29/2017 2:00,21.95111111,0,,,
584,7/29/2017 3:00,21.95111111,0,,,
585,7/29/2017 4:00,21.95111111,0,,,
586,7/29/2017 5:00,22.04611111,0,,,
587,7/29/2017 6:00,22.04611111,0,,,
588,7/29/2017 7:00,22.14222222,0,,,
589,7/29/2017 8:00,22.23777778,0,,,
590,7/29/2017 9:00,22.04611111,0,,,
591,7/29/2017 10:00,21.76,0,,,
592,7/29/2017 11:00,21.66388889,0,,,
593,7/29/2017 12:00,21.66388889,0,,,
594,7/29/2017 13:00,21.76,0,,,
595,7/29/2017 14:00,21.76,0,,,
596,7/29/2017 15:00,21.66388889,0,,,
597,7/29/2017 16:00,21.56888889,0,,,
598,7/29/2017 17:00,21.56888889,0,,,
599,7/29/2017 18:00,21.855,0,,,
600,7/29/2017 19:00,21.95111111,0,,,
601,7/29/2017 20:00,22.14222222,0,,,
602,7/29/2017 21:00,22.23777778,0,,,
603,7/29/2017 22:00,22.33277778,0,,,
604,7/29/2017 23:00,22.42888889,0,,,
605,7/30/2017 0:00,22.525,0,,,
606,7/30/2017 1:00,22.62111111,0,,,
607,7/30/2017 2:00,22.62111111,0,,,
608,7/30/2017 3:00,22.71722222,0,,,
609,7/30/2017 4:00,22.71722222,0,,,
610,7/30/2017 5:00,22.71722222,0,,,
611,7/30/2017 6:00,22.71722222,0,,,
612,7/30/2017 7:00,22.71722222,0,,,
613,7/30/2017 8:00,22.71722222,0,,,
614,7/30/2017 9:00,22.81222222,0,,,
615,7/30/2017 10:00,22.90777778,0,,,
616,7/30/2017 11:00,23.00388889,0,,,
617,7/30/2017 12:00,23.19611111,0,,,
618,7/30/2017 13:00,23.1,0,,,
619,7/30/2017 14:00,22.42888889,0,,,
620,7/30/2017 15:00,22.525,0,,,
621,7/30/2017 16:00,22.23777778,0,,,
622,7/30/2017 17:00,22.33277778,0,,,
623,7/30/2017 18:00,22.33277778,0,,,
624,7/30/2017 19:00,22.14222222,0,,,
625,7/30/2017 20:00,22.14222222,0,,,
626,7/30/2017 21:00,22.14222222,0,,,
627,7/30/2017 22:00,22.23777778,0,,,
628,7/30/2017 23:00,22.33277778,0,,,
629,7/31/2017 0:00,22.525,0,,,
630,7/31/2017 1:00,22.71722222,0,,,
631,7/31/2017 2:00,22.81222222,0,,,
632,7/31/2017 3:00,22.90777778,0,,,
633,7/31/2017 4:00,23.00388889,0,,,
634,7/31/2017 5:00,23.1,0,,,
635,7/31/2017 6:00,22.525,0,,,
636,7/31/2017 7:00,22.71722222,0,,,
637,7/31/2017 8:00,22.42888889,0,,,
638,7/31/2017 9:00,22.42888889,0,,,
639,7/31/2017 10:00,22.33277778,0,,,
640,7/31/2017 11:00,22.33277778,0,,,
641,7/31/2017 12:00,22.14222222,0,,,
642,7/31/2017 13:00,22.23777778,0,,,
643,7/31/2017 14:00,22.23777778,0,,,
644,7/31/2017 15:00,22.04611111,0,,,
645,7/31/2017 16:00,22.04611111,0,,,
646,7/31/2017 17:00,22.04611111,0,,,
647,7/31/2017 18:00,22.04611111,0,,,
648,7/31/2017 19:00,21.855,0,,,
649,7/31/2017 20:00,22.14222222,0,,,
650,7/31/2017 21:00,21.76,0,,,
651,7/31/2017 22:00,22.14222222,0,,,
652,7/31/2017 23:00,22.33277778,0,,,
653,8/1/2017 0:00,22.525,0,,,
654,8/1/2017 1:00,22.71722222,0,,,
655,8/1/2017 2:00,22.90777778,0,,,
656,8/1/2017 3:00,23.00388889,0,,,
657,8/1/2017 4:00,23.19611111,0,,,
658,8/1/2017 5:00,23.29222222,0,,,
659,8/1/2017 6:00,22.62111111,0,,,
660,8/1/2017 7:00,22.81222222,0,,,
661,8/1/2017 8:00,22.33277778,0,,,
662,8/1/2017 9:00,22.62111111,0,,,
663,8/1/2017 10:00,22.33277778,0,,,
664,8/1/2017 11:00,22.23777778,0,,,
665,8/1/2017 12:00,21.95111111,0,,,
666,8/1/2017 13:00,21.66388889,0,,,
667,8/1/2017 14:00,21.47277778,0,,,
668,8/1/2017 15:00,21.855,0,,,
669,8/1/2017 16:00,21.47277778,0,,,
670,8/1/2017 17:00,21.47277778,0,,,
671,8/1/2017 18:00,21.28222222,0,,,
672,8/1/2017 19:00,21.56888889,0,,,
673,8/1/2017 20:00,21.56888889,0,,,
674,8/1/2017 21:00,21.56888889,0,,,
675,8/1/2017 22:00,21.66388889,0,,,
676,8/1/2017 23:00,22.23777778,0,,,
677,8/2/2017 0:00,22.62111111,0,,,
678,8/2/2017 1:00,22.90777778,0,,,
679,8/2/2017 2:00,23.19611111,0,,,
680,8/2/2017 3:00,23.48388889,0,,,
681,8/2/2017 4:00,23.67722222,0,,,
682,8/2/2017 5:00,23.67722222,0,,,
683,8/2/2017 6:00,22.62111111,0,,,
684,8/2/2017 7:00,23.96611111,0,,,
685,8/2/2017 8:00,26,0,,,
686,8/2/2017 9:00,23.67722222,0,,,
687,8/2/2017 10:00,24.545,0,,,
688,8/2/2017 11:00,27.665,0,,,
689,8/2/2017 12:00,31.16611111,0,,,
690,8/2/2017 13:00,33.01388889,0,,,
691,8/2/2017 14:00,28.15888889,0,,,
692,8/2/2017 15:00,22.525,0,,,
693,8/2/2017 16:00,22.90777778,0,,,
694,8/2/2017 17:00,25.61,0,,,
695,8/2/2017 18:00,25.61,0,,,
696,8/2/2017 19:00,24.35111111,0,,,
697,8/2/2017 20:00,23.86888889,0,,,
698,8/2/2017 21:00,21.37777778,0,,,
699,8/2/2017 22:00,21.76,0,,,
700,8/2/2017 23:00,21.18722222,0,,,
701,8/3/2017 0:00,20.23388889,0,,,
702,8/3/2017 1:00,19.47222222,0,,,
703,8/3/2017 2:00,18.61611111,0,,,
704,8/3/2017 3:00,17.855,0,,,
705,8/3/2017 4:00,17.76,0,,,
706,8/3/2017 5:00,17.665,0,,,
707,8/3/2017 6:00,17.37888889,0,,,
708,8/3/2017 7:00,17.28388889,0,,,
709,8/3/2017 8:00,18.42611111,0,,,
710,8/3/2017 9:00,18.61611111,0,,,
711,8/3/2017 10:00,20.42388889,0,,,
712,8/3/2017 11:00,21.47277778,0,,,
713,8/3/2017 12:00,22.525,0,,,
714,8/3/2017 13:00,22.23777778,0,,,
715,8/3/2017 14:00,26.585,0,,,
716,8/3/2017 15:00,23.58111111,0,,,
717,8/3/2017 16:00,24.44777778,0,,,
718,8/3/2017 17:00,23.86888889,0,,,
719,8/3/2017 18:00,23.19611111,0,,,
720,8/3/2017 19:00,21.47277778,0,,,
721,8/3/2017 20:00,20.32888889,0,,,
722,8/3/2017 21:00,19.47222222,0,,,
723,8/3/2017 22:00,18.99611111,0,,,
724,8/3/2017 23:00,18.52111111,0,,,
725,8/4/2017 0:00,18.42611111,0,,,
726,8/4/2017 1:00,18.42611111,0,,,
727,8/4/2017 2:00,18.33111111,0,,,
728,8/4/2017 3:00,18.71111111,0,,,
729,8/4/2017 4:00,19.09222222,0,,,
730,8/4/2017 5:00,19.47222222,0,,,
731,8/4/2017 6:00,19.18722222,0,,,
732,8/4/2017 7:00,18.52111111,0,,,
733,8/4/2017 8:00,18.14,0,,,
734,8/4/2017 9:00,20.04277778,0,,,
735,8/4/2017 10:00,18.14,0,,,
736,8/4/2017 11:00,21.18722222,0,,,
737,8/4/2017 12:00,19.18722222,0,,,
738,8/4/2017 13:00,23.58111111,0,,,
739,8/4/2017 14:00,23.67722222,0,,,
740,8/4/2017 15:00,25.31888889,0,,,
741,8/4/2017 16:00,22.14222222,0,,,
742,8/4/2017 17:00,21.09111111,0,,,
743,8/4/2017 18:00,20.99611111,0,,,
744,8/4/2017 19:00,20.90111111,0,,,
745,8/4/2017 20:00,20.99611111,0,,,
746,8/4/2017 21:00,21.09111111,0,,,
747,8/4/2017 22:00,21.09111111,0,,,
748,8/4/2017 23:00,21.18722222,0,,,
749,8/5/2017 0:00,21.28222222,0,,,
750,8/5/2017 1:00,21.37777778,0,,,
751,8/5/2017 2:00,21.37777778,0,,,
752,8/5/2017 3:00,21.37777778,0,,,
753,8/5/2017 4:00,21.28222222,0,,,
754,8/5/2017 5:00,21.28222222,0,,,
755,8/5/2017 6:00,21.37777778,0,,,
756,8/5/2017 7:00,21.09111111,0,,,
757,8/5/2017 8:00,21.09111111,0,,,
758,8/5/2017 9:00,21.18722222,0,,,
759,8/5/2017 10:00,20.90111111,0,,,
760,8/5/2017 11:00,21.09111111,0,,,
761,8/5/2017 12:00,21.09111111,0,,,
762,8/5/2017 13:00,21.09111111,0,,,
763,8/5/2017 14:00,21.18722222,0,,,
764,8/5/2017 15:00,21.18722222,0,,,
765,8/5/2017 16:00,21.09111111,0,,,
766,8/5/2017 17:00,21.18722222,0,,,
767,8/5/2017 18:00,21.28222222,0,,,
768,8/5/2017 19:00,21.37777778,0,,,
769,8/5/2017 20:00,21.37777778,0,,,
770,8/5/2017 21:00,21.47277778,0,,,
771,8/5/2017 22:00,21.56888889,0,,,
772,8/5/2017 23:00,21.66388889,0,,,
773,8/6/2017 0:00,21.76,0,,,
774,8/6/2017 1:00,21.855,0,,,
775,8/6/2017 2:00,21.95111111,0,,,
776,8/6/2017 3:00,21.95111111,0,,,
777,8/6/2017 4:00,21.95111111,0,,,
778,8/6/2017 5:00,21.95111111,0,,,
779,8/6/2017 6:00,21.95111111,0,,,
780,8/6/2017 7:00,21.37777778,0,,,
781,8/6/2017 8:00,21.28222222,0,,,
782,8/6/2017 9:00,21.76,0,,,
783,8/6/2017 10:00,21.56888889,0,,,
784,8/6/2017 11:00,21.56888889,0,,,
785,8/6/2017 12:00,21.37777778,0,,,
786,8/6/2017 13:00,21.28222222,0,,,
787,8/6/2017 14:00,21.28222222,0,,,
788,8/6/2017 15:00,21.66388889,0,,,
789,8/6/2017 16:00,21.47277778,0,,,
790,8/6/2017 17:00,21.855,0,,,
791,8/6/2017 18:00,21.855,0,,,
792,8/6/2017 19:00,21.76,0,,,
793,8/6/2017 20:00,21.76,0,,,
794,8/6/2017 21:00,21.95111111,0,,,
795,8/6/2017 22:00,22.04611111,0,,,
796,8/6/2017 23:00,22.14222222,0,,,
797,8/7/2017 0:00,22.14222222,0,,,
798,8/7/2017 1:00,22.23777778,0,,,
799,8/7/2017 2:00,22.23777778,0,,,
800,8/7/2017 3:00,22.23777778,0,,,
801,8/7/2017 4:00,22.23777778,0,,,
802,8/7/2017 5:00,22.23777778,0,,,
803,8/7/2017 6:00,21.66388889,0,,,
804,8/7/2017 7:00,21.37777778,0,,,
805,8/7/2017 8:00,21.76,0,,,
806,8/7/2017 9:00,21.28222222,0,,,
807,8/7/2017 10:00,21.37777778,0,,,
808,8/7/2017 11:00,21.47277778,0,,,
809,8/7/2017 12:00,21.95111111,0,,,
810,8/7/2017 13:00,21.855,0,,,
811,8/7/2017 14:00,21.47277778,0,,,
812,8/7/2017 15:00,21.56888889,0,,,
813,8/7/2017 16:00,21.47277778,0,,,
814,8/7/2017 17:00,21.37777778,0,,,
815,8/7/2017 18:00,21.47277778,0,,,
816,8/7/2017 19:00,21.47277778,0,,,
817,8/7/2017 20:00,21.56888889,0,,,
818,8/7/2017 21:00,21.56888889,0,,,
819,8/7/2017 22:00,21.56888889,0,,,
820,8/7/2017 23:00,21.66388889,0,,,
821,8/8/2017 0:00,21.76,0,,,
822,8/8/2017 1:00,21.855,0,,,
823,8/8/2017 2:00,21.855,0,,,
824,8/8/2017 3:00,21.855,0,,,
825,8/8/2017 4:00,21.855,0,,,
826,8/8/2017 5:00,21.855,0,,,
827,8/8/2017 6:00,21.855,0,,,
828,8/8/2017 7:00,21.56888889,0,,,
829,8/8/2017 8:00,21.47277778,0,,,
830,8/8/2017 9:00,21.56888889,0,,,
831,8/8/2017 10:00,21.66388889,0,,,
832,8/8/2017 11:00,21.855,0,,,
833,8/8/2017 11:51,,,,,
834,8/8/2017 11:58,,,,,
835,8/8/2017 11:58,,,,,
836,8/8/2017 12:00,80.029,0,,,
837,8/8/2017 12:04,,,,,
838,8/8/2017 12:04,,,,,
839,8/8/2017 12:04,,,,,
840,8/8/2017 12:04,,,,,
841,8/8/2017 12:04,,,,,
842,8/8/2017 12:05,,,,,
843,8/8/2017 12:05,,,,,
844,8/8/2017 12:06,,,,,
845,8/8/2017 12:06,,,,,
846,8/8/2017 12:07,,,,,
847,8/8/2017 13:00,73.58,0,,,
848,8/8/2017 14:00,72.028,0,,,
849,8/8/2017 15:00,71.339,0,,,
850,8/8/2017 16:00,71.168,0,,,
851,8/8/2017 17:00,71.168,0,,,
852,8/8/2017 18:00,71.339,0,,,
853,8/8/2017 19:00,71.339,0,,,
854,8/8/2017 20:00,71.339,0,,,
855,8/8/2017 21:00,71.512,0,,,
856,8/8/2017 22:00,71.683,0,,,
857,8/8/2017 23:00,71.856,0,,,
858,8/9/2017 0:00,72.199,0,,,
859,8/9/2017 1:00,72.372,0,,,
860,8/9/2017 2:00,72.545,0,,,
861,8/9/2017 3:00,72.718,0,,,
862,8/9/2017 4:00,72.891,0,,,
863,8/9/2017 5:00,73.062,0,,,
864,8/9/2017 6:00,72.199,0,,,
865,8/9/2017 7:00,72.028,0,,,
866,8/9/2017 8:00,71.683,0,,,
867,8/9/2017 9:00,71.683,0,,,
868,8/9/2017 10:00,71.512,0,,,
869,8/9/2017 11:00,71.512,0,,,
870,8/9/2017 12:00,79.326,0,,,
871,8/9/2017 13:00,83.935,1,,,
872,8/9/2017 14:00,80.029,256,,,
873,8/9/2017 15:00,81.266,448,,,
874,8/9/2017 16:00,82.152,368,,,
875,8/9/2017 17:00,82.508,864,,,
876,8/9/2017 18:00,81.797,896,,,
877,8/9/2017 19:00,81.266,272,,,
878,8/9/2017 20:00,79.853,71,,,
879,8/9/2017 21:00,79.502,0,,,
880,8/9/2017 22:00,78.975,0,,,
881,8/9/2017 23:00,78.624,0,,,
882,8/10/2017 0:00,78.274,0,,,
883,8/10/2017 1:00,77.749,0,,,
884,8/10/2017 2:00,77.4,0,,,
885,8/10/2017 3:00,76.876,0,,,
886,8/10/2017 4:00,76.703,0,,,
887,8/10/2017 5:00,76.528,0,,,
888,8/10/2017 6:00,76.181,0,,,
889,8/10/2017 7:00,75.832,11,,,
890,8/10/2017 8:00,76.181,41,,,
891,8/10/2017 9:00,76.528,82,,,
892,8/10/2017 10:00,76.876,96,,,
893,8/10/2017 11:00,77.574,122,,,
894,8/10/2017 12:00,78.624,216,,,
895,8/10/2017 13:00,79.502,288,,,
896,8/10/2017 14:00,80.559,304,,,
897,8/10/2017 15:00,81.266,288,,,
898,8/10/2017 16:00,82.33,400,,,
899,8/10/2017 17:00,82.33,992,,,
900,8/10/2017 18:00,82.152,1728,,,
901,8/10/2017 19:00,81.266,288,,,
902,8/10/2017 20:00,80.559,20,,,
903,8/10/2017 21:00,80.029,0,,,
904,8/10/2017 22:00,79.502,0,,,
905,8/10/2017 23:00,78.975,0,,,
906,8/11/2017 0:00,78.449,0,,,
907,8/11/2017 1:00,78.098,0,,,
908,8/11/2017 2:00,77.749,0,,,
909,8/11/2017 3:00,77.4,0,,,
910,8/11/2017 4:00,77.225,0,,,
911,8/11/2017 5:00,76.876,0,,,
912,8/11/2017 6:00,76.528,0,,,
913,8/11/2017 7:00,76.354,4,,,
914,8/11/2017 8:00,76.354,39,,,
915,8/11/2017 9:00,76.703,101,,,
916,8/11/2017 10:00,76.876,110,,,
917,8/11/2017 11:00,77.225,208,,,
918,8/11/2017 12:00,78.098,128,,,
919,8/11/2017 13:00,78.449,200,,,
920,8/11/2017 14:00,79.678,400,,,
921,8/11/2017 15:00,80.206,176,,,
922,8/11/2017 16:00,80.206,432,,,
923,8/11/2017 17:00,80.382,160,,,
924,8/11/2017 18:00,81.442,672,,,
925,8/11/2017 19:00,80.559,128,,,
926,8/11/2017 20:00,79.678,39,,,
927,8/11/2017 21:00,79.151,0,,,
928,8/11/2017 22:00,78.8,0,,,
929,8/11/2017 23:00,78.274,0,,,
930,8/12/2017 0:00,77.923,0,,,
931,8/12/2017 1:00,77.4,0,,,
932,8/12/2017 2:00,76.876,0,,,
933,8/12/2017 3:00,76.528,0,,,
934,8/12/2017 4:00,76.354,0,,,
935,8/12/2017 5:00,76.354,0,,,
936,8/12/2017 6:00,76.181,0,,,
937,8/12/2017 7:00,75.832,6,,,
938,8/12/2017 8:00,75.832,40,,,
939,8/12/2017 9:00,75.312,72,,,
940,8/12/2017 10:00,75.659,113,,,
941,8/12/2017 11:00,75.659,152,,,
942,8/12/2017 12:00,76.006,240,,,
943,8/12/2017 13:00,76.703,200,,,
944,8/12/2017 14:00,77.574,224,,,
945,8/12/2017 15:00,78.274,70,,,
946,8/12/2017 16:00,78.449,192,,,
947,8/12/2017 17:00,79.853,1920,,,
948,8/12/2017 18:00,79.151,672,,,
949,8/12/2017 19:00,79.151,3072,,,
950,8/12/2017 20:00,78.098,160,,,
951,8/12/2017 21:00,77.574,0,,,
952,8/12/2017 22:00,77.05,0,,,
953,8/12/2017 23:00,76.528,0,,,
954,8/13/2017 0:00,76.181,0,,,
955,8/13/2017 1:00,75.832,0,,,
956,8/13/2017 2:00,75.832,0,,,
957,8/13/2017 3:00,75.659,0,,,
958,8/13/2017 4:00,75.484,0,,,
959,8/13/2017 5:00,75.312,0,,,
960,8/13/2017 6:00,75.139,0,,,
961,8/13/2017 7:00,75.312,12,,,
962,8/13/2017 8:00,75.484,49,,,
963,8/13/2017 9:00,75.832,61,,,
964,8/13/2017 10:00,76.006,98,,,
965,8/13/2017 11:00,76.703,114,,,
966,8/13/2017 12:00,77.574,192,,,
967,8/13/2017 13:00,78.449,256,,,
968,8/13/2017 14:00,80.206,304,,,
969,8/13/2017 15:00,81.797,384,,,
970,8/13/2017 16:00,80.911,400,,,
971,8/13/2017 17:00,82.152,256,,,
972,8/13/2017 18:00,82.33,704,,,
973,8/13/2017 19:00,79.853,122,,,
974,8/13/2017 20:00,79.502,21,,,
975,8/13/2017 21:00,79.151,0,,,
976,8/13/2017 22:00,78.8,0,,,
977,8/13/2017 23:00,78.274,0,,,
978,8/14/2017 0:00,77.923,0,,,
979,8/14/2017 1:00,77.574,0,,,
980,8/14/2017 2:00,77.4,0,,,
981,8/14/2017 3:00,77.225,0,,,
982,8/14/2017 4:00,77.05,0,,,
983,8/14/2017 5:00,76.703,0,,,
984,8/14/2017 6:00,76.528,0,,,
985,8/14/2017 7:00,76.354,5,,,
986,8/14/2017 8:00,76.703,46,,,
987,8/14/2017 9:00,76.876,97,,,
988,8/14/2017 10:00,76.876,126,,,
989,8/14/2017 11:00,77.4,104,,,
990,8/14/2017 12:00,78.274,128,,,
991,8/14/2017 13:00,79.502,240,,,
992,8/14/2017 14:00,80.206,152,,,
993,8/14/2017 15:00,79.151,168,,,
994,8/14/2017 16:00,80.559,288,,,
995,8/14/2017 17:00,80.735,320,,,
996,8/14/2017 18:00,80.382,83,,,
997,8/14/2017 19:00,80.382,384,,,
998,8/14/2017 20:00,79.502,20,,,
999,8/14/2017 21:00,79.151,0,,,
1000,8/14/2017 22:00,78.624,0,,,
1001,8/14/2017 23:00,78.449,0,,,
1002,8/15/2017 0:00,78.098,0,,,
1003,8/15/2017 1:00,77.749,0,,,
1004,8/15/2017 2:00,77.4,0,,,
1005,8/15/2017 3:00,77.05,0,,,
1006,8/15/2017 4:00,76.876,0,,,
1007,8/15/2017 5:00,76.703,0,,,
1008,8/15/2017 6:00,76.703,0,,,
1009,8/15/2017 7:00,76.181,0,,,
1010,8/15/2017 8:00,76.354,22,,,
1011,8/15/2017 9:00,76.528,49,,,
1012,8/15/2017 10:00,76.876,127,,,
1013,8/15/2017 11:00,77.4,89,,,
1014,8/15/2017 12:00,78.274,192,,,
1015,8/15/2017 13:00,79.502,105,,,
1016,8/15/2017 14:00,80.559,256,,,
1017,8/15/2017 15:00,81.266,232,,,
1018,8/15/2017 16:00,82.33,416,,,
1019,8/15/2017 17:00,83.935,576,,,
1020,8/15/2017 18:00,83.043,576,,,
1021,8/15/2017 19:00,82.33,672,,,
1022,8/15/2017 20:00,81.09,52,,,
1023,8/15/2017 21:00,80.382,0,,,
1024,8/15/2017 22:00,79.853,0,,,
1025,8/15/2017 23:00,79.326,0,,,
1026,8/16/2017 0:00,78.975,0,,,
1027,8/16/2017 1:00,78.624,0,,,
1028,8/16/2017 2:00,78.098,0,,,
1029,8/16/2017 3:00,77.574,0,,,
1030,8/16/2017 4:00,77.574,0,,,
1031,8/16/2017 5:00,77.4,0,,,
1032,8/16/2017 6:00,77.225,0,,,
1033,8/16/2017 7:00,77.225,13,,,
1034,8/16/2017 8:00,77.225,42,,,
1035,8/16/2017 9:00,77.4,89,,,
1036,8/16/2017 10:00,77.574,160,,,
1037,8/16/2017 11:00,78.098,160,,,
1038,8/16/2017 12:00,78.8,128,,,
1039,8/16/2017 13:00,79.151,184,,,
1040,8/16/2017 14:00,79.502,256,,,
1041,8/16/2017 15:00,80.029,288,,,
1042,8/16/2017 16:00,80.559,272,,,
1043,8/16/2017 17:00,81.621,864,,,
1044,8/16/2017 18:00,80.911,512,,,
1045,8/16/2017 19:00,80.382,416,,,
1046,8/16/2017 20:00,80.029,72,,,
1047,8/16/2017 21:00,79.502,0,,,
1048,8/16/2017 22:00,79.151,0,,,
1049,8/16/2017 23:00,78.8,0,,,
1050,8/17/2017 0:00,78.449,0,,,
1051,8/17/2017 1:00,78.098,0,,,
1052,8/17/2017 2:00,77.923,0,,,
1053,8/17/2017 3:00,77.749,0,,,
1054,8/17/2017 4:00,77.574,0,,,
1055,8/17/2017 5:00,77.4,0,,,
1056,8/17/2017 6:00,77.4,0,,,
1057,8/17/2017 7:00,77.4,2,,,
1058,8/17/2017 8:00,77.225,30,,,
1059,8/17/2017 9:00,77.4,75,,,
1060,8/17/2017 10:00,77.4,94,,,
1061,8/17/2017 11:00,77.574,68,,,
1062,8/17/2017 12:00,78.274,232,,,
1063,8/17/2017 13:00,78.274,70,,,
1064,8/17/2017 14:00,78.624,104,,,
1065,8/17/2017 15:00,78.624,160,,,
1066,8/17/2017 16:00,79.326,272,,,
1067,8/17/2017 17:00,79.326,288,,,
1068,8/17/2017 18:00,79.853,704,,,
1069,8/17/2017 19:00,79.326,416,,,
1070,8/17/2017 20:00,78.975,74,,,
1071,8/17/2017 21:00,78.449,0,,,
1072,8/17/2017 22:00,78.274,0,,,
1073,8/17/2017 23:00,77.923,0,,,
1074,8/18/2017 0:00,77.574,0,,,
1075,8/18/2017 1:00,77.4,0,,,
1076,8/18/2017 2:00,77.225,0,,,
1077,8/18/2017 3:00,77.225,0,,,
1078,8/18/2017 4:00,76.876,0,,,
1079,8/18/2017 5:00,76.876,0,,,
1080,8/18/2017 6:00,76.703,0,,,
1081,8/18/2017 7:00,76.703,10,,,
1082,8/18/2017 8:00,76.876,62,,,
1083,8/18/2017 9:00,76.703,98,,,
1084,8/18/2017 10:00,76.528,110,,,
1085,8/18/2017 11:00,76.703,272,,,
1086,8/18/2017 12:00,77.225,304,,,
1087,8/18/2017 13:00,77.749,240,,,
1088,8/18/2017 14:00,78.098,320,,,
1089,8/18/2017 15:00,77.749,75,,,
1090,8/18/2017 16:00,77.923,256,,,
1091,8/18/2017 17:00,77.923,168,,,
1092,8/18/2017 18:00,77.574,119,,,
1093,8/18/2017 19:00,77.05,54,,,
1094,8/18/2017 20:00,76.528,15,,,
1095,8/18/2017 21:00,75.832,0,,,
1096,8/18/2017 22:00,76.006,0,,,
1097,8/18/2017 23:00,76.006,0,,,
1098,8/19/2017 0:00,76.006,0,,,
1099,8/19/2017 1:00,75.832,0,,,
1100,8/19/2017 2:00,75.484,0,,,
1101,8/19/2017 3:00,75.139,0,,,
1102,8/19/2017 4:00,75.312,0,,,
1103,8/19/2017 5:00,75.312,0,,,
1104,8/19/2017 6:00,75.139,0,,,
1105,8/19/2017 7:00,75.139,5,,,
1106,8/19/2017 8:00,75.139,56,,,
1107,8/19/2017 9:00,75.312,160,,,
1108,8/19/2017 10:00,75.139,116,,,
1109,8/19/2017 11:00,76.006,136,,,
1110,8/19/2017 12:00,76.876,176,,,
1111,8/19/2017 13:00,77.749,200,,,
1112,8/19/2017 14:00,78.8,272,,,
1113,8/19/2017 15:00,79.502,272,,,
1114,8/19/2017 16:00,80.029,192,,,
1115,8/19/2017 17:00,80.911,704,,,
1116,8/19/2017 18:00,80.911,576,,,
1117,8/19/2017 19:00,80.382,480,,,
1118,8/19/2017 20:00,78.975,57,,,
1119,8/19/2017 21:00,77.749,0,,,
1120,8/19/2017 22:00,77.4,0,,,
1121,8/19/2017 23:00,77.05,0,,,
1122,8/20/2017 0:00,76.703,0,,,
1123,8/20/2017 1:00,76.181,0,,,
1124,8/20/2017 2:00,76.181,0,,,
1125,8/20/2017 3:00,76.006,0,,,
1126,8/20/2017 4:00,75.832,0,,,
1127,8/20/2017 5:00,75.484,0,,,
1128,8/20/2017 6:00,75.139,0,,,
1129,8/20/2017 7:00,75.312,7,,,
1130,8/20/2017 8:00,75.484,43,,,
1131,8/20/2017 9:00,76.006,62,,,
1132,8/20/2017 10:00,76.354,48,,,
1133,8/20/2017 11:00,76.876,79,,,
1134,8/20/2017 12:00,77.749,114,,,
1135,8/20/2017 13:00,78.975,160,,,
1136,8/20/2017 14:00,80.382,208,,,
1137,8/20/2017 15:00,79.678,256,,,
1138,8/20/2017 16:00,80.029,464,,,
1139,8/20/2017 17:00,81.442,704,,,
1140,8/20/2017 18:00,80.911,400,,,
1141,8/20/2017 19:00,79.678,136,,,
1142,8/20/2017 20:00,78.449,26,,,
1143,8/20/2017 21:00,78.624,0,,,
1144,8/20/2017 22:00,78.274,0,,,
1145,8/20/2017 23:00,77.923,0,,,
1146,8/21/2017 0:00,77.749,0,,,
1147,8/21/2017 1:00,77.574,0,,,
1148,8/21/2017 2:00,77.225,0,,,
1149,8/21/2017 3:00,77.05,0,,,
1150,8/21/2017 4:00,76.703,0,,,
1151,8/21/2017 5:00,76.528,0,,,
1152,8/21/2017 6:00,76.528,0,,,
1153,8/21/2017 7:00,76.528,5,,,
1154,8/21/2017 8:00,76.876,57,,,
1155,8/21/2017 9:00,77.4,92,,,
1156,8/21/2017 10:00,77.574,106,,,
1157,8/21/2017 11:00,78.274,99,,,
1158,8/21/2017 12:00,79.151,125,,,
1159,8/21/2017 13:00,80.382,144,,,
1160,8/21/2017 14:00,79.853,81,,,
1161,8/21/2017 15:00,79.678,119,,,
1162,8/21/2017 16:00,80.735,288,,,
1163,8/21/2017 17:00,80.559,320,,,
1164,8/21/2017 18:00,80.559,352,,,
1165,8/21/2017 19:00,80.382,272,,,
1166,8/21/2017 20:00,79.853,9,,,
1167,8/21/2017 21:00,79.678,0,,,
1168,8/21/2017 22:00,79.502,0,,,
1169,8/21/2017 23:00,79.151,0,,,
1170,8/22/2017 0:00,78.8,0,,,
1171,8/22/2017 1:00,78.098,0,,,
1172,8/22/2017 2:00,78.098,0,,,
1173,8/22/2017 3:00,77.749,0,,,
1174,8/22/2017 4:00,77.574,0,,,
1175,8/22/2017 5:00,77.574,0,,,
1176,8/22/2017 6:00,77.05,0,,,
1177,8/22/2017 7:00,76.876,1,,,
1178,8/22/2017 8:00,76.703,23,,,
1179,8/22/2017 9:00,76.528,32,,,
1180,8/22/2017 10:00,76.876,74,,,
1181,8/22/2017 11:00,77.4,144,,,
1182,8/22/2017 12:00,77.4,122,,,
1183,8/22/2017 13:00,78.274,272,,,
1184,8/22/2017 14:00,78.975,128,,,
1185,8/22/2017 15:00,78.975,184,,,
1186,8/22/2017 16:00,79.853,272,,,
1187,8/22/2017 17:00,80.735,1024,,,
1188,8/22/2017 18:00,79.326,56,,,
1189,8/22/2017 19:00,79.151,232,,,
1190,8/22/2017 20:00,78.274,18,,,
1191,8/22/2017 21:00,77.225,0,,,
1192,8/22/2017 22:00,76.354,0,,,
1193,8/22/2017 23:00,76.181,0,,,
1194,8/23/2017 0:00,76.354,0,,,
1195,8/23/2017 1:00,76.006,0,,,
1196,8/23/2017 2:00,75.832,0,,,
1197,8/23/2017 3:00,75.659,0,,,
1198,8/23/2017 4:00,75.484,0,,,
1199,8/23/2017 5:00,74.964,0,,,
1200,8/23/2017 6:00,75.139,0,,,
1201,8/23/2017 7:00,74.791,5,,,
1202,8/23/2017 8:00,74.964,54,,,
1203,8/23/2017 9:00,75.484,108,,,
1204,8/23/2017 10:00,74.791,76,,,
1205,8/23/2017 11:00,74.791,118,,,
1206,8/23/2017 12:00,75.659,160,,,
1207,8/23/2017 13:00,76.703,192,,,
1208,8/23/2017 14:00,76.876,144,,,
1209,8/23/2017 15:00,77.749,240,,,
1210,8/23/2017 16:00,78.624,320,,,
1211,8/23/2017 17:00,79.502,480,,,
1212,8/23/2017 18:00,78.274,78,,,
1213,8/23/2017 19:00,77.749,69,,,
1214,8/23/2017 20:00,77.05,17,,,
1215,8/23/2017 21:00,76.354,0,,,
1216,8/23/2017 22:00,75.832,0,,,
1217,8/23/2017 23:00,74.791,0,,,
1218,8/24/2017 0:00,74.964,0,,,
1219,8/24/2017 1:00,74.964,0,,,
1220,8/24/2017 2:00,74.964,0,,,
1221,8/24/2017 3:00,74.791,0,,,
1222,8/24/2017 4:00,74.446,0,,,
1223,8/24/2017 5:00,74.271,0,,,
1224,8/24/2017 6:00,74.098,0,,,
1225,8/24/2017 7:00,74.098,2,,,
1226,8/24/2017 8:00,74.098,23,,,
1227,8/24/2017 9:00,74.446,64,,,
1228,8/24/2017 10:00,74.098,74,,,
1229,8/24/2017 11:00,74.446,106,,,
1230,8/24/2017 12:00,74.964,160,,,
1231,8/24/2017 13:00,76.006,224,,,
1232,8/24/2017 14:00,75.659,85,,,
1233,8/24/2017 15:00,75.312,192,,,
1234,8/24/2017 16:00,74.964,120,,,
1235,8/24/2017 17:00,74.271,88,,,
1236,8/24/2017 18:00,73.753,91,,,
1237,8/24/2017 19:00,73.926,192,,,
1238,8/24/2017 20:00,73.58,20,,,
1239,8/24/2017 21:00,73.753,0,,,
1240,8/24/2017 22:00,73.58,0,,,
1241,8/24/2017 23:00,73.407,0,,,
1242,8/25/2017 0:00,73.234,0,,,
1243,8/25/2017 1:00,73.062,0,,,
1244,8/25/2017 2:00,72.891,0,,,
1245,8/25/2017 3:00,72.891,0,,,
1246,8/25/2017 4:00,72.545,0,,,
1247,8/25/2017 5:00,72.372,0,,,
1248,8/25/2017 6:00,72.372,0,,,
1249,8/25/2017 7:00,72.199,1,,,
1250,8/25/2017 8:00,72.199,23,,,
1251,8/25/2017 9:00,72.718,39,,,
1252,8/25/2017 10:00,72.545,60,,,
1253,8/25/2017 11:00,73.234,101,,,
1254,8/25/2017 12:00,73.926,128,,,
1255,8/25/2017 13:00,75.139,152,,,
1256,8/25/2017 14:00,75.832,216,,,
1257,8/25/2017 15:00,76.354,256,,,
1258,8/25/2017 16:00,77.225,320,,,
1259,8/25/2017 17:00,77.749,224,,,
1260,8/25/2017 18:00,76.703,128,,,
1261,8/25/2017 19:00,76.528,224,,,
1262,8/25/2017 20:00,75.832,18,,,
1263,8/25/2017 21:00,75.312,0,,,
1264,8/25/2017 22:00,74.791,0,,,
1265,8/25/2017 23:00,74.271,0,,,
1266,8/26/2017 0:00,73.753,0,,,
1267,8/26/2017 1:00,73.407,0,,,
1268,8/26/2017 2:00,73.062,0,,,
1269,8/26/2017 3:00,72.545,0,,,
1270,8/26/2017 4:00,72.372,0,,,
1271,8/26/2017 5:00,72.372,0,,,
1272,8/26/2017 6:00,72.028,0,,,
1273,8/26/2017 7:00,72.028,2,,,
1274,8/26/2017 8:00,72.199,33,,,
1275,8/26/2017 9:00,72.545,59,,,
1276,8/26/2017 10:00,72.891,76,,,
1277,8/26/2017 11:00,73.234,108,,,
1278,8/26/2017 12:00,74.098,136,,,
1279,8/26/2017 13:00,75.312,125,,,
1280,8/26/2017 14:00,76.528,168,,,
1281,8/26/2017 15:00,76.703,200,,,
1282,8/26/2017 16:00,78.975,320,,,
1283,8/26/2017 17:00,78.975,480,,,
1284,8/26/2017 18:00,78.8,232,,,
1285,8/26/2017 19:00,76.876,78,,,
1286,8/26/2017 20:00,76.181,6,,,
1287,8/26/2017 21:00,75.659,0,,,
1288,8/26/2017 22:00,75.312,0,,,
1289,8/26/2017 23:00,74.791,0,,,
1290,8/27/2017 0:00,74.271,0,,,
1291,8/27/2017 1:00,73.753,0,,,
1292,8/27/2017 2:00,73.407,0,,,
1293,8/27/2017 3:00,73.407,0,,,
1294,8/27/2017 4:00,73.234,0,,,
1295,8/27/2017 5:00,73.062,0,,,
1296,8/27/2017 6:00,72.891,0,,,
1297,8/27/2017 7:00,72.545,1,,,
1298,8/27/2017 8:00,72.718,17,,,
1299,8/27/2017 9:00,72.718,74,,,
1300,8/27/2017 10:00,72.891,90,,,
1301,8/27/2017 11:00,73.407,89,,,
1302,8/27/2017 12:00,74.271,152,,,
1303,8/27/2017 13:00,74.619,119,,,
1304,8/27/2017 14:00,75.832,184,,,
1305,8/27/2017 15:00,75.659,184,,,
1306,8/27/2017 16:00,76.354,256,,,
1307,8/27/2017 17:00,76.006,288,,,
1308,8/27/2017 18:00,75.659,97,,,
1309,8/27/2017 19:00,75.312,32,,,
1310,8/27/2017 20:00,74.964,4,,,
1311,8/27/2017 21:00,74.619,0,,,
1312,8/27/2017 22:00,74.271,0,,,
1313,8/27/2017 23:00,73.926,0,,,
1314,8/28/2017 0:00,73.753,0,,,
1315,8/28/2017 1:00,73.58,0,,,
1316,8/28/2017 2:00,73.407,0,,,
1317,8/28/2017 3:00,73.062,0,,,
1318,8/28/2017 4:00,73.062,0,,,
1319,8/28/2017 5:00,72.891,0,,,
1320,8/28/2017 6:00,72.891,0,,,
1321,8/28/2017 7:00,72.718,0,,,
1322,8/28/2017 8:00,73.062,30,,,
1323,8/28/2017 9:00,73.234,75,,,
1324,8/28/2017 10:00,73.407,95,,,
1325,8/28/2017 11:00,73.407,98,,,
1326,8/28/2017 12:00,73.407,82,,,
1327,8/28/2017 13:00,73.58,101,,,
1328,8/28/2017 14:00,73.407,80,,,
1329,8/28/2017 15:00,73.753,160,,,
1330,8/28/2017 16:00,73.753,89,,,
1331,8/28/2017 17:00,73.234,18,,,
1332,8/28/2017 18:00,72.718,15,,,
1333,8/28/2017 19:00,72.718,24,,,
1334,8/28/2017 20:00,72.545,8,,,
1335,8/28/2017 21:00,72.372,0,,,
1336,8/28/2017 22:00,72.545,0,,,
1337,8/28/2017 23:00,72.545,0,,,
1338,8/29/2017 0:00,72.545,0,,,
1339,8/29/2017 1:00,72.372,0,,,
1340,8/29/2017 2:00,72.372,0,,,
1341,8/29/2017 3:00,72.372,0,,,
1342,8/29/2017 4:00,72.199,0,,,
1343,8/29/2017 5:00,72.372,0,,,
1344,8/29/2017 6:00,72.372,0,,,
1345,8/29/2017 7:00,72.199,0,,,
1346,8/29/2017 8:00,72.199,14,,,
1347,8/29/2017 9:00,72.372,50,,,
1348,8/29/2017 10:00,72.545,98,,,
1349,8/29/2017 11:00,72.718,107,,,
1350,8/29/2017 12:00,73.234,83,,,
1351,8/29/2017 13:00,73.407,200,,,
1352,8/29/2017 14:00,74.098,216,,,
1353,8/29/2017 15:00,73.234,7,,,
1354,8/29/2017 16:00,73.58,33,,,
1355,8/29/2017 17:00,73.58,72,,,
1356,8/29/2017 18:00,73.58,72,,,
1357,8/29/2017 19:00,73.58,52,,,
1358,8/29/2017 20:00,73.234,10,,,
1359,8/29/2017 21:00,73.062,0,,,
1360,8/29/2017 22:00,72.718,0,,,
1361,8/29/2017 23:00,72.545,0,,,
1362,8/30/2017 0:00,72.199,0,,,
1363,8/30/2017 1:00,71.856,0,,,
1364,8/30/2017 2:00,71.856,0,,,
1365,8/30/2017 3:00,72.028,0,,,
1366,8/30/2017 4:00,72.199,0,,,
1367,8/30/2017 5:00,71.856,0,,,
1368,8/30/2017 6:00,71.856,0,,,
1369,8/30/2017 7:00,71.856,0,,,
1370,8/30/2017 8:00,72.028,25,,,
1371,8/30/2017 9:00,72.199,62,,,
1372,8/30/2017 10:00,72.199,113,,,
1373,8/30/2017 11:00,72.891,87,,,
1374,8/30/2017 12:00,73.926,136,,,
1375,8/30/2017 13:00,76.006,144,,,
1376,8/30/2017 14:00,77.225,168,,,
1377,8/30/2017 15:00,78.449,224,,,
1378,8/30/2017 16:00,78.8,304,,,
1379,8/30/2017 17:00,78.449,240,,,
1380,8/30/2017 18:00,77.923,49,,,
1381,8/30/2017 19:00,77.923,152,,,
1382,8/30/2017 20:00,77.05,6,,,
1383,8/30/2017 21:00,76.006,0,,,
1384,8/30/2017 22:00,75.832,0,,,
1385,8/30/2017 23:00,75.312,0,,,
1386,8/31/2017 0:00,74.791,0,,,
1387,8/31/2017 1:00,74.446,0,,,
1388,8/31/2017 2:00,74.098,0,,,
1389,8/31/2017 3:00,73.753,0,,,
1390,8/31/2017 4:00,73.58,0,,,
1391,8/31/2017 5:00,73.407,0,,,
1392,8/31/2017 6:00,73.234,0,,,
1393,8/31/2017 7:00,72.891,0,,,
1394,8/31/2017 8:00,72.891,18,,,
1395,8/31/2017 9:00,73.062,64,,,
1396,8/31/2017 10:00,73.062,81,,,
1397,8/31/2017 11:00,73.407,120,,,
1398,8/31/2017 12:00,74.098,168,,,
1399,8/31/2017 13:00,74.271,152,,,
1400,8/31/2017 14:00,74.619,117,,,
1401,8/31/2017 15:00,75.484,272,,,
1402,8/31/2017 16:00,76.181,400,,,
1403,8/31/2017 17:00,76.703,1152,,,
1404,8/31/2017 18:00,75.659,864,,,
1405,8/31/2017 19:00,74.791,232,,,
1406,8/31/2017 20:00,73.753,8,,,
1407,8/31/2017 21:00,73.062,0,,,
1408,8/31/2017 22:00,72.372,0,,,
1409,8/31/2017 23:00,71.856,0,,,
1410,9/1/2017 0:00,72.028,0,,,
1411,9/1/2017 1:00,72.028,0,,,
1412,9/1/2017 2:00,71.856,0,,,
1413,9/1/2017 3:00,71.512,0,,,
1414,9/1/2017 4:00,71.339,0,,,
1415,9/1/2017 5:00,71.339,0,,,
1416,9/1/2017 6:00,70.995,0,,,
1417,9/1/2017 7:00,70.651,0,,,
1418,9/1/2017 8:00,71.168,28,,,
1419,9/1/2017 9:00,71.168,57,,,
1420,9/1/2017 10:00,70.995,78,,,
1421,9/1/2017 11:00,71.339,88,,,
1422,9/1/2017 12:00,71.683,111,,,
1423,9/1/2017 13:00,72.545,128,,,
1424,9/1/2017 14:00,73.234,168,,,
1425,9/1/2017 15:00,73.407,168,,,
1426,9/1/2017 16:00,74.098,240,,,
1427,9/1/2017 17:00,73.926,400,,,
1428,9/1/2017 18:00,73.234,69,,,
1429,9/1/2017 19:00,72.718,39,,,
1430,9/1/2017 20:00,72.199,1,,,
1431,9/1/2017 21:00,71.683,0,,,
1432,9/1/2017 22:00,71.168,0,,,
1433,9/1/2017 23:00,70.824,0,,,
1434,9/2/2017 0:00,70.48,0,,,
1435,9/2/2017 1:00,70.824,0,,,
1436,9/2/2017 2:00,70.824,0,,,
1437,9/2/2017 3:00,70.48,0,,,
1438,9/2/2017 4:00,70.137,0,,,
1439,9/2/2017 5:00,70.137,0,,,
1440,9/2/2017 6:00,69.964,0,,,
1441,9/2/2017 7:00,69.793,0,,,
1442,9/2/2017 8:00,69.964,16,,,
1443,9/2/2017 9:00,70.308,35,,,
1444,9/2/2017 10:00,70.308,49,,,
1445,9/2/2017 11:00,70.651,69,,,
1446,9/2/2017 12:00,71.339,93,,,
1447,9/2/2017 13:00,72.199,118,,,
1448,9/2/2017 14:00,72.372,128,,,
1449,9/2/2017 15:00,72.718,144,,,
1450,9/2/2017 16:00,73.062,113,,,
1451,9/2/2017 17:00,72.545,91,,,
1452,9/2/2017 18:00,72.718,63,,,
1453,9/2/2017 19:00,72.545,18,,,
1454,9/2/2017 20:00,72.199,1,,,
1455,9/2/2017 21:00,71.856,0,,,
1456,9/2/2017 22:00,71.683,0,,,
1457,9/2/2017 23:00,71.168,0,,,
1458,9/3/2017 0:00,71.168,0,,,
1459,9/3/2017 1:00,70.824,0,,,
1460,9/3/2017 2:00,70.651,0,,,
1461,9/3/2017 3:00,70.308,0,,,
1462,9/3/2017 4:00,69.964,0,,,
1463,9/3/2017 5:00,70.137,0,,,
1464,9/3/2017 6:00,69.622,0,,,
1465,9/3/2017 7:00,69.964,0,,,
1466,9/3/2017 8:00,69.964,22,,,
1467,9/3/2017 9:00,69.964,41,,,
1468,9/3/2017 10:00,70.137,77,,,
1469,9/3/2017 11:00,70.48,128,,,
1470,9/3/2017 12:00,70.995,208,,,
1471,9/3/2017 13:00,71.683,232,,,
1472,9/3/2017 14:00,72.545,184,,,
1473,9/3/2017 15:00,73.753,176,,,
1474,9/3/2017 16:00,75.312,304,,,
1475,9/3/2017 17:00,75.832,304,,,
1476,9/3/2017 18:00,75.832,224,,,
1477,9/3/2017 19:00,74.791,208,,,
1478,9/3/2017 20:00,72.372,6,,,
1479,9/3/2017 21:00,72.199,0,,,
1480,9/3/2017 22:00,71.856,0,,,
1481,9/3/2017 23:00,71.512,0,,,
1482,9/4/2017 0:00,71.168,0,,,
1483,9/4/2017 1:00,70.824,0,,,
1484,9/4/2017 2:00,70.651,0,,,
1485,9/4/2017 3:00,70.48,0,,,
1486,9/4/2017 4:00,70.308,0,,,
1487,9/4/2017 5:00,70.48,0,,,
1488,9/4/2017 6:00,70.308,0,,,
1489,9/4/2017 7:00,70.137,0,,,
1490,9/4/2017 8:00,70.48,23,,,
1491,9/4/2017 9:00,70.308,47,,,
1492,9/4/2017 10:00,70.308,94,,,
1493,9/4/2017 11:00,70.995,112,,,
1494,9/4/2017 12:00,72.028,152,,,
1495,9/4/2017 13:00,72.891,160,,,
1496,9/4/2017 14:00,73.58,168,,,
1497,9/4/2017 15:00,73.753,224,,,
1498,9/4/2017 16:00,74.271,240,,,
1499,9/4/2017 17:00,73.234,101,,,
1500,9/4/2017 18:00,72.372,1,,,
1501,9/4/2017 19:00,72.372,2,,,
1502,9/4/2017 20:00,72.545,0,,,
1503,9/4/2017 21:00,72.372,0,,,
1504,9/4/2017 22:00,71.856,0,,,
1505,9/4/2017 23:00,70.995,0,,,
1506,9/5/2017 0:00,70.824,0,,,
1507,9/5/2017 1:00,70.824,0,,,
1508,9/5/2017 2:00,70.651,0,,,
1509,9/5/2017 3:00,70.48,0,,,
1510,9/5/2017 4:00,70.137,0,,,
1511,9/5/2017 5:00,70.137,0,,,
1512,9/5/2017 6:00,69.793,0,,,
1513,9/5/2017 7:00,69.793,0,,,
1514,9/5/2017 8:00,70.137,2,,,
1515,9/5/2017 9:00,69.622,21,,,
1516,9/5/2017 10:00,69.964,67,,,
1517,9/5/2017 11:00,69.964,74,,,
1518,9/5/2017 12:00,70.824,184,,,
1519,9/5/2017 13:00,71.512,118,,,
1520,9/5/2017 14:00,72.891,160,,,
1521,9/5/2017 15:00,73.58,216,,,
1522,9/5/2017 16:00,74.271,256,,,
1523,9/5/2017 17:00,74.446,400,,,
1524,9/5/2017 18:00,73.58,81,,,
1525,9/5/2017 19:00,72.891,59,,,
1526,9/5/2017 20:00,72.199,2,,,
1527,9/5/2017 21:00,71.512,0,,,
1528,9/5/2017 22:00,70.995,0,,,
1529,9/5/2017 23:00,70.308,0,,,
1530,9/6/2017 0:00,70.137,0,,,
1531,9/6/2017 1:00,69.964,0,,,
1532,9/6/2017 2:00,69.622,0,,,
1533,9/6/2017 3:00,69.449,0,,,
1534,9/6/2017 4:00,69.278,0,,,
1535,9/6/2017 5:00,69.449,0,,,
1536,9/6/2017 6:00,68.934,0,,,
1537,9/6/2017 7:00,68.934,0,,,
1538,9/6/2017 8:00,68.934,24,,,
1539,9/6/2017 9:00,69.449,38,,,
1540,9/6/2017 10:00,69.449,50,,,
1541,9/6/2017 11:00,69.964,83,,,
1542,9/6/2017 12:00,70.48,123,,,
1543,9/6/2017 13:00,70.995,160,,,
1544,9/6/2017 14:00,72.028,200,,,
1545,9/6/2017 15:00,72.718,144,,,
1546,9/6/2017 16:00,72.545,52,,,
1547,9/6/2017 17:00,72.199,82,,,
1548,9/6/2017 18:00,72.028,64,,,
1549,9/6/2017 19:00,71.683,20,,,
1550,9/6/2017 20:00,70.995,0,,,
1551,9/6/2017 21:00,70.651,0,,,
1552,9/6/2017 22:00,70.137,0,,,
1553,9/6/2017 23:00,69.622,0,,,
1554,9/7/2017 0:00,69.107,0,,,
1555,9/7/2017 1:00,69.278,0,,,
1556,9/7/2017 2:00,69.107,0,,,
1557,9/7/2017 3:00,68.763,0,,,
1558,9/7/2017 4:00,68.934,0,,,
1559,9/7/2017 5:00,68.592,0,,,
1560,9/7/2017 6:00,68.763,0,,,
1561,9/7/2017 7:00,68.421,0,,,
1562,9/7/2017 8:00,68.421,20,,,
1563,9/7/2017 9:00,67.906,42,,,
1564,9/7/2017 10:00,68.421,62,,,
1565,9/7/2017 11:00,68.763,117,,,
1566,9/7/2017 12:00,69.278,126,,,
1567,9/7/2017 12:28,,,,,
1568,9/7/2017 12:28,,,,,
1569,9/7/2017 12:30,,,,,
1570,9/7/2017 13:00,70.308,152,,,
1571,9/7/2017 14:00,70.995,272,,,
1572,9/7/2017 15:00,70.995,216,,,
1573,9/7/2017 16:00,70.824,256,,,
1574,9/7/2017 17:00,69.793,103,,,
1575,9/7/2017 18:00,69.278,88,,,
1576,9/7/2017 19:00,68.763,39,,,
1577,9/7/2017 20:00,68.248,0,,,
1578,9/7/2017 21:00,68.248,0,,,
1579,9/7/2017 22:00,68.421,0,,,
1580,9/7/2017 23:00,67.906,0,,,
1581,9/8/2017 0:00,68.248,0,,,
1582,9/8/2017 1:00,67.906,0,,,
1583,9/8/2017 2:00,67.735,0,,,
1584,9/8/2017 3:00,67.735,0,,,
1585,9/8/2017 4:00,67.735,0,,,
1586,9/8/2017 5:00,67.564,0,,,
1587,9/8/2017 6:00,67.392,0,,,
1588,9/8/2017 7:00,67.564,1,,,
1589,9/8/2017 8:00,66.879,88,,,
1590,9/8/2017 9:00,67.05,93,,,
1591,9/8/2017 10:00,67.564,76,,,
1592,9/8/2017 11:00,68.077,95,,,
1593,9/8/2017 12:00,68.934,160,,,
1594,9/8/2017 13:00,69.793,216,,,
1595,9/8/2017 14:00,70.651,95,,,
1596,9/8/2017 15:00,71.339,160,,,
1597,9/8/2017 16:00,72.028,168,,,
1598,9/8/2017 17:00,72.718,368,,,
1599,9/8/2017 18:00,71.339,119,,,
1600,9/8/2017 19:00,70.995,85,,,
1601,9/8/2017 20:00,69.622,2,,,
1602,9/8/2017 21:00,69.278,0,,,
1603,9/8/2017 22:00,68.763,0,,,
1604,9/8/2017 23:00,68.248,0,,,
1605,9/9/2017 0:00,67.735,0,,,
1606,9/9/2017 1:00,67.906,0,,,
1607,9/9/2017 2:00,67.906,0,,,
1608,9/9/2017 3:00,67.564,0,,,
1609,9/9/2017 4:00,67.221,0,,,
1610,9/9/2017 5:00,67.221,0,,,
1611,9/9/2017 6:00,66.879,0,,,
1612,9/9/2017 7:00,66.879,0,,,
1613,9/9/2017 8:00,66.879,38,,,
1614,9/9/2017 9:00,67.221,55,,,
1615,9/9/2017 10:00,67.564,71,,,
1616,9/9/2017 11:00,67.906,106,,,
1617,9/9/2017 12:00,69.107,256,,,
1618,9/9/2017 13:00,69.793,304,,,
1619,9/9/2017 14:00,69.964,224,,,
1620,9/9/2017 15:00,70.308,232,,,
1621,9/9/2017 16:00,70.137,224,,,
1622,9/9/2017 17:00,70.308,224,,,
1623,9/9/2017 18:00,70.137,304,,,
1624,9/9/2017 19:00,69.622,125,,,
1625,9/9/2017 20:00,68.934,2,,,
1626,9/9/2017 21:00,68.421,0,,,
1627,9/9/2017 22:00,68.077,0,,,
1628,9/9/2017 23:00,67.564,0,,,
1629,9/10/2017 0:00,67.05,0,,,
1630,9/10/2017 1:00,67.221,0,,,
1631,9/10/2017 2:00,67.221,0,,,
1632,9/10/2017 3:00,66.879,0,,,
1633,9/10/2017 4:00,66.537,0,,,
1634,9/10/2017 5:00,66.708,0,,,
1635,9/10/2017 6:00,66.708,0,,,
1636,9/10/2017 7:00,66.366,0,,,
1637,9/10/2017 8:00,66.537,29,,,
1638,9/10/2017 9:00,66.537,63,,,
1639,9/10/2017 10:00,67.05,63,,,
1640,9/10/2017 11:00,67.221,90,,,
1641,9/10/2017 12:00,68.077,82,,,
1642,9/10/2017 13:00,68.934,117,,,
1643,9/10/2017 14:00,69.278,152,,,
1644,9/10/2017 15:00,69.964,168,,,
1645,9/10/2017 16:00,70.137,176,,,
1646,9/10/2017 17:00,70.308,192,,,
1647,9/10/2017 18:00,70.308,208,,,
1648,9/10/2017 19:00,69.793,77,,,
1649,9/10/2017 20:00,69.278,0,,,
1650,9/10/2017 21:00,68.763,0,,,
1651,9/10/2017 22:00,68.421,0,,,
1652,9/10/2017 23:00,67.906,0,,,
1653,9/11/2017 0:00,67.564,0,,,
1654,9/11/2017 1:00,67.392,0,,,
1655,9/11/2017 2:00,67.221,0,,,
1656,9/11/2017 3:00,66.879,0,,,
1657,9/11/2017 4:00,66.879,0,,,
1658,9/11/2017 5:00,66.708,0,,,
1659,9/11/2017 6:00,66.537,0,,,
1660,9/11/2017 7:00,66.366,0,,,
1661,9/11/2017 8:00,66.366,33,,,
1662,9/11/2017 9:00,66.879,53,,,
1663,9/11/2017 10:00,67.221,60,,,
1664,9/11/2017 11:00,67.735,84,,,
1665,9/11/2017 12:00,68.421,44,,,
1666,9/11/2017 13:00,69.964,176,,,
1667,9/11/2017 14:00,70.995,200,,,
1668,9/11/2017 15:00,72.028,232,,,
1669,9/11/2017 16:00,71.339,464,,,
1670,9/11/2017 17:00,71.512,480,,,
1671,9/11/2017 18:00,71.168,320,,,
1672,9/11/2017 19:00,70.651,53,,,
1673,9/11/2017 20:00,69.964,0,,,
1674,9/11/2017 21:00,69.449,0,,,
1675,9/11/2017 22:00,69.107,0,,,
1676,9/11/2017 23:00,68.763,0,,,
1677,9/12/2017 0:00,68.421,0,,,
1678,9/12/2017 1:00,67.906,0,,,
1679,9/12/2017 2:00,67.392,0,,,
1680,9/12/2017 3:00,67.392,0,,,
1681,9/12/2017 4:00,67.221,0,,,
1682,9/12/2017 5:00,67.221,0,,,
1683,9/12/2017 6:00,66.879,0,,,
1684,9/12/2017 7:00,66.708,0,,,
1685,9/12/2017 8:00,66.708,24,,,
1686,9/12/2017 9:00,67.05,43,,,
1687,9/12/2017 10:00,67.392,59,,,
1688,9/12/2017 11:00,68.077,80,,,
1689,9/12/2017 12:00,68.934,116,,,
1690,9/12/2017 13:00,69.622,128,,,
1691,9/12/2017 14:00,69.964,128,,,
1692,9/12/2017 15:00,70.308,160,,,
1693,9/12/2017 16:00,70.824,168,,,
1694,9/12/2017 17:00,71.339,320,,,
1695,9/12/2017 18:00,70.651,120,,,
1696,9/12/2017 19:00,70.48,36,,,
1697,9/12/2017 20:00,70.137,0,,,
1698,9/12/2017 21:00,69.793,0,,,
1699,9/12/2017 22:00,69.278,0,,,
1700,9/12/2017 23:00,68.763,0,,,
1701,9/13/2017 0:00,68.592,0,,,
1702,9/13/2017 1:00,68.248,0,,,
1703,9/13/2017 2:00,67.906,0,,,
1704,9/13/2017 3:00,67.564,0,,,
1705,9/13/2017 4:00,67.735,0,,,
1706,9/13/2017 5:00,67.735,0,,,
1707,9/13/2017 6:00,67.564,0,,,
1708,9/13/2017 7:00,67.392,0,,,
1709,9/13/2017 8:00,67.221,20,,,
1710,9/13/2017 9:00,67.735,63,,,
1711,9/13/2017 10:00,68.077,106,,,
1712,9/13/2017 11:00,68.421,119,,,
1713,9/13/2017 12:00,69.278,176,,,
1714,9/13/2017 13:00,70.995,125,,,
1715,9/13/2017 14:00,71.168,126,,,
1716,9/13/2017 15:00,69.622,75,,,
1717,9/13/2017 16:00,69.622,83,,,
1718,9/13/2017 17:00,70.824,256,,,
1719,9/13/2017 18:00,69.964,90,,,
1720,9/13/2017 19:00,69.793,36,,,
1721,9/13/2017 20:00,69.793,0,,,
1722,9/13/2017 21:00,69.449,0,,,
1723,9/13/2017 22:00,69.107,0,,,
1724,9/13/2017 23:00,68.934,0,,,
1725,9/14/2017 0:00,68.763,0,,,
1726,9/14/2017 1:00,68.421,0,,,
1727,9/14/2017 2:00,68.248,0,,,
1728,9/14/2017 3:00,67.906,0,,,
1729,9/14/2017 4:00,67.564,0,,,
1730,9/14/2017 5:00,67.564,0,,,
1731,9/14/2017 6:00,67.392,0,,,
1732,9/14/2017 7:00,67.392,0,,,
1733,9/14/2017 8:00,67.392,14,,,
1734,9/14/2017 9:00,67.564,54,,,
1735,9/14/2017 10:00,67.906,101,,,
1736,9/14/2017 11:00,68.592,71,,,
1737,9/14/2017 12:00,70.137,77,,,
1738,9/14/2017 13:00,71.856,81,,,
1739,9/14/2017 14:00,72.718,70,,,
1740,9/14/2017 15:00,72.891,117,,,
1741,9/14/2017 16:00,72.545,88,,,
1742,9/14/2017 17:00,73.234,160,,,
1743,9/14/2017 18:00,72.718,176,,,
1744,9/14/2017 19:00,72.545,49,,,
1745,9/14/2017 20:00,71.856,0,,,
1746,9/14/2017 21:00,70.995,0,,,
1747,9/14/2017 22:00,70.48,0,,,
1748,9/14/2017 23:00,69.964,0,,,
1749,9/15/2017 0:00,69.793,0,,,
1750,9/15/2017 1:00,69.449,0,,,
1751,9/15/2017 2:00,69.107,0,,,
1752,9/15/2017 3:00,68.763,0,,,
1753,9/15/2017 4:00,68.592,0,,,
1754,9/15/2017 5:00,68.421,0,,,
1755,9/15/2017 6:00,68.077,0,,,
1756,9/15/2017 7:00,67.735,0,,,
1757,9/15/2017 8:00,67.735,26,,,
1758,9/15/2017 9:00,68.248,53,,,
1759,9/15/2017 10:00,68.763,65,,,
1760,9/15/2017 11:00,69.793,90,,,
1761,9/15/2017 12:00,70.995,126,,,
1762,9/15/2017 13:00,71.512,152,,,
1763,9/15/2017 14:00,73.234,124,,,
1764,9/15/2017 15:00,73.234,208,,,
1765,9/15/2017 16:00,72.891,136,,,
1766,9/15/2017 17:00,73.234,320,,,
1767,9/15/2017 18:00,73.062,91,,,
1768,9/15/2017 19:00,72.718,46,,,
1769,9/15/2017 20:00,72.028,0,,,
1770,9/15/2017 21:00,70.995,0,,,
1771,9/15/2017 22:00,70.651,0,,,
1772,9/15/2017 23:00,70.137,0,,,
1773,9/16/2017 0:00,69.793,0,,,
1774,9/16/2017 1:00,69.622,0,,,
1775,9/16/2017 2:00,69.449,0,,,
1776,9/16/2017 3:00,69.278,0,,,
1777,9/16/2017 4:00,69.107,0,,,
1778,9/16/2017 5:00,68.934,0,,,
1779,9/16/2017 6:00,68.763,0,,,
1780,9/16/2017 7:00,68.592,0,,,
1781,9/16/2017 8:00,68.592,23,,,
1782,9/16/2017 9:00,68.763,73,,,
1783,9/16/2017 10:00,69.107,84,,,
1784,9/16/2017 11:00,69.964,84,,,
1785,9/16/2017 12:00,70.824,102,,,
1786,9/16/2017 13:00,72.199,116,,,
1787,9/16/2017 14:00,72.891,124,,,
1788,9/16/2017 15:00,72.545,128,,,
1789,9/16/2017 16:00,73.407,168,,,
1790,9/16/2017 17:00,73.58,232,,,
1791,9/16/2017 18:00,73.58,110,,,
1792,9/16/2017 19:00,73.062,16,,,
1793,9/16/2017 20:00,72.028,0,,,
1794,9/16/2017 21:00,71.168,0,,,
1795,9/16/2017 22:00,70.995,0,,,
1796,9/16/2017 23:00,70.651,0,,,
1797,9/17/2017 0:00,70.48,0,,,
1798,9/17/2017 1:00,70.137,0,,,
1799,9/17/2017 2:00,69.793,0,,,
1800,9/17/2017 3:00,69.793,0,,,
1801,9/17/2017 4:00,69.622,0,,,
1802,9/17/2017 5:00,69.449,0,,,
1803,9/17/2017 6:00,69.278,0,,,
1804,9/17/2017 7:00,69.278,0,,,
1805,9/17/2017 8:00,69.278,12,,,
1806,9/17/2017 9:00,69.449,43,,,
1807,9/17/2017 10:00,69.793,47,,,
1808,9/17/2017 11:00,70.824,66,,,
1809,9/17/2017 12:00,71.683,96,,,
1810,9/17/2017 13:00,72.718,89,,,
1811,9/17/2017 14:00,73.753,97,,,
1812,9/17/2017 15:00,74.964,94,,,
1813,9/17/2017 16:00,75.832,128,,,
1814,9/17/2017 17:00,75.312,113,,,
1815,9/17/2017 18:00,74.446,99,,,
1816,9/17/2017 19:00,73.58,2,,,
1817,9/17/2017 20:00,72.891,0,,,
1818,9/17/2017 21:00,72.545,0,,,
1819,9/17/2017 22:00,72.199,0,,,
1820,9/17/2017 23:00,72.028,0,,,
1821,9/18/2017 0:00,71.683,0,,,
1822,9/18/2017 1:00,71.683,0,,,
1823,9/18/2017 2:00,71.512,0,,,
1824,9/18/2017 3:00,71.512,0,,,
1825,9/18/2017 4:00,71.339,0,,,
1826,9/18/2017 5:00,71.339,0,,,
1827,9/18/2017 6:00,71.339,0,,,
1828,9/18/2017 7:00,71.168,0,,,
1829,9/18/2017 8:00,70.995,5,,,
1830,9/18/2017 9:00,71.168,27,,,
1831,9/18/2017 10:00,71.339,61,,,
1832,9/18/2017 11:00,71.856,160,,,
1833,9/18/2017 12:00,72.028,87,,,
1834,9/18/2017 13:00,72.372,208,,,
1835,9/18/2017 14:00,72.718,240,,,
1836,9/18/2017 15:00,73.062,160,,,
1837,9/18/2017 16:00,73.234,112,,,
1838,9/18/2017 17:00,73.407,123,,,
1839,9/18/2017 18:00,73.407,117,,,
1840,9/18/2017 19:00,72.718,49,,,
1841,9/18/2017 20:00,72.372,0,,,
1842,9/18/2017 21:00,72.028,0,,,
1843,9/18/2017 22:00,71.683,0,,,
1844,9/18/2017 23:00,71.339,0,,,
1845,9/19/2017 0:00,70.824,0,,,
1846,9/19/2017 1:00,70.824,0,,,
1847,9/19/2017 2:00,70.824,0,,,
1848,9/19/2017 3:00,70.824,0,,,
1849,9/19/2017 4:00,70.651,0,,,
1850,9/19/2017 5:00,70.651,0,,,
1851,9/19/2017 6:00,70.48,0,,,
1852,9/19/2017 7:00,70.48,0,,,
1853,9/19/2017 8:00,70.48,40,,,
1854,9/19/2017 9:00,70.651,78,,,
1855,9/19/2017 10:00,70.824,61,,,
1856,9/19/2017 11:00,70.824,48,,,
1857,9/19/2017 12:00,70.824,42,,,
1858,9/19/2017 13:00,70.824,79,,,
1859,9/19/2017 14:00,71.339,160,,,
1860,9/19/2017 15:00,71.512,65,,,
1861,9/19/2017 16:00,71.339,48,,,
1862,9/19/2017 17:00,71.683,56,,,
1863,9/19/2017 18:00,71.512,29,,,
1864,9/19/2017 19:00,71.339,6,,,
1865,9/19/2017 20:00,71.168,0,,,
1866,9/19/2017 21:00,70.995,0,,,
1867,9/19/2017 22:00,70.995,0,,,
1868,9/19/2017 23:00,70.824,0,,,
1869,9/20/2017 0:00,70.824,0,,,
1870,9/20/2017 1:00,70.651,0,,,
1871,9/20/2017 2:00,70.48,0,,,
1872,9/20/2017 3:00,70.308,0,,,
1873,9/20/2017 4:00,70.137,0,,,
1874,9/20/2017 5:00,70.137,0,,,
1875,9/20/2017 6:00,70.308,0,,,
1876,9/20/2017 7:00,70.308,0,,,
1877,9/20/2017 8:00,70.48,5,,,
1878,9/20/2017 9:00,70.48,52,,,
1879,9/20/2017 10:00,70.824,63,,,
1880,9/20/2017 11:00,71.168,114,,,
1881,9/20/2017 12:00,71.856,88,,,
1882,9/20/2017 13:00,72.891,103,,,
1883,9/20/2017 14:00,74.098,136,,,
1884,9/20/2017 15:00,73.753,184,,,
1885,9/20/2017 16:00,74.791,100,,,
1886,9/20/2017 17:00,75.484,136,,,
1887,9/20/2017 18:00,74.446,100,,,
1888,9/20/2017 19:00,74.446,27,,,
1889,9/20/2017 20:00,73.753,0,,,
1890,9/20/2017 21:00,73.234,0,,,
1891,9/20/2017 22:00,72.891,0,,,
1892,9/20/2017 23:00,72.545,0,,,
1893,9/21/2017 0:00,72.199,0,,,
1894,9/21/2017 1:00,72.028,0,,,
1895,9/21/2017 2:00,71.856,0,,,
1896,9/21/2017 3:00,71.512,0,,,
1897,9/21/2017 4:00,71.512,0,,,
1898,9/21/2017 5:00,71.339,0,,,
1899,9/21/2017 6:00,71.339,0,,,
1900,9/21/2017 7:00,71.168,0,,,
1901,9/21/2017 8:00,70.995,32,,,
1902,9/21/2017 9:00,71.339,58,,,
1903,9/21/2017 10:00,71.683,38,,,
1904,9/21/2017 11:00,72.545,82,,,
1905,9/21/2017 12:00,73.234,101,,,
1906,9/21/2017 13:00,74.964,77,,,
1907,9/21/2017 14:00,76.181,90,,,
1908,9/21/2017 15:00,76.528,79,,,
1909,9/21/2017 16:00,77.574,136,,,
1910,9/21/2017 17:00,77.749,128,,,
1911,9/21/2017 18:00,76.528,16,,,
1912,9/21/2017 19:00,76.354,0,,,
1913,9/21/2017 20:00,76.181,0,,,
1914,9/21/2017 21:00,75.832,0,,,
1915,9/21/2017 22:00,75.484,0,,,
1916,9/21/2017 23:00,75.139,0,,,
1917,9/22/2017 0:00,74.791,0,,,
1918,9/22/2017 1:00,74.446,0,,,
1919,9/22/2017 2:00,74.271,0,,,
1920,9/22/2017 3:00,73.926,0,,,
1921,9/22/2017 4:00,73.753,0,,,
1922,9/22/2017 5:00,73.58,0,,,
1923,9/22/2017 6:00,73.407,0,,,
1924,9/22/2017 7:00,73.407,0,,,
1925,9/22/2017 8:00,73.234,14,,,
1926,9/22/2017 9:00,73.407,41,,,
1927,9/22/2017 10:00,73.753,40,,,
1928,9/22/2017 11:00,74.271,71,,,
1929,9/22/2017 12:00,74.964,74,,,
1930,9/22/2017 13:00,75.832,77,,,
1931,9/22/2017 14:00,79.502,82,,,
1932,9/22/2017 15:00,80.559,216,,,
1933,9/22/2017 16:00,78.8,115,,,
1934,9/22/2017 17:00,78.449,208,,,
1935,9/22/2017 18:00,77.749,101,,,
1936,9/22/2017 19:00,77.749,15,,,
1937,9/22/2017 20:00,77.4,0,,,
1938,9/22/2017 21:00,76.876,0,,,
1939,9/22/2017 22:00,76.703,0,,,
1940,9/22/2017 23:00,76.354,0,,,
1941,9/23/2017 0:00,76.006,0,,,
1942,9/23/2017 1:00,75.659,0,,,
1943,9/23/2017 2:00,75.484,0,,,
1944,9/23/2017 3:00,75.484,0,,,
1945,9/23/2017 4:00,75.139,0,,,
1946,9/23/2017 5:00,74.964,0,,,
1947,9/23/2017 6:00,74.791,0,,,
1948,9/23/2017 7:00,74.791,0,,,
1949,9/23/2017 8:00,74.619,16,,,
1950,9/23/2017 9:00,74.619,42,,,
1951,9/23/2017 10:00,75.139,47,,,
1952,9/23/2017 11:00,75.832,72,,,
1953,9/23/2017 12:00,77.225,75,,,
1954,9/23/2017 13:00,78.449,81,,,
1955,9/23/2017 14:00,81.09,79,,,
1956,9/23/2017 15:00,82.864,232,,,
1957,9/23/2017 16:00,79.853,91,,,
1958,9/23/2017 17:00,80.911,200,,,
1959,9/23/2017 18:00,80.029,111,,,
1960,9/23/2017 19:00,79.326,13,,,
1961,9/23/2017 20:00,78.274,0,,,
1962,9/23/2017 21:00,77.923,0,,,
1963,9/23/2017 22:00,77.574,0,,,
1964,9/23/2017 23:00,77.225,0,,,
1965,9/24/2017 0:00,76.876,0,,,
1966,9/24/2017 1:00,76.528,0,,,
1967,9/24/2017 2:00,76.181,0,,,
1968,9/24/2017 3:00,76.006,0,,,
1969,9/24/2017 4:00,75.659,0,,,
1970,9/24/2017 5:00,75.659,0,,,
1971,9/24/2017 6:00,75.139,0,,,
1972,9/24/2017 7:00,75.139,0,,,
1973,9/24/2017 8:00,75.139,11,,,
1974,9/24/2017 9:00,74.964,39,,,
1975,9/24/2017 10:00,75.484,32,,,
1976,9/24/2017 11:00,76.354,66,,,
1977,9/24/2017 12:00,77.225,72,,,
1978,9/24/2017 13:00,77.923,63,,,
1979,9/24/2017 14:00,78.624,71,,,
1980,9/24/2017 15:00,79.326,272,,,
1981,9/24/2017 16:00,78.624,72,,,
1982,9/24/2017 17:00,80.559,208,,,
1983,9/24/2017 18:00,79.853,119,,,
1984,9/24/2017 19:00,78.449,13,,,
1985,9/24/2017 20:00,77.923,0,,,
1986,9/24/2017 21:00,77.574,0,,,
1987,9/24/2017 22:00,77.225,0,,,
1988,9/24/2017 23:00,76.876,0,,,
1989,9/25/2017 0:00,76.528,0,,,
1990,9/25/2017 1:00,76.354,0,,,
1991,9/25/2017 2:00,76.181,0,,,
1992,9/25/2017 3:00,76.181,0,,,
1993,9/25/2017 4:00,75.832,0,,,
1994,9/25/2017 5:00,75.832,0,,,
1995,9/25/2017 6:00,75.484,0,,,
1996,9/25/2017 7:00,75.312,0,,,
1997,9/25/2017 8:00,75.139,11,,,
1998,9/25/2017 9:00,75.312,37,,,
1999,9/25/2017 10:00,75.832,73,,,
2000,9/25/2017 11:00,76.354,76,,,
2001,9/25/2017 12:00,77.4,76,,,
2002,9/25/2017 13:00,78.8,85,,,
2003,9/25/2017 14:00,80.206,128,,,
2004,9/25/2017 15:00,81.442,272,,,
2005,9/25/2017 16:00,81.797,125,,,
2006,9/25/2017 17:00,82.33,248,,,
2007,9/25/2017 18:00,80.735,109,,,
2008,9/25/2017 19:00,80.029,17,,,
2009,9/25/2017 20:00,78.975,0,,,
2010,9/25/2017 21:00,78.449,0,,,
2011,9/25/2017 22:00,77.923,0,,,
2012,9/25/2017 23:00,77.574,0,,,
2013,9/26/2017 0:00,77.225,0,,,
2014,9/26/2017 1:00,76.703,0,,,
2015,9/26/2017 2:00,76.703,0,,,
2016,9/26/2017 3:00,76.528,0,,,
2017,9/26/2017 4:00,76.354,0,,,
2018,9/26/2017 5:00,76.181,0,,,
2019,9/26/2017 6:00,75.832,0,,,
2020,9/26/2017 7:00,75.659,0,,,
2021,9/26/2017 8:00,75.484,10,,,
2022,9/26/2017 9:00,75.832,45,,,
2023,9/26/2017 10:00,76.006,35,,,
2024,9/26/2017 11:00,76.876,63,,,
2025,9/26/2017 12:00,78.274,67,,,
2026,9/26/2017 13:00,79.853,74,,,
2027,9/26/2017 14:00,80.735,94,,,
2028,9/26/2017 15:00,82.33,384,,,
2029,9/26/2017 16:00,82.33,92,,,
2030,9/26/2017 17:00,82.864,224,,,
2031,9/26/2017 18:00,81.621,111,,,
2032,9/26/2017 19:00,80.382,10,,,
2033,9/26/2017 20:00,79.502,0,,,
2034,9/26/2017 21:00,78.975,0,,,
2035,9/26/2017 22:00,78.8,0,,,
2036,9/26/2017 23:00,78.449,0,,,
2037,9/27/2017 0:00,78.098,0,,,
2038,9/27/2017 1:00,77.749,0,,,
2039,9/27/2017 2:00,77.4,0,,,
2040,9/27/2017 3:00,77.225,0,,,
2041,9/27/2017 4:00,77.05,0,,,
2042,9/27/2017 5:00,76.876,0,,,
2043,9/27/2017 6:00,76.528,0,,,
2044,9/27/2017 7:00,76.528,0,,,
2045,9/27/2017 8:00,76.006,6,,,
2046,9/27/2017 9:00,75.659,18,,,
2047,9/27/2017 10:00,75.659,28,,,
2048,9/27/2017 11:00,75.659,52,,,
2049,9/27/2017 12:00,76.006,85,,,
2050,9/27/2017 13:00,76.528,76,,,
2051,9/27/2017 14:00,76.876,117,,,
2052,9/27/2017 15:00,77.05,136,,,
2053,9/27/2017 16:00,77.4,136,,,
2054,9/27/2017 17:00,76.876,51,,,
2055,9/27/2017 18:00,76.703,115,,,
2056,9/27/2017 19:00,75.312,6,,,
2057,9/27/2017 20:00,75.312,0,,,
2058,9/27/2017 21:00,74.271,0,,,
2059,9/27/2017 22:00,73.753,0,,,
2060,9/27/2017 23:00,73.58,0,,,
2061,9/28/2017 0:00,73.58,0,,,
2062,9/28/2017 1:00,73.234,0,,,
2063,9/28/2017 2:00,73.062,0,,,
2064,9/28/2017 3:00,73.062,0,,,
2065,9/28/2017 4:00,73.062,0,,,
2066,9/28/2017 5:00,72.891,0,,,
2067,9/28/2017 6:00,72.545,0,,,
2068,9/28/2017 7:00,72.028,0,,,
2069,9/28/2017 8:00,71.683,15,,,
2070,9/28/2017 9:00,71.856,67,,,
2071,9/28/2017 10:00,71.856,79,,,
2072,9/28/2017 11:00,72.028,75,,,
2073,9/28/2017 12:00,72.199,72,,,
2074,9/28/2017 13:00,72.199,72,,,
2075,9/28/2017 14:00,72.199,79,,,
2076,9/28/2017 15:00,73.58,448,,,
2077,9/28/2017 16:00,73.062,78,,,
2078,9/28/2017 17:00,74.098,152,,,
2079,9/28/2017 18:00,73.58,69,,,
2080,9/28/2017 19:00,72.545,8,,,
2081,9/28/2017 20:00,71.683,0,,,
2082,9/28/2017 21:00,71.512,0,,,
2083,9/28/2017 22:00,71.512,0,,,
2084,9/28/2017 23:00,71.339,0,,,
2085,9/29/2017 0:00,70.995,0,,,
2086,9/29/2017 1:00,70.824,0,,,
2087,9/29/2017 2:00,70.995,0,,,
2088,9/29/2017 3:00,70.824,0,,,
2089,9/29/2017 4:00,70.651,0,,,
2090,9/29/2017 5:00,70.651,0,,,
2091,9/29/2017 6:00,70.48,0,,,
2092,9/29/2017 7:00,70.308,0,,,
2093,9/29/2017 8:00,70.308,8,,,
2094,9/29/2017 9:00,70.137,46,,,
2095,9/29/2017 10:00,69.793,18,,,
2096,9/29/2017 11:00,69.793,61,,,
2097,9/29/2017 12:00,70.308,99,,,
2098,9/29/2017 13:00,70.651,111,,,
2099,9/29/2017 14:00,70.651,60,,,
2100,9/29/2017 15:00,70.824,79,,,
2101,9/29/2017 16:00,71.339,127,,,
2102,9/29/2017 17:00,71.856,224,,,
2103,9/29/2017 18:00,70.995,83,,,
2104,9/29/2017 19:00,69.793,25,,,
2105,9/29/2017 20:00,69.622,0,,,
2106,9/29/2017 21:00,68.934,0,,,
2107,9/29/2017 22:00,68.934,0,,,
2108,9/29/2017 23:00,68.763,0,,,
2109,9/30/2017 0:00,68.934,0,,,
2110,9/30/2017 1:00,68.763,0,,,
2111,9/30/2017 2:00,68.421,0,,,
2112,9/30/2017 3:00,68.248,0,,,
2113,9/30/2017 4:00,68.248,0,,,
2114,9/30/2017 5:00,68.248,0,,,
2115,9/30/2017 6:00,67.906,0,,,
2116,9/30/2017 7:00,67.906,0,,,
2117,9/30/2017 8:00,67.735,6,,,
2118,9/30/2017 9:00,67.906,15,,,
2119,9/30/2017 10:00,68.248,15,,,
2120,9/30/2017 11:00,68.763,45,,,
2121,9/30/2017 12:00,69.278,47,,,
2122,9/30/2017 13:00,69.964,52,,,
2123,9/30/2017 14:00,70.824,66,,,
2124,9/30/2017 15:00,72.028,352,,,
2125,9/30/2017 16:00,71.856,50,,,
2126,9/30/2017 17:00,72.545,248,,,
2127,9/30/2017 18:00,71.683,89,,,
2128,9/30/2017 19:00,70.48,6,,,
2129,9/30/2017 20:00,69.793,0,,,
2130,9/30/2017 21:00,69.278,0,,,
2131,9/30/2017 22:00,68.763,0,,,
2132,9/30/2017 23:00,68.248,0,,,
2133,10/1/2017 0:00,67.906,0,,,
2134,10/1/2017 1:00,67.906,0,,,
2135,10/1/2017 2:00,67.906,0,,,
2136,10/1/2017 3:00,67.906,0,,,
2137,10/1/2017 4:00,67.735,0,,,
2138,10/1/2017 5:00,67.221,0,,,
2139,10/1/2017 6:00,67.221,0,,,
2140,10/1/2017 7:00,67.392,0,,,
2141,10/1/2017 8:00,67.221,8,,,
2142,10/1/2017 9:00,67.392,10,,,
2143,10/1/2017 10:00,67.735,13,,,
2144,10/1/2017 11:00,68.248,37,,,
2145,10/1/2017 12:00,68.592,52,,,
2146,10/1/2017 13:00,69.622,62,,,
2147,10/1/2017 14:00,69.964,76,,,
2148,10/1/2017 15:00,71.168,352,,,
2149,10/1/2017 16:00,70.308,107,,,
2150,10/1/2017 17:00,70.824,224,,,
2151,10/1/2017 18:00,69.964,61,,,
2152,10/1/2017 19:00,69.449,9,,,
2153,10/1/2017 20:00,68.763,0,,,
2154,10/1/2017 21:00,68.248,0,,,
2155,10/1/2017 22:00,67.906,0,,,
2156,10/1/2017 23:00,67.564,0,,,
2157,10/2/2017 0:00,67.221,0,,,
2158,10/2/2017 1:00,67.221,0,,,
2159,10/2/2017 2:00,67.221,0,,,
2160,10/2/2017 3:00,66.879,0,,,
2161,10/2/2017 4:00,67.05,0,,,
2162,10/2/2017 5:00,66.879,0,,,
2163,10/2/2017 6:00,66.879,0,,,
2164,10/2/2017 7:00,66.708,0,,,
2165,10/2/2017 8:00,66.708,16,,,
2166,10/2/2017 9:00,66.879,24,,,
2167,10/2/2017 10:00,67.221,25,,,
2168,10/2/2017 11:00,67.906,62,,,
2169,10/2/2017 12:00,68.421,68,,,
2170,10/2/2017 13:00,69.278,85,,,
2171,10/2/2017 14:00,70.48,84,,,
2172,10/2/2017 15:00,70.995,288,,,
2173,10/2/2017 16:00,70.48,110,,,
2174,10/2/2017 17:00,70.48,176,,,
2175,10/2/2017 18:00,70.308,82,,,
2176,10/2/2017 19:00,69.449,4,,,
2177,10/2/2017 20:00,68.934,0,,,
2178,10/2/2017 21:00,68.592,0,,,
2179,10/2/2017 22:00,68.077,0,,,
2180,10/2/2017 23:00,67.564,0,,,
2181,10/3/2017 0:00,67.564,0,,,
2182,10/3/2017 1:00,67.564,0,,,
2183,10/3/2017 2:00,67.221,0,,,
2184,10/3/2017 3:00,66.879,0,,,
2185,10/3/2017 4:00,67.05,0,,,
2186,10/3/2017 5:00,67.05,0,,,
2187,10/3/2017 6:00,66.879,0,,,
2188,10/3/2017 7:00,66.708,0,,,
2189,10/3/2017 8:00,66.537,7,,,
2190,10/3/2017 9:00,66.879,28,,,
2191,10/3/2017 10:00,67.221,33,,,
2192,10/3/2017 11:00,67.735,60,,,
2193,10/3/2017 12:00,68.248,69,,,
2194,10/3/2017 13:00,69.449,72,,,
2195,10/3/2017 14:00,70.651,75,,,
2196,10/3/2017 15:00,72.718,448,,,
2197,10/3/2017 16:00,71.168,76,,,
2198,10/3/2017 17:00,71.856,240,,,
2199,10/3/2017 18:00,70.48,44,,,
2200,10/3/2017 19:00,69.964,3,,,
2201,10/3/2017 20:00,69.278,0,,,
2202,10/3/2017 21:00,69.278,0,,,
2203,10/3/2017 22:00,69.278,0,,,
2204,10/3/2017 23:00,69.278,0,,,
2205,10/4/2017 0:00,68.934,0,,,
2206,10/4/2017 1:00,68.763,0,,,
2207,10/4/2017 2:00,68.592,0,,,
2208,10/4/2017 3:00,68.592,0,,,
2209,10/4/2017 4:00,68.592,0,,,
2210,10/4/2017 5:00,68.421,0,,,
2211,10/4/2017 6:00,68.421,0,,,
2212,10/4/2017 7:00,68.421,0,,,
2213,10/4/2017 8:00,68.421,3,,,
2214,10/4/2017 9:00,68.248,26,,,
2215,10/4/2017 10:00,68.592,41,,,
2216,10/4/2017 11:00,68.763,37,,,
2217,10/4/2017 12:00,69.107,64,,,
2218,10/4/2017 12:45,,,,,Logged
