#,"Date Time, GMT-04:00",Temp,Intensity,"GDD, DDc (LGR S/N: 20055149)"
1,7/4/2017 20:00,27.567,0,
2,7/4/2017 21:00,27.075,0,
3,7/4/2017 22:00,26.488,0,
4,7/4/2017 23:00,25.805,0,
5,7/5/2017 0:00,25.222,0,
6,7/5/2017 1:00,24.738,0,
7,7/5/2017 2:00,24.158,0,
8,7/5/2017 3:00,23.581,0,
9,7/5/2017 4:00,22.908,0,
10,7/5/2017 5:00,22.333,0,
11,7/5/2017 6:00,21.76,0,
12,7/5/2017 7:00,20.805,0,
13,7/5/2017 8:00,21.187,0,
14,7/5/2017 9:00,22.717,0,
15,7/5/2017 10:00,23.292,0,
16,7/5/2017 11:00,23.292,0,
17,7/5/2017 12:00,24.255,0,10.404
18,7/5/2017 13:00,26.39,0,
19,7/5/2017 14:00,32.086,0,
20,7/5/2017 15:00,34.585,0,
21,7/5/2017 16:00,35.971,0,
22,7/5/2017 17:00,34.796,0,
23,7/5/2017 18:00,34.163,0,
24,7/5/2017 19:00,33.222,0,
25,7/5/2017 20:00,30.457,0,
26,7/5/2017 21:00,27.862,0,
27,7/5/2017 22:00,25.222,0,
28,7/5/2017 23:00,23.677,0,
29,7/6/2017 0:00,22.142,0,
30,7/6/2017 1:00,21.091,0,
31,7/6/2017 2:00,19.662,0,
32,7/6/2017 3:00,18.616,0,
33,7/6/2017 4:00,17.95,0,
34,7/6/2017 5:00,17.57,0,
35,7/6/2017 6:00,16.999,0,
36,7/6/2017 7:00,16.713,0,
37,7/6/2017 8:00,18.996,0,
38,7/6/2017 9:00,23.004,10.8,
39,7/6/2017 10:00,23.581,602.8,
40,7/6/2017 11:00,23.869,538.2,
41,7/6/2017 12:00,24.351,613.5,13.477
42,7/6/2017 13:00,24.931,1636.1,
43,7/6/2017 14:00,25.513,1097.9,
44,7/6/2017 15:00,25.416,1356.3,
45,7/6/2017 16:00,26,2927.8,
46,7/6/2017 17:00,26.195,753.5,
47,7/6/2017 18:00,26.195,118.4,
48,7/6/2017 19:00,25.61,527.4,
49,7/6/2017 20:00,25.902,1636.1,
50,7/6/2017 21:00,25.61,107.6,
51,7/6/2017 22:00,25.319,0,
52,7/6/2017 23:00,25.125,0,
53,7/7/2017 0:00,24.931,0,
54,7/7/2017 1:00,24.835,0,
55,7/7/2017 2:00,24.641,0,
56,7/7/2017 3:00,24.351,0,
57,7/7/2017 4:00,24.255,0,
58,7/7/2017 5:00,24.255,0,
59,7/7/2017 6:00,24.062,0,
60,7/7/2017 7:00,23.966,118.4,
61,7/7/2017 8:00,23.773,215.3,
62,7/7/2017 9:00,23.773,312.2,
63,7/7/2017 10:00,23.581,710.4,
64,7/7/2017 11:00,23.869,387.5,
65,7/7/2017 12:00,23.581,538.2,17.986
66,7/7/2017 13:00,24.158,1463.9,
67,7/7/2017 14:00,24.255,807.3,
68,7/7/2017 15:00,24.545,1162.5,
69,7/7/2017 16:00,25.125,1313.2,
70,7/7/2017 17:00,24.931,1722.2,
71,7/7/2017 18:00,24.835,1313.2,
72,7/7/2017 19:00,25.125,979.5,
73,7/7/2017 20:00,24.738,1550,
74,7/7/2017 21:00,24.448,107.6,
75,7/7/2017 22:00,24.255,0,
76,7/7/2017 23:00,23.966,0,
77,7/8/2017 0:00,24.062,0,
78,7/8/2017 1:00,23.966,0,
79,7/8/2017 2:00,23.869,0,
80,7/8/2017 3:00,23.773,0,
81,7/8/2017 4:00,23.677,0,
82,7/8/2017 5:00,23.581,0,
83,7/8/2017 6:00,23.484,0,
84,7/8/2017 7:00,23.484,53.8,
85,7/8/2017 8:00,23.388,96.9,
86,7/8/2017 9:00,23.388,269.1,
87,7/8/2017 10:00,23.388,635.1,
88,7/8/2017 11:00,23.677,850.4,
89,7/8/2017 12:00,23.773,678.1,22.982
90,7/8/2017 13:00,24.062,710.4,
91,7/8/2017 14:00,24.351,731.9,
92,7/8/2017 15:00,25.222,3272.2,
93,7/8/2017 16:00,25.513,6200,
94,7/8/2017 17:00,26,8266.7,
95,7/8/2017 18:00,25.902,4822.3,
96,7/8/2017 19:00,25.125,3788.9,
97,7/8/2017 20:00,24.448,419.8,
98,7/8/2017 21:00,23.966,161.5,
99,7/8/2017 22:00,23.581,0,
100,7/8/2017 23:00,23.484,0,
101,7/9/2017 0:00,23.484,0,
102,7/9/2017 1:00,23.292,0,
103,7/9/2017 2:00,23.292,0,
104,7/9/2017 3:00,22.908,0,
105,7/9/2017 4:00,22.525,0,
106,7/9/2017 5:00,22.142,0,
107,7/9/2017 6:00,21.473,10.8,
108,7/9/2017 7:00,21.855,247.6,
109,7/9/2017 8:00,21.951,635.1,
110,7/9/2017 9:00,21.473,1087.2,
111,7/9/2017 10:00,22.142,2497.2,
112,7/9/2017 11:00,22.333,1808.3,
113,7/9/2017 12:00,22.621,1808.3,26.416
114,7/9/2017 13:00,23.004,2755.6,
115,7/9/2017 14:00,22.908,3100,
116,7/9/2017 15:00,23.966,8266.7,
117,7/9/2017 16:00,24.641,9300.1,
118,7/9/2017 17:00,24.545,1463.9,
119,7/9/2017 18:00,24.448,2755.6,
120,7/9/2017 19:00,24.351,667.4,
121,7/9/2017 20:00,24.062,409,
122,7/9/2017 21:00,23.966,10.8,
123,7/9/2017 22:00,23.869,0,
124,7/9/2017 23:00,23.773,0,
125,7/10/2017 0:00,23.677,0,
126,7/10/2017 1:00,23.581,0,
127,7/10/2017 2:00,23.484,0,
128,7/10/2017 3:00,23.292,0,
129,7/10/2017 4:00,22.717,0,
130,7/10/2017 5:00,22.812,0,
131,7/10/2017 6:00,22.621,0,
132,7/10/2017 7:00,22.621,172.2,
133,7/10/2017 8:00,22.621,215.3,
134,7/10/2017 9:00,23.004,376.7,
135,7/10/2017 10:00,23.196,312.2,
136,7/10/2017 11:00,23.773,764.2,
137,7/10/2017 12:00,24.158,990.3,30.084
138,7/10/2017 13:00,24.351,742.7,
139,7/10/2017 14:00,24.351,871.9,
140,7/10/2017 15:00,24.255,871.9,
141,7/10/2017 16:00,23.773,409,
142,7/10/2017 17:00,23.966,269.1,
143,7/10/2017 18:00,23.677,183,
144,7/10/2017 19:00,23.773,570.5,
145,7/10/2017 20:00,23.677,107.6,
146,7/10/2017 21:00,23.581,53.8,
147,7/10/2017 22:00,23.581,0,
148,7/10/2017 23:00,23.484,0,
149,7/11/2017 0:00,23.388,0,
150,7/11/2017 1:00,23.388,0,
151,7/11/2017 2:00,23.292,0,
152,7/11/2017 3:00,23.388,0,
153,7/11/2017 4:00,23.292,0,
154,7/11/2017 5:00,23.196,0,
155,7/11/2017 6:00,23.1,0,
156,7/11/2017 7:00,23.004,107.6,
157,7/11/2017 8:00,23.004,183,
158,7/11/2017 9:00,23.1,279.9,
159,7/11/2017 10:00,23.581,549,
160,7/11/2017 11:00,23.966,753.5,
161,7/11/2017 12:00,24.835,861.1,35.937
162,7/11/2017 13:00,25.513,1162.5,
163,7/11/2017 14:00,25.805,1259.4,
164,7/11/2017 15:00,26.195,2325,
165,7/11/2017 16:00,27.567,1808.3,
166,7/11/2017 17:00,27.468,1205.6,
167,7/11/2017 18:00,27.173,5166.7,
168,7/11/2017 19:00,26.781,2238.9,
169,7/11/2017 20:00,26.781,1194.8,
170,7/11/2017 21:00,26.683,86.1,
171,7/11/2017 22:00,26.097,0,
172,7/11/2017 23:00,25.708,0,
173,7/12/2017 0:00,25.513,0,
174,7/12/2017 1:00,25.319,0,
175,7/12/2017 2:00,25.222,0,
176,7/12/2017 3:00,25.028,0,
177,7/12/2017 4:00,24.931,0,
178,7/12/2017 5:00,24.835,0,
179,7/12/2017 6:00,24.738,0,
180,7/12/2017 7:00,24.641,183,
181,7/12/2017 8:00,24.545,150.7,
182,7/12/2017 9:00,24.255,312.2,
183,7/12/2017 10:00,24.158,495.1,
184,7/12/2017 11:00,24.158,549,
185,7/12/2017 12:00,24.158,290.6,40.763
186,7/12/2017 13:00,24.351,1808.3,
187,7/12/2017 14:00,24.255,710.4,
188,7/12/2017 15:00,24.545,527.4,
189,7/12/2017 16:00,24.931,1463.9,
190,7/12/2017 17:00,24.641,204.5,
191,7/12/2017 18:00,25.125,1550,
192,7/12/2017 19:00,24.545,570.5,
193,7/12/2017 20:00,24.351,64.6,
194,7/12/2017 21:00,24.255,0,
195,7/12/2017 22:00,24.062,0,
196,7/12/2017 23:00,23.966,0,
197,7/13/2017 0:00,23.773,0,
198,7/13/2017 1:00,23.677,0,
199,7/13/2017 2:00,23.484,0,
200,7/13/2017 3:00,23.484,0,
201,7/13/2017 4:00,23.484,0,
202,7/13/2017 5:00,23.388,0,
203,7/13/2017 6:00,23.388,0,
204,7/13/2017 7:00,23.292,32.3,
205,7/13/2017 8:00,23.292,107.6,
206,7/13/2017 9:00,23.292,183,
207,7/13/2017 10:00,23.292,247.6,
208,7/13/2017 11:00,23.292,462.9,
209,7/13/2017 12:00,23.292,495.1,44.131
210,7/13/2017 13:00,23.292,753.5,
211,7/13/2017 14:00,23.292,549,
212,7/13/2017 15:00,23.388,624.3,
213,7/13/2017 16:00,23.388,570.5,
214,7/13/2017 17:00,23.292,398.3,
215,7/13/2017 18:00,23.292,258.3,
216,7/13/2017 19:00,23.196,193.8,
217,7/13/2017 20:00,23.1,75.3,
218,7/13/2017 21:00,23.1,10.8,
219,7/13/2017 22:00,22.908,0,
220,7/13/2017 23:00,22.812,0,
221,7/14/2017 0:00,22.812,0,
222,7/14/2017 1:00,22.717,0,
223,7/14/2017 2:00,22.621,0,
224,7/14/2017 3:00,22.333,0,
225,7/14/2017 4:00,22.238,0,
226,7/14/2017 5:00,21.951,0,
227,7/14/2017 6:00,22.142,0,
228,7/14/2017 7:00,21.951,86.1,
229,7/14/2017 8:00,21.76,172.2,
230,7/14/2017 9:00,22.142,430.6,
231,7/14/2017 10:00,22.238,344.4,
232,7/14/2017 11:00,22.238,678.1,
233,7/14/2017 12:00,22.046,1302.4,46.367
234,7/14/2017 13:00,21.951,570.5,
235,7/14/2017 14:00,21.855,656.6,
236,7/14/2017 15:00,21.76,290.6,
237,7/14/2017 16:00,21.664,161.5,
238,7/14/2017 17:00,21.76,1054.9,
239,7/14/2017 18:00,22.142,699.7,
240,7/14/2017 19:00,21.855,269.1,
241,7/14/2017 20:00,21.855,86.1,
242,7/14/2017 21:00,21.855,32.3,
243,7/14/2017 22:00,21.76,0,
244,7/14/2017 23:00,21.664,0,
245,7/15/2017 0:00,21.378,0,
246,7/15/2017 1:00,21.091,0,
247,7/15/2017 2:00,21.378,0,
248,7/15/2017 3:00,21.282,0,
249,7/15/2017 4:00,21.187,0,
250,7/15/2017 5:00,21.091,0,
251,7/15/2017 6:00,20.996,0,
252,7/15/2017 7:00,20.996,107.6,
253,7/15/2017 8:00,20.901,150.7,
254,7/15/2017 9:00,21.091,226,
255,7/15/2017 10:00,21.378,570.5,
256,7/15/2017 11:00,21.569,613.5,
257,7/15/2017 12:00,22.238,667.4,50.087
258,7/15/2017 13:00,22.812,1173.3,
259,7/15/2017 14:00,23.581,688.9,
260,7/15/2017 15:00,24.448,4477.8,
261,7/15/2017 16:00,24.931,10333.4,
262,7/15/2017 17:00,25.319,9644.5,
263,7/15/2017 18:00,25.319,5166.7,
264,7/15/2017 19:00,25.416,5511.1,
265,7/15/2017 20:00,25.028,5166.7,
266,7/15/2017 21:00,24.351,258.3,
267,7/15/2017 22:00,23.966,0,
268,7/15/2017 23:00,23.773,0,
269,7/16/2017 0:00,23.484,0,
270,7/16/2017 1:00,23.388,0,
271,7/16/2017 2:00,23.292,0,
272,7/16/2017 3:00,23.196,0,
273,7/16/2017 4:00,23.004,0,
274,7/16/2017 5:00,22.908,0,
275,7/16/2017 6:00,22.812,0,
276,7/16/2017 7:00,22.812,247.6,
277,7/16/2017 8:00,22.621,549,
278,7/16/2017 9:00,22.717,699.7,
279,7/16/2017 10:00,22.525,731.9,
280,7/16/2017 11:00,22.525,1377.8,
281,7/16/2017 12:00,22.525,968.8,52.924
282,7/16/2017 13:00,22.429,624.3,
283,7/16/2017 14:00,22.621,1636.1,
284,7/16/2017 15:00,22.908,4822.3,
285,7/16/2017 16:00,23.388,5166.7,
286,7/16/2017 17:00,23.1,2325,
287,7/16/2017 18:00,23.388,2411.1,
288,7/16/2017 19:00,23.292,4133.4,
289,7/16/2017 20:00,22.812,2066.7,
290,7/16/2017 21:00,22.429,258.3,
291,7/16/2017 22:00,22.238,0,
292,7/16/2017 23:00,22.046,0,
293,7/17/2017 0:00,21.855,0,
294,7/17/2017 1:00,21.76,0,
295,7/17/2017 2:00,21.664,0,
296,7/17/2017 3:00,21.473,0,
297,7/17/2017 4:00,21.473,0,
298,7/17/2017 5:00,21.282,0,
299,7/17/2017 6:00,21.378,0,
300,7/17/2017 7:00,21.378,129.2,
301,7/17/2017 8:00,21.282,193.8,
302,7/17/2017 9:00,21.473,312.2,
303,7/17/2017 10:00,21.76,1011.8,
304,7/17/2017 11:00,22.046,1894.5,
305,7/17/2017 12:00,22.429,2066.7,56.474
306,7/17/2017 13:00,22.525,1980.6,
307,7/17/2017 14:00,23.484,2152.8,
308,7/17/2017 15:00,24.255,2755.6,
309,7/17/2017 16:00,24.931,5166.7,
310,7/17/2017 17:00,24.931,7233.4,
311,7/17/2017 18:00,24.545,6544.5,
312,7/17/2017 19:00,24.448,2583.4,
313,7/17/2017 20:00,24.158,1550,
314,7/17/2017 21:00,23.677,150.7,
315,7/17/2017 22:00,23.484,0,
316,7/17/2017 23:00,23.292,0,
317,7/18/2017 0:00,23.196,0,
318,7/18/2017 1:00,23.004,0,
319,7/18/2017 2:00,22.908,0,
320,7/18/2017 3:00,22.525,0,
321,7/18/2017 4:00,22.525,0,
322,7/18/2017 5:00,22.429,0,
323,7/18/2017 6:00,22.333,0,
324,7/18/2017 7:00,22.333,215.3,
325,7/18/2017 8:00,22.142,344.4,
326,7/18/2017 9:00,22.238,462.9,
327,7/18/2017 10:00,22.333,947.2,
328,7/18/2017 11:00,22.525,1377.8,
329,7/18/2017 12:00,23.004,1463.9,61.577
330,7/18/2017 13:00,23.581,2066.7,
331,7/18/2017 14:00,24.158,2238.9,
332,7/18/2017 15:00,24.931,3788.9,
333,7/18/2017 16:00,26.292,10677.8,
334,7/18/2017 17:00,26.195,6200,
335,7/18/2017 18:00,26.879,5166.7,
336,7/18/2017 19:00,26.683,3961.1,
337,7/18/2017 20:00,26.097,2755.6,
338,7/18/2017 21:00,25.416,86.1,
339,7/18/2017 22:00,25.416,0,
340,7/18/2017 23:00,25.319,0,
341,7/19/2017 0:00,24.931,0,
342,7/19/2017 1:00,24.738,0,
343,7/19/2017 2:00,24.545,0,
344,7/19/2017 3:00,24.448,0,
345,7/19/2017 4:00,24.255,0,
346,7/19/2017 5:00,23.773,0,
347,7/19/2017 6:00,23.677,0,
348,7/19/2017 7:00,23.869,96.9,
349,7/19/2017 8:00,23.773,236.8,
350,7/19/2017 9:00,23.773,581.3,
351,7/19/2017 10:00,23.966,958,
352,7/19/2017 11:00,24.062,1722.2,
353,7/19/2017 12:00,24.641,1636.1,67.3
354,7/19/2017 13:00,25.125,1722.2,
355,7/19/2017 14:00,25.513,2152.8,
356,7/19/2017 15:00,26.39,3100,
357,7/19/2017 16:00,26.781,4650,
358,7/19/2017 17:00,26.683,5338.9,
359,7/19/2017 18:00,26.977,6544.5,
360,7/19/2017 19:00,26.488,4133.4,
361,7/19/2017 20:00,26.097,2066.7,
362,7/19/2017 21:00,25.708,129.2,
363,7/19/2017 22:00,25.513,0,
364,7/19/2017 23:00,25.513,0,
365,7/20/2017 0:00,25.222,0,
366,7/20/2017 1:00,24.931,0,
367,7/20/2017 2:00,24.835,0,
368,7/20/2017 3:00,24.641,0,
369,7/20/2017 4:00,24.448,0,
370,7/20/2017 5:00,24.255,0,
371,7/20/2017 6:00,24.255,0,
372,7/20/2017 7:00,24.255,258.3,
373,7/20/2017 8:00,24.255,387.5,
374,7/20/2017 9:00,23.966,828.8,
375,7/20/2017 10:00,23.773,1367,
376,7/20/2017 11:00,23.869,2238.9,
377,7/20/2017 12:00,24.062,2325,72.932
378,7/20/2017 13:00,24.448,2238.9,
379,7/20/2017 14:00,25.125,2755.6,
380,7/20/2017 15:00,25.805,3961.1,
381,7/20/2017 16:00,25.902,2238.9,
382,7/20/2017 17:00,26.585,10677.8,
383,7/20/2017 18:00,26.781,5166.7,
384,7/20/2017 19:00,26.585,4133.4,
385,7/20/2017 20:00,26.195,1894.5,
386,7/20/2017 21:00,25.805,226,
387,7/20/2017 22:00,25.513,0,
388,7/20/2017 23:00,25.319,0,
389,7/21/2017 0:00,25.319,0,
390,7/21/2017 1:00,25.222,0,
391,7/21/2017 2:00,25.125,0,
392,7/21/2017 3:00,25.028,0,
393,7/21/2017 4:00,24.931,0,
394,7/21/2017 5:00,24.931,0,
395,7/21/2017 6:00,24.835,0,
396,7/21/2017 7:00,24.738,215.3,
397,7/21/2017 8:00,24.641,473.6,
398,7/21/2017 9:00,24.835,699.7,
399,7/21/2017 10:00,24.931,1184,
400,7/21/2017 11:00,25.319,1550,
401,7/21/2017 12:00,25.805,1808.3,79.506
402,7/21/2017 13:00,26,2583.4,
403,7/21/2017 14:00,26.977,3616.7,
404,7/21/2017 15:00,27.37,5166.7,
405,7/21/2017 16:00,27.468,3788.9,
406,7/21/2017 17:00,27.764,7233.4,
407,7/21/2017 18:00,27.764,4994.5,
408,7/21/2017 19:00,26.977,1248.6,
409,7/21/2017 20:00,27.075,1463.9,
410,7/21/2017 21:00,26.683,150.7,
411,7/21/2017 22:00,26.39,0,
412,7/21/2017 23:00,26.292,0,
413,7/22/2017 0:00,26.097,0,
414,7/22/2017 1:00,26.097,0,
415,7/22/2017 2:00,25.902,0,
416,7/22/2017 3:00,25.805,0,
417,7/22/2017 4:00,25.708,0,
418,7/22/2017 5:00,25.61,0,
419,7/22/2017 6:00,25.513,0,
420,7/22/2017 7:00,25.513,86.1,
421,7/22/2017 8:00,25.513,226,
422,7/22/2017 9:00,25.513,1108.7,
423,7/22/2017 10:00,25.61,1722.2,
424,7/22/2017 11:00,25.513,850.4,
425,7/22/2017 12:00,25.61,1550,85.382
426,7/22/2017 13:00,25.805,3444.5,
427,7/22/2017 14:00,26.097,4305.6,
428,7/22/2017 15:00,26.097,3272.2,
429,7/22/2017 16:00,25.902,764.2,
430,7/22/2017 17:00,25.805,731.9,
431,7/22/2017 18:00,26.39,3100,
432,7/22/2017 19:00,26.195,2927.8,
433,7/22/2017 20:00,25.708,731.9,
434,7/22/2017 21:00,25.513,43.1,
435,7/22/2017 22:00,25.416,0,
436,7/22/2017 23:00,25.222,0,
437,7/23/2017 0:00,25.125,0,
438,7/23/2017 1:00,25.028,0,
439,7/23/2017 2:00,24.931,0,
440,7/23/2017 3:00,24.931,0,
441,7/23/2017 4:00,24.835,0,
442,7/23/2017 5:00,24.738,0,
443,7/23/2017 6:00,24.738,0,
444,7/23/2017 7:00,24.641,183,
445,7/23/2017 8:00,24.545,301.4,
446,7/23/2017 9:00,24.641,387.5,
447,7/23/2017 10:00,24.738,1808.3,
448,7/23/2017 11:00,24.835,1808.3,
449,7/23/2017 12:00,24.931,1894.5,90.488
450,7/23/2017 13:00,25.028,1808.3,
451,7/23/2017 14:00,25.222,5166.7,
452,7/23/2017 15:00,24.835,1377.8,
453,7/23/2017 16:00,25.028,1894.5,
454,7/23/2017 17:00,25.513,8611.2,
455,7/23/2017 18:00,25.319,1894.5,
456,7/23/2017 19:00,25.222,1194.8,
457,7/23/2017 20:00,25.125,3272.2,
458,7/23/2017 21:00,24.738,10.8,
459,7/23/2017 22:00,24.641,0,
460,7/23/2017 23:00,24.545,0,
461,7/24/2017 0:00,24.545,0,
462,7/24/2017 1:00,24.448,0,
463,7/24/2017 2:00,24.351,0,
464,7/24/2017 3:00,24.351,0,
465,7/24/2017 4:00,24.255,0,
466,7/24/2017 5:00,24.158,0,
467,7/24/2017 6:00,24.062,0,
468,7/24/2017 7:00,23.966,21.5,
469,7/24/2017 8:00,23.869,1044.1,
470,7/24/2017 9:00,23.773,1636.1,
471,7/24/2017 10:00,23.773,1377.8,
472,7/24/2017 11:00,23.869,2755.6,
473,7/24/2017 12:00,24.158,2238.9,95.112
474,7/24/2017 13:00,24.255,2325,
475,7/24/2017 14:00,24.351,2238.9,
476,7/24/2017 15:00,25.028,4305.6,
477,7/24/2017 16:00,25.125,3444.5,
478,7/24/2017 17:00,25.125,6200,
479,7/24/2017 18:00,25.416,7233.4,
480,7/24/2017 19:00,24.738,4305.6,
481,7/24/2017 20:00,24.545,2325,
482,7/24/2017 21:00,24.062,290.6,
483,7/24/2017 22:00,23.773,0,
484,7/24/2017 23:00,23.677,0,
485,7/25/2017 0:00,23.388,0,
486,7/25/2017 1:00,23.292,0,
487,7/25/2017 2:00,23.292,0,
488,7/25/2017 3:00,23.1,0,
489,7/25/2017 4:00,22.908,0,
490,7/25/2017 5:00,22.908,0,
491,7/25/2017 6:00,22.717,0,
492,7/25/2017 7:00,22.621,204.5,
493,7/25/2017 8:00,22.525,322.9,
494,7/25/2017 9:00,22.429,409,
495,7/25/2017 10:00,22.908,828.8,
496,7/25/2017 11:00,23.388,1313.2,
497,7/25/2017 12:00,23.966,1463.9,100.381
498,7/25/2017 13:00,24.255,1463.9,
499,7/25/2017 14:00,24.835,1636.1,
500,7/25/2017 15:00,25.902,3100,
501,7/25/2017 16:00,26.195,1550,
502,7/25/2017 17:00,26.977,3961.1,
503,7/25/2017 18:00,26.683,10677.8,
504,7/25/2017 19:00,26.683,5338.9,
505,7/25/2017 20:00,25.902,1636.1,
506,7/25/2017 21:00,25.513,96.9,
507,7/25/2017 22:00,25.222,0,
508,7/25/2017 23:00,24.931,0,
509,7/26/2017 0:00,24.738,0,
510,7/26/2017 1:00,24.448,0,
511,7/26/2017 2:00,24.351,0,
512,7/26/2017 3:00,24.158,0,
513,7/26/2017 4:00,23.966,0,
514,7/26/2017 5:00,23.677,0,
515,7/26/2017 6:00,23.773,0,
516,7/26/2017 7:00,23.484,0,
517,7/26/2017 8:00,23.196,32.3,
518,7/26/2017 9:00,23.196,322.9,
519,7/26/2017 10:00,23.292,1259.4,
520,7/26/2017 11:00,23.196,1463.9,
521,7/26/2017 12:00,23.004,1377.8,104.12
522,7/26/2017 13:00,22.908,1894.5,
523,7/26/2017 14:00,22.717,613.5,
524,7/26/2017 15:00,22.429,807.3,
525,7/26/2017 16:00,22.717,2669.5,
526,7/26/2017 17:00,22.717,2755.6,
527,7/26/2017 18:00,22.621,731.9,
528,7/26/2017 19:00,22.429,796.5,
529,7/26/2017 20:00,22.429,462.9,
530,7/26/2017 21:00,22.142,32.3,
531,7/26/2017 22:00,22.525,0,
532,7/26/2017 23:00,22.621,0,
533,7/27/2017 0:00,22.621,0,
534,7/27/2017 1:00,22.525,0,
535,7/27/2017 2:00,22.333,0,
536,7/27/2017 3:00,22.142,0,
537,7/27/2017 4:00,22.429,0,
538,7/27/2017 5:00,22.333,0,
539,7/27/2017 6:00,22.333,0,
540,7/27/2017 7:00,22.238,279.9,
541,7/27/2017 8:00,22.142,409,
542,7/27/2017 9:00,22.333,473.6,
543,7/27/2017 10:00,22.621,850.4,
544,7/27/2017 11:00,22.908,1280.9,
545,7/27/2017 12:00,23.292,1722.2,107.675
546,7/27/2017 13:00,23.677,1722.2,
547,7/27/2017 14:00,23.484,2669.5,
548,7/27/2017 15:00,23.773,2583.4,
549,7/27/2017 16:00,23.966,3616.7,
550,7/27/2017 17:00,24.158,1033.3,
551,7/27/2017 18:00,24.448,5338.9,
552,7/27/2017 19:00,24.255,2927.8,
553,7/27/2017 20:00,24.062,1722.2,
554,7/27/2017 21:00,23.773,129.2,
555,7/27/2017 22:00,23.581,0,
556,7/27/2017 23:00,23.484,0,
557,7/28/2017 0:00,23.388,0,
558,7/28/2017 1:00,23.292,0,
559,7/28/2017 2:00,23.292,0,
560,7/28/2017 3:00,23.196,0,
561,7/28/2017 4:00,23.1,0,
562,7/28/2017 5:00,23.004,0,
563,7/28/2017 6:00,22.908,0,
564,7/28/2017 7:00,22.908,172.2,
565,7/28/2017 8:00,22.812,635.1,
566,7/28/2017 9:00,22.908,1173.3,
567,7/28/2017 10:00,23.004,1463.9,
568,7/28/2017 11:00,23.196,1324,
569,7/28/2017 12:00,23.484,1980.6,111.658
570,7/28/2017 13:00,23.869,1722.2,
571,7/28/2017 14:00,24.062,3272.2,
572,7/28/2017 15:00,24.255,3272.2,
573,7/28/2017 16:00,24.545,3444.5,
574,7/28/2017 17:00,24.545,5511.1,
575,7/28/2017 18:00,24.738,4650,
576,7/28/2017 19:00,24.351,7577.8,
577,7/28/2017 20:00,23.966,2066.7,
578,7/28/2017 21:00,23.677,107.6,
579,7/28/2017 22:00,23.484,0,
580,7/28/2017 23:00,23.196,0,
581,7/29/2017 0:00,23.1,0,
582,7/29/2017 1:00,23.1,0,
583,7/29/2017 2:00,23.004,0,
584,7/29/2017 3:00,22.908,0,
585,7/29/2017 4:00,22.812,0,
586,7/29/2017 5:00,22.717,0,
587,7/29/2017 6:00,22.717,0,
588,7/29/2017 7:00,22.621,161.5,
589,7/29/2017 8:00,22.621,279.9,
590,7/29/2017 9:00,22.621,366,
591,7/29/2017 10:00,22.908,1022.6,
592,7/29/2017 11:00,23.388,1151.7,
593,7/29/2017 12:00,23.581,1463.9,116.997
594,7/29/2017 13:00,23.773,1636.1,
595,7/29/2017 14:00,24.255,2497.2,
596,7/29/2017 15:00,25.416,3100,
597,7/29/2017 16:00,26,3788.9,
598,7/29/2017 17:00,26.781,5511.1,
599,7/29/2017 18:00,26.977,5166.7,
600,7/29/2017 19:00,26.195,1022.6,
601,7/29/2017 20:00,25.708,2497.2,
602,7/29/2017 21:00,25.125,129.2,
603,7/29/2017 22:00,24.931,0,
604,7/29/2017 23:00,24.835,0,
605,7/30/2017 0:00,24.738,0,
606,7/30/2017 1:00,24.641,0,
607,7/30/2017 2:00,24.448,0,
608,7/30/2017 3:00,24.255,0,
609,7/30/2017 4:00,24.158,0,
610,7/30/2017 5:00,23.966,0,
611,7/30/2017 6:00,23.773,0,
612,7/30/2017 7:00,23.773,193.8,
613,7/30/2017 8:00,23.581,333.7,
614,7/30/2017 9:00,23.484,441.3,
615,7/30/2017 10:00,23.484,904.2,
616,7/30/2017 11:00,23.581,1280.9,
617,7/30/2017 12:00,24.062,1463.9,122.4
618,7/30/2017 13:00,24.545,3272.2,
619,7/30/2017 14:00,24.931,3100,
620,7/30/2017 15:00,25.513,4650,
621,7/30/2017 16:00,26.097,3788.9,
622,7/30/2017 17:00,26.488,7233.4,
623,7/30/2017 18:00,26.585,3272.2,
624,7/30/2017 19:00,26.488,2755.6,
625,7/30/2017 20:00,26,1463.9,
626,7/30/2017 21:00,25.708,75.3,
627,7/30/2017 22:00,25.222,0,
628,7/30/2017 23:00,25.125,0,
629,7/31/2017 0:00,24.931,0,
630,7/31/2017 1:00,24.545,0,
631,7/31/2017 2:00,24.641,0,
632,7/31/2017 3:00,24.545,0,
633,7/31/2017 4:00,24.448,0,
634,7/31/2017 5:00,23.966,0,
635,7/31/2017 6:00,23.869,0,
636,7/31/2017 7:00,23.869,247.6,
637,7/31/2017 8:00,23.773,473.6,
638,7/31/2017 9:00,23.677,678.1,
639,7/31/2017 10:00,24.448,1001,
640,7/31/2017 11:00,24.835,1334.7,
641,7/31/2017 12:00,25.222,1044.1,128.561
642,7/31/2017 13:00,25.708,2755.6,
643,7/31/2017 14:00,25.805,2238.9,
644,7/31/2017 15:00,25.902,4477.8,
645,7/31/2017 16:00,26.097,2152.8,
646,7/31/2017 17:00,27.468,5511.1,
647,7/31/2017 18:00,27.665,7233.4,
648,7/31/2017 19:00,26.585,1033.3,
649,7/31/2017 20:00,26.585,925.7,
650,7/31/2017 21:00,26,75.3,
651,7/31/2017 22:00,25.902,0,
652,7/31/2017 23:00,25.805,0,
653,8/1/2017 0:00,25.61,0,
654,8/1/2017 1:00,25.416,0,
655,8/1/2017 2:00,25.125,0,
656,8/1/2017 3:00,25.028,0,
657,8/1/2017 4:00,24.931,0,
658,8/1/2017 5:00,24.835,0,
659,8/1/2017 6:00,24.738,0,
660,8/1/2017 7:00,24.545,204.5,
661,8/1/2017 8:00,24.351,376.7,
662,8/1/2017 9:00,24.255,484.4,
663,8/1/2017 10:00,24.641,839.6,
664,8/1/2017 11:00,24.641,1259.4,
665,8/1/2017 12:00,25.222,1463.9,135.246
666,8/1/2017 13:00,25.805,1894.5,
667,8/1/2017 14:00,26.683,1980.6,
668,8/1/2017 15:00,27.075,2927.8,
669,8/1/2017 16:00,27.468,4822.3,
670,8/1/2017 17:00,27.961,4822.3,
671,8/1/2017 18:00,27.961,2927.8,
672,8/1/2017 19:00,28.159,4650,
673,8/1/2017 20:00,27.665,1463.9,
674,8/1/2017 21:00,26.977,43.1,
675,8/1/2017 22:00,26.488,0,
676,8/1/2017 23:00,26.097,0,
677,8/2/2017 0:00,25.708,0,
678,8/2/2017 1:00,25.708,0,
679,8/2/2017 2:00,25.513,0,
680,8/2/2017 3:00,25.319,0,
681,8/2/2017 4:00,24.931,0,
682,8/2/2017 5:00,24.931,0,
683,8/2/2017 6:00,24.835,0,
684,8/2/2017 7:00,24.738,129.2,
685,8/2/2017 8:00,24.835,592,
686,8/2/2017 9:00,24.931,1356.3,
687,8/2/2017 10:00,24.835,1205.6,
688,8/2/2017 11:00,24.738,1377.8,
689,8/2/2017 12:00,24.931,3961.1,140.794
690,8/2/2017 13:00,25.028,1463.9,
691,8/2/2017 14:00,25.125,2497.2,
692,8/2/2017 15:00,25.805,4477.8,
693,8/2/2017 16:00,26,4305.6,
694,8/2/2017 17:00,26.097,7577.8,
695,8/2/2017 18:00,26.097,7577.8,
696,8/2/2017 19:00,26.097,4477.8,
697,8/2/2017 20:00,25.708,1808.3,
698,8/2/2017 21:00,25.416,43.1,
699,8/2/2017 22:00,25.319,0,
700,8/2/2017 23:00,25.125,0,
701,8/3/2017 0:00,24.931,0,
702,8/3/2017 1:00,24.835,0,
703,8/3/2017 2:00,24.738,0,
704,8/3/2017 3:00,24.641,0,
705,8/3/2017 4:00,24.641,0,
706,8/3/2017 5:00,24.545,0,
707,8/3/2017 6:00,24.448,0,
708,8/3/2017 7:00,24.448,75.3,
709,8/3/2017 8:00,24.448,366,
710,8/3/2017 9:00,24.448,150.7,
711,8/3/2017 10:00,24.448,387.5,
712,8/3/2017 11:00,24.448,484.4,
713,8/3/2017 12:00,24.545,1087.2,145.593
714,8/3/2017 13:00,24.738,1033.3,
715,8/3/2017 14:00,24.835,1980.6,
716,8/3/2017 15:00,25.416,1980.6,
717,8/3/2017 16:00,24.931,753.5,
718,8/3/2017 17:00,24.931,775,
719,8/3/2017 18:00,24.738,516.7,
720,8/3/2017 19:00,24.545,150.7,
721,8/3/2017 20:00,24.351,21.5,
722,8/3/2017 21:00,24.255,0,
723,8/3/2017 22:00,24.062,0,
724,8/3/2017 23:00,23.966,0,
725,8/4/2017 0:00,23.869,0,
726,8/4/2017 1:00,23.773,0,
727,8/4/2017 2:00,23.773,0,
728,8/4/2017 3:00,23.773,0,
729,8/4/2017 4:00,23.581,0,
730,8/4/2017 5:00,23.581,0,
731,8/4/2017 6:00,23.581,0,
732,8/4/2017 7:00,23.581,64.6,
733,8/4/2017 8:00,23.484,204.5,
734,8/4/2017 9:00,23.292,398.3,
735,8/4/2017 10:00,23.196,667.4,
736,8/4/2017 11:00,22.908,2411.1,
737,8/4/2017 12:00,23.004,764.2,148.189
738,8/4/2017 13:00,23.484,1894.5,
739,8/4/2017 14:00,23.004,2066.7,
740,8/4/2017 15:00,23.196,1054.9,
741,8/4/2017 16:00,23.196,1722.2,
742,8/4/2017 17:00,22.717,2066.7,
743,8/4/2017 18:00,22.525,484.4,
744,8/4/2017 19:00,22.142,1151.7,
745,8/4/2017 20:00,21.473,86.1,
746,8/4/2017 21:00,21.569,0,
747,8/4/2017 22:00,21.187,0,
748,8/4/2017 23:00,21.091,0,
749,8/5/2017 0:00,20.519,0,
750,8/5/2017 1:00,20.329,0,
751,8/5/2017 2:00,20.424,0,
752,8/5/2017 3:00,19.853,0,
753,8/5/2017 4:00,19.758,0,
754,8/5/2017 5:00,19.662,0,
755,8/5/2017 6:00,19.472,0,
756,8/5/2017 7:00,19.377,215.3,
757,8/5/2017 8:00,20.329,226,
758,8/5/2017 9:00,19.948,592,
759,8/5/2017 10:00,20.71,688.9,
760,8/5/2017 11:00,20.329,1280.9,
761,8/5/2017 12:00,20.615,1980.6,149.384
762,8/5/2017 13:00,21.091,1636.1,
763,8/5/2017 14:00,20.996,2152.8,
764,8/5/2017 15:00,21.473,2411.1,
765,8/5/2017 16:00,21.951,4133.4,
766,8/5/2017 17:00,22.238,46844.8,
767,8/5/2017 18:00,22.142,4133.4,
768,8/5/2017 19:00,22.142,3272.2,
769,8/5/2017 20:00,21.855,968.8,
770,8/5/2017 21:00,21.855,10.8,
771,8/5/2017 22:00,21.76,0,
772,8/5/2017 23:00,21.664,0,
773,8/6/2017 0:00,21.569,0,
774,8/6/2017 1:00,21.378,0,
775,8/6/2017 2:00,21.282,0,
776,8/6/2017 3:00,21.091,0,
777,8/6/2017 4:00,20.805,0,
778,8/6/2017 5:00,20.71,0,
779,8/6/2017 6:00,20.615,0,
780,8/6/2017 7:00,20.71,96.9,
781,8/6/2017 8:00,20.519,269.1,
782,8/6/2017 9:00,20.615,409,
783,8/6/2017 10:00,20.901,688.9,
784,8/6/2017 11:00,21.282,1259.4,
785,8/6/2017 12:00,21.951,1980.6,151.797
786,8/6/2017 13:00,22.238,1808.3,
787,8/6/2017 14:00,22.621,3444.5,
788,8/6/2017 15:00,23.1,4650,
789,8/6/2017 16:00,23.484,2325,
790,8/6/2017 17:00,23.388,2152.8,
791,8/6/2017 18:00,23.581,4305.6,
792,8/6/2017 19:00,23.292,1980.6,
793,8/6/2017 20:00,22.908,441.3,
794,8/6/2017 21:00,22.525,0,
795,8/6/2017 22:00,22.333,0,
796,8/6/2017 23:00,22.142,0,
797,8/7/2017 0:00,22.142,0,
798,8/7/2017 1:00,22.046,0,
799,8/7/2017 2:00,21.951,0,
800,8/7/2017 3:00,21.855,0,
801,8/7/2017 4:00,21.76,0,
802,8/7/2017 5:00,21.664,0,
803,8/7/2017 6:00,21.664,0,
804,8/7/2017 7:00,21.569,96.9,
805,8/7/2017 8:00,21.473,376.7,
806,8/7/2017 9:00,21.473,366,
807,8/7/2017 10:00,21.569,581.3,
808,8/7/2017 11:00,21.569,828.8,
809,8/7/2017 12:00,22.142,968.8,154.802
810,8/7/2017 13:00,22.621,1367,
811,8/7/2017 14:00,22.908,1894.5,
812,8/7/2017 15:00,23.196,2669.5,
813,8/7/2017 16:00,23.966,4305.6,
814,8/7/2017 17:00,23.966,1022.6,
815,8/7/2017 18:00,23.966,5166.7,
816,8/7/2017 19:00,23.773,1980.6,
817,8/7/2017 20:00,23.292,861.1,
818,8/7/2017 21:00,23.004,0,
819,8/7/2017 22:00,22.717,0,
820,8/7/2017 23:00,22.429,0,
821,8/8/2017 0:00,22.429,0,
822,8/8/2017 1:00,22.333,0,
823,8/8/2017 2:00,21.951,0,
824,8/8/2017 3:00,21.855,0,
825,8/8/2017 4:00,21.76,0,
826,8/8/2017 5:00,21.569,0,
827,8/8/2017 6:00,21.282,0,
828,8/8/2017 7:00,21.187,96.9,
829,8/8/2017 8:00,21.187,312.2,
830,8/8/2017 9:00,20.996,549,
831,8/8/2017 10:00,21.378,861.1,
832,8/8/2017 11:00,21.569,1894.5,
833,8/8/2017 12:00,21.855,549,158.002
834,8/8/2017 13:00,22.238,1087.2,
835,8/8/2017 14:00,23.004,2152.8,
836,8/8/2017 15:00,23.581,1313.2,
837,8/8/2017 16:00,24.351,4477.8,
838,8/8/2017 17:00,24.545,4133.4,
839,8/8/2017 18:00,24.545,3100,
840,8/8/2017 19:00,24.351,5511.1,
841,8/8/2017 20:00,23.869,1227.1,
842,8/8/2017 21:00,23.484,0,
843,8/8/2017 22:00,23.196,0,
844,8/8/2017 23:00,22.908,0,
845,8/9/2017 0:00,22.621,0,
846,8/9/2017 1:00,22.717,0,
847,8/9/2017 2:00,22.621,0,
848,8/9/2017 3:00,22.525,0,
849,8/9/2017 4:00,22.429,0,
850,8/9/2017 5:00,22.333,0,
851,8/9/2017 6:00,22.238,0,
852,8/9/2017 7:00,22.238,64.6,
853,8/9/2017 8:00,22.142,215.3,
854,8/9/2017 9:00,22.142,279.9,
855,8/9/2017 10:00,22.429,592,
856,8/9/2017 11:00,22.717,839.6,
857,8/9/2017 12:00,23.1,1377.8,162.112
858,8/9/2017 13:00,23.581,1130.2,
859,8/9/2017 14:00,23.869,1313.2,
860,8/9/2017 15:00,24.255,3961.1,
861,8/9/2017 16:00,24.931,4650,
862,8/9/2017 17:00,25.222,3272.2,
863,8/9/2017 18:00,25.319,5511.1,
864,8/9/2017 19:00,24.931,2497.2,
865,8/9/2017 20:00,24.545,516.7,
866,8/9/2017 21:00,23.869,0,
867,8/9/2017 22:00,23.773,0,
868,8/9/2017 23:00,23.677,0,
869,8/10/2017 0:00,23.484,0,
870,8/10/2017 1:00,23.292,0,
871,8/10/2017 2:00,23.196,0,
872,8/10/2017 3:00,23.1,0,
873,8/10/2017 4:00,22.908,0,
874,8/10/2017 5:00,22.908,0,
875,8/10/2017 6:00,22.812,0,
876,8/10/2017 7:00,22.717,64.6,
877,8/10/2017 8:00,22.717,290.6,
878,8/10/2017 9:00,22.717,409,
879,8/10/2017 10:00,22.812,721.2,
880,8/10/2017 11:00,23.004,678.1,
881,8/10/2017 12:00,23.388,1463.9,165.333
882,8/10/2017 13:00,23.677,1894.5,
883,8/10/2017 14:00,23.773,2152.8,
884,8/10/2017 15:00,23.677,721.2,
885,8/10/2017 16:00,23.677,1377.8,
886,8/10/2017 17:00,23.869,3100,
887,8/10/2017 18:00,23.773,1367,
888,8/10/2017 19:00,23.677,1377.8,
889,8/10/2017 20:00,23.196,96.9,
890,8/10/2017 21:00,23.004,0,
891,8/10/2017 22:00,22.908,0,
892,8/10/2017 23:00,22.717,0,
893,8/11/2017 0:00,22.238,0,
894,8/11/2017 1:00,22.238,0,
895,8/11/2017 2:00,22.238,0,
896,8/11/2017 3:00,22.238,0,
897,8/11/2017 4:00,22.238,0,
898,8/11/2017 5:00,22.142,0,
899,8/11/2017 6:00,22.046,0,
900,8/11/2017 7:00,22.142,21.5,
901,8/11/2017 8:00,22.142,279.9,
902,8/11/2017 9:00,22.142,559.7,
903,8/11/2017 10:00,22.238,710.4,
904,8/11/2017 11:00,22.525,1259.4,
905,8/11/2017 12:00,22.812,1334.7,169.099
906,8/11/2017 13:00,23.1,1636.1,
907,8/11/2017 14:00,23.773,1237.9,
908,8/11/2017 15:00,24.255,699.7,
909,8/11/2017 16:00,24.351,2927.8,
910,8/11/2017 17:00,24.835,4994.5,
911,8/11/2017 18:00,24.835,4133.4,
912,8/11/2017 19:00,23.966,645.8,
913,8/11/2017 20:00,23.773,107.6,
914,8/11/2017 21:00,23.581,0,
915,8/11/2017 22:00,23.388,0,
916,8/11/2017 23:00,23.196,0,
917,8/12/2017 0:00,23.1,0,
918,8/12/2017 1:00,23.004,0,
919,8/12/2017 2:00,22.812,0,
920,8/12/2017 3:00,22.812,0,
921,8/12/2017 4:00,22.717,0,
922,8/12/2017 5:00,22.621,0,
923,8/12/2017 6:00,22.621,0,
924,8/12/2017 7:00,22.525,10.8,
925,8/12/2017 8:00,22.429,150.7,
926,8/12/2017 9:00,22.429,150.7,
927,8/12/2017 10:00,22.429,645.8,
928,8/12/2017 11:00,22.429,979.5,
929,8/12/2017 12:00,22.429,538.2,172.513
930,8/12/2017 13:00,22.525,602.8,
931,8/12/2017 14:00,22.812,1463.9,
932,8/12/2017 15:00,23.004,3616.7,
933,8/12/2017 16:00,23.484,4477.8,
934,8/12/2017 17:00,24.062,4133.4,
935,8/12/2017 18:00,24.062,6200,
936,8/12/2017 19:00,23.869,2238.9,
937,8/12/2017 20:00,23.581,1550,
938,8/12/2017 21:00,23.196,0,
939,8/12/2017 22:00,22.908,0,
940,8/12/2017 23:00,22.717,0,
941,8/13/2017 0:00,22.621,0,
942,8/13/2017 1:00,22.525,0,
943,8/13/2017 2:00,22.429,0,
944,8/13/2017 3:00,22.238,0,
945,8/13/2017 4:00,22.046,0,
946,8/13/2017 5:00,21.951,0,
947,8/13/2017 6:00,21.76,0,
948,8/13/2017 7:00,21.664,53.8,
949,8/13/2017 8:00,21.473,193.8,
950,8/13/2017 9:00,21.664,247.6,
951,8/13/2017 10:00,22.046,559.7,
952,8/13/2017 11:00,22.333,828.8,
953,8/13/2017 12:00,22.717,1097.9,175.947
954,8/13/2017 13:00,23.196,1636.1,
955,8/13/2017 14:00,23.773,2152.8,
956,8/13/2017 15:00,24.351,968.8,
957,8/13/2017 16:00,24.448,4822.3,
958,8/13/2017 17:00,24.641,1808.3,
959,8/13/2017 18:00,24.545,5166.7,
960,8/13/2017 19:00,24.351,2755.6,
961,8/13/2017 20:00,23.966,355.2,
962,8/13/2017 21:00,23.677,0,
963,8/13/2017 22:00,23.484,0,
964,8/13/2017 23:00,23.292,0,
965,8/14/2017 0:00,23.1,0,
966,8/14/2017 1:00,23.1,0,
967,8/14/2017 2:00,22.908,0,
968,8/14/2017 3:00,22.812,0,
969,8/14/2017 4:00,22.717,0,
970,8/14/2017 5:00,22.621,0,
971,8/14/2017 6:00,22.621,0,
972,8/14/2017 7:00,22.525,10.8,
973,8/14/2017 8:00,22.525,290.6,
974,8/14/2017 9:00,22.525,462.9,
975,8/14/2017 10:00,22.525,710.4,
976,8/14/2017 11:00,22.621,592,
977,8/14/2017 12:00,22.812,1345.5,179.028
978,8/14/2017 13:00,23.196,958,
979,8/14/2017 14:00,23.484,1463.9,
980,8/14/2017 15:00,23.388,721.2,
981,8/14/2017 16:00,23.388,516.7,
982,8/14/2017 17:00,23.1,495.1,
983,8/14/2017 18:00,23.1,1076.4,
984,8/14/2017 19:00,23.196,731.9,
985,8/14/2017 20:00,23.004,139.9,
986,8/14/2017 21:00,22.908,0,
987,8/14/2017 22:00,22.812,0,
988,8/14/2017 23:00,22.717,0,
989,8/15/2017 0:00,22.717,0,
990,8/15/2017 1:00,22.525,0,
991,8/15/2017 2:00,22.525,0,
992,8/15/2017 3:00,22.429,0,
993,8/15/2017 4:00,22.429,0,
994,8/15/2017 5:00,22.333,0,
995,8/15/2017 6:00,22.238,0,
996,8/15/2017 7:00,22.238,0,
997,8/15/2017 8:00,22.238,247.6,
998,8/15/2017 9:00,22.142,290.6,
999,8/15/2017 10:00,22.333,570.5,
1000,8/15/2017 11:00,22.525,1237.9,
1001,8/15/2017 12:00,22.621,1550,182.337
1002,8/15/2017 13:00,22.717,785.8,
1003,8/15/2017 14:00,22.908,1377.8,
1004,8/15/2017 15:00,23.388,1894.5,
1005,8/15/2017 16:00,23.484,1550,
1006,8/15/2017 17:00,24.062,8611.2,
1007,8/15/2017 18:00,23.869,678.1,
1008,8/15/2017 19:00,23.581,484.4,
1009,8/15/2017 20:00,23.292,247.6,
1010,8/15/2017 21:00,23.196,0,
1011,8/15/2017 22:00,23.004,0,
1012,8/15/2017 23:00,22.908,0,
1013,8/16/2017 0:00,22.717,0,
1014,8/16/2017 1:00,22.621,0,
1015,8/16/2017 2:00,22.525,0,
1016,8/16/2017 3:00,22.429,0,
1017,8/16/2017 4:00,22.333,0,
1018,8/16/2017 5:00,22.333,0,
1019,8/16/2017 6:00,22.142,0,
1020,8/16/2017 7:00,22.046,53.8,
1021,8/16/2017 8:00,22.142,333.7,
1022,8/16/2017 9:00,22.142,312.2,
1023,8/16/2017 10:00,22.238,731.9,
1024,8/16/2017 11:00,22.429,775,
1025,8/16/2017 12:00,22.525,968.8,185.182
1026,8/16/2017 13:00,22.908,1894.5,
1027,8/16/2017 14:00,23.1,2152.8,
1028,8/16/2017 15:00,23.388,1808.3,
1029,8/16/2017 16:00,23.388,2497.2,
1030,8/16/2017 17:00,23.004,914.9,
1031,8/16/2017 18:00,23.196,8611.2,
1032,8/16/2017 19:00,23.1,1980.6,
1033,8/16/2017 20:00,22.812,139.9,
1034,8/16/2017 21:00,22.717,0,
1035,8/16/2017 22:00,22.525,0,
1036,8/16/2017 23:00,22.429,0,
1037,8/17/2017 0:00,22.238,0,
1038,8/17/2017 1:00,22.046,0,
1039,8/17/2017 2:00,22.046,0,
1040,8/17/2017 3:00,22.046,0,
1041,8/17/2017 4:00,21.951,0,
1042,8/17/2017 5:00,21.855,0,
1043,8/17/2017 6:00,21.855,0,
1044,8/17/2017 7:00,21.855,0,
1045,8/17/2017 8:00,21.76,53.8,
1046,8/17/2017 9:00,21.855,258.3,
1047,8/17/2017 10:00,21.855,333.7,
1048,8/17/2017 11:00,21.855,333.7,
1049,8/17/2017 12:00,22.046,678.1,187.497
1050,8/17/2017 13:00,22.046,505.9,
1051,8/17/2017 14:00,22.238,904.2,
1052,8/17/2017 15:00,22.429,2066.7,
1053,8/17/2017 16:00,22.429,452.1,
1054,8/17/2017 17:00,22.525,979.5,
1055,8/17/2017 18:00,22.717,2497.2,
1056,8/17/2017 19:00,22.525,226,
1057,8/17/2017 20:00,22.621,366,
1058,8/17/2017 21:00,22.525,0,
1059,8/17/2017 22:00,22.429,0,
1060,8/17/2017 23:00,22.333,0,
1061,8/18/2017 0:00,22.238,0,
1062,8/18/2017 1:00,22.046,0,
1063,8/18/2017 2:00,21.951,0,
1064,8/18/2017 3:00,21.855,0,
1065,8/18/2017 4:00,21.569,0,
1066,8/18/2017 5:00,21.378,0,
1067,8/18/2017 6:00,21.187,0,
1068,8/18/2017 7:00,21.282,10.8,
1069,8/18/2017 8:00,20.901,64.6,
1070,8/18/2017 9:00,20.424,419.8,
1071,8/18/2017 10:00,20.424,925.7,
1072,8/18/2017 11:00,20.329,1270.1,
1073,8/18/2017 12:00,20.424,1011.8,188.951
1074,8/18/2017 13:00,20.901,1324,
1075,8/18/2017 14:00,20.901,1356.3,
1076,8/18/2017 15:00,21.187,2152.8,
1077,8/18/2017 16:00,21.091,850.4,
1078,8/18/2017 17:00,21.282,430.6,
1079,8/18/2017 18:00,21.091,269.1,
1080,8/18/2017 19:00,20.996,312.2,
1081,8/18/2017 20:00,20.805,43.1,
1082,8/18/2017 21:00,20.615,0,
1083,8/18/2017 22:00,20.519,0,
1084,8/18/2017 23:00,20.234,0,
1085,8/19/2017 0:00,20.234,0,
1086,8/19/2017 1:00,20.138,0,
1087,8/19/2017 2:00,19.662,0,
1088,8/19/2017 3:00,19.853,0,
1089,8/19/2017 4:00,19.567,0,
1090,8/19/2017 5:00,19.567,0,
1091,8/19/2017 6:00,20.329,0,
1092,8/19/2017 7:00,19.758,10.8,
1093,8/19/2017 8:00,19.662,183,
1094,8/19/2017 9:00,19.187,366,
1095,8/19/2017 10:00,19.377,473.6,
1096,8/19/2017 11:00,19.853,1033.3,
1097,8/19/2017 12:00,20.138,1324,190.636
1098,8/19/2017 13:00,20.996,1636.1,
1099,8/19/2017 14:00,21.378,3100,
1100,8/19/2017 15:00,21.951,3616.7,
1101,8/19/2017 16:00,22.621,3272.2,
1102,8/19/2017 17:00,22.621,968.8,
1103,8/19/2017 18:00,23.1,3788.9,
1104,8/19/2017 19:00,23.004,1808.3,
1105,8/19/2017 20:00,22.812,549,
1106,8/19/2017 21:00,22.717,0,
1107,8/19/2017 22:00,22.525,0,
1108,8/19/2017 23:00,22.238,0,
1109,8/20/2017 0:00,22.142,0,
1110,8/20/2017 1:00,22.046,0,
1111,8/20/2017 2:00,21.855,0,
1112,8/20/2017 3:00,21.569,0,
1113,8/20/2017 4:00,21.473,0,
1114,8/20/2017 5:00,21.473,0,
1115,8/20/2017 6:00,21.378,0,
1116,8/20/2017 7:00,21.282,43.1,
1117,8/20/2017 8:00,21.091,344.4,
1118,8/20/2017 9:00,20.996,366,
1119,8/20/2017 10:00,21.282,602.8,
1120,8/20/2017 11:00,21.664,947.2,
1121,8/20/2017 12:00,22.046,1636.1,194.205
1122,8/20/2017 13:00,22.908,2325,
1123,8/20/2017 14:00,23.966,2927.8,
1124,8/20/2017 15:00,24.448,3961.1,
1125,8/20/2017 16:00,24.931,3100,
1126,8/20/2017 17:00,25.125,2755.6,
1127,8/20/2017 18:00,25.028,1722.2,
1128,8/20/2017 19:00,23.966,1054.9,
1129,8/20/2017 20:00,23.773,226,
1130,8/20/2017 21:00,23.581,0,
1131,8/20/2017 22:00,23.388,0,
1132,8/20/2017 23:00,23.196,0,
1133,8/21/2017 0:00,23.196,0,
1134,8/21/2017 1:00,22.812,0,
1135,8/21/2017 2:00,22.621,0,
1136,8/21/2017 3:00,22.525,0,
1137,8/21/2017 4:00,22.333,0,
1138,8/21/2017 5:00,22.238,0,
1139,8/21/2017 6:00,22.142,0,
1140,8/21/2017 7:00,22.142,21.5,
1141,8/21/2017 8:00,22.046,226,
1142,8/21/2017 9:00,22.046,581.3,
1143,8/21/2017 10:00,22.142,882.6,
1144,8/21/2017 11:00,22.429,1151.7,
1145,8/21/2017 12:00,22.717,2152.8,197.664
1146,8/21/2017 13:00,23.388,1636.1,
1147,8/21/2017 14:00,23.292,958,
1148,8/21/2017 15:00,23.484,2497.2,
1149,8/21/2017 16:00,23.869,4650,
1150,8/21/2017 17:00,24.062,6544.5,
1151,8/21/2017 18:00,24.351,5338.9,
1152,8/21/2017 19:00,24.158,322.9,
1153,8/21/2017 20:00,23.677,96.9,
1154,8/21/2017 21:00,23.581,0,
1155,8/21/2017 22:00,23.484,0,
1156,8/21/2017 23:00,23.484,0,
1157,8/22/2017 0:00,23.484,0,
1158,8/22/2017 1:00,23.388,0,
1159,8/22/2017 2:00,23.196,0,
1160,8/22/2017 3:00,23.196,0,
1161,8/22/2017 4:00,23.1,0,
1162,8/22/2017 5:00,22.908,0,
1163,8/22/2017 6:00,22.908,0,
1164,8/22/2017 7:00,22.812,10.8,
1165,8/22/2017 8:00,22.812,150.7,
1166,8/22/2017 9:00,22.333,527.4,
1167,8/22/2017 10:00,22.333,484.4,
1168,8/22/2017 11:00,22.238,818.1,
1169,8/22/2017 12:00,22.525,775,200.431
1170,8/22/2017 13:00,22.621,861.1,
1171,8/22/2017 14:00,22.621,3100,
1172,8/22/2017 15:00,22.717,3788.9,
1173,8/22/2017 16:00,23.1,2152.8,
1174,8/22/2017 17:00,23.1,3616.7,
1175,8/22/2017 18:00,23.196,4305.6,
1176,8/22/2017 19:00,22.621,204.5,
1177,8/22/2017 20:00,22.429,118.4,
1178,8/22/2017 21:00,22.046,0,
1179,8/22/2017 22:00,21.855,0,
1180,8/22/2017 23:00,21.664,0,
1181,8/23/2017 0:00,21.664,0,
1182,8/23/2017 1:00,21.378,0,
1183,8/23/2017 2:00,20.519,0,
1184,8/23/2017 3:00,20.615,0,
1185,8/23/2017 4:00,20.043,0,
1186,8/23/2017 5:00,20.138,0,
1187,8/23/2017 6:00,20.043,0,
1188,8/23/2017 7:00,19.758,21.5,
1189,8/23/2017 8:00,20.424,172.2,
1190,8/23/2017 9:00,20.519,355.2,
1191,8/23/2017 10:00,19.567,624.3,
1192,8/23/2017 11:00,19.758,753.5,
1193,8/23/2017 12:00,19.853,1076.4,201.314
1194,8/23/2017 13:00,20.234,2066.7,
1195,8/23/2017 14:00,20.424,1377.8,
1196,8/23/2017 15:00,20.615,1377.8,
1197,8/23/2017 16:00,21.091,3788.9,
1198,8/23/2017 17:00,21.091,2066.7,
1199,8/23/2017 18:00,21.282,1334.7,
1200,8/23/2017 19:00,20.901,462.9,
1201,8/23/2017 20:00,20.901,193.8,
1202,8/23/2017 21:00,20.901,0,
1203,8/23/2017 22:00,20.805,0,
1204,8/23/2017 23:00,20.71,0,
1205,8/24/2017 0:00,20.615,0,
1206,8/24/2017 1:00,20.329,0,
1207,8/24/2017 2:00,20.234,0,
1208,8/24/2017 3:00,20.234,0,
1209,8/24/2017 4:00,20.138,0,
1210,8/24/2017 5:00,20.043,0,
1211,8/24/2017 6:00,19.853,0,
1212,8/24/2017 7:00,19.472,21.5,
1213,8/24/2017 8:00,19.567,355.2,
1214,8/24/2017 9:00,19.662,753.5,
1215,8/24/2017 10:00,19.758,1162.5,
1216,8/24/2017 11:00,19.853,1722.2,
1217,8/24/2017 12:00,19.948,1044.1,201.944
1218,8/24/2017 13:00,20.234,1011.8,
1219,8/24/2017 14:00,20.71,3444.5,
1220,8/24/2017 15:00,20.615,2066.7,
1221,8/24/2017 16:00,21.091,5166.7,
1222,8/24/2017 17:00,21.282,16533.4,
1223,8/24/2017 18:00,21.187,1808.3,
1224,8/24/2017 19:00,21.091,2583.4,
1225,8/24/2017 20:00,20.71,322.9,
1226,8/24/2017 21:00,20.519,0,
1227,8/24/2017 22:00,20.234,0,
1228,8/24/2017 23:00,20.043,0,
1229,8/25/2017 0:00,19.853,0,
1230,8/25/2017 1:00,19.758,0,
1231,8/25/2017 2:00,19.472,0,
1232,8/25/2017 3:00,19.377,0,
1233,8/25/2017 4:00,19.377,0,
1234,8/25/2017 5:00,19.282,0,
1235,8/25/2017 6:00,19.187,0,
1236,8/25/2017 7:00,19.187,10.8,
1237,8/25/2017 8:00,19.187,215.3,
1238,8/25/2017 9:00,18.996,355.2,
1239,8/25/2017 10:00,19.092,667.4,
1240,8/25/2017 11:00,19.567,871.9,
1241,8/25/2017 12:00,19.948,1463.9,203.06
1242,8/25/2017 13:00,20.329,1980.6,
1243,8/25/2017 14:00,20.996,1808.3,
1244,8/25/2017 15:00,21.76,4305.6,
1245,8/25/2017 16:00,21.951,4650,
1246,8/25/2017 17:00,22.238,5511.1,
1247,8/25/2017 18:00,22.046,1636.1,
1248,8/25/2017 19:00,21.76,925.7,
1249,8/25/2017 20:00,21.378,247.6,
1250,8/25/2017 21:00,20.996,0,
1251,8/25/2017 22:00,20.71,0,
1252,8/25/2017 23:00,20.424,0,
1253,8/26/2017 0:00,20.234,0,
1254,8/26/2017 1:00,19.948,0,
1255,8/26/2017 2:00,19.662,0,
1256,8/26/2017 3:00,19.567,0,
1257,8/26/2017 4:00,19.472,0,
1258,8/26/2017 5:00,19.187,0,
1259,8/26/2017 6:00,19.092,0,
1260,8/26/2017 7:00,18.901,10.8,
1261,8/26/2017 8:00,18.806,172.2,
1262,8/26/2017 9:00,18.806,301.4,
1263,8/26/2017 10:00,19.282,570.5,
1264,8/26/2017 11:00,19.662,850.4,
1265,8/26/2017 12:00,20.043,1216.3,203.698
1266,8/26/2017 13:00,20.424,1722.2,
1267,8/26/2017 14:00,20.519,2755.6,
1268,8/26/2017 15:00,20.901,4477.8,
1269,8/26/2017 16:00,21.473,4822.3,
1270,8/26/2017 17:00,21.091,7233.4,
1271,8/26/2017 18:00,21.187,1894.5,
1272,8/26/2017 19:00,20.71,1205.6,
1273,8/26/2017 20:00,20.615,118.4,
1274,8/26/2017 21:00,20.519,0,
1275,8/26/2017 22:00,20.329,0,
1276,8/26/2017 23:00,20.138,0,
1277,8/27/2017 0:00,19.948,0,
1278,8/27/2017 1:00,19.853,0,
1279,8/27/2017 2:00,19.758,0,
1280,8/27/2017 3:00,19.758,0,
1281,8/27/2017 4:00,19.662,0,
1282,8/27/2017 5:00,19.567,0,
1283,8/27/2017 6:00,19.472,0,
1284,8/27/2017 7:00,19.472,0,
1285,8/27/2017 8:00,19.472,64.6,
1286,8/27/2017 9:00,19.472,613.5,
1287,8/27/2017 10:00,19.567,958,
1288,8/27/2017 11:00,19.662,1324,
1289,8/27/2017 12:00,19.853,1463.9,203.839
1290,8/27/2017 13:00,20.138,2066.7,
1291,8/27/2017 14:00,20.234,1636.1,
1292,8/27/2017 15:00,20.424,1808.3,
1293,8/27/2017 16:00,20.234,904.2,
1294,8/27/2017 17:00,20.329,947.2,
1295,8/27/2017 18:00,20.138,366,
1296,8/27/2017 19:00,20.138,333.7,
1297,8/27/2017 20:00,20.043,10.8,
1298,8/27/2017 21:00,19.948,0,
1299,8/27/2017 22:00,19.853,0,
1300,8/27/2017 23:00,19.758,0,
1301,8/28/2017 0:00,19.662,0,
1302,8/28/2017 1:00,19.662,0,
1303,8/28/2017 2:00,19.567,0,
1304,8/28/2017 3:00,19.567,0,
1305,8/28/2017 4:00,19.472,0,
1306,8/28/2017 5:00,19.472,0,
1307,8/28/2017 6:00,19.472,0,
1308,8/28/2017 7:00,19.377,0,
1309,8/28/2017 8:00,19.377,53.8,
1310,8/28/2017 9:00,19.472,602.8,
1311,8/28/2017 10:00,19.567,785.8,
1312,8/28/2017 11:00,19.662,688.9,
1313,8/28/2017 12:00,19.853,1356.3,203.839
1314,8/28/2017 13:00,19.853,828.8,
1315,8/28/2017 14:00,20.043,613.5,
1316,8/28/2017 15:00,19.948,936.5,
1317,8/28/2017 16:00,19.948,602.8,
1318,8/28/2017 17:00,19.853,344.4,
1319,8/28/2017 18:00,19.662,139.9,
1320,8/28/2017 19:00,19.662,247.6,
1321,8/28/2017 20:00,19.662,32.3,
1322,8/28/2017 21:00,19.567,0,
1323,8/28/2017 22:00,19.472,0,
1324,8/28/2017 23:00,19.472,0,
1325,8/29/2017 0:00,19.472,0,
1326,8/29/2017 1:00,19.472,0,
1327,8/29/2017 2:00,19.472,0,
1328,8/29/2017 3:00,19.377,0,
1329,8/29/2017 4:00,19.377,0,
1330,8/29/2017 5:00,19.377,0,
1331,8/29/2017 6:00,19.282,0,
1332,8/29/2017 7:00,19.282,0,
1333,8/29/2017 8:00,19.377,193.8,
1334,8/29/2017 9:00,19.377,204.5,
1335,8/29/2017 10:00,19.472,538.2,
1336,8/29/2017 11:00,19.472,570.5,
1337,8/29/2017 12:00,19.662,807.3,204.895
1338,8/29/2017 13:00,19.853,1894.5,
1339,8/29/2017 14:00,20.234,1980.6,
1340,8/29/2017 15:00,20.71,2497.2,
1341,8/29/2017 16:00,21.378,4650,
1342,8/29/2017 17:00,21.569,5166.7,
1343,8/29/2017 18:00,22.046,7577.8,
1344,8/29/2017 19:00,21.855,2066.7,
1345,8/29/2017 20:00,21.378,118.4,
1346,8/29/2017 21:00,20.901,0,
1347,8/29/2017 22:00,20.901,0,
1348,8/29/2017 23:00,20.71,0,
1349,8/30/2017 0:00,20.615,0,
1350,8/30/2017 1:00,20.519,0,
1351,8/30/2017 2:00,20.329,0,
1352,8/30/2017 3:00,20.234,0,
1353,8/30/2017 4:00,20.138,0,
1354,8/30/2017 5:00,19.948,0,
1355,8/30/2017 6:00,19.758,0,
1356,8/30/2017 7:00,19.853,0,
1357,8/30/2017 8:00,19.948,183,
1358,8/30/2017 9:00,19.948,366,
1359,8/30/2017 10:00,19.853,828.8,
1360,8/30/2017 11:00,20.138,1065.6,
1361,8/30/2017 12:00,20.805,1151.7,206.612
1362,8/30/2017 13:00,21.569,2152.8,
1363,8/30/2017 14:00,22.621,1894.5,
1364,8/30/2017 15:00,22.908,1722.2,
1365,8/30/2017 16:00,22.717,1550,
1366,8/30/2017 17:00,22.812,3272.2,
1367,8/30/2017 18:00,22.621,731.9,
1368,8/30/2017 19:00,22.333,462.9,
1369,8/30/2017 20:00,21.951,21.5,
1370,8/30/2017 21:00,21.76,0,
1371,8/30/2017 22:00,21.473,0,
1372,8/30/2017 23:00,21.282,0,
1373,8/31/2017 0:00,21.091,0,
1374,8/31/2017 1:00,20.901,0,
1375,8/31/2017 2:00,20.805,0,
1376,8/31/2017 3:00,20.615,0,
1377,8/31/2017 4:00,20.424,0,
1378,8/31/2017 5:00,20.329,0,
1379,8/31/2017 6:00,20.234,0,
1380,8/31/2017 7:00,20.234,10.8,
1381,8/31/2017 8:00,20.234,204.5,
1382,8/31/2017 9:00,20.138,344.4,
1383,8/31/2017 10:00,20.138,818.1,
1384,8/31/2017 11:00,20.138,678.1,
1385,8/31/2017 12:00,20.234,1463.9,207.209
1386,8/31/2017 13:00,20.329,1550,
1387,8/31/2017 14:00,20.71,2411.1,
1388,8/31/2017 15:00,20.996,4650,
1389,8/31/2017 16:00,21.282,4477.8,
1390,8/31/2017 17:00,20.901,5166.7,
1391,8/31/2017 18:00,20.996,5166.7,
1392,8/31/2017 19:00,20.329,2669.5,
1393,8/31/2017 20:00,20.234,215.3,
1394,8/31/2017 21:00,19.948,0,
1395,8/31/2017 22:00,19.662,0,
1396,8/31/2017 23:00,19.377,0,
1397,9/1/2017 0:00,19.282,0,
1398,9/1/2017 1:00,19.282,0,
1399,9/1/2017 2:00,19.187,0,
1400,9/1/2017 3:00,18.996,0,
1401,9/1/2017 4:00,18.996,0,
1402,9/1/2017 5:00,18.901,0,
1403,9/1/2017 6:00,18.806,0,
1404,9/1/2017 7:00,18.806,0,
1405,9/1/2017 8:00,18.711,150.7,
1406,9/1/2017 9:00,18.711,290.6,
1407,9/1/2017 10:00,18.901,484.4,
1408,9/1/2017 11:00,19.187,699.7,
1409,9/1/2017 12:00,19.567,990.3,207.483
1410,9/1/2017 13:00,19.758,1463.9,
1411,9/1/2017 14:00,19.758,2325,
1412,9/1/2017 15:00,20.329,5511.1,
1413,9/1/2017 16:00,20.519,3961.1,
1414,9/1/2017 17:00,20.805,4477.8,
1415,9/1/2017 18:00,20.71,6200,
1416,9/1/2017 19:00,20.424,1894.5,
1417,9/1/2017 20:00,19.948,86.1,
1418,9/1/2017 21:00,19.758,0,
1419,9/1/2017 22:00,19.567,0,
1420,9/1/2017 23:00,19.377,0,
1421,9/2/2017 0:00,19.282,0,
1422,9/2/2017 1:00,19.092,0,
1423,9/2/2017 2:00,18.996,0,
1424,9/2/2017 3:00,18.806,0,
1425,9/2/2017 4:00,18.711,0,
1426,9/2/2017 5:00,18.521,0,
1427,9/2/2017 6:00,18.331,0,
1428,9/2/2017 7:00,18.331,0,
1429,9/2/2017 8:00,18.331,183,
1430,9/2/2017 9:00,18.331,581.3,
1431,9/2/2017 10:00,18.331,462.9,
1432,9/2/2017 11:00,18.711,635.1,
1433,9/2/2017 12:00,18.996,1119.5,207.735
1434,9/2/2017 13:00,19.567,2325,
1435,9/2/2017 14:00,20.043,2755.6,
1436,9/2/2017 15:00,20.424,3100,
1437,9/2/2017 16:00,20.519,5338.9,
1438,9/2/2017 17:00,20.805,4650,
1439,9/2/2017 18:00,20.234,527.4,
1440,9/2/2017 19:00,20.424,193.8,
1441,9/2/2017 20:00,20.138,0,
1442,9/2/2017 21:00,19.853,0,
1443,9/2/2017 22:00,19.758,0,
1444,9/2/2017 23:00,19.662,0,
1445,9/3/2017 0:00,19.472,0,
1446,9/3/2017 1:00,19.282,0,
1447,9/3/2017 2:00,19.282,0,
1448,9/3/2017 3:00,19.187,0,
1449,9/3/2017 4:00,18.806,0,
1450,9/3/2017 5:00,18.806,0,
1451,9/3/2017 6:00,18.806,0,
1452,9/3/2017 7:00,18.711,0,
1453,9/3/2017 8:00,18.426,107.6,
1454,9/3/2017 9:00,18.426,430.6,
1455,9/3/2017 10:00,17.95,645.8,
1456,9/3/2017 11:00,18.426,699.7,
1457,9/3/2017 12:00,18.711,1636.1,208.287
1458,9/3/2017 13:00,19.187,936.5,
1459,9/3/2017 14:00,19.758,2927.8,
1460,9/3/2017 15:00,20.519,3272.2,
1461,9/3/2017 16:00,21.091,4650,
1462,9/3/2017 17:00,21.378,3444.5,
1463,9/3/2017 18:00,21.473,4305.6,
1464,9/3/2017 19:00,21.378,2583.4,
1465,9/3/2017 20:00,20.996,129.2,
1466,9/3/2017 21:00,20.71,0,
1467,9/3/2017 22:00,20.519,0,
1468,9/3/2017 23:00,20.234,0,
1469,9/4/2017 0:00,19.853,0,
1470,9/4/2017 1:00,19.662,0,
1471,9/4/2017 2:00,19.472,0,
1472,9/4/2017 3:00,19.377,0,
1473,9/4/2017 4:00,19.472,0,
1474,9/4/2017 5:00,19.092,0,
1475,9/4/2017 6:00,19.187,0,
1476,9/4/2017 7:00,18.806,0,
1477,9/4/2017 8:00,18.806,75.3,
1478,9/4/2017 9:00,18.426,301.4,
1479,9/4/2017 10:00,18.426,279.9,
1480,9/4/2017 11:00,18.521,1001,
1481,9/4/2017 12:00,18.521,215.3,208.287
1482,9/4/2017 13:00,18.521,753.5,
1483,9/4/2017 14:00,18.616,193.8,
1484,9/4/2017 15:00,18.616,355.2,
1485,9/4/2017 16:00,18.996,3444.5,
1486,9/4/2017 17:00,18.901,1808.3,
1487,9/4/2017 18:00,19.282,5511.1,
1488,9/4/2017 19:00,19.092,1162.5,
1489,9/4/2017 20:00,18.901,21.5,
1490,9/4/2017 21:00,18.806,0,
1491,9/4/2017 22:00,18.616,0,
1492,9/4/2017 23:00,18.426,0,
1493,9/5/2017 0:00,18.521,0,
1494,9/5/2017 1:00,18.331,0,
1495,9/5/2017 2:00,18.14,0,
1496,9/5/2017 3:00,18.236,0,
1497,9/5/2017 4:00,18.14,0,
1498,9/5/2017 5:00,18.045,0,
1499,9/5/2017 6:00,17.665,0,
1500,9/5/2017 7:00,17.95,0,
1501,9/5/2017 8:00,17.76,86.1,
1502,9/5/2017 9:00,17.475,355.2,
1503,9/5/2017 10:00,17.76,1367,
1504,9/5/2017 11:00,17.189,979.5,
1505,9/5/2017 12:00,17.57,1270.1,208.287
1506,9/5/2017 13:00,17.95,2755.6,
1507,9/5/2017 14:00,17.665,247.6,
1508,9/5/2017 15:00,18.236,6544.5,
1509,9/5/2017 16:00,17.76,2669.5,
1510,9/5/2017 17:00,17.57,236.8,
1511,9/5/2017 18:00,17.665,301.4,
1512,9/5/2017 19:00,17.95,172.2,
1513,9/5/2017 20:00,17.665,32.3,
1514,9/5/2017 21:00,17.379,0,
1515,9/5/2017 22:00,17.379,0,
1516,9/5/2017 23:00,17.665,0,
1517,9/6/2017 0:00,17.665,0,
1518,9/6/2017 1:00,17.57,0,
1519,9/6/2017 2:00,17.379,0,
1520,9/6/2017 3:00,17.379,0,
1521,9/6/2017 4:00,17.284,0,
1522,9/6/2017 5:00,17.094,0,
1523,9/6/2017 6:00,16.903,0,
1524,9/6/2017 7:00,16.903,0,
1525,9/6/2017 8:00,16.808,129.2,
1526,9/6/2017 9:00,16.903,322.9,
1527,9/6/2017 10:00,16.999,710.4,
1528,9/6/2017 11:00,17.379,807.3,
1529,9/6/2017 12:00,17.665,1550,208.287
1530,9/6/2017 13:00,17.855,1076.4,
1531,9/6/2017 14:00,17.95,1636.1,
1532,9/6/2017 15:00,17.95,979.5,
1533,9/6/2017 16:00,18.236,1377.8,
1534,9/6/2017 17:00,18.236,1463.9,
1535,9/6/2017 18:00,18.14,1636.1,
1536,9/6/2017 19:00,18.045,258.3,
1537,9/6/2017 20:00,17.95,10.8,
1538,9/6/2017 21:00,17.76,0,
1539,9/6/2017 22:00,17.665,0,
1540,9/6/2017 23:00,17.57,0,
1541,9/7/2017 0:00,17.475,0,
1542,9/7/2017 1:00,17.379,0,
1543,9/7/2017 2:00,17.379,0,
1544,9/7/2017 3:00,17.189,0,
1545,9/7/2017 4:00,17.094,0,
1546,9/7/2017 5:00,17.094,0,
1547,9/7/2017 6:00,16.999,0,
1548,9/7/2017 7:00,16.999,0,
1549,9/7/2017 8:00,16.523,312.2,
1550,9/7/2017 9:00,16.713,818.1,
1551,9/7/2017 10:00,16.523,1377.8,
1552,9/7/2017 11:00,16.523,1141,
1553,9/7/2017 12:00,16.903,3444.5,208.287
1554,9/7/2017 13:00,17.189,2755.6,
1555,9/7/2017 14:00,17.57,1980.6,
1556,9/7/2017 15:00,18.045,5166.7,
1557,9/7/2017 16:00,18.331,4822.3,
1558,9/7/2017 17:00,18.616,3961.1,
1559,9/7/2017 18:00,18.14,1377.8,
1560,9/7/2017 19:00,17.76,193.8,
1561,9/7/2017 20:00,17.57,0,
1562,9/7/2017 21:00,17.284,0,
1563,9/7/2017 22:00,17.189,0,
1564,9/7/2017 23:00,17.094,0,
1565,9/8/2017 0:00,17.094,0,
1566,9/8/2017 1:00,16.903,0,
1567,9/8/2017 2:00,16.808,0,
1568,9/8/2017 3:00,16.618,0,
1569,9/8/2017 4:00,16.523,0,
1570,9/8/2017 5:00,16.523,0,
1571,9/8/2017 6:00,16.427,0,
1572,9/8/2017 7:00,16.618,0,
1573,9/8/2017 8:00,16.618,86.1,
1574,9/8/2017 9:00,16.713,269.1,
1575,9/8/2017 10:00,16.808,904.2,
1576,9/8/2017 11:00,16.903,667.4,
1577,9/8/2017 12:00,17.094,656.6,208.287
1578,9/8/2017 13:00,17.379,871.9,
1579,9/8/2017 14:00,17.76,1076.4,
1580,9/8/2017 15:00,18.331,1722.2,
1581,9/8/2017 16:00,18.045,5166.7,
1582,9/8/2017 17:00,18.901,4822.3,
1583,9/8/2017 18:00,17.95,2927.8,
1584,9/8/2017 19:00,17.76,1119.5,
1585,9/8/2017 20:00,17.379,21.5,
1586,9/8/2017 21:00,17.189,0,
1587,9/8/2017 22:00,16.999,0,
1588,9/8/2017 23:00,16.713,0,
1589,9/9/2017 0:00,16.618,0,
1590,9/9/2017 1:00,16.427,0,
1591,9/9/2017 2:00,16.427,0,
1592,9/9/2017 3:00,16.332,0,
1593,9/9/2017 4:00,16.237,0,
1594,9/9/2017 5:00,16.141,0,
1595,9/9/2017 6:00,16.141,0,
1596,9/9/2017 7:00,16.046,0,
1597,9/9/2017 8:00,16.046,118.4,
1598,9/9/2017 9:00,16.046,258.3,
1599,9/9/2017 10:00,16.141,624.3,
1600,9/9/2017 11:00,16.523,1463.9,
1601,9/9/2017 12:00,16.618,1550,208.287
1602,9/9/2017 13:00,16.903,871.9,
1603,9/9/2017 14:00,17.284,1636.1,
1604,9/9/2017 15:00,18.236,1808.3,
1605,9/9/2017 16:00,18.901,2669.5,
1606,9/9/2017 17:00,18.996,4305.6,
1607,9/9/2017 18:00,18.711,2669.5,
1608,9/9/2017 19:00,18.236,710.4,
1609,9/9/2017 20:00,17.95,0,
1610,9/9/2017 21:00,17.76,0,
1611,9/9/2017 22:00,17.475,0,
1612,9/9/2017 23:00,17.284,0,
1613,9/10/2017 0:00,17.094,0,
1614,9/10/2017 1:00,16.903,0,
1615,9/10/2017 2:00,16.713,0,
1616,9/10/2017 3:00,16.618,0,
1617,9/10/2017 4:00,16.523,0,
1618,9/10/2017 5:00,16.427,0,
1619,9/10/2017 6:00,16.237,0,
1620,9/10/2017 7:00,16.141,0,
1621,9/10/2017 8:00,16.141,96.9,
1622,9/10/2017 9:00,16.046,236.8,
1623,9/10/2017 10:00,16.237,473.6,
1624,9/10/2017 11:00,16.427,731.9,
1625,9/10/2017 12:00,16.903,1054.9,208.287
1626,9/10/2017 13:00,17.379,871.9,
1627,9/10/2017 14:00,17.76,1022.6,
1628,9/10/2017 15:00,18.14,1550,
1629,9/10/2017 16:00,18.806,2497.2,
1630,9/10/2017 17:00,18.901,3272.2,
1631,9/10/2017 18:00,18.711,2325,
1632,9/10/2017 19:00,18.236,581.3,
1633,9/10/2017 20:00,17.855,0,
1634,9/10/2017 21:00,17.665,0,
1635,9/10/2017 22:00,17.379,0,
1636,9/10/2017 23:00,17.284,0,
1637,9/11/2017 0:00,17.189,0,
1638,9/11/2017 1:00,16.999,0,
1639,9/11/2017 2:00,16.808,0,
1640,9/11/2017 3:00,16.713,0,
1641,9/11/2017 4:00,16.713,0,
1642,9/11/2017 5:00,16.523,0,
1643,9/11/2017 6:00,16.903,0,
1644,9/11/2017 7:00,16.808,0,
1645,9/11/2017 8:00,16.618,129.2,
1646,9/11/2017 9:00,16.523,409,
1647,9/11/2017 10:00,16.523,678.1,
1648,9/11/2017 11:00,16.903,1302.4,
1649,9/11/2017 12:00,16.999,1173.3,208.287
1650,9/11/2017 13:00,17.76,1550,
1651,9/11/2017 14:00,18.426,1722.2,
1652,9/11/2017 15:00,18.996,1980.6,
1653,9/11/2017 16:00,19.567,2755.6,
1654,9/11/2017 17:00,19.472,4994.5,
1655,9/11/2017 18:00,19.377,1808.3,
1656,9/11/2017 19:00,19.948,731.9,
1657,9/11/2017 20:00,18.901,0,
1658,9/11/2017 21:00,18.426,0,
1659,9/11/2017 22:00,18.331,0,
1660,9/11/2017 23:00,18.14,0,
1661,9/12/2017 0:00,18.045,0,
1662,9/12/2017 1:00,17.855,0,
1663,9/12/2017 2:00,17.855,0,
1664,9/12/2017 3:00,17.855,0,
1665,9/12/2017 4:00,17.665,0,
1666,9/12/2017 5:00,17.475,0,
1667,9/12/2017 6:00,17.57,0,
1668,9/12/2017 7:00,17.379,0,
1669,9/12/2017 8:00,17.379,118.4,
1670,9/12/2017 9:00,17.379,312.2,
1671,9/12/2017 10:00,17.57,484.4,
1672,9/12/2017 11:00,17.95,818.1,
1673,9/12/2017 12:00,18.426,1097.9,209.498
1674,9/12/2017 13:00,19.187,1087.2,
1675,9/12/2017 14:00,19.758,914.9,
1676,9/12/2017 15:00,20.424,1463.9,
1677,9/12/2017 16:00,21.282,1980.6,
1678,9/12/2017 17:00,22.429,4477.8,
1679,9/12/2017 18:00,22.812,3444.5,
1680,9/12/2017 19:00,20.71,925.7,
1681,9/12/2017 20:00,20.138,0,
1682,9/12/2017 21:00,19.853,0,
1683,9/12/2017 22:00,19.472,0,
1684,9/12/2017 23:00,18.901,0,
1685,9/13/2017 0:00,18.521,0,
1686,9/13/2017 1:00,18.331,0,
1687,9/13/2017 2:00,18.236,0,
1688,9/13/2017 3:00,18.14,0,
1689,9/13/2017 4:00,17.95,0,
1690,9/13/2017 5:00,17.855,0,
1691,9/13/2017 6:00,17.855,0,
1692,9/13/2017 7:00,17.76,0,
1693,9/13/2017 8:00,17.665,96.9,
1694,9/13/2017 9:00,17.665,247.6,
1695,9/13/2017 10:00,17.855,398.3,
1696,9/13/2017 11:00,18.14,828.8,
1697,9/13/2017 12:00,18.711,828.8,210.028
1698,9/13/2017 13:00,18.901,796.5,
1699,9/13/2017 14:00,18.996,914.9,
1700,9/13/2017 15:00,21.473,1463.9,
1701,9/13/2017 16:00,20.138,2066.7,
1702,9/13/2017 17:00,20.805,3961.1,
1703,9/13/2017 18:00,20.615,2238.9,
1704,9/13/2017 19:00,19.853,753.5,
1705,9/13/2017 20:00,19.377,0,
1706,9/13/2017 21:00,18.996,0,
1707,9/13/2017 22:00,19.092,0,
1708,9/13/2017 23:00,19.092,0,
1709,9/14/2017 0:00,18.901,0,
1710,9/14/2017 1:00,18.711,0,
1711,9/14/2017 2:00,18.616,0,
1712,9/14/2017 3:00,18.426,0,
1713,9/14/2017 4:00,18.331,0,
1714,9/14/2017 5:00,18.331,0,
1715,9/14/2017 6:00,18.236,0,
1716,9/14/2017 7:00,18.14,0,
1717,9/14/2017 8:00,18.045,107.6,
1718,9/14/2017 9:00,18.14,279.9,
1719,9/14/2017 10:00,18.236,570.5,
1720,9/14/2017 11:00,18.806,947.2,
1721,9/14/2017 12:00,19.092,1044.1,210.587
1722,9/14/2017 13:00,20.043,1119.5,
1723,9/14/2017 14:00,20.805,1237.9,
1724,9/14/2017 15:00,21.473,1722.2,
1725,9/14/2017 16:00,21.282,1808.3,
1726,9/14/2017 17:00,21.473,2238.9,
1727,9/14/2017 18:00,21.378,893.4,
1728,9/14/2017 19:00,21.187,236.8,
1729,9/14/2017 20:00,21.091,0,
1730,9/14/2017 21:00,20.805,0,
1731,9/14/2017 22:00,20.71,0,
1732,9/14/2017 23:00,20.519,0,
1733,9/15/2017 0:00,20.329,0,
1734,9/15/2017 1:00,20.329,0,
1735,9/15/2017 2:00,20.138,0,
1736,9/15/2017 3:00,20.043,0,
1737,9/15/2017 4:00,19.948,0,
1738,9/15/2017 5:00,19.758,0,
1739,9/15/2017 6:00,19.567,0,
1740,9/15/2017 7:00,19.472,0,
1741,9/15/2017 8:00,19.377,129.2,
1742,9/15/2017 9:00,19.377,344.4,
1743,9/15/2017 10:00,19.472,645.8,
1744,9/15/2017 11:00,19.758,1377.8,
1745,9/15/2017 12:00,19.948,1722.2,211.96
1746,9/15/2017 13:00,20.615,1280.9,
1747,9/15/2017 14:00,21.473,1076.4,
1748,9/15/2017 15:00,22.142,1808.3,
1749,9/15/2017 16:00,22.525,2066.7,
1750,9/15/2017 17:00,22.429,2066.7,
1751,9/15/2017 18:00,22.238,1194.8,
1752,9/15/2017 19:00,22.333,516.7,
1753,9/15/2017 20:00,21.473,0,
1754,9/15/2017 21:00,21.378,0,
1755,9/15/2017 22:00,21.187,0,
1756,9/15/2017 23:00,21.091,0,
1757,9/16/2017 0:00,20.901,0,
1758,9/16/2017 1:00,20.805,0,
1759,9/16/2017 2:00,20.71,0,
1760,9/16/2017 3:00,20.615,0,
1761,9/16/2017 4:00,20.519,0,
1762,9/16/2017 5:00,20.329,0,
1763,9/16/2017 6:00,20.138,0,
1764,9/16/2017 7:00,20.234,0,
1765,9/16/2017 8:00,20.329,107.6,
1766,9/16/2017 9:00,20.329,333.7,
1767,9/16/2017 10:00,20.424,505.9,
1768,9/16/2017 11:00,20.615,710.4,
1769,9/16/2017 12:00,20.901,1550,214.112
1770,9/16/2017 13:00,21.569,1463.9,
1771,9/16/2017 14:00,22.046,1636.1,
1772,9/16/2017 15:00,22.621,1550,
1773,9/16/2017 16:00,22.908,2411.1,
1774,9/16/2017 17:00,23.388,4133.4,
1775,9/16/2017 18:00,22.908,1313.2,
1776,9/16/2017 19:00,22.429,678.1,
1777,9/16/2017 20:00,22.142,0,
1778,9/16/2017 21:00,21.951,0,
1779,9/16/2017 22:00,21.76,0,
1780,9/16/2017 23:00,21.664,0,
1781,9/17/2017 0:00,21.569,0,
1782,9/17/2017 1:00,21.378,0,
1783,9/17/2017 2:00,21.378,0,
1784,9/17/2017 3:00,21.187,0,
1785,9/17/2017 4:00,21.091,0,
1786,9/17/2017 5:00,20.996,0,
1787,9/17/2017 6:00,20.901,0,
1788,9/17/2017 7:00,20.805,0,
1789,9/17/2017 8:00,20.805,118.4,
1790,9/17/2017 9:00,20.805,366,
1791,9/17/2017 10:00,20.901,592,
1792,9/17/2017 11:00,21.187,1722.2,
1793,9/17/2017 12:00,21.569,1313.2,216.262
1794,9/17/2017 13:00,21.951,1011.8,
1795,9/17/2017 14:00,22.429,1980.6,
1796,9/17/2017 15:00,22.429,731.9,
1797,9/17/2017 16:00,22.812,172.2,
1798,9/17/2017 17:00,23.004,581.3,
1799,9/17/2017 18:00,22.717,764.2,
1800,9/17/2017 19:00,22.429,43.1,
1801,9/17/2017 20:00,22.142,0,
1802,9/17/2017 21:00,22.046,0,
1803,9/17/2017 22:00,21.951,0,
1804,9/17/2017 23:00,21.855,0,
1805,9/18/2017 0:00,21.76,0,
1806,9/18/2017 1:00,21.569,0,
1807,9/18/2017 2:00,21.473,0,
1808,9/18/2017 3:00,21.282,0,
1809,9/18/2017 4:00,21.187,0,
1810,9/18/2017 5:00,20.996,0,
1811,9/18/2017 6:00,20.805,0,
1812,9/18/2017 7:00,20.805,0,
1813,9/18/2017 8:00,20.71,75.3,
1814,9/18/2017 9:00,20.71,269.1,
1815,9/18/2017 10:00,20.805,387.5,
1816,9/18/2017 11:00,20.901,850.4,
1817,9/18/2017 12:00,21.187,656.6,218.438
1818,9/18/2017 13:00,21.569,828.8,
1819,9/18/2017 14:00,22.046,731.9,
1820,9/18/2017 15:00,23.1,1722.2,
1821,9/18/2017 16:00,22.717,1291.7,
1822,9/18/2017 17:00,22.238,2583.4,
1823,9/18/2017 18:00,22.142,2066.7,
1824,9/18/2017 19:00,21.76,538.2,
1825,9/18/2017 20:00,21.473,0,
1826,9/18/2017 21:00,21.282,0,
1827,9/18/2017 22:00,21.091,0,
1828,9/18/2017 23:00,20.996,0,
1829,9/19/2017 0:00,20.71,0,
1830,9/19/2017 1:00,20.615,0,
1831,9/19/2017 2:00,20.519,0,
1832,9/19/2017 3:00,20.329,0,
1833,9/19/2017 4:00,20.138,0,
1834,9/19/2017 5:00,20.043,0,
1835,9/19/2017 6:00,19.948,0,
1836,9/19/2017 7:00,19.948,0,
1837,9/19/2017 8:00,19.853,139.9,
1838,9/19/2017 9:00,19.853,172.2,
1839,9/19/2017 10:00,20.138,366,
1840,9/19/2017 11:00,20.234,839.6,
1841,9/19/2017 12:00,20.519,1033.3,219.396
1842,9/19/2017 13:00,20.901,936.5,
1843,9/19/2017 14:00,21.091,1141,
1844,9/19/2017 15:00,21.473,1345.5,
1845,9/19/2017 16:00,21.473,1722.2,
1846,9/19/2017 17:00,21.664,3100,
1847,9/19/2017 18:00,21.282,2325,
1848,9/19/2017 19:00,20.901,559.7,
1849,9/19/2017 20:00,20.805,0,
1850,9/19/2017 21:00,20.615,0,
1851,9/19/2017 22:00,20.519,0,
1852,9/19/2017 23:00,20.424,0,
1853,9/20/2017 0:00,20.329,0,
1854,9/20/2017 1:00,20.329,0,
1855,9/20/2017 2:00,20.329,0,
1856,9/20/2017 3:00,20.234,0,
1857,9/20/2017 4:00,20.234,0,
1858,9/20/2017 5:00,20.138,0,
1859,9/20/2017 6:00,20.234,0,
1860,9/20/2017 7:00,20.138,0,
1861,9/20/2017 8:00,20.138,53.8,
1862,9/20/2017 9:00,20.234,549,
1863,9/20/2017 10:00,20.329,1119.5,
1864,9/20/2017 11:00,20.615,1636.1,
1865,9/20/2017 12:00,20.805,2066.7,220.816
1866,9/20/2017 13:00,21.091,2066.7,
1867,9/20/2017 14:00,21.569,2755.6,
1868,9/20/2017 15:00,22.238,5511.1,
1869,9/20/2017 16:00,22.046,3100,
1870,9/20/2017 17:00,22.142,4994.5,
1871,9/20/2017 18:00,21.76,1463.9,
1872,9/20/2017 19:00,21.378,236.8,
1873,9/20/2017 20:00,21.282,0,
1874,9/20/2017 21:00,21.187,0,
1875,9/20/2017 22:00,21.091,0,
1876,9/20/2017 23:00,20.996,0,
1877,9/21/2017 0:00,20.901,0,
1878,9/21/2017 1:00,20.901,0,
1879,9/21/2017 2:00,20.805,0,
1880,9/21/2017 3:00,20.805,0,
1881,9/21/2017 4:00,20.805,0,
1882,9/21/2017 5:00,20.71,0,
1883,9/21/2017 6:00,20.71,0,
1884,9/21/2017 7:00,20.615,0,
1885,9/21/2017 8:00,20.71,107.6,
1886,9/21/2017 9:00,20.71,193.8,
1887,9/21/2017 10:00,20.901,279.9,
1888,9/21/2017 11:00,21.091,495.1,
1889,9/21/2017 12:00,21.664,1044.1,223.631
1890,9/21/2017 13:00,21.76,1011.8,
1891,9/21/2017 14:00,22.046,1216.3,
1892,9/21/2017 15:00,22.812,893.4,
1893,9/21/2017 16:00,23.869,1894.5,
1894,9/21/2017 17:00,24.158,1334.7,
1895,9/21/2017 18:00,23.966,290.6,
1896,9/21/2017 19:00,23.966,96.9,
1897,9/21/2017 20:00,23.581,0,
1898,9/21/2017 21:00,22.812,0,
1899,9/21/2017 22:00,21.855,0,
1900,9/21/2017 23:00,21.664,0,
1901,9/22/2017 0:00,21.664,0,
1902,9/22/2017 1:00,21.569,0,
1903,9/22/2017 2:00,21.473,0,
1904,9/22/2017 3:00,21.378,0,
1905,9/22/2017 4:00,21.282,0,
1906,9/22/2017 5:00,21.664,0,
1907,9/22/2017 6:00,21.664,0,
1908,9/22/2017 7:00,21.664,0,
1909,9/22/2017 8:00,21.664,53.8,
1910,9/22/2017 9:00,21.664,269.1,
1911,9/22/2017 10:00,21.855,333.7,
1912,9/22/2017 11:00,22.142,667.4,
1913,9/22/2017 12:00,23.196,731.9,227.985
1914,9/22/2017 13:00,23.196,861.1,
1915,9/22/2017 14:00,24.158,1463.9,
1916,9/22/2017 15:00,24.931,5511.1,
1917,9/22/2017 16:00,26.097,1550,
1918,9/22/2017 17:00,26.195,1550,
1919,9/22/2017 18:00,25.125,107.6,
1920,9/22/2017 19:00,24.738,96.9,
1921,9/22/2017 20:00,24.351,0,
1922,9/22/2017 21:00,24.062,0,
1923,9/22/2017 22:00,23.677,0,
1924,9/22/2017 23:00,23.484,0,
1925,9/23/2017 0:00,23.292,0,
1926,9/23/2017 1:00,23.196,0,
1927,9/23/2017 2:00,23.1,0,
1928,9/23/2017 3:00,23.004,0,
1929,9/23/2017 4:00,22.812,0,
1930,9/23/2017 5:00,22.812,0,
1931,9/23/2017 6:00,22.717,0,
1932,9/23/2017 7:00,22.621,0,
1933,9/23/2017 8:00,22.621,32.3,
1934,9/23/2017 9:00,22.333,452.1,
1935,9/23/2017 10:00,22.717,366,
1936,9/23/2017 11:00,23.004,1722.2,
1937,9/23/2017 12:00,23.196,1980.6,232.846
1938,9/23/2017 13:00,24.062,1377.8,
1939,9/23/2017 14:00,24.835,1119.5,
1940,9/23/2017 15:00,25.416,1808.3,
1941,9/23/2017 16:00,25.708,1808.3,
1942,9/23/2017 17:00,26.39,1173.3,
1943,9/23/2017 18:00,25.708,710.4,
1944,9/23/2017 19:00,24.931,193.8,
1945,9/23/2017 20:00,24.545,0,
1946,9/23/2017 21:00,24.351,0,
1947,9/23/2017 22:00,24.158,0,
1948,9/23/2017 23:00,24.062,0,
1949,9/24/2017 0:00,23.869,0,
1950,9/24/2017 1:00,23.677,0,
1951,9/24/2017 2:00,23.677,0,
1952,9/24/2017 3:00,23.581,0,
1953,9/24/2017 4:00,23.484,0,
1954,9/24/2017 5:00,23.388,0,
1955,9/24/2017 6:00,23.292,0,
1956,9/24/2017 7:00,23.1,0,
1957,9/24/2017 8:00,23.1,32.3,
1958,9/24/2017 9:00,23.1,236.8,
1959,9/24/2017 10:00,23.292,366,
1960,9/24/2017 11:00,23.581,484.4,
1961,9/24/2017 12:00,23.966,581.3,237.923
1962,9/24/2017 13:00,24.255,570.5,
1963,9/24/2017 14:00,25.319,645.8,
1964,9/24/2017 15:00,25.902,2669.5,
1965,9/24/2017 16:00,26.292,1636.1,
1966,9/24/2017 17:00,26.097,1550,
1967,9/24/2017 18:00,25.513,839.6,
1968,9/24/2017 19:00,25.028,139.9,
1969,9/24/2017 20:00,24.738,0,
1970,9/24/2017 21:00,24.641,0,
1971,9/24/2017 22:00,24.545,0,
1972,9/24/2017 23:00,24.351,0,
1973,9/25/2017 0:00,24.158,0,
1974,9/25/2017 1:00,24.062,0,
1975,9/25/2017 2:00,23.966,0,
1976,9/25/2017 3:00,23.869,0,
1977,9/25/2017 4:00,23.869,0,
1978,9/25/2017 5:00,23.773,0,
1979,9/25/2017 6:00,23.677,0,
1980,9/25/2017 7:00,23.677,0,
1981,9/25/2017 8:00,23.581,32.3,
1982,9/25/2017 9:00,23.581,215.3,
1983,9/25/2017 10:00,23.581,247.6,
1984,9/25/2017 11:00,23.677,624.3,
1985,9/25/2017 12:00,24.158,559.7,243.113
1986,9/25/2017 13:00,24.351,699.7,
1987,9/25/2017 14:00,25.222,1130.2,
1988,9/25/2017 15:00,26,2325,
1989,9/25/2017 16:00,26,1894.5,
1990,9/25/2017 17:00,26.195,1280.9,
1991,9/25/2017 18:00,25.805,1259.4,
1992,9/25/2017 19:00,25.028,150.7,
1993,9/25/2017 20:00,25.125,0,
1994,9/25/2017 21:00,24.835,0,
1995,9/25/2017 22:00,24.641,0,
1996,9/25/2017 23:00,24.545,0,
1997,9/26/2017 0:00,24.351,0,
1998,9/26/2017 1:00,24.255,0,
1999,9/26/2017 2:00,24.255,0,
2000,9/26/2017 3:00,24.158,0,
2001,9/26/2017 4:00,24.062,0,
2002,9/26/2017 5:00,23.966,0,
2003,9/26/2017 6:00,23.869,0,
2004,9/26/2017 7:00,23.773,0,
2005,9/26/2017 8:00,23.677,32.3,
2006,9/26/2017 9:00,23.677,215.3,
2007,9/26/2017 10:00,23.773,355.2,
2008,9/26/2017 11:00,24.062,441.3,
2009,9/26/2017 12:00,24.351,764.2,248.214
2010,9/26/2017 13:00,24.738,796.5,
2011,9/26/2017 14:00,25.125,936.5,
2012,9/26/2017 15:00,25.513,3444.5,
2013,9/26/2017 16:00,25.902,645.8,
2014,9/26/2017 17:00,26,204.5,
2015,9/26/2017 18:00,25.708,204.5,
2016,9/26/2017 19:00,25.61,86.1,
2017,9/26/2017 20:00,24.931,0,
2018,9/26/2017 21:00,24.641,0,
2019,9/26/2017 22:00,24.545,0,
2020,9/26/2017 23:00,24.448,0,
2021,9/27/2017 0:00,24.062,0,
2022,9/27/2017 1:00,23.773,0,
2023,9/27/2017 2:00,23.581,0,
2024,9/27/2017 3:00,23.292,0,
2025,9/27/2017 4:00,23.292,0,
2026,9/27/2017 5:00,23.1,0,
2027,9/27/2017 6:00,22.812,0,
2028,9/27/2017 7:00,22.812,0,
2029,9/27/2017 8:00,23.004,75.3,
2030,9/27/2017 9:00,21.76,376.7,
2031,9/27/2017 10:00,21.855,850.4,
2032,9/27/2017 11:00,21.664,2066.7,
2033,9/27/2017 12:00,21.473,344.4,251.106
2034,9/27/2017 13:00,21.76,753.5,
2035,9/27/2017 14:00,21.855,1894.5,
2036,9/27/2017 15:00,21.569,1141,
2037,9/27/2017 16:00,21.378,721.2,
2038,9/27/2017 17:00,21.187,1076.4,
2039,9/27/2017 18:00,21.187,613.5,
2040,9/27/2017 19:00,21.378,258.3,
2041,9/27/2017 20:00,21.091,0,
2042,9/27/2017 21:00,21.664,0,
2043,9/27/2017 22:00,21.473,0,
2044,9/27/2017 23:00,21.282,0,
2045,9/28/2017 0:00,20.996,0,
2046,9/28/2017 1:00,20.901,0,
2047,9/28/2017 2:00,20.901,0,
2048,9/28/2017 3:00,20.71,0,
2049,9/28/2017 4:00,20.615,0,
2050,9/28/2017 5:00,20.615,0,
2051,9/28/2017 6:00,20.71,0,
2052,9/28/2017 7:00,20.519,0,
2053,9/28/2017 8:00,20.329,32.3,
2054,9/28/2017 9:00,20.234,236.8,
2055,9/28/2017 10:00,20.329,516.7,
2056,9/28/2017 11:00,20.615,818.1,
2057,9/28/2017 12:00,20.519,1270.1,251.504
2058,9/28/2017 13:00,20.71,1227.1,
2059,9/28/2017 14:00,20.996,592,
2060,9/28/2017 15:00,20.71,269.1,
2061,9/28/2017 16:00,20.996,3100,
2062,9/28/2017 17:00,20.71,473.6,
2063,9/28/2017 18:00,20.424,269.1,
2064,9/28/2017 19:00,20.138,139.9,
2065,9/28/2017 20:00,19.853,0,
2066,9/28/2017 21:00,19.758,0,
2067,9/28/2017 22:00,19.472,0,
2068,9/28/2017 23:00,19.662,0,
2069,9/29/2017 0:00,18.996,0,
2070,9/29/2017 1:00,19.377,0,
2071,9/29/2017 2:00,19.567,0,
2072,9/29/2017 3:00,19.472,0,
2073,9/29/2017 4:00,19.092,0,
2074,9/29/2017 5:00,19.092,0,
2075,9/29/2017 6:00,19.092,0,
2076,9/29/2017 7:00,18.901,0,
2077,9/29/2017 8:00,18.711,32.3,
2078,9/29/2017 9:00,18.426,129.2,
2079,9/29/2017 10:00,18.521,462.9,
2080,9/29/2017 11:00,18.521,484.4,
2081,9/29/2017 12:00,18.806,1108.7,251.504
2082,9/29/2017 13:00,18.616,699.7,
2083,9/29/2017 14:00,18.711,678.1,
2084,9/29/2017 15:00,18.996,258.3,
2085,9/29/2017 16:00,19.187,398.3,
2086,9/29/2017 17:00,19.187,183,
2087,9/29/2017 18:00,19.187,818.1,
2088,9/29/2017 19:00,18.996,75.3,
2089,9/29/2017 20:00,18.806,0,
2090,9/29/2017 21:00,18.711,0,
2091,9/29/2017 22:00,18.616,0,
2092,9/29/2017 23:00,18.426,0,
2093,9/30/2017 0:00,18.236,0,
2094,9/30/2017 1:00,18.236,0,
2095,9/30/2017 2:00,18.045,0,
2096,9/30/2017 3:00,17.855,0,
2097,9/30/2017 4:00,17.855,0,
2098,9/30/2017 5:00,17.855,0,
2099,9/30/2017 6:00,17.855,0,
2100,9/30/2017 7:00,17.855,0,
2101,9/30/2017 8:00,17.76,32.3,
2102,9/30/2017 9:00,17.855,193.8,
2103,9/30/2017 10:00,17.855,559.7,
2104,9/30/2017 11:00,18.045,656.6,
2105,9/30/2017 12:00,18.236,731.9,251.504
2106,9/30/2017 13:00,18.426,721.2,
2107,9/30/2017 14:00,18.711,796.5,
2108,9/30/2017 15:00,19.662,3272.2,
2109,9/30/2017 16:00,19.758,2325,
2110,9/30/2017 17:00,19.758,1722.2,
2111,9/30/2017 18:00,19.282,1097.9,
2112,9/30/2017 19:00,18.806,118.4,
2113,9/30/2017 20:00,18.426,0,
2114,9/30/2017 21:00,18.236,0,
2115,9/30/2017 22:00,18.045,0,
2116,9/30/2017 23:00,17.855,0,
2117,10/1/2017 0:00,17.665,0,
2118,10/1/2017 1:00,17.475,0,
2119,10/1/2017 2:00,17.475,0,
2120,10/1/2017 3:00,17.379,0,
2121,10/1/2017 4:00,17.189,0,
2122,10/1/2017 5:00,16.999,0,
2123,10/1/2017 6:00,17.094,0,
2124,10/1/2017 7:00,17.094,0,
2125,10/1/2017 8:00,16.903,32.3,
2126,10/1/2017 9:00,16.618,215.3,
2127,10/1/2017 10:00,16.523,409,
2128,10/1/2017 11:00,16.618,753.5,
2129,10/1/2017 12:00,16.808,602.8,251.504
2130,10/1/2017 13:00,17.189,602.8,
2131,10/1/2017 14:00,17.665,635.1,
2132,10/1/2017 15:00,18.331,2497.2,
2133,10/1/2017 16:00,18.711,3100,
2134,10/1/2017 17:00,18.616,1463.9,
2135,10/1/2017 18:00,18.236,731.9,
2136,10/1/2017 19:00,17.76,86.1,
2137,10/1/2017 20:00,17.665,0,
2138,10/1/2017 21:00,17.475,0,
2139,10/1/2017 22:00,17.284,0,
2140,10/1/2017 23:00,17.189,0,
2141,10/2/2017 0:00,17.094,0,
2142,10/2/2017 1:00,16.999,0,
2143,10/2/2017 2:00,16.999,0,
2144,10/2/2017 3:00,16.999,0,
2145,10/2/2017 4:00,16.903,0,
2146,10/2/2017 5:00,16.808,0,
2147,10/2/2017 6:00,16.808,0,
2148,10/2/2017 7:00,16.713,0,
2149,10/2/2017 8:00,16.713,32.3,
2150,10/2/2017 9:00,16.713,139.9,
2151,10/2/2017 10:00,16.808,398.3,
2152,10/2/2017 11:00,16.999,409,
2153,10/2/2017 12:00,17.379,505.9,251.504
2154,10/2/2017 13:00,17.57,731.9,
2155,10/2/2017 14:00,17.855,818.1,
2156,10/2/2017 15:00,18.616,3444.5,
2157,10/2/2017 16:00,18.806,2583.4,
2158,10/2/2017 17:00,18.521,2583.4,
2159,10/2/2017 18:00,18.236,570.5,
2160,10/2/2017 19:00,17.855,32.3,
2161,10/2/2017 20:00,17.665,0,
2162,10/2/2017 21:00,17.475,0,
2163,10/2/2017 22:00,17.379,0,
2164,10/2/2017 23:00,17.284,0,
2165,10/3/2017 0:00,17.189,0,
2166,10/3/2017 1:00,17.094,0,
2167,10/3/2017 2:00,16.999,0,
2168,10/3/2017 3:00,16.903,0,
2169,10/3/2017 4:00,16.808,0,
2170,10/3/2017 5:00,16.808,0,
2171,10/3/2017 6:00,16.713,0,
2172,10/3/2017 7:00,16.618,0,
2173,10/3/2017 8:00,16.618,161.5,
2174,10/3/2017 9:00,16.523,882.6,
2175,10/3/2017 10:00,16.808,3444.5,
2176,10/3/2017 11:00,17.189,4133.4,
2177,10/3/2017 12:00,17.855,5166.7,251.504
2178,10/3/2017 13:00,18.14,2755.6,
2179,10/3/2017 14:00,18.806,1980.6,
2180,10/3/2017 15:00,18.331,538.2,
2181,10/3/2017 16:00,19.567,893.4,
2182,10/3/2017 17:00,19.472,258.3,
2183,10/3/2017 18:00,19.662,409,
2184,10/3/2017 19:00,19.472,10.8,
2185,10/3/2017 20:00,19.282,0,
2186,10/3/2017 21:00,19.092,0,
2187,10/3/2017 22:00,19.092,0,
2188,10/3/2017 23:00,19.092,0,
2189,10/4/2017 0:00,18.996,0,
2190,10/4/2017 1:00,18.996,0,
2191,10/4/2017 2:00,18.806,0,
2192,10/4/2017 3:00,18.806,0,
2193,10/4/2017 4:00,18.711,0,
2194,10/4/2017 5:00,18.616,0,
2195,10/4/2017 6:00,18.806,0,
2196,10/4/2017 7:00,18.711,0,
2197,10/4/2017 8:00,18.616,10.8,
2198,10/4/2017 9:00,18.616,43.1,
2199,10/4/2017 10:00,18.616,247.6,
2200,10/4/2017 11:00,18.521,914.9,
2201,10/4/2017 12:00,18.616,1001,251.504
2202,10/4/2017 13:00,18.521,2066.7,
2203,10/4/2017 14:00,18.806,893.4,
2204,10/4/2017 15:00,19.567,13777.9,
2205,10/4/2017 16:00,19.662,5166.7,
2206,10/4/2017 17:00,19.472,1980.6,
2207,10/4/2017 18:00,19.092,1463.9,
2208,10/4/2017 19:00,18.616,64.6,
2209,10/4/2017 20:00,18.426,0,
2210,10/4/2017 21:00,18.236,0,
2211,10/4/2017 22:00,17.95,0,
2212,10/4/2017 23:00,17.665,0,
2213,10/5/2017 0:00,17.475,0,
2214,10/5/2017 1:00,17.189,0,
2215,10/5/2017 2:00,17.094,0,
2216,10/5/2017 3:00,17.094,0,
2217,10/5/2017 4:00,16.999,0,
2218,10/5/2017 5:00,16.903,0,
2219,10/5/2017 6:00,16.713,0,
2220,10/5/2017 7:00,16.713,0,
2221,10/5/2017 8:00,16.618,258.3,
2222,10/5/2017 9:00,7.882,0,
2223,10/5/2017 10:00,11.625,0,
2224,10/5/2017 11:00,22.908,0,
2225,10/5/2017 12:00,18.331,10.8,252.257
2226,10/5/2017 13:00,20.996,0,
2227,10/5/2017 14:00,21.378,0,
2228,10/5/2017 15:00,19.377,0,
2229,10/5/2017 16:00,18.806,0,
2230,10/5/2017 17:00,17.95,0,
2231,10/5/2017 18:00,15.951,0,
2232,10/5/2017 19:00,15.282,0,
2233,10/5/2017 20:00,15.187,0,
2234,10/5/2017 21:00,15.282,0,
2235,10/5/2017 22:00,14.804,0,
2236,10/5/2017 23:00,14.613,0,
2237,10/6/2017 0:00,14.421,0,
2238,10/6/2017 1:00,14.134,0,
2239,10/6/2017 2:00,13.846,0,
2240,10/6/2017 3:00,13.654,0,
2241,10/6/2017 4:00,13.461,0,
2242,10/6/2017 5:00,13.365,0,
2243,10/6/2017 6:00,13.076,0,
2244,10/6/2017 7:00,12.98,0,
2245,10/6/2017 8:00,13.173,0,
2246,10/6/2017 9:00,14.421,0,
2247,10/6/2017 10:00,15.091,0,
2248,10/6/2017 11:00,20.043,0,
2249,10/6/2017 12:00,20.805,0,254.168
2250,10/6/2017 13:00,21.091,0,
2251,10/6/2017 14:00,24.931,0,
2252,10/6/2017 15:00,23.004,0,
2253,10/6/2017 16:00,21.473,0,
2254,10/6/2017 17:00,21.378,0,
2255,10/6/2017 18:00,21.187,0,
2256,10/6/2017 19:00,21.091,0,
2257,10/6/2017 20:00,20.996,0,
2258,10/6/2017 21:00,20.901,0,
2259,10/6/2017 22:00,20.901,0,
2260,10/6/2017 23:00,20.71,0,
2261,10/7/2017 0:00,20.71,0,
2262,10/7/2017 1:00,20.805,0,
2263,10/7/2017 2:00,20.805,0,
2264,10/7/2017 3:00,20.805,0,
2265,10/7/2017 4:00,20.901,0,
2266,10/7/2017 5:00,20.901,0,
2267,10/7/2017 6:00,20.901,0,
2268,10/7/2017 7:00,20.996,0,
2269,10/7/2017 8:00,21.091,0,
2270,10/7/2017 9:00,21.091,0,
2271,10/7/2017 10:00,21.091,0,
2272,10/7/2017 11:00,21.569,0,
2273,10/7/2017 12:00,21.951,0,255.795
2274,10/7/2017 13:00,21.951,0,
2275,10/7/2017 14:00,21.951,0,
2276,10/7/2017 15:00,21.951,0,
2277,10/7/2017 16:00,21.951,0,
2278,10/7/2017 17:00,22.046,0,
2279,10/7/2017 18:00,22.046,0,
2280,10/7/2017 19:00,22.046,0,
2281,10/7/2017 20:00,22.046,0,
2282,10/7/2017 21:00,21.855,0,
2283,10/7/2017 22:00,21.951,0,
2284,10/7/2017 23:00,22.046,0,
2285,10/8/2017 0:00,22.238,0,
2286,10/8/2017 1:00,22.238,0,
2287,10/8/2017 2:00,22.142,0,
2288,10/8/2017 3:00,22.046,0,
2289,10/8/2017 4:00,21.855,0,
2290,10/8/2017 5:00,21.76,0,
2291,10/8/2017 6:00,21.664,0,
2292,10/8/2017 7:00,21.282,0,
2293,10/8/2017 8:00,21.091,0,
2294,10/8/2017 9:00,21.569,0,
2295,10/8/2017 10:00,22.238,0,
2296,10/8/2017 11:00,22.525,0,
2297,10/8/2017 12:00,22.525,0,257.27
2298,10/8/2017 13:00,22.429,0,
2299,10/8/2017 14:00,22.238,0,
2300,10/8/2017 15:00,22.238,0,
2301,10/8/2017 16:00,22.333,0,
2302,10/8/2017 17:00,22.238,0,
2303,10/8/2017 18:00,22.142,0,
2304,10/8/2017 19:00,22.046,0,
2305,10/8/2017 20:00,21.378,0,
2306,10/8/2017 21:00,20.805,0,
2307,10/8/2017 22:00,20.519,0,
2308,10/8/2017 23:00,20.234,0,
2309,10/9/2017 0:00,19.758,0,
2310,10/9/2017 1:00,19.853,0,
2311,10/9/2017 2:00,20.043,0,
2312,10/9/2017 3:00,20.138,0,
2313,10/9/2017 4:00,20.043,0,
2314,10/9/2017 5:00,20.043,0,
2315,10/9/2017 6:00,20.043,0,
2316,10/9/2017 7:00,19.567,0,
2317,10/9/2017 8:00,19.472,0,
2318,10/9/2017 9:00,20.043,0,
2319,10/9/2017 10:00,27.173,0,
2320,10/9/2017 11:00,30.558,0,
2321,10/9/2017 12:00,26.097,0,263.754
2322,10/9/2017 13:00,23.677,0,
2323,10/9/2017 14:00,23.196,0,
2324,10/9/2017 15:00,23.004,0,
2325,10/9/2017 16:00,22.812,0,
2326,10/9/2017 17:00,22.621,0,
2327,10/9/2017 18:00,22.238,0,
2328,10/9/2017 19:00,22.046,0,
2329,10/9/2017 20:00,21.951,0,
2330,10/9/2017 21:00,21.76,0,
2331,10/9/2017 22:00,21.664,0,
2332,10/9/2017 23:00,21.473,0,
2333,10/10/2017 0:00,21.473,0,
2334,10/10/2017 1:00,21.378,0,
2335,10/10/2017 2:00,21.282,0,
2336,10/10/2017 3:00,21.282,0,
2337,10/10/2017 4:00,21.282,0,
2338,10/10/2017 5:00,21.187,0,
2339,10/10/2017 6:00,21.091,0,
2340,10/10/2017 7:00,20.901,0,
2341,10/10/2017 8:00,20.901,0,
2342,10/10/2017 9:00,21.378,0,
2343,10/10/2017 10:00,22.429,0,
2344,10/10/2017 11:00,22.333,0,
