#,"Date Time, GMT-04:00",Temp,Intensity,Host Connected,Coupler Attached (LGR S/N: 20078534),Coupler Detached (LGR S/N: 20078534),End Of File (LGR S/N: 20078534)
1,7/4/2017 20:00,30.255,0,,,,
2,7/4/2017 21:00,29.35222222,0,,,,
3,7/4/2017 22:00,28.15888889,0,,,,
4,7/4/2017 23:00,26.87888889,0,,,,
5,7/5/2017 0:00,25.61,0,,,,
6,7/5/2017 1:00,24.44777778,0,,,,
7,7/5/2017 2:00,23.38777778,0,,,,
8,7/5/2017 3:00,22.23777778,0,,,,
9,7/5/2017 4:00,21.28222222,0,,,,
10,7/5/2017 5:00,20.32888889,0,,,,
11,7/5/2017 6:00,19.47222222,0,,,,
12,7/5/2017 7:00,18.80611111,0,,,,
13,7/5/2017 8:00,20.805,0,,,,
14,7/5/2017 9:00,22.33277778,0,,,,
15,7/5/2017 10:00,22.62111111,0,,,,
16,7/5/2017 11:00,24.545,0,,,,
17,7/5/2017 12:00,27.665,0,,,,
18,7/5/2017 13:00,26.29222222,92,,,,
19,7/5/2017 14:00,28.25777778,768,,,,
20,7/5/2017 15:00,29.05277778,1024,,,,
21,7/5/2017 16:00,29.15222222,992,,,,
22,7/5/2017 17:00,29.35222222,992,,,,
23,7/5/2017 18:00,29.05277778,768,,,,
24,7/5/2017 19:00,28.655,400,,,,
25,7/5/2017 20:00,28.35722222,78,,,,
26,7/5/2017 21:00,28.15888889,5,,,,
27,7/5/2017 22:00,27.86222222,0,,,,
28,7/5/2017 23:00,27.56722222,0,,,,
29,7/6/2017 0:00,27.37,0,,,,
30,7/6/2017 1:00,27.17277778,0,,,,
31,7/6/2017 2:00,26.97722222,0,,,,
32,7/6/2017 3:00,26.78111111,0,,,,
33,7/6/2017 4:00,26.585,0,,,,
34,7/6/2017 5:00,26.39,0,,,,
35,7/6/2017 6:00,26.29222222,0,,,,
36,7/6/2017 7:00,26.09722222,22,,,,
37,7/6/2017 8:00,26,52,,,,
38,7/6/2017 9:00,26,86,,,,
39,7/6/2017 10:00,26.09722222,98,,,,
40,7/6/2017 11:00,26.39,160,,,,
41,7/6/2017 12:00,26.97722222,200,,,,
42,7/6/2017 13:00,28.25777778,496,,,,
43,7/6/2017 14:00,29.05277778,608,,,,
44,7/6/2017 15:00,29.35222222,864,,,,
45,7/6/2017 16:00,29.05277778,992,,,,
46,7/6/2017 17:00,28.85277778,704,,,,
47,7/6/2017 18:00,29.35222222,576,,,,
48,7/6/2017 19:00,29.45222222,320,,,,
49,7/6/2017 20:00,28.85277778,57,,,,
50,7/6/2017 21:00,28.45611111,3,,,,
51,7/6/2017 22:00,28.15888889,0,,,,
52,7/6/2017 23:00,28.06,0,,,,
53,7/7/2017 0:00,27.86222222,0,,,,
54,7/7/2017 1:00,27.665,0,,,,
55,7/7/2017 2:00,27.46777778,0,,,,
56,7/7/2017 3:00,27.27222222,0,,,,
57,7/7/2017 4:00,27.17277778,0,,,,
58,7/7/2017 5:00,26.97722222,0,,,,
59,7/7/2017 6:00,26.87888889,0,,,,
60,7/7/2017 7:00,26.68277778,3,,,,
61,7/7/2017 8:00,26.585,42,,,,
62,7/7/2017 9:00,26.585,50,,,,
63,7/7/2017 10:00,26.68277778,31,,,,
64,7/7/2017 11:00,27.075,64,,,,
65,7/7/2017 12:00,27.665,200,,,,
66,7/7/2017 13:00,28.15888889,368,,,,
67,7/7/2017 14:00,28.655,400,,,,
68,7/7/2017 15:00,29.05277778,288,,,,
69,7/7/2017 16:00,29.25222222,107,,,,
70,7/7/2017 17:00,29.65222222,320,,,,
71,7/7/2017 18:00,29.55222222,31,,,,
72,7/7/2017 19:00,29.55222222,160,,,,
73,7/7/2017 20:00,29.35222222,68,,,,
74,7/7/2017 21:00,29.05277778,0,,,,
75,7/7/2017 22:00,28.555,0,,,,
76,7/7/2017 23:00,28.25777778,0,,,,
77,7/8/2017 0:00,28.06,0,,,,
78,7/8/2017 1:00,27.96111111,0,,,,
79,7/8/2017 2:00,27.665,0,,,,
80,7/8/2017 3:00,27.37,0,,,,
81,7/8/2017 4:00,27.075,0,,,,
82,7/8/2017 5:00,26.87888889,0,,,,
83,7/8/2017 6:00,26.68277778,0,,,,
84,7/8/2017 7:00,26.48777778,9,,,,
85,7/8/2017 8:00,26.09722222,46,,,,
86,7/8/2017 9:00,26.29222222,82,,,,
87,7/8/2017 10:00,26.29222222,56,,,,
88,7/8/2017 11:00,26.585,160,,,,
89,7/8/2017 12:00,26.97722222,192,,,,
90,7/8/2017 13:00,27.27222222,73,,,,
91,7/8/2017 14:00,27.86222222,768,,,,
92,7/8/2017 15:00,28.35722222,216,,,,
93,7/8/2017 16:00,28.85277778,1152,,,,
94,7/8/2017 17:00,28.75388889,672,,,,
95,7/8/2017 18:00,28.655,512,,,,
96,7/8/2017 19:00,28.555,352,,,,
97,7/8/2017 20:00,28.15888889,48,,,,
98,7/8/2017 21:00,27.96111111,6,,,,
99,7/8/2017 22:00,27.665,0,,,,
100,7/8/2017 23:00,27.37,0,,,,
101,7/9/2017 0:00,27.27222222,0,,,,
102,7/9/2017 1:00,27.075,0,,,,
103,7/9/2017 2:00,26.87888889,0,,,,
104,7/9/2017 3:00,26.68277778,0,,,,
105,7/9/2017 4:00,26.48777778,0,,,,
106,7/9/2017 5:00,26.39,0,,,,
107,7/9/2017 6:00,26.195,0,,,,
108,7/9/2017 7:00,26.09722222,16,,,,
109,7/9/2017 8:00,26,48,,,,
110,7/9/2017 9:00,26,83,,,,
111,7/9/2017 10:00,26,39,,,,
112,7/9/2017 11:00,26.195,76,,,,
113,7/9/2017 12:00,26.87888889,304,,,,
114,7/9/2017 13:00,27.665,512,,,,
115,7/9/2017 14:00,27.86222222,128,,,,
116,7/9/2017 15:00,27.96111111,464,,,,
117,7/9/2017 16:00,28.06,704,,,,
118,7/9/2017 17:00,28.15888889,1280,,,,
119,7/9/2017 18:00,28.35722222,800,,,,
120,7/9/2017 19:00,27.86222222,320,,,,
121,7/9/2017 20:00,27.56722222,31,,,,
122,7/9/2017 21:00,27.27222222,2,,,,
123,7/9/2017 22:00,26.97722222,0,,,,
124,7/9/2017 23:00,26.78111111,0,,,,
125,7/10/2017 0:00,26.585,0,,,,
126,7/10/2017 1:00,26.48777778,0,,,,
127,7/10/2017 2:00,26.39,0,,,,
128,7/10/2017 3:00,26.29222222,0,,,,
129,7/10/2017 4:00,26.195,0,,,,
130,7/10/2017 5:00,26.09722222,0,,,,
131,7/10/2017 6:00,26,0,,,,
132,7/10/2017 7:00,25.90222222,0,,,,
133,7/10/2017 8:00,25.805,13,,,,
134,7/10/2017 9:00,25.805,10,,,,
135,7/10/2017 10:00,25.61,5,,,,
136,7/10/2017 11:00,25.61,35,,,,
137,7/10/2017 12:00,25.51277778,29,,,,
138,7/10/2017 13:00,25.51277778,35,,,,
139,7/10/2017 14:00,25.51277778,61,,,,
140,7/10/2017 15:00,25.51277778,81,,,,
141,7/10/2017 16:00,25.51277778,35,,,,
142,7/10/2017 17:00,25.70777778,184,,,,
143,7/10/2017 18:00,26.09722222,480,,,,
144,7/10/2017 19:00,25.90222222,34,,,,
145,7/10/2017 20:00,25.805,25,,,,
146,7/10/2017 21:00,25.61,2,,,,
147,7/10/2017 22:00,25.51277778,0,,,,
148,7/10/2017 23:00,25.41611111,0,,,,
149,7/11/2017 0:00,25.31888889,0,,,,
150,7/11/2017 1:00,25.22222222,0,,,,
151,7/11/2017 2:00,25.125,0,,,,
152,7/11/2017 3:00,25.125,0,,,,
153,7/11/2017 4:00,25.02777778,0,,,,
154,7/11/2017 5:00,25.02777778,0,,,,
155,7/11/2017 6:00,24.93111111,0,,,,
156,7/11/2017 7:00,24.835,2,,,,
157,7/11/2017 8:00,24.835,21,,,,
158,7/11/2017 9:00,24.93111111,65,,,,
159,7/11/2017 10:00,25.125,116,,,,
160,7/11/2017 11:00,25.51277778,144,,,,
161,7/11/2017 12:00,26.29222222,91,,,,
162,7/11/2017 13:00,26.29222222,92,,,,
163,7/11/2017 14:00,26.585,160,,,,
164,7/11/2017 15:00,26.87888889,128,,,,
165,7/11/2017 16:00,27.37,128,,,,
166,7/11/2017 17:00,27.46777778,512,,,,
167,7/11/2017 18:00,27.075,448,,,,
168,7/11/2017 19:00,29.05277778,99,,,,
169,7/11/2017 20:00,28.75388889,26,,,,
170,7/11/2017 21:00,28.15888889,0,,,,
171,7/11/2017 22:00,28.06,0,,,,
172,7/11/2017 23:00,27.665,0,,,,
173,7/12/2017 0:00,27.17277778,0,,,,
174,7/12/2017 1:00,26.97722222,0,,,,
175,7/12/2017 2:00,26.87888889,0,,,,
176,7/12/2017 3:00,26.78111111,0,,,,
177,7/12/2017 4:00,26.68277778,0,,,,
178,7/12/2017 5:00,26.585,0,,,,
179,7/12/2017 6:00,26.39,0,,,,
180,7/12/2017 7:00,26.29222222,6,,,,
181,7/12/2017 8:00,26.29222222,5,,,,
182,7/12/2017 9:00,26.195,26,,,,
183,7/12/2017 10:00,26.195,37,,,,
184,7/12/2017 11:00,26.39,68,,,,
185,7/12/2017 12:00,26.195,2,,,,
186,7/12/2017 13:00,26.09722222,9,,,,
187,7/12/2017 14:00,26,15,,,,
188,7/12/2017 15:00,26.09722222,116,,,,
189,7/12/2017 16:00,26.39,448,,,,
190,7/12/2017 17:00,26.48777778,152,,,,
191,7/12/2017 18:00,26.585,232,,,,
192,7/12/2017 19:00,26.78111111,38,,,,
193,7/12/2017 20:00,26.585,36,,,,
194,7/12/2017 21:00,26.585,1,,,,
195,7/12/2017 22:00,26.585,0,,,,
196,7/12/2017 23:00,26.48777778,0,,,,
197,7/13/2017 0:00,26.39,0,,,,
198,7/13/2017 1:00,26.29222222,0,,,,
199,7/13/2017 2:00,26.195,0,,,,
200,7/13/2017 3:00,26.195,0,,,,
201,7/13/2017 4:00,26.09722222,0,,,,
202,7/13/2017 5:00,26,0,,,,
203,7/13/2017 6:00,25.90222222,0,,,,
204,7/13/2017 7:00,25.805,3,,,,
205,7/13/2017 8:00,25.805,14,,,,
206,7/13/2017 9:00,25.90222222,54,,,,
207,7/13/2017 10:00,26,48,,,,
208,7/13/2017 11:00,26,34,,,,
209,7/13/2017 12:00,26.09722222,58,,,,
210,7/13/2017 13:00,26.29222222,120,,,,
211,7/13/2017 14:00,26.39,45,,,,
212,7/13/2017 15:00,26.585,105,,,,
213,7/13/2017 16:00,26.78111111,152,,,,
214,7/13/2017 17:00,26.87888889,152,,,,
215,7/13/2017 18:00,26.97722222,288,,,,
216,7/13/2017 19:00,27.075,61,,,,
217,7/13/2017 20:00,26.97722222,33,,,,
218,7/13/2017 21:00,26.78111111,2,,,,
219,7/13/2017 22:00,26.68277778,0,,,,
220,7/13/2017 23:00,26.585,0,,,,
221,7/14/2017 0:00,26.48777778,0,,,,
222,7/14/2017 1:00,26.39,0,,,,
223,7/14/2017 2:00,26.29222222,0,,,,
224,7/14/2017 3:00,26.09722222,0,,,,
225,7/14/2017 4:00,26,0,,,,
226,7/14/2017 5:00,25.90222222,0,,,,
227,7/14/2017 6:00,25.805,0,,,,
228,7/14/2017 7:00,25.70777778,9,,,,
229,7/14/2017 8:00,25.61,32,,,,
230,7/14/2017 9:00,25.51277778,56,,,,
231,7/14/2017 10:00,25.51277778,84,,,,
232,7/14/2017 11:00,25.805,81,,,,
233,7/14/2017 12:00,26.195,128,,,,
234,7/14/2017 13:00,26.68277778,352,,,,
235,7/14/2017 14:00,26.87888889,99,,,,
236,7/14/2017 15:00,27.17277778,77,,,,
237,7/14/2017 16:00,27.46777778,144,,,,
238,7/14/2017 17:00,28.06,480,,,,
239,7/14/2017 18:00,28.06,400,,,,
240,7/14/2017 19:00,27.76388889,20,,,,
241,7/14/2017 20:00,27.56722222,18,,,,
242,7/14/2017 21:00,27.37,0,,,,
243,7/14/2017 22:00,26.97722222,0,,,,
244,7/14/2017 23:00,26.78111111,0,,,,
245,7/15/2017 0:00,26.585,0,,,,
246,7/15/2017 1:00,26.39,0,,,,
247,7/15/2017 2:00,26.09722222,0,,,,
248,7/15/2017 3:00,26.09722222,0,,,,
249,7/15/2017 4:00,25.805,0,,,,
250,7/15/2017 5:00,25.61,0,,,,
251,7/15/2017 6:00,25.31888889,0,,,,
252,7/15/2017 7:00,25.31888889,8,,,,
253,7/15/2017 8:00,25.31888889,28,,,,
254,7/15/2017 9:00,25.41611111,48,,,,
255,7/15/2017 10:00,25.51277778,28,,,,
256,7/15/2017 11:00,25.805,103,,,,
257,7/15/2017 12:00,26.29222222,304,,,,
258,7/15/2017 13:00,26.87888889,448,,,,
259,7/15/2017 14:00,27.075,168,,,,
260,7/15/2017 15:00,27.665,416,,,,
261,7/15/2017 16:00,28.06,512,,,,
262,7/15/2017 17:00,28.35722222,304,,,,
263,7/15/2017 18:00,28.45611111,69,,,,
264,7/15/2017 19:00,28.25777778,101,,,,
265,7/15/2017 20:00,27.96111111,25,,,,
266,7/15/2017 21:00,27.56722222,1,,,,
267,7/15/2017 22:00,27.27222222,0,,,,
268,7/15/2017 23:00,27.075,0,,,,
269,7/16/2017 0:00,26.87888889,0,,,,
270,7/16/2017 1:00,26.78111111,0,,,,
271,7/16/2017 2:00,26.585,0,,,,
272,7/16/2017 3:00,26.39,0,,,,
273,7/16/2017 4:00,26.29222222,0,,,,
274,7/16/2017 5:00,26.195,0,,,,
275,7/16/2017 6:00,26,0,,,,
276,7/16/2017 7:00,25.90222222,8,,,,
277,7/16/2017 8:00,25.90222222,30,,,,
278,7/16/2017 9:00,25.90222222,55,,,,
279,7/16/2017 10:00,26,69,,,,
280,7/16/2017 11:00,26.09722222,87,,,,
281,7/16/2017 12:00,26.29222222,39,,,,
282,7/16/2017 13:00,26.29222222,34,,,,
283,7/16/2017 14:00,26.29222222,119,,,,
284,7/16/2017 15:00,26.48777778,110,,,,
285,7/16/2017 16:00,26.585,232,,,,
286,7/16/2017 17:00,26.87888889,512,,,,
287,7/16/2017 18:00,26.97722222,232,,,,
288,7/16/2017 19:00,26.78111111,51,,,,
289,7/16/2017 20:00,26.48777778,24,,,,
290,7/16/2017 21:00,26.29222222,2,,,,
291,7/16/2017 22:00,26.195,0,,,,
292,7/16/2017 23:00,26,0,,,,
293,7/17/2017 0:00,25.70777778,0,,,,
294,7/17/2017 1:00,25.61,0,,,,
295,7/17/2017 2:00,25.61,0,,,,
296,7/17/2017 3:00,25.41611111,0,,,,
297,7/17/2017 4:00,25.31888889,0,,,,
298,7/17/2017 5:00,25.22222222,0,,,,
299,7/17/2017 6:00,24.93111111,0,,,,
300,7/17/2017 7:00,24.73777778,7,,,,
301,7/17/2017 8:00,24.64111111,29,,,,
302,7/17/2017 9:00,24.73777778,40,,,,
303,7/17/2017 10:00,25.02777778,36,,,,
304,7/17/2017 11:00,25.41611111,55,,,,
305,7/17/2017 12:00,26.09722222,256,,,,
306,7/17/2017 13:00,26.97722222,352,,,,
307,7/17/2017 14:00,27.37,368,,,,
308,7/17/2017 15:00,27.96111111,480,,,,
309,7/17/2017 16:00,28.15888889,496,,,,
310,7/17/2017 17:00,28.75388889,672,,,,
311,7/17/2017 18:00,28.85277778,336,,,,
312,7/17/2017 19:00,28.75388889,100,,,,
313,7/17/2017 20:00,28.45611111,26,,,,
314,7/17/2017 21:00,28.15888889,1,,,,
315,7/17/2017 22:00,27.56722222,0,,,,
316,7/17/2017 23:00,27.27222222,0,,,,
317,7/18/2017 0:00,27.17277778,0,,,,
318,7/18/2017 1:00,26.87888889,0,,,,
319,7/18/2017 2:00,26.68277778,0,,,,
320,7/18/2017 3:00,26.48777778,0,,,,
321,7/18/2017 4:00,26.195,0,,,,
322,7/18/2017 5:00,26.09722222,0,,,,
323,7/18/2017 6:00,25.90222222,0,,,,
324,7/18/2017 7:00,25.805,7,,,,
325,7/18/2017 8:00,25.70777778,25,,,,
326,7/18/2017 9:00,25.70777778,34,,,,
327,7/18/2017 10:00,25.805,26,,,,
328,7/18/2017 11:00,26.195,55,,,,
329,7/18/2017 12:00,26.87888889,192,,,,
330,7/18/2017 13:00,27.56722222,304,,,,
331,7/18/2017 14:00,27.37,368,,,,
332,7/18/2017 15:00,27.37,121,,,,
333,7/18/2017 16:00,27.37,480,,,,
334,7/18/2017 17:00,27.665,464,,,,
335,7/18/2017 18:00,28.45611111,336,,,,
336,7/18/2017 19:00,28.15888889,80,,,,
337,7/18/2017 20:00,27.86222222,27,,,,
338,7/18/2017 21:00,28.06,1,,,,
339,7/18/2017 22:00,27.76388889,0,,,,
340,7/18/2017 23:00,27.56722222,0,,,,
341,7/19/2017 0:00,27.37,0,,,,
342,7/19/2017 1:00,27.17277778,0,,,,
343,7/19/2017 2:00,27.075,0,,,,
344,7/19/2017 3:00,26.97722222,0,,,,
345,7/19/2017 4:00,26.87888889,0,,,,
346,7/19/2017 5:00,26.87888889,0,,,,
347,7/19/2017 6:00,26.78111111,0,,,,
348,7/19/2017 7:00,26.68277778,9,,,,
349,7/19/2017 8:00,26.68277778,32,,,,
350,7/19/2017 9:00,26.68277778,37,,,,
351,7/19/2017 10:00,26.68277778,72,,,,
352,7/19/2017 11:00,26.78111111,92,,,,
353,7/19/2017 12:00,27.37,118,,,,
354,7/19/2017 13:00,28.555,240,,,,
355,7/19/2017 14:00,29.15222222,240,,,,
356,7/19/2017 15:00,29.65222222,75,,,,
357,7/19/2017 16:00,30.05388889,184,,,,
358,7/19/2017 17:00,30.45722222,608,,,,
359,7/19/2017 18:00,30.76,336,,,,
360,7/19/2017 19:00,30.45722222,114,,,,
361,7/19/2017 20:00,30.05388889,26,,,,
362,7/19/2017 21:00,29.65222222,1,,,,
363,7/19/2017 22:00,29.45222222,0,,,,
364,7/19/2017 23:00,29.25222222,0,,,,
365,7/20/2017 0:00,29.15222222,0,,,,
366,7/20/2017 1:00,28.75388889,0,,,,
367,7/20/2017 2:00,28.45611111,0,,,,
368,7/20/2017 3:00,28.15888889,0,,,,
369,7/20/2017 4:00,28.06,0,,,,
370,7/20/2017 5:00,27.96111111,0,,,,
371,7/20/2017 6:00,27.76388889,0,,,,
372,7/20/2017 7:00,27.76388889,7,,,,
373,7/20/2017 8:00,27.665,12,,,,
374,7/20/2017 9:00,27.56722222,23,,,,
375,7/20/2017 10:00,27.56722222,50,,,,
376,7/20/2017 11:00,27.56722222,91,,,,
377,7/20/2017 12:00,27.76388889,248,,,,
378,7/20/2017 13:00,28.45611111,368,,,,
379,7/20/2017 14:00,28.95277778,480,,,,
380,7/20/2017 15:00,28.85277778,48,,,,
381,7/20/2017 16:00,28.75388889,66,,,,
382,7/20/2017 17:00,29.15222222,576,,,,
383,7/20/2017 18:00,29.25222222,152,,,,
384,7/20/2017 19:00,29.25222222,57,,,,
385,7/20/2017 20:00,29.15222222,30,,,,
386,7/20/2017 21:00,29.05277778,1,,,,
387,7/20/2017 22:00,28.85277778,0,,,,
388,7/20/2017 23:00,28.555,0,,,,
389,7/21/2017 0:00,28.35722222,0,,,,
390,7/21/2017 1:00,28.25777778,0,,,,
391,7/21/2017 2:00,28.15888889,0,,,,
392,7/21/2017 3:00,28.06,0,,,,
393,7/21/2017 4:00,27.96111111,0,,,,
394,7/21/2017 5:00,27.86222222,0,,,,
395,7/21/2017 6:00,27.665,0,,,,
396,7/21/2017 7:00,27.56722222,13,,,,
397,7/21/2017 8:00,27.46777778,15,,,,
398,7/21/2017 9:00,27.46777778,46,,,,
399,7/21/2017 10:00,27.56722222,61,,,,
400,7/21/2017 11:00,27.76388889,64,,,,
401,7/21/2017 12:00,28.555,208,,,,
402,7/21/2017 13:00,29.25222222,272,,,,
403,7/21/2017 14:00,29.55222222,144,,,,
404,7/21/2017 15:00,29.85277778,400,,,,
405,7/21/2017 16:00,30.255,368,,,,
406,7/21/2017 17:00,30.255,87,,,,
407,7/21/2017 18:00,30.15388889,200,,,,
408,7/21/2017 19:00,30.05388889,59,,,,
409,7/21/2017 20:00,29.95277778,26,,,,
410,7/21/2017 21:00,29.65222222,0,,,,
411,7/21/2017 22:00,29.45222222,0,,,,
412,7/21/2017 23:00,29.35222222,0,,,,
413,7/22/2017 0:00,29.15222222,0,,,,
414,7/22/2017 1:00,29.05277778,0,,,,
415,7/22/2017 2:00,28.85277778,0,,,,
416,7/22/2017 3:00,28.75388889,0,,,,
417,7/22/2017 4:00,28.655,0,,,,
418,7/22/2017 5:00,28.45611111,0,,,,
419,7/22/2017 6:00,28.35722222,0,,,,
420,7/22/2017 7:00,28.25777778,1,,,,
421,7/22/2017 8:00,28.15888889,4,,,,
422,7/22/2017 9:00,28.06,40,,,,
423,7/22/2017 10:00,27.96111111,26,,,,
424,7/22/2017 11:00,27.96111111,53,,,,
425,7/22/2017 12:00,27.96111111,61,,,,
426,7/22/2017 13:00,28.45611111,224,,,,
427,7/22/2017 14:00,29.05277778,416,,,,
428,7/22/2017 15:00,29.15222222,256,,,,
429,7/22/2017 16:00,29.35222222,82,,,,
430,7/22/2017 17:00,29.45222222,232,,,,
431,7/22/2017 18:00,29.35222222,87,,,,
432,7/22/2017 19:00,29.15222222,21,,,,
433,7/22/2017 20:00,28.95277778,7,,,,
434,7/22/2017 21:00,28.75388889,1,,,,
435,7/22/2017 22:00,28.655,0,,,,
436,7/22/2017 23:00,28.45611111,0,,,,
437,7/23/2017 0:00,28.35722222,0,,,,
438,7/23/2017 1:00,28.15888889,0,,,,
439,7/23/2017 2:00,27.96111111,0,,,,
440,7/23/2017 3:00,27.76388889,0,,,,
441,7/23/2017 4:00,27.665,0,,,,
442,7/23/2017 5:00,27.56722222,0,,,,
443,7/23/2017 6:00,27.46777778,0,,,,
444,7/23/2017 7:00,27.37,5,,,,
445,7/23/2017 8:00,27.37,14,,,,
446,7/23/2017 9:00,27.37,26,,,,
447,7/23/2017 10:00,27.46777778,59,,,,
448,7/23/2017 11:00,27.665,83,,,,
449,7/23/2017 12:00,27.96111111,87,,,,
450,7/23/2017 13:00,28.15888889,115,,,,
451,7/23/2017 14:00,28.555,108,,,,
452,7/23/2017 15:00,28.85277778,104,,,,
453,7/23/2017 16:00,29.05277778,128,,,,
454,7/23/2017 17:00,29.65222222,576,,,,
455,7/23/2017 18:00,29.75222222,464,,,,
456,7/23/2017 19:00,29.65222222,6,,,,
457,7/23/2017 20:00,29.55222222,24,,,,
458,7/23/2017 21:00,29.25222222,1,,,,
459,7/23/2017 22:00,29.05277778,0,,,,
460,7/23/2017 23:00,28.85277778,0,,,,
461,7/24/2017 0:00,28.655,0,,,,
462,7/24/2017 1:00,28.45611111,0,,,,
463,7/24/2017 2:00,28.35722222,0,,,,
464,7/24/2017 3:00,28.15888889,0,,,,
465,7/24/2017 4:00,27.96111111,0,,,,
466,7/24/2017 5:00,27.56722222,0,,,,
467,7/24/2017 6:00,27.27222222,0,,,,
468,7/24/2017 7:00,26.97722222,2,,,,
469,7/24/2017 8:00,26.68277778,21,,,,
470,7/24/2017 9:00,26.585,19,,,,
471,7/24/2017 10:00,26.195,45,,,,
472,7/24/2017 11:00,26.39,80,,,,
473,7/24/2017 12:00,26.29222222,49,,,,
474,7/24/2017 13:00,26.195,17,,,,
475,7/24/2017 14:00,26.48777778,101,,,,
476,7/24/2017 15:00,26.68277778,432,,,,
477,7/24/2017 16:00,27.075,448,,,,
478,7/24/2017 17:00,26.97722222,104,,,,
479,7/24/2017 18:00,27.075,352,,,,
480,7/24/2017 19:00,26.78111111,83,,,,
481,7/24/2017 20:00,26.68277778,23,,,,
482,7/24/2017 21:00,26.39,1,,,,
483,7/24/2017 22:00,26.29222222,0,,,,
484,7/24/2017 23:00,26.09722222,0,,,,
485,7/25/2017 0:00,26.09722222,0,,,,
486,7/25/2017 1:00,25.90222222,0,,,,
487,7/25/2017 2:00,25.805,0,,,,
488,7/25/2017 3:00,25.70777778,0,,,,
489,7/25/2017 4:00,25.51277778,0,,,,
490,7/25/2017 5:00,25.31888889,0,,,,
491,7/25/2017 6:00,25.22222222,0,,,,
492,7/25/2017 7:00,25.02777778,7,,,,
493,7/25/2017 8:00,24.835,17,,,,
494,7/25/2017 9:00,25.02777778,25,,,,
495,7/25/2017 10:00,25.22222222,23,,,,
496,7/25/2017 11:00,25.41611111,57,,,,
497,7/25/2017 12:00,25.90222222,224,,,,
498,7/25/2017 13:00,26.87888889,304,,,,
499,7/25/2017 14:00,27.17277778,176,,,,
500,7/25/2017 15:00,27.46777778,200,,,,
501,7/25/2017 16:00,27.76388889,576,,,,
502,7/25/2017 17:00,27.96111111,272,,,,
503,7/25/2017 18:00,28.15888889,320,,,,
504,7/25/2017 19:00,28.15888889,89,,,,
505,7/25/2017 20:00,27.96111111,26,,,,
506,7/25/2017 21:00,27.56722222,0,,,,
507,7/25/2017 22:00,27.27222222,0,,,,
508,7/25/2017 23:00,27.075,0,,,,
509,7/26/2017 0:00,26.78111111,0,,,,
510,7/26/2017 1:00,26.585,0,,,,
511,7/26/2017 2:00,26.39,0,,,,
512,7/26/2017 3:00,26.195,0,,,,
513,7/26/2017 4:00,26.09722222,0,,,,
514,7/26/2017 5:00,26,0,,,,
515,7/26/2017 6:00,25.90222222,0,,,,
516,7/26/2017 7:00,25.70777778,5,,,,
517,7/26/2017 8:00,25.70777778,19,,,,
518,7/26/2017 9:00,25.61,39,,,,
519,7/26/2017 10:00,25.61,54,,,,
520,7/26/2017 11:00,25.90222222,81,,,,
521,7/26/2017 12:00,26.09722222,152,,,,
522,7/26/2017 13:00,26.39,127,,,,
523,7/26/2017 14:00,26.48777778,184,,,,
524,7/26/2017 15:00,26.97722222,200,,,,
525,7/26/2017 16:00,26.87888889,152,,,,
526,7/26/2017 17:00,27.37,480,,,,
527,7/26/2017 18:00,27.665,123,,,,
528,7/26/2017 19:00,27.37,37,,,,
529,7/26/2017 20:00,26.78111111,6,,,,
530,7/26/2017 21:00,26.585,0,,,,
531,7/26/2017 22:00,26.48777778,0,,,,
532,7/26/2017 23:00,26.48777778,0,,,,
533,7/27/2017 0:00,26.39,0,,,,
534,7/27/2017 1:00,26.29222222,0,,,,
535,7/27/2017 2:00,26.195,0,,,,
536,7/27/2017 3:00,26.09722222,0,,,,
537,7/27/2017 4:00,26,0,,,,
538,7/27/2017 5:00,26,0,,,,
539,7/27/2017 6:00,25.90222222,0,,,,
540,7/27/2017 7:00,25.805,3,,,,
541,7/27/2017 8:00,25.805,11,,,,
542,7/27/2017 9:00,25.805,37,,,,
543,7/27/2017 10:00,26,46,,,,
544,7/27/2017 11:00,26.195,78,,,,
545,7/27/2017 12:00,26.48777778,119,,,,
546,7/27/2017 13:00,26.78111111,84,,,,
547,7/27/2017 14:00,27.665,336,,,,
548,7/27/2017 15:00,28.25777778,400,,,,
549,7/27/2017 16:00,28.45611111,127,,,,
550,7/27/2017 17:00,28.85277778,216,,,,
551,7/27/2017 18:00,29.05277778,336,,,,
552,7/27/2017 19:00,28.85277778,54,,,,
553,7/27/2017 20:00,28.45611111,25,,,,
554,7/27/2017 21:00,27.96111111,0,,,,
555,7/27/2017 22:00,27.665,0,,,,
556,7/27/2017 23:00,27.46777778,0,,,,
557,7/28/2017 0:00,27.27222222,0,,,,
558,7/28/2017 1:00,26.97722222,0,,,,
559,7/28/2017 2:00,26.78111111,0,,,,
560,7/28/2017 3:00,26.585,0,,,,
561,7/28/2017 4:00,26.39,0,,,,
562,7/28/2017 5:00,26.09722222,0,,,,
563,7/28/2017 6:00,26,0,,,,
564,7/28/2017 7:00,25.805,6,,,,
565,7/28/2017 8:00,25.70777778,23,,,,
566,7/28/2017 9:00,25.61,41,,,,
567,7/28/2017 10:00,25.61,45,,,,
568,7/28/2017 11:00,25.805,55,,,,
569,7/28/2017 12:00,26,78,,,,
570,7/28/2017 13:00,26.195,99,,,,
571,7/28/2017 14:00,26.48777778,464,,,,
572,7/28/2017 15:00,26.78111111,448,,,,
573,7/28/2017 16:00,26.585,256,,,,
574,7/28/2017 17:00,26.68277778,608,,,,
575,7/28/2017 18:00,26.585,464,,,,
576,7/28/2017 19:00,26.29222222,75,,,,
577,7/28/2017 20:00,26,20,,,,
578,7/28/2017 21:00,25.70777778,0,,,,
579,7/28/2017 22:00,25.70777778,0,,,,
580,7/28/2017 23:00,25.41611111,0,,,,
581,7/29/2017 0:00,25.125,0,,,,
582,7/29/2017 1:00,25.02777778,0,,,,
583,7/29/2017 2:00,24.835,0,,,,
584,7/29/2017 3:00,24.835,0,,,,
585,7/29/2017 4:00,24.64111111,0,,,,
586,7/29/2017 5:00,24.545,0,,,,
587,7/29/2017 6:00,24.44777778,0,,,,
588,7/29/2017 7:00,24.255,6,,,,
589,7/29/2017 8:00,24.15777778,12,,,,
590,7/29/2017 9:00,24.255,23,,,,
591,7/29/2017 10:00,24.35111111,18,,,,
592,7/29/2017 11:00,24.73777778,53,,,,
593,7/29/2017 12:00,25.22222222,216,,,,
594,7/29/2017 13:00,26,352,,,,
595,7/29/2017 14:00,26.29222222,400,,,,
596,7/29/2017 15:00,26.195,61,,,,
597,7/29/2017 16:00,26.585,416,,,,
598,7/29/2017 17:00,26.78111111,464,,,,
599,7/29/2017 18:00,26.78111111,272,,,,
600,7/29/2017 19:00,26.68277778,73,,,,
601,7/29/2017 20:00,26.48777778,16,,,,
602,7/29/2017 21:00,26.195,0,,,,
603,7/29/2017 22:00,26,0,,,,
604,7/29/2017 23:00,25.90222222,0,,,,
605,7/30/2017 0:00,25.70777778,0,,,,
606,7/30/2017 1:00,25.61,0,,,,
607,7/30/2017 2:00,25.41611111,0,,,,
608,7/30/2017 3:00,25.31888889,0,,,,
609,7/30/2017 4:00,25.22222222,0,,,,
610,7/30/2017 5:00,25.125,0,,,,
611,7/30/2017 6:00,24.93111111,0,,,,
612,7/30/2017 7:00,24.835,5,,,,
613,7/30/2017 8:00,24.73777778,10,,,,
614,7/30/2017 9:00,24.73777778,19,,,,
615,7/30/2017 10:00,24.835,18,,,,
616,7/30/2017 11:00,25.125,39,,,,
617,7/30/2017 12:00,25.61,152,,,,
618,7/30/2017 13:00,26.48777778,208,,,,
619,7/30/2017 14:00,26.78111111,41,,,,
620,7/30/2017 15:00,27.075,272,,,,
621,7/30/2017 16:00,27.665,320,,,,
622,7/30/2017 17:00,27.86222222,184,,,,
623,7/30/2017 18:00,27.96111111,320,,,,
624,7/30/2017 19:00,28.15888889,320,,,,
625,7/30/2017 20:00,27.76388889,16,,,,
626,7/30/2017 21:00,27.56722222,0,,,,
627,7/30/2017 22:00,27.075,0,,,,
628,7/30/2017 23:00,26.87888889,0,,,,
629,7/31/2017 0:00,26.68277778,0,,,,
630,7/31/2017 1:00,26.585,0,,,,
631,7/31/2017 2:00,26.39,0,,,,
632,7/31/2017 3:00,26.195,0,,,,
633,7/31/2017 4:00,26,0,,,,
634,7/31/2017 5:00,25.90222222,0,,,,
635,7/31/2017 6:00,25.70777778,0,,,,
636,7/31/2017 7:00,25.51277778,4,,,,
637,7/31/2017 8:00,25.41611111,10,,,,
638,7/31/2017 9:00,25.41611111,19,,,,
639,7/31/2017 10:00,25.51277778,17,,,,
640,7/31/2017 11:00,25.90222222,46,,,,
641,7/31/2017 12:00,26.39,176,,,,
642,7/31/2017 13:00,27.17277778,256,,,,
643,7/31/2017 14:00,27.56722222,240,,,,
644,7/31/2017 15:00,28.06,256,,,,
645,7/31/2017 16:00,28.45611111,304,,,,
646,7/31/2017 17:00,28.85277778,352,,,,
647,7/31/2017 18:00,28.95277778,224,,,,
648,7/31/2017 19:00,28.95277778,63,,,,
649,7/31/2017 20:00,28.75388889,10,,,,
650,7/31/2017 21:00,28.35722222,0,,,,
651,7/31/2017 22:00,27.96111111,0,,,,
652,7/31/2017 23:00,27.665,0,,,,
653,8/1/2017 0:00,27.37,0,,,,
654,8/1/2017 1:00,27.075,0,,,,
655,8/1/2017 2:00,26.87888889,0,,,,
656,8/1/2017 3:00,26.78111111,0,,,,
657,8/1/2017 4:00,26.585,0,,,,
658,8/1/2017 5:00,26.39,0,,,,
659,8/1/2017 6:00,26.29222222,0,,,,
660,8/1/2017 7:00,26.195,3,,,,
661,8/1/2017 8:00,26,9,,,,
662,8/1/2017 9:00,26,18,,,,
663,8/1/2017 10:00,26,16,,,,
664,8/1/2017 11:00,26.29222222,39,,,,
665,8/1/2017 12:00,26.78111111,184,,,,
666,8/1/2017 13:00,27.37,304,,,,
667,8/1/2017 14:00,27.665,224,,,,
668,8/1/2017 15:00,27.96111111,54,,,,
669,8/1/2017 16:00,28.25777778,79,,,,
670,8/1/2017 17:00,28.655,320,,,,
671,8/1/2017 18:00,28.45611111,184,,,,
672,8/1/2017 19:00,28.25777778,63,,,,
673,8/1/2017 20:00,28.06,14,,,,
674,8/1/2017 21:00,27.76388889,0,,,,
675,8/1/2017 22:00,27.56722222,0,,,,
676,8/1/2017 23:00,27.37,0,,,,
677,8/2/2017 0:00,27.27222222,0,,,,
678,8/2/2017 1:00,27.17277778,0,,,,
679,8/2/2017 2:00,26.97722222,0,,,,
680,8/2/2017 3:00,26.87888889,0,,,,
681,8/2/2017 4:00,26.78111111,0,,,,
682,8/2/2017 5:00,26.585,0,,,,
683,8/2/2017 6:00,26.48777778,0,,,,
684,8/2/2017 7:00,26.39,3,,,,
685,8/2/2017 8:00,26.39,14,,,,
686,8/2/2017 9:00,26.39,18,,,,
687,8/2/2017 10:00,26.48777778,17,,,,
688,8/2/2017 11:00,26.78111111,49,,,,
689,8/2/2017 12:00,27.27222222,160,,,,
690,8/2/2017 12:50,-17.77777778,,,,,
691,8/2/2017 12:50,,,,Logged,,
692,8/2/2017 12:52,,,,,Logged,
693,8/2/2017 13:00,82.864,125,,,,
694,8/2/2017 14:00,81.621,99,,,,
695,8/2/2017 15:00,82.508,13,,,,
696,8/2/2017 16:00,82.152,32,,,,
697,8/2/2017 17:00,81.621,256,,,,
698,8/2/2017 18:00,81.797,192,,,,
699,8/2/2017 19:00,81.266,46,,,,
700,8/2/2017 20:00,81.09,24,,,,
701,8/2/2017 21:00,80.911,0,,,,
702,8/2/2017 22:00,80.559,0,,,,
703,8/2/2017 23:00,80.382,0,,,,
704,8/3/2017 0:00,80.206,0,,,,
705,8/3/2017 1:00,80.206,0,,,,
706,8/3/2017 2:00,79.853,0,,,,
707,8/3/2017 3:00,79.853,0,,,,
708,8/3/2017 4:00,79.502,0,,,,
709,8/3/2017 5:00,79.502,0,,,,
710,8/3/2017 6:00,79.326,0,,,,
711,8/3/2017 7:00,79.326,4,,,,
712,8/3/2017 8:00,79.151,15,,,,
713,8/3/2017 9:00,78.975,26,,,,
714,8/3/2017 10:00,79.502,34,,,,
715,8/3/2017 11:00,80.382,66,,,,
716,8/3/2017 12:00,80.559,36,,,,
717,8/3/2017 13:00,81.266,83,,,,
718,8/3/2017 14:00,81.621,136,,,,
719,8/3/2017 15:00,82.152,128,,,,
720,8/3/2017 16:00,82.33,33,,,,
721,8/3/2017 17:00,81.621,48,,,,
722,8/3/2017 18:00,80.735,3,,,,
723,8/3/2017 19:00,80.029,0,,,,
724,8/3/2017 20:00,79.853,10,,,,
725,8/3/2017 21:00,79.678,0,,,,
726,8/3/2017 22:00,79.502,0,,,,
727,8/3/2017 23:00,79.326,0,,,,
728,8/4/2017 0:00,79.151,0,,,,
729,8/4/2017 1:00,78.975,0,,,,
730,8/4/2017 2:00,78.8,0,,,,
731,8/4/2017 3:00,78.624,0,,,,
732,8/4/2017 4:00,78.624,0,,,,
733,8/4/2017 5:00,78.449,0,,,,
734,8/4/2017 6:00,78.274,0,,,,
735,8/4/2017 7:00,78.098,0,,,,
736,8/4/2017 8:00,77.923,13,,,,
737,8/4/2017 9:00,77.923,9,,,,
738,8/4/2017 10:00,77.749,26,,,,
739,8/4/2017 11:00,77.923,105,,,,
740,8/4/2017 12:00,78.449,152,,,,
741,8/4/2017 13:00,79.326,41,,,,
742,8/4/2017 14:00,79.151,82,,,,
743,8/4/2017 15:00,79.502,99,,,,
744,8/4/2017 16:00,79.151,16,,,,
745,8/4/2017 17:00,78.975,10,,,,
746,8/4/2017 18:00,78.8,11,,,,
747,8/4/2017 19:00,78.274,1,,,,
748,8/4/2017 20:00,77.923,0,,,,
749,8/4/2017 21:00,77.574,0,,,,
750,8/4/2017 22:00,77.225,0,,,,
751,8/4/2017 23:00,76.876,0,,,,
752,8/5/2017 0:00,76.528,0,,,,
753,8/5/2017 1:00,75.832,0,,,,
754,8/5/2017 2:00,75.659,0,,,,
755,8/5/2017 3:00,74.619,0,,,,
756,8/5/2017 4:00,74.619,0,,,,
757,8/5/2017 5:00,74.446,0,,,,
758,8/5/2017 6:00,74.098,0,,,,
759,8/5/2017 7:00,74.098,1,,,,
760,8/5/2017 8:00,74.098,2,,,,
761,8/5/2017 9:00,74.098,4,,,,
762,8/5/2017 10:00,74.098,9,,,,
763,8/5/2017 11:00,74.791,15,,,,
764,8/5/2017 12:00,75.659,55,,,,
765,8/5/2017 13:00,76.354,12,,,,
766,8/5/2017 14:00,76.703,13,,,,
767,8/5/2017 15:00,76.876,11,,,,
768,8/5/2017 16:00,77.4,45,,,,
769,8/5/2017 17:00,77.923,17,,,,
770,8/5/2017 18:00,78.098,20,,,,
771,8/5/2017 19:00,77.749,6,,,,
772,8/5/2017 20:00,77.4,2,,,,
773,8/5/2017 21:00,76.876,0,,,,
774,8/5/2017 22:00,76.354,0,,,,
775,8/5/2017 23:00,76.006,0,,,,
776,8/6/2017 0:00,75.832,0,,,,
777,8/6/2017 1:00,75.659,0,,,,
778,8/6/2017 2:00,75.484,0,,,,
779,8/6/2017 3:00,75.312,0,,,,
780,8/6/2017 4:00,75.139,0,,,,
781,8/6/2017 5:00,74.964,0,,,,
782,8/6/2017 6:00,74.791,0,,,,
783,8/6/2017 7:00,74.619,1,,,,
784,8/6/2017 8:00,74.446,9,,,,
785,8/6/2017 9:00,74.446,15,,,,
786,8/6/2017 10:00,74.619,18,,,,
787,8/6/2017 11:00,74.791,16,,,,
788,8/6/2017 12:00,75.139,23,,,,
789,8/6/2017 13:00,75.312,22,,,,
790,8/6/2017 14:00,75.484,26,,,,
791,8/6/2017 15:00,75.832,25,,,,
792,8/6/2017 16:00,76.528,27,,,,
793,8/6/2017 17:00,76.876,47,,,,
794,8/6/2017 18:00,76.876,27,,,,
795,8/6/2017 19:00,76.876,10,,,,
796,8/6/2017 20:00,76.703,0,,,,
797,8/6/2017 21:00,76.354,0,,,,
798,8/6/2017 22:00,75.832,0,,,,
799,8/6/2017 23:00,75.484,0,,,,
800,8/7/2017 0:00,75.312,0,,,,
801,8/7/2017 1:00,75.139,0,,,,
802,8/7/2017 2:00,75.139,0,,,,
803,8/7/2017 3:00,74.964,0,,,,
804,8/7/2017 4:00,74.791,0,,,,
805,8/7/2017 5:00,74.619,0,,,,
806,8/7/2017 6:00,74.446,0,,,,
807,8/7/2017 7:00,74.271,0,,,,
808,8/7/2017 8:00,74.271,5,,,,
809,8/7/2017 9:00,74.098,13,,,,
810,8/7/2017 10:00,74.098,10,,,,
811,8/7/2017 11:00,74.791,18,,,,
812,8/7/2017 12:00,75.312,31,,,,
813,8/7/2017 13:00,75.484,18,,,,
814,8/7/2017 14:00,76.181,40,,,,
815,8/7/2017 15:00,77.225,43,,,,
816,8/7/2017 16:00,77.923,88,,,,
817,8/7/2017 17:00,78.624,99,,,,
818,8/7/2017 18:00,78.975,62,,,,
819,8/7/2017 19:00,78.624,7,,,,
820,8/7/2017 20:00,78.449,3,,,,
821,8/7/2017 21:00,77.923,0,,,,
822,8/7/2017 22:00,77.225,0,,,,
823,8/7/2017 23:00,76.703,0,,,,
824,8/8/2017 0:00,76.354,0,,,,
825,8/8/2017 1:00,76.006,0,,,,
826,8/8/2017 2:00,75.832,0,,,,
827,8/8/2017 3:00,75.659,0,,,,
828,8/8/2017 4:00,75.484,0,,,,
829,8/8/2017 5:00,75.139,0,,,,
830,8/8/2017 6:00,74.964,0,,,,
831,8/8/2017 7:00,74.791,0,,,,
832,8/8/2017 8:00,74.446,3,,,,
833,8/8/2017 9:00,74.446,4,,,,
834,8/8/2017 10:00,74.619,7,,,,
835,8/8/2017 11:00,74.964,11,,,,
836,8/8/2017 12:00,76.006,41,,,,
837,8/8/2017 13:00,76.703,60,,,,
838,8/8/2017 14:00,77.4,26,,,,
839,8/8/2017 15:00,78.624,61,,,,
840,8/8/2017 16:00,79.502,71,,,,
841,8/8/2017 17:00,79.853,68,,,,
842,8/8/2017 18:00,79.853,28,,,,
843,8/8/2017 19:00,79.678,13,,,,
844,8/8/2017 20:00,79.326,3,,,,
845,8/8/2017 21:00,78.8,0,,,,
846,8/8/2017 22:00,78.274,0,,,,
847,8/8/2017 23:00,77.749,0,,,,
848,8/9/2017 0:00,77.4,0,,,,
849,8/9/2017 1:00,77.05,0,,,,
850,8/9/2017 2:00,76.876,0,,,,
851,8/9/2017 3:00,76.528,0,,,,
852,8/9/2017 4:00,76.181,0,,,,
853,8/9/2017 5:00,76.006,0,,,,
854,8/9/2017 6:00,75.832,0,,,,
855,8/9/2017 7:00,75.659,0,,,,
856,8/9/2017 8:00,75.484,4,,,,
857,8/9/2017 9:00,75.312,5,,,,
858,8/9/2017 10:00,75.484,7,,,,
859,8/9/2017 11:00,76.006,14,,,,
860,8/9/2017 12:00,77.225,45,,,,
861,8/9/2017 13:00,78.274,59,,,,
862,8/9/2017 14:00,78.8,33,,,,
863,8/9/2017 15:00,79.853,272,,,,
864,8/9/2017 16:00,79.502,368,,,,
865,8/9/2017 17:00,80.206,232,,,,
866,8/9/2017 18:00,80.382,192,,,,
867,8/9/2017 19:00,79.853,40,,,,
868,8/9/2017 20:00,79.151,12,,,,
869,8/9/2017 21:00,78.975,0,,,,
870,8/9/2017 22:00,78.8,0,,,,
871,8/9/2017 23:00,78.449,0,,,,
872,8/10/2017 0:00,78.274,0,,,,
873,8/10/2017 1:00,77.923,0,,,,
874,8/10/2017 2:00,77.749,0,,,,
875,8/10/2017 3:00,77.574,0,,,,
876,8/10/2017 4:00,77.225,0,,,,
877,8/10/2017 5:00,77.05,0,,,,
878,8/10/2017 6:00,76.703,0,,,,
879,8/10/2017 7:00,76.528,3,,,,
880,8/10/2017 8:00,76.354,13,,,,
881,8/10/2017 9:00,76.354,35,,,,
882,8/10/2017 10:00,76.528,31,,,,
883,8/10/2017 11:00,77.225,59,,,,
884,8/10/2017 12:00,78.274,224,,,,
885,8/10/2017 13:00,79.151,256,,,,
886,8/10/2017 14:00,79.502,128,,,,
887,8/10/2017 15:00,79.853,216,,,,
888,8/10/2017 16:00,80.911,272,,,,
889,8/10/2017 17:00,80.559,288,,,,
890,8/10/2017 18:00,79.326,184,,,,
891,8/10/2017 19:00,79.326,38,,,,
892,8/10/2017 20:00,79.326,5,,,,
893,8/10/2017 21:00,79.326,0,,,,
894,8/10/2017 22:00,78.975,0,,,,
895,8/10/2017 23:00,78.624,0,,,,
896,8/11/2017 0:00,78.274,0,,,,
897,8/11/2017 1:00,78.098,0,,,,
898,8/11/2017 2:00,77.923,0,,,,
899,8/11/2017 3:00,77.749,0,,,,
900,8/11/2017 4:00,77.574,0,,,,
901,8/11/2017 5:00,77.4,0,,,,
902,8/11/2017 6:00,77.225,0,,,,
903,8/11/2017 7:00,77.05,1,,,,
904,8/11/2017 8:00,76.876,10,,,,
905,8/11/2017 9:00,76.876,39,,,,
906,8/11/2017 10:00,76.876,42,,,,
907,8/11/2017 11:00,77.225,49,,,,
908,8/11/2017 12:00,77.574,42,,,,
909,8/11/2017 13:00,77.923,79,,,,
910,8/11/2017 14:00,78.624,240,,,,
911,8/11/2017 15:00,79.678,288,,,,
912,8/11/2017 16:00,80.206,576,,,,
913,8/11/2017 17:00,79.853,42,,,,
914,8/11/2017 18:00,80.382,208,,,,
915,8/11/2017 19:00,80.029,20,,,,
916,8/11/2017 20:00,79.678,7,,,,
917,8/11/2017 21:00,79.502,0,,,,
918,8/11/2017 22:00,79.151,0,,,,
919,8/11/2017 23:00,78.8,0,,,,
920,8/12/2017 0:00,78.624,0,,,,
921,8/12/2017 1:00,78.274,0,,,,
922,8/12/2017 2:00,77.923,0,,,,
923,8/12/2017 3:00,77.749,0,,,,
924,8/12/2017 4:00,77.574,0,,,,
925,8/12/2017 5:00,77.225,0,,,,
926,8/12/2017 6:00,77.05,0,,,,
927,8/12/2017 7:00,76.703,1,,,,
928,8/12/2017 8:00,76.528,13,,,,
929,8/12/2017 9:00,76.181,25,,,,
930,8/12/2017 10:00,76.006,44,,,,
931,8/12/2017 11:00,76.181,49,,,,
932,8/12/2017 12:00,76.528,77,,,,
933,8/12/2017 13:00,76.876,256,,,,
934,8/12/2017 14:00,77.574,70,,,,
935,8/12/2017 15:00,77.923,16,,,,
936,8/12/2017 16:00,78.274,67,,,,
937,8/12/2017 17:00,78.975,496,,,,
938,8/12/2017 18:00,78.975,248,,,,
939,8/12/2017 19:00,78.624,88,,,,
940,8/12/2017 20:00,78.449,11,,,,
941,8/12/2017 21:00,78.098,0,,,,
942,8/12/2017 22:00,77.749,0,,,,
943,8/12/2017 23:00,77.574,0,,,,
944,8/13/2017 0:00,77.4,0,,,,
945,8/13/2017 1:00,77.225,0,,,,
946,8/13/2017 2:00,76.876,0,,,,
947,8/13/2017 3:00,76.703,0,,,,
948,8/13/2017 4:00,76.528,0,,,,
949,8/13/2017 5:00,76.354,0,,,,
950,8/13/2017 6:00,76.181,0,,,,
951,8/13/2017 7:00,76.006,3,,,,
952,8/13/2017 8:00,75.832,9,,,,
953,8/13/2017 9:00,75.832,27,,,,
954,8/13/2017 10:00,76.006,25,,,,
955,8/13/2017 11:00,76.528,41,,,,
956,8/13/2017 12:00,77.225,168,,,,
957,8/13/2017 13:00,77.749,272,,,,
958,8/13/2017 14:00,78.8,152,,,,
959,8/13/2017 15:00,80.206,352,,,,
960,8/13/2017 16:00,81.442,480,,,,
961,8/13/2017 17:00,80.911,91,,,,
962,8/13/2017 18:00,81.442,176,,,,
963,8/13/2017 19:00,80.735,32,,,,
964,8/13/2017 20:00,80.382,7,,,,
965,8/13/2017 21:00,80.029,0,,,,
966,8/13/2017 22:00,79.678,0,,,,
967,8/13/2017 23:00,79.326,0,,,,
968,8/14/2017 0:00,78.8,0,,,,
969,8/14/2017 1:00,78.449,0,,,,
970,8/14/2017 2:00,78.274,0,,,,
971,8/14/2017 3:00,77.923,0,,,,
972,8/14/2017 4:00,77.749,0,,,,
973,8/14/2017 5:00,77.4,0,,,,
974,8/14/2017 6:00,77.225,0,,,,
975,8/14/2017 7:00,76.876,1,,,,
976,8/14/2017 8:00,76.703,11,,,,
977,8/14/2017 9:00,76.703,44,,,,
978,8/14/2017 10:00,76.876,47,,,,
979,8/14/2017 11:00,77.225,42,,,,
980,8/14/2017 12:00,78.098,176,,,,
981,8/14/2017 13:00,78.624,94,,,,
982,8/14/2017 14:00,78.449,72,,,,
983,8/14/2017 15:00,78.449,73,,,,
984,8/14/2017 16:00,78.975,480,,,,
985,8/14/2017 17:00,78.8,89,,,,
986,8/14/2017 18:00,78.8,20,,,,
987,8/14/2017 19:00,79.502,62,,,,
988,8/14/2017 20:00,79.151,5,,,,
989,8/14/2017 21:00,78.975,0,,,,
990,8/14/2017 22:00,78.624,0,,,,
991,8/14/2017 23:00,78.449,0,,,,
992,8/15/2017 0:00,78.274,0,,,,
993,8/15/2017 1:00,77.923,0,,,,
994,8/15/2017 2:00,77.923,0,,,,
995,8/15/2017 3:00,77.749,0,,,,
996,8/15/2017 4:00,77.4,0,,,,
997,8/15/2017 5:00,77.225,0,,,,
998,8/15/2017 6:00,77.05,0,,,,
999,8/15/2017 7:00,76.876,0,,,,
1000,8/15/2017 8:00,76.876,9,,,,
1001,8/15/2017 9:00,76.876,19,,,,
1002,8/15/2017 10:00,76.876,50,,,,
1003,8/15/2017 11:00,77.4,74,,,,
1004,8/15/2017 12:00,78.098,176,,,,
1005,8/15/2017 13:00,79.151,216,,,,
1006,8/15/2017 14:00,79.853,53,,,,
1007,8/15/2017 15:00,80.911,83,,,,
1008,8/15/2017 16:00,81.621,95,,,,
1009,8/15/2017 17:00,82.508,512,,,,
1010,8/15/2017 18:00,82.508,216,,,,
1011,8/15/2017 19:00,82.33,59,,,,
1012,8/15/2017 20:00,81.975,6,,,,
1013,8/15/2017 21:00,81.442,0,,,,
1014,8/15/2017 22:00,80.911,0,,,,
1015,8/15/2017 23:00,80.382,0,,,,
1016,8/16/2017 0:00,80.029,0,,,,
1017,8/16/2017 1:00,79.853,0,,,,
1018,8/16/2017 2:00,79.502,0,,,,
1019,8/16/2017 3:00,79.151,0,,,,
1020,8/16/2017 4:00,78.8,0,,,,
1021,8/16/2017 5:00,78.624,0,,,,
1022,8/16/2017 6:00,78.274,0,,,,
1023,8/16/2017 7:00,78.098,2,,,,
1024,8/16/2017 8:00,77.923,10,,,,
1025,8/16/2017 9:00,77.923,22,,,,
1026,8/16/2017 10:00,78.098,68,,,,
1027,8/16/2017 11:00,78.274,72,,,,
1028,8/16/2017 12:00,78.8,176,,,,
1029,8/16/2017 13:00,79.151,82,,,,
1030,8/16/2017 14:00,79.326,80,,,,
1031,8/16/2017 15:00,79.326,75,,,,
1032,8/16/2017 16:00,79.502,59,,,,
1033,8/16/2017 17:00,80.382,608,,,,
1034,8/16/2017 18:00,80.029,288,,,,
1035,8/16/2017 19:00,80.029,72,,,,
1036,8/16/2017 20:00,79.853,9,,,,
1037,8/16/2017 21:00,79.502,0,,,,
1038,8/16/2017 22:00,79.326,0,,,,
1039,8/16/2017 23:00,79.151,0,,,,
1040,8/17/2017 0:00,78.975,0,,,,
1041,8/17/2017 1:00,78.8,0,,,,
1042,8/17/2017 2:00,78.624,0,,,,
1043,8/17/2017 3:00,78.449,0,,,,
1044,8/17/2017 4:00,78.274,0,,,,
1045,8/17/2017 5:00,78.098,0,,,,
1046,8/17/2017 6:00,77.923,0,,,,
1047,8/17/2017 7:00,77.923,0,,,,
1048,8/17/2017 8:00,77.749,11,,,,
1049,8/17/2017 9:00,77.749,27,,,,
1050,8/17/2017 10:00,77.749,41,,,,
1051,8/17/2017 11:00,77.749,22,,,,
1052,8/17/2017 12:00,78.274,90,,,,
1053,8/17/2017 13:00,78.449,25,,,,
1054,8/17/2017 14:00,78.449,42,,,,
1055,8/17/2017 15:00,78.274,57,,,,
1056,8/17/2017 16:00,79.326,368,,,,
1057,8/17/2017 17:00,79.151,288,,,,
1058,8/17/2017 18:00,79.326,288,,,,
1059,8/17/2017 19:00,78.975,51,,,,
1060,8/17/2017 20:00,79.151,4,,,,
1061,8/17/2017 21:00,79.151,0,,,,
1062,8/17/2017 22:00,78.975,0,,,,
1063,8/17/2017 23:00,78.624,0,,,,
1064,8/18/2017 0:00,78.449,0,,,,
1065,8/18/2017 1:00,78.274,0,,,,
1066,8/18/2017 2:00,78.098,0,,,,
1067,8/18/2017 3:00,77.923,0,,,,
1068,8/18/2017 4:00,77.923,0,,,,
1069,8/18/2017 5:00,77.749,0,,,,
1070,8/18/2017 6:00,77.574,0,,,,
1071,8/18/2017 7:00,77.4,2,,,,
1072,8/18/2017 8:00,77.225,9,,,,
1073,8/18/2017 9:00,77.225,31,,,,
1074,8/18/2017 10:00,77.05,21,,,,
1075,8/18/2017 11:00,77.225,77,,,,
1076,8/18/2017 12:00,77.225,128,,,,
1077,8/18/2017 13:00,77.574,60,,,,
1078,8/18/2017 14:00,77.749,168,,,,
1079,8/18/2017 15:00,77.749,32,,,,
1080,8/18/2017 16:00,77.749,93,,,,
1081,8/18/2017 17:00,77.923,60,,,,
1082,8/18/2017 18:00,77.923,38,,,,
1083,8/18/2017 19:00,77.749,20,,,,
1084,8/18/2017 20:00,77.4,4,,,,
1085,8/18/2017 21:00,77.05,0,,,,
1086,8/18/2017 22:00,76.876,0,,,,
1087,8/18/2017 23:00,76.528,0,,,,
1088,8/19/2017 0:00,76.528,0,,,,
1089,8/19/2017 1:00,76.354,0,,,,
1090,8/19/2017 2:00,76.181,0,,,,
1091,8/19/2017 3:00,76.006,0,,,,
1092,8/19/2017 4:00,75.659,0,,,,
1093,8/19/2017 5:00,75.484,0,,,,
1094,8/19/2017 6:00,75.484,0,,,,
1095,8/19/2017 7:00,75.139,1,,,,
1096,8/19/2017 8:00,75.139,18,,,,
1097,8/19/2017 9:00,75.139,35,,,,
1098,8/19/2017 10:00,75.312,32,,,,
1099,8/19/2017 11:00,75.832,29,,,,
1100,8/19/2017 12:00,76.528,304,,,,
1101,8/19/2017 13:00,77.574,576,,,,
1102,8/19/2017 14:00,77.749,176,,,,
1103,8/19/2017 15:00,78.449,168,,,,
1104,8/19/2017 16:00,79.326,71,,,,
1105,8/19/2017 17:00,79.678,416,,,,
1106,8/19/2017 18:00,79.678,208,,,,
1107,8/19/2017 19:00,79.502,54,,,,
1108,8/19/2017 20:00,79.151,9,,,,
1109,8/19/2017 21:00,78.624,0,,,,
1110,8/19/2017 22:00,78.098,0,,,,
1111,8/19/2017 23:00,77.749,0,,,,
1112,8/20/2017 0:00,77.574,0,,,,
1113,8/20/2017 1:00,77.225,0,,,,
1114,8/20/2017 2:00,77.05,0,,,,
1115,8/20/2017 3:00,76.876,0,,,,
1116,8/20/2017 4:00,76.703,0,,,,
1117,8/20/2017 5:00,76.354,0,,,,
1118,8/20/2017 6:00,76.181,0,,,,
1119,8/20/2017 7:00,76.006,1,,,,
1120,8/20/2017 8:00,75.832,10,,,,
1121,8/20/2017 9:00,75.832,29,,,,
1122,8/20/2017 10:00,76.006,30,,,,
1123,8/20/2017 11:00,76.703,34,,,,
1124,8/20/2017 12:00,77.574,200,,,,
1125,8/20/2017 13:00,78.8,512,,,,
1126,8/20/2017 14:00,78.098,110,,,,
1127,8/20/2017 15:00,78.274,123,,,,
1128,8/20/2017 16:00,79.326,480,,,,
1129,8/20/2017 17:00,79.502,272,,,,
1130,8/20/2017 18:00,79.326,136,,,,
1131,8/20/2017 19:00,79.151,14,,,,
1132,8/20/2017 20:00,78.975,5,,,,
1133,8/20/2017 21:00,78.975,0,,,,
1134,8/20/2017 22:00,78.624,0,,,,
1135,8/20/2017 23:00,78.449,0,,,,
1136,8/21/2017 0:00,78.274,0,,,,
1137,8/21/2017 1:00,78.098,0,,,,
1138,8/21/2017 2:00,77.923,0,,,,
1139,8/21/2017 3:00,77.749,0,,,,
1140,8/21/2017 4:00,77.574,0,,,,
1141,8/21/2017 5:00,77.4,0,,,,
1142,8/21/2017 6:00,77.4,0,,,,
1143,8/21/2017 7:00,77.05,1,,,,
1144,8/21/2017 8:00,77.05,16,,,,
1145,8/21/2017 9:00,77.225,31,,,,
1146,8/21/2017 10:00,77.4,40,,,,
1147,8/21/2017 11:00,78.274,42,,,,
1148,8/21/2017 12:00,78.975,200,,,,
1149,8/21/2017 13:00,80.206,480,,,,
1150,8/21/2017 14:00,79.326,40,,,,
1151,8/21/2017 15:00,79.151,52,,,,
1152,8/21/2017 16:00,78.8,256,,,,
1153,8/21/2017 17:00,78.975,136,,,,
1154,8/21/2017 18:00,80.029,109,,,,
1155,8/21/2017 19:00,80.206,48,,,,
1156,8/21/2017 20:00,80.029,3,,,,
1157,8/21/2017 21:00,79.678,0,,,,
1158,8/21/2017 22:00,79.502,0,,,,
1159,8/21/2017 23:00,79.502,0,,,,
1160,8/22/2017 0:00,79.326,0,,,,
1161,8/22/2017 1:00,79.151,0,,,,
1162,8/22/2017 2:00,78.975,0,,,,
1163,8/22/2017 3:00,78.8,0,,,,
1164,8/22/2017 4:00,78.624,0,,,,
1165,8/22/2017 5:00,78.449,0,,,,
1166,8/22/2017 6:00,78.274,0,,,,
1167,8/22/2017 7:00,78.098,0,,,,
1168,8/22/2017 8:00,77.749,7,,,,
1169,8/22/2017 9:00,77.574,10,,,,
1170,8/22/2017 10:00,77.574,26,,,,
1171,8/22/2017 11:00,77.574,55,,,,
1172,8/22/2017 12:00,77.749,44,,,,
1173,8/22/2017 13:00,78.274,216,,,,
1174,8/22/2017 14:00,78.274,46,,,,
1175,8/22/2017 15:00,78.274,96,,,,
1176,8/22/2017 16:00,79.151,480,,,,
1177,8/22/2017 17:00,79.502,320,,,,
1178,8/22/2017 18:00,79.326,18,,,,
1179,8/22/2017 19:00,78.975,20,,,,
1180,8/22/2017 20:00,78.8,5,,,,
1181,8/22/2017 21:00,78.098,0,,,,
1182,8/22/2017 22:00,77.749,0,,,,
1183,8/22/2017 23:00,77.225,0,,,,
1184,8/23/2017 0:00,76.703,0,,,,
1185,8/23/2017 1:00,76.528,0,,,,
1186,8/23/2017 2:00,76.354,0,,,,
1187,8/23/2017 3:00,76.006,0,,,,
1188,8/23/2017 4:00,76.006,0,,,,
1189,8/23/2017 5:00,75.484,0,,,,
1190,8/23/2017 6:00,75.139,0,,,,
1191,8/23/2017 7:00,75.139,0,,,,
1192,8/23/2017 8:00,75.139,8,,,,
1193,8/23/2017 9:00,75.139,25,,,,
1194,8/23/2017 10:00,75.312,32,,,,
1195,8/23/2017 11:00,75.484,29,,,,
1196,8/23/2017 12:00,76.181,248,,,,
1197,8/23/2017 13:00,77.05,496,,,,
1198,8/23/2017 14:00,77.05,54,,,,
1199,8/23/2017 15:00,77.4,168,,,,
1200,8/23/2017 16:00,78.274,576,,,,
1201,8/23/2017 17:00,78.449,416,,,,
1202,8/23/2017 18:00,77.749,22,,,,
1203,8/23/2017 19:00,77.574,20,,,,
1204,8/23/2017 20:00,77.4,5,,,,
1205,8/23/2017 21:00,77.05,0,,,,
1206,8/23/2017 22:00,76.703,0,,,,
1207,8/23/2017 23:00,76.354,0,,,,
1208,8/24/2017 0:00,75.832,0,,,,
1209,8/24/2017 1:00,75.484,0,,,,
1210,8/24/2017 2:00,75.312,0,,,,
1211,8/24/2017 3:00,74.619,0,,,,
1212,8/24/2017 4:00,74.619,0,,,,
1213,8/24/2017 5:00,74.446,0,,,,
1214,8/24/2017 6:00,74.271,0,,,,
1215,8/24/2017 7:00,74.098,0,,,,
1216,8/24/2017 8:00,73.753,10,,,,
1217,8/24/2017 9:00,73.407,27,,,,
1218,8/24/2017 10:00,73.926,35,,,,
1219,8/24/2017 11:00,74.098,51,,,,
1220,8/24/2017 12:00,74.619,168,,,,
1221,8/24/2017 13:00,75.139,106,,,,
1222,8/24/2017 14:00,75.312,46,,,,
1223,8/24/2017 15:00,75.484,120,,,,
1224,8/24/2017 16:00,75.139,48,,,,
1225,8/24/2017 17:00,74.791,45,,,,
1226,8/24/2017 18:00,74.446,40,,,,
1227,8/24/2017 19:00,74.446,53,,,,
1228,8/24/2017 20:00,74.098,4,,,,
1229,8/24/2017 21:00,73.926,0,,,,
1230,8/24/2017 22:00,73.753,0,,,,
1231,8/24/2017 23:00,73.407,0,,,,
1232,8/25/2017 0:00,73.234,0,,,,
1233,8/25/2017 1:00,72.891,0,,,,
1234,8/25/2017 2:00,72.718,0,,,,
1235,8/25/2017 3:00,72.718,0,,,,
1236,8/25/2017 4:00,72.545,0,,,,
1237,8/25/2017 5:00,72.372,0,,,,
1238,8/25/2017 6:00,72.199,0,,,,
1239,8/25/2017 7:00,72.028,0,,,,
1240,8/25/2017 8:00,71.512,9,,,,
1241,8/25/2017 9:00,71.683,26,,,,
1242,8/25/2017 10:00,72.199,36,,,,
1243,8/25/2017 11:00,72.545,38,,,,
1244,8/25/2017 12:00,73.234,224,,,,
1245,8/25/2017 13:00,74.098,576,,,,
1246,8/25/2017 14:00,74.619,103,,,,
1247,8/25/2017 15:00,75.312,152,,,,
1248,8/25/2017 16:00,75.659,83,,,,
1249,8/25/2017 17:00,76.354,320,,,,
1250,8/25/2017 18:00,76.181,29,,,,
1251,8/25/2017 19:00,76.006,37,,,,
1252,8/25/2017 20:00,75.484,3,,,,
1253,8/25/2017 21:00,74.964,0,,,,
1254,8/25/2017 22:00,74.619,0,,,,
1255,8/25/2017 23:00,74.271,0,,,,
1256,8/26/2017 0:00,74.098,0,,,,
1257,8/26/2017 1:00,73.753,0,,,,
1258,8/26/2017 2:00,73.58,0,,,,
1259,8/26/2017 3:00,73.234,0,,,,
1260,8/26/2017 4:00,73.062,0,,,,
1261,8/26/2017 5:00,72.891,0,,,,
1262,8/26/2017 6:00,72.718,0,,,,
1263,8/26/2017 7:00,72.372,0,,,,
1264,8/26/2017 8:00,72.199,10,,,,
1265,8/26/2017 9:00,72.028,26,,,,
1266,8/26/2017 10:00,72.199,39,,,,
1267,8/26/2017 11:00,72.545,41,,,,
1268,8/26/2017 12:00,73.407,176,,,,
1269,8/26/2017 13:00,74.446,464,,,,
1270,8/26/2017 14:00,74.619,99,,,,
1271,8/26/2017 15:00,75.484,113,,,,
1272,8/26/2017 16:00,77.225,464,,,,
1273,8/26/2017 17:00,77.4,256,,,,
1274,8/26/2017 18:00,77.4,74,,,,
1275,8/26/2017 19:00,77.05,21,,,,
1276,8/26/2017 20:00,76.528,1,,,,
1277,8/26/2017 21:00,76.006,0,,,,
1278,8/26/2017 22:00,75.312,0,,,,
1279,8/26/2017 23:00,74.964,0,,,,
1280,8/27/2017 0:00,74.619,0,,,,
1281,8/27/2017 1:00,74.271,0,,,,
1282,8/27/2017 2:00,74.098,0,,,,
1283,8/27/2017 3:00,73.753,0,,,,
1284,8/27/2017 4:00,73.58,0,,,,
1285,8/27/2017 5:00,73.234,0,,,,
1286,8/27/2017 6:00,73.062,0,,,,
1287,8/27/2017 7:00,72.891,0,,,,
1288,8/27/2017 8:00,72.718,6,,,,
1289,8/27/2017 9:00,72.545,26,,,,
1290,8/27/2017 10:00,72.718,41,,,,
1291,8/27/2017 11:00,72.891,31,,,,
1292,8/27/2017 12:00,73.58,113,,,,
1293,8/27/2017 13:00,74.098,416,,,,
1294,8/27/2017 14:00,74.098,97,,,,
1295,8/27/2017 15:00,75.139,100,,,,
1296,8/27/2017 16:00,75.659,248,,,,
1297,8/27/2017 17:00,75.659,128,,,,
1298,8/27/2017 18:00,75.659,34,,,,
1299,8/27/2017 19:00,75.312,11,,,,
1300,8/27/2017 20:00,74.964,1,,,,
1301,8/27/2017 21:00,74.619,0,,,,
1302,8/27/2017 22:00,74.271,0,,,,
1303,8/27/2017 23:00,74.098,0,,,,
1304,8/28/2017 0:00,73.926,0,,,,
1305,8/28/2017 1:00,73.753,0,,,,
1306,8/28/2017 2:00,73.58,0,,,,
1307,8/28/2017 3:00,73.58,0,,,,
1308,8/28/2017 4:00,73.407,0,,,,
1309,8/28/2017 5:00,73.234,0,,,,
1310,8/28/2017 6:00,73.062,0,,,,
1311,8/28/2017 7:00,73.062,0,,,,
1312,8/28/2017 8:00,73.062,12,,,,
1313,8/28/2017 9:00,72.891,28,,,,
1314,8/28/2017 10:00,73.062,38,,,,
1315,8/28/2017 11:00,73.062,37,,,,
1316,8/28/2017 12:00,72.891,31,,,,
1317,8/28/2017 13:00,73.062,39,,,,
1318,8/28/2017 14:00,73.062,32,,,,
1319,8/28/2017 15:00,73.234,74,,,,
1320,8/28/2017 16:00,73.407,39,,,,
1321,8/28/2017 17:00,73.234,9,,,,
1322,8/28/2017 18:00,73.062,5,,,,
1323,8/28/2017 19:00,72.891,7,,,,
1324,8/28/2017 20:00,72.718,1,,,,
1325,8/28/2017 21:00,72.545,0,,,,
1326,8/28/2017 22:00,72.372,0,,,,
1327,8/28/2017 23:00,72.372,0,,,,
1328,8/29/2017 0:00,72.372,0,,,,
1329,8/29/2017 1:00,72.372,0,,,,
1330,8/29/2017 2:00,72.372,0,,,,
1331,8/29/2017 3:00,72.199,0,,,,
1332,8/29/2017 4:00,72.028,0,,,,
1333,8/29/2017 5:00,72.028,0,,,,
1334,8/29/2017 6:00,71.856,0,,,,
1335,8/29/2017 7:00,71.683,0,,,,
1336,8/29/2017 8:00,71.683,6,,,,
1337,8/29/2017 9:00,71.683,19,,,,
1338,8/29/2017 10:00,71.856,45,,,,
1339,8/29/2017 11:00,72.028,40,,,,
1340,8/29/2017 12:00,72.545,33,,,,
1341,8/29/2017 13:00,72.718,240,,,,
1342,8/29/2017 14:00,73.062,111,,,,
1343,8/29/2017 15:00,73.407,2,,,,
1344,8/29/2017 16:00,73.062,9,,,,
1345,8/29/2017 17:00,72.891,28,,,,
1346,8/29/2017 18:00,72.891,21,,,,
1347,8/29/2017 19:00,72.891,16,,,,
1348,8/29/2017 20:00,72.718,2,,,,
1349,8/29/2017 21:00,72.545,0,,,,
1350,8/29/2017 22:00,72.372,0,,,,
1351,8/29/2017 23:00,72.372,0,,,,
1352,8/30/2017 0:00,72.199,0,,,,
1353,8/30/2017 1:00,72.028,0,,,,
1354,8/30/2017 2:00,71.856,0,,,,
1355,8/30/2017 3:00,71.683,0,,,,
1356,8/30/2017 4:00,71.856,0,,,,
1357,8/30/2017 5:00,71.683,0,,,,
1358,8/30/2017 6:00,71.512,0,,,,
1359,8/30/2017 7:00,71.512,0,,,,
1360,8/30/2017 8:00,71.339,11,,,,
1361,8/30/2017 9:00,71.339,24,,,,
1362,8/30/2017 10:00,71.683,52,,,,
1363,8/30/2017 11:00,72.028,57,,,,
1364,8/30/2017 12:00,72.891,200,,,,
1365,8/30/2017 13:00,75.312,24,,,,
1366,8/30/2017 14:00,75.484,67,,,,
1367,8/30/2017 15:00,76.006,80,,,,
1368,8/30/2017 16:00,76.528,496,,,,
1369,8/30/2017 17:00,77.05,184,,,,
1370,8/30/2017 18:00,77.225,18,,,,
1371,8/30/2017 19:00,76.876,33,,,,
1372,8/30/2017 20:00,76.354,1,,,,
1373,8/30/2017 21:00,76.181,0,,,,
1374,8/30/2017 22:00,75.832,0,,,,
1375,8/30/2017 23:00,75.312,0,,,,
1376,8/31/2017 0:00,74.964,0,,,,
1377,8/31/2017 1:00,74.791,0,,,,
1378,8/31/2017 2:00,74.446,0,,,,
1379,8/31/2017 3:00,74.271,0,,,,
1380,8/31/2017 4:00,73.926,0,,,,
1381,8/31/2017 5:00,73.58,0,,,,
1382,8/31/2017 6:00,73.407,0,,,,
1383,8/31/2017 7:00,73.062,0,,,,
1384,8/31/2017 8:00,72.891,7,,,,
1385,8/31/2017 9:00,72.718,28,,,,
1386,8/31/2017 10:00,72.545,45,,,,
1387,8/31/2017 11:00,72.545,56,,,,
1388,8/31/2017 12:00,73.062,128,,,,
1389,8/31/2017 13:00,73.407,248,,,,
1390,8/31/2017 14:00,73.753,87,,,,
1391,8/31/2017 15:00,73.926,82,,,,
1392,8/31/2017 16:00,74.791,512,,,,
1393,8/31/2017 17:00,74.619,336,,,,
1394,8/31/2017 18:00,74.446,144,,,,
1395,8/31/2017 19:00,73.926,36,,,,
1396,8/31/2017 20:00,73.407,1,,,,
1397,8/31/2017 21:00,73.234,0,,,,
1398,8/31/2017 22:00,72.718,0,,,,
1399,8/31/2017 23:00,72.372,0,,,,
1400,9/1/2017 0:00,72.372,0,,,,
1401,9/1/2017 1:00,71.856,0,,,,
1402,9/1/2017 2:00,71.683,0,,,,
1403,9/1/2017 3:00,71.512,0,,,,
1404,9/1/2017 4:00,71.168,0,,,,
1405,9/1/2017 5:00,70.995,0,,,,
1406,9/1/2017 6:00,70.651,0,,,,
1407,9/1/2017 7:00,70.48,0,,,,
1408,9/1/2017 8:00,70.308,8,,,,
1409,9/1/2017 9:00,70.137,20,,,,
1410,9/1/2017 10:00,70.137,36,,,,
1411,9/1/2017 11:00,70.308,35,,,,
1412,9/1/2017 12:00,70.995,128,,,,
1413,9/1/2017 13:00,71.339,168,,,,
1414,9/1/2017 14:00,71.512,78,,,,
1415,9/1/2017 15:00,72.199,69,,,,
1416,9/1/2017 16:00,72.718,240,,,,
1417,9/1/2017 17:00,72.891,216,,,,
1418,9/1/2017 18:00,72.545,39,,,,
1419,9/1/2017 19:00,72.545,21,,,,
1420,9/1/2017 20:00,72.199,0,,,,
1421,9/1/2017 21:00,71.856,0,,,,
1422,9/1/2017 22:00,71.683,0,,,,
1423,9/1/2017 23:00,71.339,0,,,,
1424,9/2/2017 0:00,70.995,0,,,,
1425,9/2/2017 1:00,70.651,0,,,,
1426,9/2/2017 2:00,70.48,0,,,,
1427,9/2/2017 3:00,69.964,0,,,,
1428,9/2/2017 4:00,69.964,0,,,,
1429,9/2/2017 5:00,69.793,0,,,,
1430,9/2/2017 6:00,69.449,0,,,,
1431,9/2/2017 7:00,69.449,0,,,,
1432,9/2/2017 8:00,68.934,7,,,,
1433,9/2/2017 9:00,68.934,24,,,,
1434,9/2/2017 10:00,69.107,34,,,,
1435,9/2/2017 11:00,69.622,30,,,,
1436,9/2/2017 12:00,70.137,168,,,,
1437,9/2/2017 13:00,71.339,608,,,,
1438,9/2/2017 14:00,71.512,59,,,,
1439,9/2/2017 15:00,72.028,100,,,,
1440,9/2/2017 16:00,71.683,45,,,,
1441,9/2/2017 17:00,71.168,45,,,,
1442,9/2/2017 18:00,70.995,26,,,,
1443,9/2/2017 19:00,71.168,7,,,,
1444,9/2/2017 20:00,70.995,0,,,,
1445,9/2/2017 21:00,70.824,0,,,,
1446,9/2/2017 22:00,70.651,0,,,,
1447,9/2/2017 23:00,70.651,0,,,,
1448,9/3/2017 0:00,70.48,0,,,,
1449,9/3/2017 1:00,70.308,0,,,,
1450,9/3/2017 2:00,70.137,0,,,,
1451,9/3/2017 3:00,69.964,0,,,,
1452,9/3/2017 4:00,69.622,0,,,,
1453,9/3/2017 5:00,69.449,0,,,,
1454,9/3/2017 6:00,69.107,0,,,,
1455,9/3/2017 7:00,69.107,0,,,,
1456,9/3/2017 8:00,69.107,9,,,,
1457,9/3/2017 9:00,68.934,14,,,,
1458,9/3/2017 10:00,68.934,33,,,,
1459,9/3/2017 11:00,69.622,48,,,,
1460,9/3/2017 12:00,69.964,136,,,,
1461,9/3/2017 13:00,70.308,85,,,,
1462,9/3/2017 14:00,70.651,64,,,,
1463,9/3/2017 15:00,71.512,63,,,,
1464,9/3/2017 16:00,73.062,576,,,,
1465,9/3/2017 17:00,73.407,320,,,,
1466,9/3/2017 18:00,73.407,128,,,,
1467,9/3/2017 19:00,73.062,28,,,,
1468,9/3/2017 20:00,72.718,0,,,,
1469,9/3/2017 21:00,72.028,0,,,,
1470,9/3/2017 22:00,71.683,0,,,,
1471,9/3/2017 23:00,71.339,0,,,,
1472,9/4/2017 0:00,71.168,0,,,,
1473,9/4/2017 1:00,70.995,0,,,,
1474,9/4/2017 2:00,70.824,0,,,,
1475,9/4/2017 3:00,70.48,0,,,,
1476,9/4/2017 4:00,70.48,0,,,,
1477,9/4/2017 5:00,70.137,0,,,,
1478,9/4/2017 6:00,70.137,0,,,,
1479,9/4/2017 7:00,69.964,0,,,,
1480,9/4/2017 8:00,69.964,7,,,,
1481,9/4/2017 9:00,69.793,18,,,,
1482,9/4/2017 10:00,69.964,34,,,,
1483,9/4/2017 11:00,70.137,49,,,,
1484,9/4/2017 12:00,70.651,106,,,,
1485,9/4/2017 13:00,70.995,272,,,,
1486,9/4/2017 14:00,71.168,104,,,,
1487,9/4/2017 15:00,70.48,106,,,,
1488,9/4/2017 16:00,72.028,272,,,,
1489,9/4/2017 17:00,71.683,38,,,,
1490,9/4/2017 18:00,72.199,0,,,,
1491,9/4/2017 19:00,72.199,1,,,,
1492,9/4/2017 20:00,71.856,0,,,,
1493,9/4/2017 21:00,71.339,0,,,,
1494,9/4/2017 22:00,70.995,0,,,,
1495,9/4/2017 23:00,70.651,0,,,,
1496,9/5/2017 0:00,70.651,0,,,,
1497,9/5/2017 1:00,70.651,0,,,,
1498,9/5/2017 2:00,70.48,0,,,,
1499,9/5/2017 3:00,70.48,0,,,,
1500,9/5/2017 4:00,70.308,0,,,,
1501,9/5/2017 5:00,70.137,0,,,,
1502,9/5/2017 6:00,69.964,0,,,,
1503,9/5/2017 7:00,69.793,0,,,,
1504,9/5/2017 8:00,69.622,0,,,,
1505,9/5/2017 9:00,69.278,9,,,,
1506,9/5/2017 10:00,69.449,39,,,,
1507,9/5/2017 11:00,69.793,25,,,,
1508,9/5/2017 12:00,70.308,192,,,,
1509,9/5/2017 13:00,70.824,56,,,,
1510,9/5/2017 14:00,71.168,83,,,,
1511,9/5/2017 15:00,71.856,128,,,,
1512,9/5/2017 16:00,72.545,480,,,,
1513,9/5/2017 17:00,72.718,352,,,,
1514,9/5/2017 18:00,72.028,39,,,,
1515,9/5/2017 19:00,72.028,16,,,,
1516,9/5/2017 20:00,71.683,0,,,,
1517,9/5/2017 21:00,71.339,0,,,,
1518,9/5/2017 22:00,70.995,0,,,,
1519,9/5/2017 23:00,70.651,0,,,,
1520,9/6/2017 0:00,70.48,0,,,,
1521,9/6/2017 1:00,70.137,0,,,,
1522,9/6/2017 2:00,69.793,0,,,,
1523,9/6/2017 3:00,69.793,0,,,,
1524,9/6/2017 4:00,69.449,0,,,,
1525,9/6/2017 5:00,69.278,0,,,,
1526,9/6/2017 6:00,69.107,0,,,,
1527,9/6/2017 7:00,68.592,0,,,,
1528,9/6/2017 8:00,68.592,6,,,,
1529,9/6/2017 9:00,68.421,34,,,,
1530,9/6/2017 10:00,68.421,29,,,,
1531,9/6/2017 11:00,68.934,30,,,,
1532,9/6/2017 12:00,69.622,160,,,,
1533,9/6/2017 13:00,70.995,576,,,,
1534,9/6/2017 14:00,70.995,94,,,,
1535,9/6/2017 15:00,71.339,82,,,,
1536,9/6/2017 16:00,71.512,17,,,,
1537,9/6/2017 17:00,71.339,43,,,,
1538,9/6/2017 18:00,71.168,37,,,,
1539,9/6/2017 19:00,70.995,9,,,,
1540,9/6/2017 20:00,70.824,0,,,,
1541,9/6/2017 21:00,70.651,0,,,,
1542,9/6/2017 22:00,70.308,0,,,,
1543,9/6/2017 23:00,69.964,0,,,,
1544,9/7/2017 0:00,69.793,0,,,,
1545,9/7/2017 1:00,69.449,0,,,,
1546,9/7/2017 2:00,69.278,0,,,,
1547,9/7/2017 3:00,69.107,0,,,,
1548,9/7/2017 4:00,68.763,0,,,,
1549,9/7/2017 5:00,68.592,0,,,,
1550,9/7/2017 6:00,68.077,0,,,,
1551,9/7/2017 7:00,67.906,0,,,,
1552,9/7/2017 8:00,67.735,6,,,,
1553,9/7/2017 9:00,67.392,32,,,,
1554,9/7/2017 10:00,67.735,32,,,,
1555,9/7/2017 11:00,68.421,40,,,,
1556,9/7/2017 11:41,,,Logged,Logged,,
1557,9/7/2017 11:42,,,,,Logged,
1558,9/7/2017 12:00,68.763,24,,,,
1559,9/7/2017 13:00,69.278,22,,,,
1560,9/7/2017 14:00,69.622,40,,,,
1561,9/7/2017 15:00,69.793,20,,,,
1562,9/7/2017 16:00,69.622,18,,,,
1563,9/7/2017 17:00,69.449,9,,,,
1564,9/7/2017 18:00,69.278,6,,,,
1565,9/7/2017 19:00,69.107,2,,,,
1566,9/7/2017 20:00,68.934,0,,,,
1567,9/7/2017 21:00,68.592,0,,,,
1568,9/7/2017 22:00,68.592,0,,,,
1569,9/7/2017 23:00,68.248,0,,,,
1570,9/8/2017 0:00,68.077,0,,,,
1571,9/8/2017 1:00,67.906,0,,,,
1572,9/8/2017 2:00,67.735,0,,,,
1573,9/8/2017 3:00,67.564,0,,,,
1574,9/8/2017 4:00,67.221,0,,,,
1575,9/8/2017 5:00,67.221,0,,,,
1576,9/8/2017 6:00,67.05,0,,,,
1577,9/8/2017 7:00,66.708,0,,,,
1578,9/8/2017 8:00,66.366,4,,,,
1579,9/8/2017 9:00,66.366,11,,,,
1580,9/8/2017 10:00,66.537,17,,,,
1581,9/8/2017 11:00,67.221,7,,,,
1582,9/8/2017 12:00,67.906,39,,,,
1583,9/8/2017 13:00,68.592,98,,,,
1584,9/8/2017 14:00,69.107,20,,,,
1585,9/8/2017 15:00,69.793,28,,,,
1586,9/8/2017 16:00,70.995,224,,,,
1587,9/8/2017 17:00,71.512,144,,,,
1588,9/8/2017 18:00,70.824,15,,,,
1589,9/8/2017 19:00,70.48,5,,,,
1590,9/8/2017 20:00,69.964,0,,,,
1591,9/8/2017 21:00,69.278,0,,,,
1592,9/8/2017 22:00,68.934,0,,,,
1593,9/8/2017 23:00,68.248,0,,,,
1594,9/9/2017 0:00,68.077,0,,,,
1595,9/9/2017 1:00,67.906,0,,,,
1596,9/9/2017 2:00,67.735,0,,,,
1597,9/9/2017 3:00,67.392,0,,,,
1598,9/9/2017 4:00,67.392,0,,,,
1599,9/9/2017 5:00,67.05,0,,,,
1600,9/9/2017 6:00,66.879,0,,,,
1601,9/9/2017 7:00,66.537,0,,,,
1602,9/9/2017 8:00,66.193,1,,,,
1603,9/9/2017 9:00,66.022,9,,,,
1604,9/9/2017 10:00,66.366,10,,,,
1605,9/9/2017 11:00,66.537,8,,,,
1606,9/9/2017 12:00,67.564,39,,,,
1607,9/9/2017 13:00,68.077,42,,,,
1608,9/9/2017 14:00,68.763,31,,,,
1609,9/9/2017 15:00,69.449,45,,,,
1610,9/9/2017 16:00,69.793,102,,,,
1611,9/9/2017 17:00,69.964,105,,,,
1612,9/9/2017 18:00,69.793,44,,,,
1613,9/9/2017 19:00,69.449,11,,,,
1614,9/9/2017 20:00,69.107,0,,,,
1615,9/9/2017 21:00,68.763,0,,,,
1616,9/9/2017 22:00,68.421,0,,,,
1617,9/9/2017 23:00,68.077,0,,,,
1618,9/10/2017 0:00,67.906,0,,,,
1619,9/10/2017 1:00,67.735,0,,,,
1620,9/10/2017 2:00,67.564,0,,,,
1621,9/10/2017 3:00,67.392,0,,,,
1622,9/10/2017 4:00,67.221,0,,,,
1623,9/10/2017 5:00,66.879,0,,,,
1624,9/10/2017 6:00,66.708,0,,,,
1625,9/10/2017 7:00,66.537,0,,,,
1626,9/10/2017 8:00,66.366,1,,,,
1627,9/10/2017 9:00,66.022,8,,,,
1628,9/10/2017 10:00,66.193,50,,,,
1629,9/10/2017 11:00,66.193,19,,,,
1630,9/10/2017 12:00,66.708,33,,,,
1631,9/10/2017 13:00,67.392,24,,,,
1632,9/10/2017 14:00,67.906,20,,,,
1633,9/10/2017 15:00,68.421,26,,,,
1634,9/10/2017 16:00,68.248,128,,,,
1635,9/10/2017 17:00,69.622,65,,,,
1636,9/10/2017 18:00,69.793,30,,,,
1637,9/10/2017 19:00,69.622,6,,,,
1638,9/10/2017 20:00,69.107,0,,,,
1639,9/10/2017 21:00,68.934,0,,,,
1640,9/10/2017 22:00,68.592,0,,,,
1641,9/10/2017 23:00,68.248,0,,,,
1642,9/11/2017 0:00,68.077,0,,,,
1643,9/11/2017 1:00,67.735,0,,,,
1644,9/11/2017 2:00,67.564,0,,,,
1645,9/11/2017 3:00,67.392,0,,,,
1646,9/11/2017 4:00,67.221,0,,,,
1647,9/11/2017 5:00,67.05,0,,,,
1648,9/11/2017 6:00,66.879,0,,,,
1649,9/11/2017 7:00,66.708,0,,,,
1650,9/11/2017 8:00,66.537,4,,,,
1651,9/11/2017 9:00,66.366,48,,,,
1652,9/11/2017 10:00,66.366,60,,,,
1653,9/11/2017 11:00,66.879,17,,,,
1654,9/11/2017 12:00,67.906,21,,,,
1655,9/11/2017 13:00,68.421,23,,,,
1656,9/11/2017 14:00,69.278,30,,,,
1657,9/11/2017 15:00,70.137,25,,,,
1658,9/11/2017 16:00,71.339,84,,,,
1659,9/11/2017 17:00,71.168,47,,,,
1660,9/11/2017 18:00,71.512,28,,,,
1661,9/11/2017 19:00,70.137,5,,,,
1662,9/11/2017 20:00,69.622,0,,,,
1663,9/11/2017 21:00,69.622,0,,,,
1664,9/11/2017 22:00,69.449,0,,,,
1665,9/11/2017 23:00,69.107,0,,,,
1666,9/12/2017 0:00,68.934,0,,,,
1667,9/12/2017 1:00,68.763,0,,,,
1668,9/12/2017 2:00,68.421,0,,,,
1669,9/12/2017 3:00,68.248,0,,,,
1670,9/12/2017 4:00,67.906,0,,,,
1671,9/12/2017 5:00,67.735,0,,,,
1672,9/12/2017 6:00,67.392,0,,,,
1673,9/12/2017 7:00,67.221,0,,,,
1674,9/12/2017 8:00,66.879,4,,,,
1675,9/12/2017 9:00,66.879,38,,,,
1676,9/12/2017 10:00,66.708,53,,,,
1677,9/12/2017 11:00,67.392,20,,,,
1678,9/12/2017 12:00,68.248,22,,,,
1679,9/12/2017 13:00,68.763,26,,,,
1680,9/12/2017 14:00,69.449,29,,,,
1681,9/12/2017 15:00,70.137,30,,,,
1682,9/12/2017 16:00,70.308,46,,,,
1683,9/12/2017 17:00,72.028,71,,,,
1684,9/12/2017 18:00,72.028,19,,,,
1685,9/12/2017 19:00,71.168,4,,,,
1686,9/12/2017 20:00,70.308,0,,,,
1687,9/12/2017 21:00,69.964,0,,,,
1688,9/12/2017 22:00,69.793,0,,,,
1689,9/12/2017 23:00,69.449,0,,,,
1690,9/13/2017 0:00,69.278,0,,,,
1691,9/13/2017 1:00,69.278,0,,,,
1692,9/13/2017 2:00,68.934,0,,,,
1693,9/13/2017 3:00,68.763,0,,,,
1694,9/13/2017 4:00,68.421,0,,,,
1695,9/13/2017 5:00,68.248,0,,,,
1696,9/13/2017 6:00,68.248,0,,,,
1697,9/13/2017 7:00,68.077,0,,,,
1698,9/13/2017 8:00,67.906,3,,,,
1699,9/13/2017 9:00,67.906,19,,,,
1700,9/13/2017 10:00,68.077,21,,,,
1701,9/13/2017 11:00,68.248,21,,,,
1702,9/13/2017 12:00,69.107,36,,,,
1703,9/13/2017 13:00,69.793,23,,,,
1704,9/13/2017 14:00,69.964,34,,,,
1705,9/13/2017 15:00,69.449,10,,,,
1706,9/13/2017 16:00,68.934,10,,,,
1707,9/13/2017 17:00,69.107,41,,,,
1708,9/13/2017 18:00,68.934,10,,,,
1709,9/13/2017 19:00,68.763,4,,,,
1710,9/13/2017 20:00,69.278,0,,,,
1711,9/13/2017 21:00,69.107,0,,,,
1712,9/13/2017 22:00,68.934,0,,,,
1713,9/13/2017 23:00,68.763,0,,,,
1714,9/14/2017 0:00,68.763,0,,,,
1715,9/14/2017 1:00,68.592,0,,,,
1716,9/14/2017 2:00,68.592,0,,,,
1717,9/14/2017 3:00,68.421,0,,,,
1718,9/14/2017 4:00,68.248,0,,,,
1719,9/14/2017 5:00,68.077,0,,,,
1720,9/14/2017 6:00,68.077,0,,,,
1721,9/14/2017 7:00,67.906,0,,,,
1722,9/14/2017 8:00,67.735,2,,,,
1723,9/14/2017 9:00,67.735,9,,,,
1724,9/14/2017 10:00,67.906,21,,,,
1725,9/14/2017 11:00,68.421,14,,,,
1726,9/14/2017 12:00,69.449,15,,,,
1727,9/14/2017 13:00,69.793,15,,,,
1728,9/14/2017 14:00,71.512,13,,,,
1729,9/14/2017 15:00,70.995,11,,,,
1730,9/14/2017 16:00,70.48,13,,,,
1731,9/14/2017 17:00,70.651,28,,,,
1732,9/14/2017 18:00,71.339,29,,,,
1733,9/14/2017 19:00,70.824,3,,,,
1734,9/14/2017 20:00,70.651,0,,,,
1735,9/14/2017 21:00,70.824,0,,,,
1736,9/14/2017 22:00,70.651,0,,,,
1737,9/14/2017 23:00,70.48,0,,,,
1738,9/15/2017 0:00,70.308,0,,,,
1739,9/15/2017 1:00,69.964,0,,,,
1740,9/15/2017 2:00,69.793,0,,,,
1741,9/15/2017 3:00,69.622,0,,,,
1742,9/15/2017 4:00,69.449,0,,,,
1743,9/15/2017 5:00,69.278,0,,,,
1744,9/15/2017 6:00,69.107,0,,,,
1745,9/15/2017 7:00,68.934,0,,,,
1746,9/15/2017 8:00,68.763,4,,,,
1747,9/15/2017 9:00,68.763,43,,,,
1748,9/15/2017 10:00,68.763,47,,,,
1749,9/15/2017 11:00,69.622,24,,,,
1750,9/15/2017 12:00,70.308,23,,,,
1751,9/15/2017 13:00,70.824,32,,,,
1752,9/15/2017 14:00,71.512,26,,,,
1753,9/15/2017 15:00,71.683,27,,,,
1754,9/15/2017 16:00,71.168,23,,,,
1755,9/15/2017 17:00,70.995,48,,,,
1756,9/15/2017 18:00,70.824,10,,,,
1757,9/15/2017 19:00,70.651,3,,,,
1758,9/15/2017 20:00,70.824,0,,,,
1759,9/15/2017 21:00,71.168,0,,,,
1760,9/15/2017 22:00,70.995,0,,,,
1761,9/15/2017 23:00,70.824,0,,,,
1762,9/16/2017 0:00,70.651,0,,,,
1763,9/16/2017 1:00,70.308,0,,,,
1764,9/16/2017 2:00,70.137,0,,,,
1765,9/16/2017 3:00,70.137,0,,,,
1766,9/16/2017 4:00,69.964,0,,,,
1767,9/16/2017 5:00,69.793,0,,,,
1768,9/16/2017 6:00,69.622,0,,,,
1769,9/16/2017 7:00,69.449,0,,,,
1770,9/16/2017 8:00,69.278,2,,,,
1771,9/16/2017 9:00,69.449,18,,,,
1772,9/16/2017 10:00,69.449,39,,,,
1773,9/16/2017 11:00,69.964,23,,,,
1774,9/16/2017 12:00,70.651,22,,,,
1775,9/16/2017 13:00,70.995,29,,,,
1776,9/16/2017 14:00,70.995,30,,,,
1777,9/16/2017 15:00,71.168,29,,,,
1778,9/16/2017 16:00,71.339,71,,,,
1779,9/16/2017 17:00,72.199,37,,,,
1780,9/16/2017 18:00,72.199,17,,,,
1781,9/16/2017 19:00,72.545,2,,,,
1782,9/16/2017 20:00,72.545,0,,,,
1783,9/16/2017 21:00,72.028,0,,,,
1784,9/16/2017 22:00,71.856,0,,,,
1785,9/16/2017 23:00,71.683,0,,,,
1786,9/17/2017 0:00,71.512,0,,,,
1787,9/17/2017 1:00,71.512,0,,,,
1788,9/17/2017 2:00,71.339,0,,,,
1789,9/17/2017 3:00,71.168,0,,,,
1790,9/17/2017 4:00,70.995,0,,,,
1791,9/17/2017 5:00,70.824,0,,,,
1792,9/17/2017 6:00,70.651,0,,,,
1793,9/17/2017 7:00,70.48,0,,,,
1794,9/17/2017 8:00,70.48,2,,,,
1795,9/17/2017 9:00,70.48,22,,,,
1796,9/17/2017 10:00,70.48,41,,,,
1797,9/17/2017 11:00,70.995,21,,,,
1798,9/17/2017 12:00,71.512,21,,,,
1799,9/17/2017 13:00,71.683,24,,,,
1800,9/17/2017 14:00,72.028,26,,,,
1801,9/17/2017 15:00,71.856,24,,,,
1802,9/17/2017 16:00,72.545,105,,,,
1803,9/17/2017 17:00,73.062,33,,,,
1804,9/17/2017 18:00,73.062,17,,,,
1805,9/17/2017 19:00,72.718,1,,,,
1806,9/17/2017 20:00,73.062,0,,,,
1807,9/17/2017 21:00,72.891,0,,,,
1808,9/17/2017 22:00,72.718,0,,,,
1809,9/17/2017 23:00,72.545,0,,,,
1810,9/18/2017 0:00,72.545,0,,,,
1811,9/18/2017 1:00,72.372,0,,,,
1812,9/18/2017 2:00,72.372,0,,,,
1813,9/18/2017 3:00,72.199,0,,,,
1814,9/18/2017 4:00,72.199,0,,,,
1815,9/18/2017 5:00,72.199,0,,,,
1816,9/18/2017 6:00,72.199,0,,,,
1817,9/18/2017 7:00,72.028,0,,,,
1818,9/18/2017 8:00,72.028,0,,,,
1819,9/18/2017 9:00,72.028,2,,,,
1820,9/18/2017 10:00,72.028,6,,,,
1821,9/18/2017 11:00,72.199,21,,,,
1822,9/18/2017 12:00,72.372,6,,,,
1823,9/18/2017 13:00,72.199,35,,,,
1824,9/18/2017 14:00,72.718,25,,,,
1825,9/18/2017 15:00,72.891,12,,,,
1826,9/18/2017 16:00,73.234,20,,,,
1827,9/18/2017 17:00,73.58,15,,,,
1828,9/18/2017 18:00,73.58,16,,,,
1829,9/18/2017 19:00,73.58,6,,,,
1830,9/18/2017 20:00,73.407,0,,,,
1831,9/18/2017 21:00,73.234,0,,,,
1832,9/18/2017 22:00,73.062,0,,,,
1833,9/18/2017 23:00,72.891,0,,,,
1834,9/19/2017 0:00,72.718,0,,,,
1835,9/19/2017 1:00,72.545,0,,,,
1836,9/19/2017 2:00,72.372,0,,,,
1837,9/19/2017 3:00,72.199,0,,,,
1838,9/19/2017 4:00,72.028,0,,,,
1839,9/19/2017 5:00,71.856,0,,,,
1840,9/19/2017 6:00,71.856,0,,,,
1841,9/19/2017 7:00,71.683,0,,,,
1842,9/19/2017 8:00,71.512,3,,,,
1843,9/19/2017 9:00,71.512,11,,,,
1844,9/19/2017 10:00,71.512,7,,,,
1845,9/19/2017 11:00,71.512,5,,,,
1846,9/19/2017 12:00,71.339,5,,,,
1847,9/19/2017 13:00,71.339,10,,,,
1848,9/19/2017 14:00,71.683,23,,,,
1849,9/19/2017 15:00,71.856,11,,,,
1850,9/19/2017 16:00,71.856,9,,,,
1851,9/19/2017 17:00,71.856,10,,,,
1852,9/19/2017 18:00,71.856,4,,,,
1853,9/19/2017 19:00,71.683,0,,,,
1854,9/19/2017 20:00,71.683,0,,,,
1855,9/19/2017 21:00,71.512,0,,,,
1856,9/19/2017 22:00,71.512,0,,,,
1857,9/19/2017 23:00,71.512,0,,,,
1858,9/20/2017 0:00,71.339,0,,,,
1859,9/20/2017 1:00,71.339,0,,,,
1860,9/20/2017 2:00,71.339,0,,,,
1861,9/20/2017 3:00,71.168,0,,,,
1862,9/20/2017 4:00,71.168,0,,,,
1863,9/20/2017 5:00,70.995,0,,,,
1864,9/20/2017 6:00,70.995,0,,,,
1865,9/20/2017 7:00,70.995,0,,,,
1866,9/20/2017 8:00,70.995,0,,,,
1867,9/20/2017 9:00,70.995,3,,,,
1868,9/20/2017 10:00,70.995,30,,,,
1869,9/20/2017 11:00,71.339,20,,,,
1870,9/20/2017 12:00,71.512,21,,,,
1871,9/20/2017 13:00,72.028,66,,,,
1872,9/20/2017 14:00,72.199,26,,,,
1873,9/20/2017 15:00,72.372,11,,,,
1874,9/20/2017 16:00,72.718,144,,,,
1875,9/20/2017 17:00,72.718,66,,,,
1876,9/20/2017 18:00,72.718,31,,,,
1877,9/20/2017 19:00,73.407,2,,,,
1878,9/20/2017 20:00,73.58,0,,,,
1879,9/20/2017 21:00,73.234,0,,,,
1880,9/20/2017 22:00,73.407,0,,,,
1881,9/20/2017 23:00,73.407,0,,,,
1882,9/21/2017 0:00,73.234,0,,,,
1883,9/21/2017 1:00,73.062,0,,,,
1884,9/21/2017 2:00,72.891,0,,,,
1885,9/21/2017 3:00,72.718,0,,,,
1886,9/21/2017 4:00,72.545,0,,,,
1887,9/21/2017 5:00,72.545,0,,,,
1888,9/21/2017 6:00,72.372,0,,,,
1889,9/21/2017 7:00,72.372,0,,,,
1890,9/21/2017 8:00,72.199,2,,,,
1891,9/21/2017 9:00,72.199,19,,,,
1892,9/21/2017 10:00,72.199,28,,,,
1893,9/21/2017 11:00,72.545,23,,,,
1894,9/21/2017 12:00,73.234,19,,,,
1895,9/21/2017 13:00,73.407,44,,,,
1896,9/21/2017 14:00,73.753,35,,,,
1897,9/21/2017 15:00,74.271,83,,,,
1898,9/21/2017 16:00,74.619,64,,,,
1899,9/21/2017 17:00,74.964,26,,,,
1900,9/21/2017 18:00,75.312,2,,,,
1901,9/21/2017 19:00,76.876,0,,,,
1902,9/21/2017 20:00,76.703,0,,,,
1903,9/21/2017 21:00,76.528,0,,,,
1904,9/21/2017 22:00,76.354,0,,,,
1905,9/21/2017 23:00,76.181,0,,,,
1906,9/22/2017 0:00,75.484,0,,,,
1907,9/22/2017 1:00,75.484,0,,,,
1908,9/22/2017 2:00,75.312,0,,,,
1909,9/22/2017 3:00,75.139,0,,,,
1910,9/22/2017 4:00,74.791,0,,,,
1911,9/22/2017 5:00,74.791,0,,,,
1912,9/22/2017 6:00,74.619,0,,,,
1913,9/22/2017 7:00,74.619,0,,,,
1914,9/22/2017 8:00,74.446,3,,,,
1915,9/22/2017 9:00,74.446,15,,,,
1916,9/22/2017 10:00,74.446,55,,,,
1917,9/22/2017 11:00,75.139,18,,,,
1918,9/22/2017 12:00,76.006,13,,,,
1919,9/22/2017 13:00,76.528,21,,,,
1920,9/22/2017 14:00,79.151,51,,,,
1921,9/22/2017 15:00,77.4,80,,,,
1922,9/22/2017 16:00,76.876,86,,,,
1923,9/22/2017 17:00,77.4,45,,,,
1924,9/22/2017 18:00,77.4,19,,,,
1925,9/22/2017 19:00,77.225,2,,,,
1926,9/22/2017 20:00,77.4,0,,,,
1927,9/22/2017 21:00,77.4,0,,,,
1928,9/22/2017 22:00,77.923,0,,,,
1929,9/22/2017 23:00,77.923,0,,,,
1930,9/23/2017 0:00,77.749,0,,,,
1931,9/23/2017 1:00,77.574,0,,,,
1932,9/23/2017 2:00,77.4,0,,,,
1933,9/23/2017 3:00,77.225,0,,,,
1934,9/23/2017 4:00,76.876,0,,,,
1935,9/23/2017 5:00,76.528,0,,,,
1936,9/23/2017 6:00,76.354,0,,,,
1937,9/23/2017 7:00,76.006,0,,,,
1938,9/23/2017 8:00,75.832,2,,,,
1939,9/23/2017 9:00,75.659,12,,,,
1940,9/23/2017 10:00,75.832,50,,,,
1941,9/23/2017 11:00,76.354,15,,,,
1942,9/23/2017 12:00,77.574,15,,,,
1943,9/23/2017 13:00,77.749,18,,,,
1944,9/23/2017 14:00,78.8,39,,,,
1945,9/23/2017 15:00,81.266,42,,,,
1946,9/23/2017 16:00,80.206,84,,,,
1947,9/23/2017 17:00,79.502,40,,,,
1948,9/23/2017 18:00,79.502,20,,,,
1949,9/23/2017 19:00,79.326,2,,,,
1950,9/23/2017 20:00,78.975,0,,,,
1951,9/23/2017 21:00,78.975,0,,,,
1952,9/23/2017 22:00,79.326,0,,,,
1953,9/23/2017 23:00,79.151,0,,,,
1954,9/24/2017 0:00,78.8,0,,,,
1955,9/24/2017 1:00,78.624,0,,,,
1956,9/24/2017 2:00,78.274,0,,,,
1957,9/24/2017 3:00,78.098,0,,,,
1958,9/24/2017 4:00,77.923,0,,,,
1959,9/24/2017 5:00,77.574,0,,,,
1960,9/24/2017 6:00,77.4,0,,,,
1961,9/24/2017 7:00,77.225,0,,,,
1962,9/24/2017 8:00,76.876,2,,,,
1963,9/24/2017 9:00,76.703,11,,,,
1964,9/24/2017 10:00,76.703,49,,,,
1965,9/24/2017 11:00,76.703,14,,,,
1966,9/24/2017 12:00,77.4,16,,,,
1967,9/24/2017 13:00,77.923,72,,,,
1968,9/24/2017 14:00,78.098,50,,,,
1969,9/24/2017 15:00,77.923,26,,,,
1970,9/24/2017 16:00,77.574,89,,,,
1971,9/24/2017 17:00,78.274,36,,,,
1972,9/24/2017 18:00,78.624,26,,,,
1973,9/24/2017 19:00,78.449,2,,,,
1974,9/24/2017 20:00,78.624,0,,,,
1975,9/24/2017 21:00,78.274,0,,,,
1976,9/24/2017 22:00,78.098,0,,,,
1977,9/24/2017 23:00,77.749,0,,,,
1978,9/25/2017 0:00,77.923,0,,,,
1979,9/25/2017 1:00,77.923,0,,,,
1980,9/25/2017 2:00,77.574,0,,,,
1981,9/25/2017 3:00,77.4,0,,,,
1982,9/25/2017 4:00,77.4,0,,,,
1983,9/25/2017 5:00,77.05,0,,,,
1984,9/25/2017 6:00,76.876,0,,,,
1985,9/25/2017 7:00,76.876,0,,,,
1986,9/25/2017 8:00,76.703,2,,,,
1987,9/25/2017 9:00,76.528,10,,,,
1988,9/25/2017 10:00,76.703,20,,,,
1989,9/25/2017 11:00,77.4,16,,,,
1990,9/25/2017 12:00,78.274,17,,,,
1991,9/25/2017 13:00,79.151,24,,,,
1992,9/25/2017 14:00,79.502,85,,,,
1993,9/25/2017 15:00,79.502,58,,,,
1994,9/25/2017 16:00,78.975,320,,,,
1995,9/25/2017 17:00,78.449,44,,,,
1996,9/25/2017 18:00,79.151,23,,,,
1997,9/25/2017 19:00,78.8,4,,,,
1998,9/25/2017 20:00,79.502,0,,,,
1999,9/25/2017 21:00,79.151,0,,,,
2000,9/25/2017 22:00,78.8,0,,,,
2001,9/25/2017 23:00,78.624,0,,,,
2002,9/26/2017 0:00,78.449,0,,,,
2003,9/26/2017 1:00,78.274,0,,,,
2004,9/26/2017 2:00,78.274,0,,,,
2005,9/26/2017 3:00,77.923,0,,,,
2006,9/26/2017 4:00,77.923,0,,,,
2007,9/26/2017 5:00,77.574,0,,,,
2008,9/26/2017 6:00,77.574,0,,,,
2009,9/26/2017 7:00,77.4,0,,,,
2010,9/26/2017 8:00,77.225,2,,,,
2011,9/26/2017 9:00,77.05,7,,,,
2012,9/26/2017 10:00,77.05,12,,,,
2013,9/26/2017 11:00,77.574,14,,,,
2014,9/26/2017 12:00,78.624,22,,,,
2015,9/26/2017 13:00,79.502,55,,,,
2016,9/26/2017 14:00,80.382,59,,,,
2017,9/26/2017 15:00,80.029,54,,,,
2018,9/26/2017 16:00,80.559,352,,,,
2019,9/26/2017 17:00,80.735,46,,,,
2020,9/26/2017 18:00,81.09,26,,,,
2021,9/26/2017 19:00,79.853,2,,,,
2022,9/26/2017 20:00,79.678,0,,,,
2023,9/26/2017 21:00,79.326,0,,,,
2024,9/26/2017 22:00,79.326,0,,,,
2025,9/26/2017 23:00,78.975,0,,,,
2026,9/27/2017 0:00,78.8,0,,,,
2027,9/27/2017 1:00,78.624,0,,,,
2028,9/27/2017 2:00,78.624,0,,,,
2029,9/27/2017 3:00,78.449,0,,,,
2030,9/27/2017 4:00,78.274,0,,,,
2031,9/27/2017 5:00,78.098,0,,,,
2032,9/27/2017 6:00,77.923,0,,,,
2033,9/27/2017 7:00,77.749,0,,,,
2034,9/27/2017 8:00,77.4,0,,,,
2035,9/27/2017 9:00,76.876,7,,,,
2036,9/27/2017 10:00,76.703,8,,,,
2037,9/27/2017 11:00,76.528,17,,,,
2038,9/27/2017 12:00,76.528,22,,,,
2039,9/27/2017 13:00,77.225,19,,,,
2040,9/27/2017 14:00,77.225,43,,,,
2041,9/27/2017 15:00,77.4,39,,,,
2042,9/27/2017 16:00,77.749,288,,,,
2043,9/27/2017 17:00,77.574,21,,,,
2044,9/27/2017 18:00,77.225,17,,,,
2045,9/27/2017 19:00,76.876,1,,,,
2046,9/27/2017 20:00,76.354,0,,,,
2047,9/27/2017 21:00,75.832,0,,,,
2048,9/27/2017 22:00,75.139,0,,,,
2049,9/27/2017 23:00,74.791,0,,,,
2050,9/28/2017 0:00,74.619,0,,,,
2051,9/28/2017 1:00,73.926,0,,,,
2052,9/28/2017 2:00,74.098,0,,,,
2053,9/28/2017 3:00,73.58,0,,,,
2054,9/28/2017 4:00,73.234,0,,,,
2055,9/28/2017 5:00,73.234,0,,,,
2056,9/28/2017 6:00,73.062,0,,,,
2057,9/28/2017 7:00,72.891,0,,,,
2058,9/28/2017 8:00,72.718,1,,,,
2059,9/28/2017 9:00,72.718,10,,,,
2060,9/28/2017 10:00,72.199,18,,,,
2061,9/28/2017 11:00,72.199,24,,,,
2062,9/28/2017 12:00,72.545,26,,,,
2063,9/28/2017 13:00,72.718,26,,,,
2064,9/28/2017 14:00,72.718,21,,,,
2065,9/28/2017 15:00,73.062,136,,,,
2066,9/28/2017 16:00,73.407,400,,,,
2067,9/28/2017 17:00,73.753,14,,,,
2068,9/28/2017 18:00,73.753,7,,,,
2069,9/28/2017 19:00,73.407,2,,,,
2070,9/28/2017 20:00,73.062,0,,,,
2071,9/28/2017 21:00,72.891,0,,,,
2072,9/28/2017 22:00,72.718,0,,,,
2073,9/28/2017 23:00,72.545,0,,,,
2074,9/29/2017 0:00,72.372,0,,,,
2075,9/29/2017 1:00,72.028,0,,,,
2076,9/29/2017 2:00,71.856,0,,,,
2077,9/29/2017 3:00,71.683,0,,,,
2078,9/29/2017 4:00,71.512,0,,,,
2079,9/29/2017 5:00,71.339,0,,,,
2080,9/29/2017 6:00,71.168,0,,,,
2081,9/29/2017 7:00,71.168,0,,,,
2082,9/29/2017 8:00,70.824,1,,,,
2083,9/29/2017 9:00,70.651,15,,,,
2084,9/29/2017 10:00,70.308,11,,,,
2085,9/29/2017 11:00,70.48,15,,,,
2086,9/29/2017 12:00,70.651,30,,,,
2087,9/29/2017 13:00,70.995,32,,,,
2088,9/29/2017 14:00,71.168,19,,,,
2089,9/29/2017 15:00,70.824,68,,,,
2090,9/29/2017 16:00,71.339,416,,,,
2091,9/29/2017 17:00,70.995,22,,,,
2092,9/29/2017 18:00,70.995,11,,,,
2093,9/29/2017 19:00,70.308,7,,,,
2094,9/29/2017 20:00,69.964,0,,,,
2095,9/29/2017 21:00,69.793,0,,,,
2096,9/29/2017 22:00,69.278,0,,,,
2097,9/29/2017 23:00,68.934,0,,,,
2098,9/30/2017 0:00,68.421,0,,,,
2099,9/30/2017 1:00,68.421,0,,,,
2100,9/30/2017 2:00,68.248,0,,,,
2101,9/30/2017 3:00,68.077,0,,,,
2102,9/30/2017 4:00,67.906,0,,,,
2103,9/30/2017 5:00,67.564,0,,,,
2104,9/30/2017 6:00,67.221,0,,,,
2105,9/30/2017 7:00,67.221,0,,,,
2106,9/30/2017 8:00,67.392,1,,,,
2107,9/30/2017 9:00,66.879,8,,,,
2108,9/30/2017 10:00,67.564,8,,,,
2109,9/30/2017 11:00,67.735,12,,,,
2110,9/30/2017 12:00,68.248,23,,,,
2111,9/30/2017 13:00,68.763,12,,,,
2112,9/30/2017 14:00,69.278,21,,,,
2113,9/30/2017 15:00,69.793,29,,,,
2114,9/30/2017 16:00,70.651,464,,,,
2115,9/30/2017 17:00,70.48,12,,,,
2116,9/30/2017 18:00,70.308,10,,,,
2117,9/30/2017 19:00,70.308,2,,,,
2118,9/30/2017 20:00,69.964,0,,,,
2119,9/30/2017 21:00,69.793,0,,,,
2120,9/30/2017 22:00,69.449,0,,,,
2121,9/30/2017 23:00,69.278,0,,,,
2122,10/1/2017 0:00,68.934,0,,,,
2123,10/1/2017 1:00,68.763,0,,,,
2124,10/1/2017 2:00,68.592,0,,,,
2125,10/1/2017 3:00,68.421,0,,,,
2126,10/1/2017 4:00,68.248,0,,,,
2127,10/1/2017 5:00,68.077,0,,,,
2128,10/1/2017 6:00,67.735,0,,,,
2129,10/1/2017 7:00,67.564,0,,,,
2130,10/1/2017 8:00,67.221,1,,,,
2131,10/1/2017 9:00,67.05,10,,,,
2132,10/1/2017 10:00,66.708,10,,,,
2133,10/1/2017 11:00,67.05,21,,,,
2134,10/1/2017 12:00,67.735,20,,,,
2135,10/1/2017 13:00,68.248,13,,,,
2136,10/1/2017 14:00,68.421,27,,,,
2137,10/1/2017 15:00,68.421,45,,,,
2138,10/1/2017 16:00,69.107,432,,,,
2139,10/1/2017 17:00,68.592,25,,,,
2140,10/1/2017 18:00,68.421,14,,,,
2141,10/1/2017 19:00,68.248,2,,,,
2142,10/1/2017 20:00,68.077,0,,,,
2143,10/1/2017 21:00,67.906,0,,,,
2144,10/1/2017 22:00,67.735,0,,,,
2145,10/1/2017 23:00,67.564,0,,,,
2146,10/2/2017 0:00,67.221,0,,,,
2147,10/2/2017 1:00,67.221,0,,,,
2148,10/2/2017 2:00,67.05,0,,,,
2149,10/2/2017 3:00,66.708,0,,,,
2150,10/2/2017 4:00,66.537,0,,,,
2151,10/2/2017 5:00,66.537,0,,,,
2152,10/2/2017 6:00,66.366,0,,,,
2153,10/2/2017 7:00,66.193,0,,,,
2154,10/2/2017 8:00,66.193,2,,,,
2155,10/2/2017 9:00,66.022,10,,,,
2156,10/2/2017 10:00,66.193,9,,,,
2157,10/2/2017 11:00,66.708,19,,,,
2158,10/2/2017 12:00,67.392,24,,,,
2159,10/2/2017 13:00,67.735,26,,,,
2160,10/2/2017 14:00,67.906,26,,,,
2161,10/2/2017 15:00,67.906,58,,,,
2162,10/2/2017 16:00,67.906,224,,,,
2163,10/2/2017 17:00,67.735,23,,,,
2164,10/2/2017 18:00,68.077,7,,,,
2165,10/2/2017 19:00,68.421,0,,,,
2166,10/2/2017 20:00,68.077,0,,,,
2167,10/2/2017 21:00,67.906,0,,,,
2168,10/2/2017 22:00,67.735,0,,,,
2169,10/2/2017 23:00,67.564,0,,,,
2170,10/3/2017 0:00,67.392,0,,,,
2171,10/3/2017 1:00,67.221,0,,,,
2172,10/3/2017 2:00,67.05,0,,,,
2173,10/3/2017 3:00,66.879,0,,,,
2174,10/3/2017 4:00,66.708,0,,,,
2175,10/3/2017 5:00,66.537,0,,,,
2176,10/3/2017 6:00,66.366,0,,,,
2177,10/3/2017 7:00,66.366,0,,,,
2178,10/3/2017 8:00,66.193,1,,,,
2179,10/3/2017 9:00,66.193,10,,,,
2180,10/3/2017 10:00,66.366,8,,,,
2181,10/3/2017 11:00,66.879,16,,,,
2182,10/3/2017 12:00,67.392,27,,,,
2183,10/3/2017 13:00,67.735,21,,,,
2184,10/3/2017 14:00,67.735,20,,,,
2185,10/3/2017 15:00,67.392,29,,,,
2186,10/3/2017 16:00,67.735,368,,,,
2187,10/3/2017 17:00,67.564,13,,,,
2188,10/3/2017 18:00,69.107,14,,,,
2189,10/3/2017 19:00,68.763,0,,,,
2190,10/3/2017 20:00,68.592,0,,,,
2191,10/3/2017 21:00,68.248,0,,,,
2192,10/3/2017 22:00,68.248,0,,,,
2193,10/3/2017 23:00,68.248,0,,,,
2194,10/4/2017 0:00,68.248,0,,,,
2195,10/4/2017 1:00,68.248,0,,,,
2196,10/4/2017 2:00,68.248,0,,,,
2197,10/4/2017 3:00,68.248,0,,,,
2198,10/4/2017 4:00,68.077,0,,,,
2199,10/4/2017 5:00,68.077,0,,,,
2200,10/4/2017 6:00,68.077,0,,,,
2201,10/4/2017 7:00,68.077,0,,,,
2202,10/4/2017 8:00,68.077,0,,,,
2203,10/4/2017 9:00,68.077,6,,,,
2204,10/4/2017 10:00,68.077,10,,,,
2205,10/4/2017 11:00,68.248,7,,,,
2206,10/4/2017 12:00,68.592,1280,,,,
2207,10/4/2017 12:08,,,Logged,Logged,,Logged
