#,"Date Time, GMT-04:00","Temp, °F",Intensity,Coupler Attached,Host Connected (LGR S/N: 20055151),Coupler Detached (LGR S/N: 20055151),End Of File (LGR S/N: 20055151)
1,7/4/2017 20:00,30.35611111,0,,,,
2,7/4/2017 21:00,29.35222222,0,,,,
3,7/4/2017 22:00,28.15888889,0,,,,
4,7/4/2017 23:00,26.78111111,0,,,,
5,7/5/2017 0:00,25.41611111,0,,,,
6,7/5/2017 1:00,24.255,0,,,,
7,7/5/2017 2:00,23.1,0,,,,
8,7/5/2017 3:00,22.04611111,0,,,,
9,7/5/2017 4:00,20.99611111,0,,,,
10,7/5/2017 5:00,20.04277778,0,,,,
11,7/5/2017 6:00,19.18722222,0,,,,
12,7/5/2017 7:00,18.52111111,0,,,,
13,7/5/2017 8:00,20.51888889,0,,,,
14,7/5/2017 9:00,22.04611111,0,,,,
15,7/5/2017 10:00,22.525,0,,,,
16,7/5/2017 11:00,28.655,336,,,,
17,7/5/2017 12:00,27.56722222,272,,,,
18,7/5/2017 13:00,28.45611111,232,,,,
19,7/5/2017 14:00,28.85277778,208,,,,
20,7/5/2017 15:00,28.85277778,160,,,,
21,7/5/2017 16:00,30.255,115,,,,
22,7/5/2017 17:00,30.35611111,32,,,,
23,7/5/2017 18:00,29.35222222,18,,,,
24,7/5/2017 19:00,30.05388889,15,,,,
25,7/5/2017 20:00,29.65222222,9,,,,
26,7/5/2017 21:00,29.15222222,1,,,,
27,7/5/2017 22:00,28.75388889,0,,,,
28,7/5/2017 23:00,28.35722222,0,,,,
29,7/6/2017 0:00,28.06,0,,,,
30,7/6/2017 1:00,27.665,0,,,,
31,7/6/2017 2:00,27.37,0,,,,
32,7/6/2017 3:00,26.97722222,0,,,,
33,7/6/2017 4:00,26.78111111,0,,,,
34,7/6/2017 5:00,26.585,0,,,,
35,7/6/2017 6:00,26.29222222,0,,,,
36,7/6/2017 7:00,26.09722222,8,,,,
37,7/6/2017 8:00,26.09722222,25,,,,
38,7/6/2017 9:00,26.195,58,,,,
39,7/6/2017 10:00,26.97722222,336,,,,
40,7/6/2017 11:00,27.17277778,192,,,,
41,7/6/2017 12:00,27.86222222,272,,,,
42,7/6/2017 13:00,29.05277778,288,,,,
43,7/6/2017 14:00,28.75388889,240,,,,
44,7/6/2017 15:00,30.45722222,144,,,,
45,7/6/2017 16:00,30.255,88,,,,
46,7/6/2017 17:00,31.26777778,20,,,,
47,7/6/2017 18:00,30.35611111,16,,,,
48,7/6/2017 19:00,30.45722222,15,,,,
49,7/6/2017 20:00,30.05388889,10,,,,
50,7/6/2017 21:00,29.55222222,1,,,,
51,7/6/2017 22:00,29.25222222,0,,,,
52,7/6/2017 23:00,28.95277778,0,,,,
53,7/7/2017 0:00,28.655,0,,,,
54,7/7/2017 1:00,28.35722222,0,,,,
55,7/7/2017 2:00,28.06,0,,,,
56,7/7/2017 3:00,27.96111111,0,,,,
57,7/7/2017 4:00,27.665,0,,,,
58,7/7/2017 5:00,27.37,0,,,,
59,7/7/2017 6:00,26.97722222,0,,,,
60,7/7/2017 7:00,26.97722222,7,,,,
61,7/7/2017 8:00,26.97722222,92,,,,
62,7/7/2017 9:00,26.87888889,136,,,,
63,7/7/2017 10:00,27.665,480,,,,
64,7/7/2017 11:00,28.25777778,448,,,,
65,7/7/2017 12:00,28.655,368,,,,
66,7/7/2017 13:00,28.75388889,240,,,,
67,7/7/2017 14:00,29.15222222,116,,,,
68,7/7/2017 15:00,29.05277778,160,,,,
69,7/7/2017 16:00,29.05277778,128,,,,
70,7/7/2017 17:00,29.35222222,76,,,,
71,7/7/2017 18:00,29.35222222,53,,,,
72,7/7/2017 19:00,29.35222222,16,,,,
73,7/7/2017 20:00,29.25222222,25,,,,
74,7/7/2017 21:00,29.05277778,2,,,,
75,7/7/2017 22:00,28.75388889,0,,,,
76,7/7/2017 23:00,28.45611111,0,,,,
77,7/8/2017 0:00,28.15888889,0,,,,
78,7/8/2017 1:00,27.86222222,0,,,,
79,7/8/2017 2:00,27.56722222,0,,,,
80,7/8/2017 3:00,27.17277778,0,,,,
81,7/8/2017 4:00,27.075,0,,,,
82,7/8/2017 5:00,26.97722222,0,,,,
83,7/8/2017 6:00,26.68277778,0,,,,
84,7/8/2017 7:00,26.48777778,16,,,,
85,7/8/2017 8:00,26.48777778,272,,,,
86,7/8/2017 9:00,26.78111111,464,,,,
87,7/8/2017 10:00,27.17277778,496,,,,
88,7/8/2017 11:00,27.665,464,,,,
89,7/8/2017 12:00,27.86222222,200,,,,
90,7/8/2017 13:00,28.15888889,336,,,,
91,7/8/2017 14:00,28.35722222,272,,,,
92,7/8/2017 15:00,28.555,160,,,,
93,7/8/2017 16:00,28.75388889,102,,,,
94,7/8/2017 17:00,28.555,26,,,,
95,7/8/2017 18:00,28.95277778,31,,,,
96,7/8/2017 19:00,28.655,15,,,,
97,7/8/2017 20:00,28.25777778,10,,,,
98,7/8/2017 21:00,27.86222222,2,,,,
99,7/8/2017 22:00,27.56722222,0,,,,
100,7/8/2017 23:00,27.17277778,0,,,,
101,7/9/2017 0:00,26.87888889,0,,,,
102,7/9/2017 1:00,26.48777778,0,,,,
103,7/9/2017 2:00,26.195,0,,,,
104,7/9/2017 3:00,26,0,,,,
105,7/9/2017 4:00,25.805,0,,,,
106,7/9/2017 5:00,25.61,0,,,,
107,7/9/2017 6:00,25.31888889,0,,,,
108,7/9/2017 7:00,24.93111111,12,,,,
109,7/9/2017 8:00,24.93111111,288,,,,
110,7/9/2017 9:00,25.70777778,480,,,,
111,7/9/2017 10:00,26.29222222,512,,,,
112,7/9/2017 11:00,26.97722222,512,,,,
113,7/9/2017 12:00,27.76388889,400,,,,
114,7/9/2017 13:00,28.15888889,368,,,,
115,7/9/2017 14:00,28.85277778,256,,,,
116,7/9/2017 15:00,28.85277778,93,,,,
117,7/9/2017 16:00,28.75388889,160,,,,
118,7/9/2017 17:00,29.35222222,71,,,,
119,7/9/2017 18:00,29.25222222,37,,,,
120,7/9/2017 19:00,28.85277778,23,,,,
121,7/9/2017 20:00,28.35722222,25,,,,
122,7/9/2017 21:00,27.86222222,2,,,,
123,7/9/2017 22:00,27.46777778,0,,,,
124,7/9/2017 23:00,27.17277778,0,,,,
125,7/10/2017 0:00,26.87888889,0,,,,
126,7/10/2017 1:00,26.585,0,,,,
127,7/10/2017 2:00,26.195,0,,,,
128,7/10/2017 3:00,26,0,,,,
129,7/10/2017 4:00,25.90222222,0,,,,
130,7/10/2017 5:00,25.61,0,,,,
131,7/10/2017 6:00,25.31888889,0,,,,
132,7/10/2017 7:00,25.22222222,2,,,,
133,7/10/2017 8:00,25.41611111,7,,,,
134,7/10/2017 9:00,25.41611111,2,,,,
135,7/10/2017 10:00,25.31888889,12,,,,
136,7/10/2017 11:00,25.22222222,10,,,,
137,7/10/2017 12:00,25.22222222,38,,,,
138,7/10/2017 13:00,25.31888889,34,,,,
139,7/10/2017 14:00,25.41611111,31,,,,
140,7/10/2017 15:00,25.51277778,51,,,,
141,7/10/2017 16:00,25.61,85,,,,
142,7/10/2017 17:00,26.195,33,,,,
143,7/10/2017 18:00,26.78111111,33,,,,
144,7/10/2017 19:00,26.68277778,12,,,,
145,7/10/2017 20:00,26.48777778,8,,,,
146,7/10/2017 21:00,26.29222222,1,,,,
147,7/10/2017 22:00,26,0,,,,
148,7/10/2017 23:00,25.805,0,,,,
149,7/11/2017 0:00,25.61,0,,,,
150,7/11/2017 1:00,25.31888889,0,,,,
151,7/11/2017 2:00,25.125,0,,,,
152,7/11/2017 3:00,24.93111111,0,,,,
153,7/11/2017 4:00,24.93111111,0,,,,
154,7/11/2017 5:00,24.73777778,0,,,,
155,7/11/2017 6:00,24.835,0,,,,
156,7/11/2017 7:00,24.835,1,,,,
157,7/11/2017 8:00,24.93111111,16,,,,
158,7/11/2017 9:00,25.02777778,26,,,,
159,7/11/2017 10:00,25.31888889,92,,,,
160,7/11/2017 11:00,25.90222222,136,,,,
161,7/11/2017 12:00,26.78111111,115,,,,
162,7/11/2017 13:00,27.665,108,,,,
163,7/11/2017 14:00,27.37,144,,,,
164,7/11/2017 15:00,27.86222222,75,,,,
165,7/11/2017 16:00,28.25777778,122,,,,
166,7/11/2017 17:00,29.65222222,86,,,,
167,7/11/2017 18:00,28.95277778,40,,,,
168,7/11/2017 19:00,29.25222222,36,,,,
169,7/11/2017 20:00,28.95277778,18,,,,
170,7/11/2017 21:00,28.85277778,0,,,,
171,7/11/2017 22:00,28.655,0,,,,
172,7/11/2017 23:00,28.35722222,0,,,,
173,7/12/2017 0:00,28.06,0,,,,
174,7/12/2017 1:00,27.76388889,0,,,,
175,7/12/2017 2:00,27.56722222,0,,,,
176,7/12/2017 3:00,27.37,0,,,,
177,7/12/2017 4:00,27.17277778,0,,,,
178,7/12/2017 5:00,26.97722222,0,,,,
179,7/12/2017 6:00,26.87888889,0,,,,
180,7/12/2017 7:00,26.78111111,5,,,,
181,7/12/2017 8:00,26.68277778,16,,,,
182,7/12/2017 9:00,26.585,36,,,,
183,7/12/2017 10:00,26.585,63,,,,
184,7/12/2017 11:00,26.68277778,144,,,,
185,7/12/2017 12:00,26.585,0,,,,
186,7/12/2017 13:00,26.195,51,,,,
187,7/12/2017 14:00,26.09722222,28,,,,
188,7/12/2017 15:00,26.29222222,144,,,,
189,7/12/2017 16:00,26.97722222,98,,,,
190,7/12/2017 17:00,27.27222222,92,,,,
191,7/12/2017 18:00,27.075,55,,,,
192,7/12/2017 19:00,27.37,26,,,,
193,7/12/2017 20:00,27.17277778,15,,,,
194,7/12/2017 21:00,26.87888889,2,,,,
195,7/12/2017 22:00,26.68277778,0,,,,
196,7/12/2017 23:00,26.585,0,,,,
197,7/13/2017 0:00,26.48777778,0,,,,
198,7/13/2017 1:00,26.29222222,0,,,,
199,7/13/2017 2:00,26.195,0,,,,
200,7/13/2017 3:00,26,0,,,,
201,7/13/2017 4:00,26,0,,,,
202,7/13/2017 5:00,25.805,0,,,,
203,7/13/2017 6:00,25.70777778,0,,,,
204,7/13/2017 7:00,25.70777778,3,,,,
205,7/13/2017 8:00,25.61,27,,,,
206,7/13/2017 9:00,25.70777778,87,,,,
207,7/13/2017 10:00,25.805,54,,,,
208,7/13/2017 11:00,26.09722222,103,,,,
209,7/13/2017 12:00,26.29222222,59,,,,
210,7/13/2017 13:00,26.78111111,288,,,,
211,7/13/2017 14:00,26.97722222,87,,,,
212,7/13/2017 15:00,26.87888889,91,,,,
213,7/13/2017 16:00,27.075,67,,,,
214,7/13/2017 17:00,27.17277778,73,,,,
215,7/13/2017 18:00,27.075,58,,,,
216,7/13/2017 19:00,27.075,21,,,,
217,7/13/2017 20:00,27.27222222,10,,,,
218,7/13/2017 21:00,26.97722222,1,,,,
219,7/13/2017 22:00,26.68277778,0,,,,
220,7/13/2017 23:00,26.48777778,0,,,,
221,7/14/2017 0:00,26.195,0,,,,
222,7/14/2017 1:00,26,0,,,,
223,7/14/2017 2:00,25.90222222,0,,,,
224,7/14/2017 3:00,25.61,0,,,,
225,7/14/2017 4:00,25.41611111,0,,,,
226,7/14/2017 5:00,25.22222222,0,,,,
227,7/14/2017 6:00,25.125,0,,,,
228,7/14/2017 7:00,25.125,6,,,,
229,7/14/2017 8:00,25.125,24,,,,
230,7/14/2017 9:00,25.41611111,96,,,,
231,7/14/2017 10:00,26,448,,,,
232,7/14/2017 11:00,26.48777778,448,,,,
233,7/14/2017 12:00,26.87888889,320,,,,
234,7/14/2017 13:00,26.68277778,304,,,,
235,7/14/2017 14:00,27.17277778,256,,,,
236,7/14/2017 15:00,27.37,136,,,,
237,7/14/2017 16:00,27.96111111,55,,,,
238,7/14/2017 17:00,27.76388889,33,,,,
239,7/14/2017 18:00,27.76388889,35,,,,
240,7/14/2017 19:00,27.96111111,30,,,,
241,7/14/2017 20:00,27.665,15,,,,
242,7/14/2017 21:00,27.46777778,1,,,,
243,7/14/2017 22:00,27.17277778,0,,,,
244,7/14/2017 23:00,26.97722222,0,,,,
245,7/15/2017 0:00,26.68277778,0,,,,
246,7/15/2017 1:00,26.39,0,,,,
247,7/15/2017 2:00,26.09722222,0,,,,
248,7/15/2017 3:00,25.805,0,,,,
249,7/15/2017 4:00,25.61,0,,,,
250,7/15/2017 5:00,25.51277778,0,,,,
251,7/15/2017 6:00,25.31888889,0,,,,
252,7/15/2017 7:00,25.125,13,,,,
253,7/15/2017 8:00,25.125,248,,,,
254,7/15/2017 9:00,25.51277778,496,,,,
255,7/15/2017 10:00,26.195,512,,,,
256,7/15/2017 11:00,26.97722222,672,,,,
257,7/15/2017 12:00,26.97722222,126,,,,
258,7/15/2017 13:00,27.37,368,,,,
259,7/15/2017 14:00,28.06,272,,,,
260,7/15/2017 15:00,29.15222222,152,,,,
261,7/15/2017 16:00,29.45222222,97,,,,
262,7/15/2017 17:00,29.25222222,24,,,,
263,7/15/2017 18:00,28.95277778,28,,,,
264,7/15/2017 19:00,28.655,11,,,,
265,7/15/2017 20:00,28.655,20,,,,
266,7/15/2017 21:00,28.06,1,,,,
267,7/15/2017 22:00,27.76388889,0,,,,
268,7/15/2017 23:00,27.46777778,0,,,,
269,7/16/2017 0:00,27.075,0,,,,
270,7/16/2017 1:00,26.78111111,0,,,,
271,7/16/2017 2:00,26.585,0,,,,
272,7/16/2017 3:00,26.39,0,,,,
273,7/16/2017 4:00,26.09722222,0,,,,
274,7/16/2017 5:00,25.90222222,0,,,,
275,7/16/2017 6:00,25.805,0,,,,
276,7/16/2017 7:00,25.805,14,,,,
277,7/16/2017 8:00,25.805,58,,,,
278,7/16/2017 9:00,26.09722222,272,,,,
279,7/16/2017 10:00,26.39,98,,,,
280,7/16/2017 11:00,26.68277778,125,,,,
281,7/16/2017 12:00,26.48777778,20,,,,
282,7/16/2017 13:00,26.48777778,37,,,,
283,7/16/2017 14:00,26.68277778,176,,,,
284,7/16/2017 15:00,26.68277778,35,,,,
285,7/16/2017 16:00,26.87888889,96,,,,
286,7/16/2017 17:00,26.87888889,57,,,,
287,7/16/2017 18:00,27.075,37,,,,
288,7/16/2017 19:00,27.075,15,,,,
289,7/16/2017 20:00,26.78111111,14,,,,
290,7/16/2017 21:00,26.39,1,,,,
291,7/16/2017 22:00,26.09722222,0,,,,
292,7/16/2017 23:00,25.90222222,0,,,,
293,7/17/2017 0:00,25.61,0,,,,
294,7/17/2017 1:00,25.31888889,0,,,,
295,7/17/2017 2:00,25.125,0,,,,
296,7/17/2017 3:00,24.835,0,,,,
297,7/17/2017 4:00,24.64111111,0,,,,
298,7/17/2017 5:00,24.44777778,0,,,,
299,7/17/2017 6:00,24.255,0,,,,
300,7/17/2017 7:00,24.06222222,14,,,,
301,7/17/2017 8:00,24.255,224,,,,
302,7/17/2017 9:00,24.545,432,,,,
303,7/17/2017 10:00,25.22222222,480,,,,
304,7/17/2017 11:00,26.195,496,,,,
305,7/17/2017 12:00,27.075,400,,,,
306,7/17/2017 13:00,27.56722222,112,,,,
307,7/17/2017 14:00,27.37,272,,,,
308,7/17/2017 15:00,27.17277778,121,,,,
309,7/17/2017 16:00,28.45611111,38,,,,
310,7/17/2017 17:00,28.85277778,37,,,,
311,7/17/2017 18:00,28.75388889,19,,,,
312,7/17/2017 19:00,28.85277778,17,,,,
313,7/17/2017 20:00,28.555,9,,,,
314,7/17/2017 21:00,28.15888889,1,,,,
315,7/17/2017 22:00,27.76388889,0,,,,
316,7/17/2017 23:00,27.46777778,0,,,,
317,7/18/2017 0:00,27.17277778,0,,,,
318,7/18/2017 1:00,26.78111111,0,,,,
319,7/18/2017 2:00,26.48777778,0,,,,
320,7/18/2017 3:00,26.29222222,0,,,,
321,7/18/2017 4:00,26.09722222,0,,,,
322,7/18/2017 5:00,26,0,,,,
323,7/18/2017 6:00,25.70777778,0,,,,
324,7/18/2017 7:00,25.51277778,17,,,,
325,7/18/2017 8:00,25.51277778,168,,,,
326,7/18/2017 9:00,25.805,232,,,,
327,7/18/2017 10:00,26.29222222,480,,,,
328,7/18/2017 11:00,26.87888889,320,,,,
329,7/18/2017 12:00,27.56722222,320,,,,
330,7/18/2017 13:00,28.25777778,352,,,,
331,7/18/2017 14:00,29.75222222,248,,,,
332,7/18/2017 15:00,29.35222222,120,,,,
333,7/18/2017 16:00,29.75222222,46,,,,
334,7/18/2017 17:00,30.255,24,,,,
335,7/18/2017 18:00,30.15388889,23,,,,
336,7/18/2017 19:00,29.55222222,21,,,,
337,7/18/2017 20:00,29.35222222,9,,,,
338,7/18/2017 21:00,29.05277778,1,,,,
339,7/18/2017 22:00,28.655,0,,,,
340,7/18/2017 23:00,28.45611111,0,,,,
341,7/19/2017 0:00,28.06,0,,,,
342,7/19/2017 1:00,27.96111111,0,,,,
343,7/19/2017 2:00,27.665,0,,,,
344,7/19/2017 3:00,27.46777778,0,,,,
345,7/19/2017 4:00,27.27222222,0,,,,
346,7/19/2017 5:00,27.075,0,,,,
347,7/19/2017 6:00,26.87888889,0,,,,
348,7/19/2017 7:00,26.78111111,7,,,,
349,7/19/2017 8:00,26.78111111,51,,,,
350,7/19/2017 9:00,26.78111111,87,,,,
351,7/19/2017 10:00,27.17277778,248,,,,
352,7/19/2017 11:00,27.665,152,,,,
353,7/19/2017 12:00,28.25777778,256,,,,
354,7/19/2017 13:00,28.655,256,,,,
355,7/19/2017 14:00,29.95277778,224,,,,
356,7/19/2017 15:00,30.05388889,63,,,,
357,7/19/2017 16:00,29.55222222,115,,,,
358,7/19/2017 17:00,29.65222222,35,,,,
359,7/19/2017 18:00,29.85277778,16,,,,
360,7/19/2017 19:00,29.95277778,16,,,,
361,7/19/2017 20:00,30.15388889,13,,,,
362,7/19/2017 21:00,30.05388889,1,,,,
363,7/19/2017 22:00,29.65222222,0,,,,
364,7/19/2017 23:00,29.35222222,0,,,,
365,7/20/2017 0:00,29.15222222,0,,,,
366,7/20/2017 1:00,28.95277778,0,,,,
367,7/20/2017 2:00,28.655,0,,,,
368,7/20/2017 3:00,28.35722222,0,,,,
369,7/20/2017 4:00,28.15888889,0,,,,
370,7/20/2017 5:00,27.96111111,0,,,,
371,7/20/2017 6:00,27.86222222,0,,,,
372,7/20/2017 7:00,27.86222222,11,,,,
373,7/20/2017 8:00,27.76388889,15,,,,
374,7/20/2017 9:00,27.665,34,,,,
375,7/20/2017 10:00,27.76388889,53,,,,
376,7/20/2017 11:00,27.86222222,136,,,,
377,7/20/2017 12:00,28.35722222,432,,,,
378,7/20/2017 13:00,29.25222222,288,,,,
379,7/20/2017 14:00,29.65222222,123,,,,
380,7/20/2017 15:00,28.75388889,73,,,,
381,7/20/2017 16:00,28.95277778,118,,,,
382,7/20/2017 17:00,30.05388889,45,,,,
383,7/20/2017 18:00,29.85277778,56,,,,
384,7/20/2017 19:00,29.65222222,12,,,,
385,7/20/2017 20:00,29.45222222,9,,,,
386,7/20/2017 21:00,29.15222222,1,,,,
387,7/20/2017 22:00,28.95277778,0,,,,
388,7/20/2017 23:00,28.75388889,0,,,,
389,7/21/2017 0:00,28.45611111,0,,,,
390,7/21/2017 1:00,28.15888889,0,,,,
391,7/21/2017 2:00,27.96111111,0,,,,
392,7/21/2017 3:00,27.86222222,0,,,,
393,7/21/2017 4:00,27.665,0,,,,
394,7/21/2017 5:00,27.46777778,0,,,,
395,7/21/2017 6:00,27.37,0,,,,
396,7/21/2017 7:00,27.27222222,25,,,,
397,7/21/2017 8:00,27.17277778,192,,,,
398,7/21/2017 9:00,27.46777778,208,,,,
399,7/21/2017 10:00,27.76388889,124,,,,
400,7/21/2017 11:00,28.35722222,432,,,,
401,7/21/2017 12:00,28.85277778,304,,,,
402,7/21/2017 13:00,29.45222222,216,,,,
403,7/21/2017 14:00,30.05388889,123,,,,
404,7/21/2017 15:00,29.85277778,94,,,,
405,7/21/2017 16:00,29.95277778,102,,,,
406,7/21/2017 17:00,30.255,66,,,,
407,7/21/2017 18:00,30.05388889,56,,,,
408,7/21/2017 19:00,30.05388889,32,,,,
409,7/21/2017 20:00,29.75222222,16,,,,
410,7/21/2017 21:00,29.55222222,0,,,,
411,7/21/2017 22:00,29.25222222,0,,,,
412,7/21/2017 23:00,28.95277778,0,,,,
413,7/22/2017 0:00,28.75388889,0,,,,
414,7/22/2017 1:00,28.655,0,,,,
415,7/22/2017 2:00,28.35722222,0,,,,
416,7/22/2017 3:00,28.15888889,0,,,,
417,7/22/2017 4:00,28.06,0,,,,
418,7/22/2017 5:00,27.86222222,0,,,,
419,7/22/2017 6:00,27.76388889,0,,,,
420,7/22/2017 7:00,27.665,4,,,,
421,7/22/2017 8:00,27.56722222,2,,,,
422,7/22/2017 9:00,27.56722222,20,,,,
423,7/22/2017 10:00,27.46777778,6,,,,
424,7/22/2017 11:00,27.37,43,,,,
425,7/22/2017 12:00,27.665,83,,,,
426,7/22/2017 13:00,28.555,216,,,,
427,7/22/2017 14:00,29.15222222,168,,,,
428,7/22/2017 15:00,29.05277778,88,,,,
429,7/22/2017 16:00,29.35222222,84,,,,
430,7/22/2017 17:00,29.45222222,56,,,,
431,7/22/2017 18:00,29.45222222,18,,,,
432,7/22/2017 19:00,29.45222222,19,,,,
433,7/22/2017 20:00,29.25222222,3,,,,
434,7/22/2017 21:00,28.95277778,0,,,,
435,7/22/2017 22:00,28.655,0,,,,
436,7/22/2017 23:00,28.45611111,0,,,,
437,7/23/2017 0:00,28.25777778,0,,,,
438,7/23/2017 1:00,28.06,0,,,,
439,7/23/2017 2:00,27.86222222,0,,,,
440,7/23/2017 3:00,27.665,0,,,,
441,7/23/2017 4:00,27.665,0,,,,
442,7/23/2017 5:00,27.46777778,0,,,,
443,7/23/2017 6:00,27.27222222,0,,,,
444,7/23/2017 7:00,27.075,8,,,,
445,7/23/2017 8:00,27.17277778,176,,,,
446,7/23/2017 9:00,27.46777778,416,,,,
447,7/23/2017 10:00,27.96111111,464,,,,
448,7/23/2017 11:00,28.35722222,448,,,,
449,7/23/2017 12:00,28.555,352,,,,
450,7/23/2017 13:00,28.75388889,124,,,,
451,7/23/2017 14:00,28.75388889,144,,,,
452,7/23/2017 15:00,29.45222222,160,,,,
453,7/23/2017 16:00,29.65222222,52,,,,
454,7/23/2017 17:00,29.55222222,44,,,,
455,7/23/2017 18:00,29.75222222,21,,,,
456,7/23/2017 19:00,29.95277778,9,,,,
457,7/23/2017 20:00,29.65222222,14,,,,
458,7/23/2017 21:00,29.25222222,0,,,,
459,7/23/2017 22:00,28.95277778,0,,,,
460,7/23/2017 23:00,28.655,0,,,,
461,7/24/2017 0:00,28.35722222,0,,,,
462,7/24/2017 1:00,28.06,0,,,,
463,7/24/2017 2:00,27.96111111,0,,,,
464,7/24/2017 3:00,27.86222222,0,,,,
465,7/24/2017 4:00,27.56722222,0,,,,
466,7/24/2017 5:00,27.37,0,,,,
467,7/24/2017 6:00,27.17277778,0,,,,
468,7/24/2017 7:00,27.075,3,,,,
469,7/24/2017 8:00,26.78111111,16,,,,
470,7/24/2017 9:00,26.585,62,,,,
471,7/24/2017 10:00,26.68277778,90,,,,
472,7/24/2017 11:00,26.78111111,480,,,,
473,7/24/2017 12:00,26.78111111,31,,,,
474,7/24/2017 13:00,26.78111111,39,,,,
475,7/24/2017 14:00,26.78111111,60,,,,
476,7/24/2017 15:00,27.075,95,,,,
477,7/24/2017 16:00,27.46777778,27,,,,
478,7/24/2017 17:00,27.56722222,27,,,,
479,7/24/2017 18:00,27.37,10,,,,
480,7/24/2017 19:00,27.075,7,,,,
481,7/24/2017 20:00,26.87888889,3,,,,
482,7/24/2017 21:00,26.68277778,0,,,,
483,7/24/2017 22:00,26.39,0,,,,
484,7/24/2017 23:00,26.195,0,,,,
485,7/25/2017 0:00,26,0,,,,
486,7/25/2017 1:00,25.70777778,0,,,,
487,7/25/2017 2:00,25.61,0,,,,
488,7/25/2017 3:00,25.31888889,0,,,,
489,7/25/2017 4:00,25.125,0,,,,
490,7/25/2017 5:00,24.93111111,0,,,,
491,7/25/2017 6:00,24.835,0,,,,
492,7/25/2017 7:00,24.64111111,5,,,,
493,7/25/2017 8:00,24.545,168,,,,
494,7/25/2017 9:00,24.73777778,336,,,,
495,7/25/2017 10:00,25.41611111,336,,,,
496,7/25/2017 11:00,26.09722222,288,,,,
497,7/25/2017 12:00,26.97722222,240,,,,
498,7/25/2017 13:00,27.27222222,192,,,,
499,7/25/2017 14:00,28.25777778,152,,,,
500,7/25/2017 15:00,28.15888889,144,,,,
501,7/25/2017 16:00,28.15888889,92,,,,
502,7/25/2017 17:00,28.15888889,52,,,,
503,7/25/2017 18:00,28.45611111,31,,,,
504,7/25/2017 19:00,28.25777778,10,,,,
505,7/25/2017 20:00,27.86222222,6,,,,
506,7/25/2017 21:00,27.37,0,,,,
507,7/25/2017 22:00,26.97722222,0,,,,
508,7/25/2017 23:00,26.585,0,,,,
509,7/26/2017 0:00,26.195,0,,,,
510,7/26/2017 1:00,26,0,,,,
511,7/26/2017 2:00,25.90222222,0,,,,
512,7/26/2017 3:00,25.61,0,,,,
513,7/26/2017 4:00,25.41611111,0,,,,
514,7/26/2017 5:00,25.22222222,0,,,,
515,7/26/2017 6:00,25.02777778,0,,,,
516,7/26/2017 7:00,24.93111111,6,,,,
517,7/26/2017 8:00,24.835,23,,,,
518,7/26/2017 9:00,24.835,152,,,,
519,7/26/2017 10:00,25.51277778,304,,,,
520,7/26/2017 11:00,25.805,168,,,,
521,7/26/2017 12:00,26.09722222,127,,,,
522,7/26/2017 13:00,26.78111111,272,,,,
523,7/26/2017 14:00,27.46777778,117,,,,
524,7/26/2017 15:00,27.56722222,109,,,,
525,7/26/2017 16:00,27.86222222,90,,,,
526,7/26/2017 17:00,27.96111111,44,,,,
527,7/26/2017 18:00,27.86222222,46,,,,
528,7/26/2017 19:00,27.56722222,30,,,,
529,7/26/2017 20:00,27.46777778,9,,,,
530,7/26/2017 21:00,27.27222222,0,,,,
531,7/26/2017 22:00,27.075,0,,,,
532,7/26/2017 23:00,26.78111111,0,,,,
533,7/27/2017 0:00,26.585,0,,,,
534,7/27/2017 1:00,26.48777778,0,,,,
535,7/27/2017 2:00,26.195,0,,,,
536,7/27/2017 3:00,26,0,,,,
537,7/27/2017 4:00,25.805,0,,,,
538,7/27/2017 5:00,25.70777778,0,,,,
539,7/27/2017 6:00,25.61,0,,,,
540,7/27/2017 7:00,25.61,3,,,,
541,7/27/2017 8:00,25.61,12,,,,
542,7/27/2017 9:00,25.61,30,,,,
543,7/27/2017 10:00,26,216,,,,
544,7/27/2017 11:00,26.68277778,336,,,,
545,7/27/2017 12:00,26.87888889,144,,,,
546,7/27/2017 13:00,27.56722222,272,,,,
547,7/27/2017 14:00,28.15888889,80,,,,
548,7/27/2017 15:00,28.555,49,,,,
549,7/27/2017 16:00,28.95277778,68,,,,
550,7/27/2017 17:00,28.85277778,52,,,,
551,7/27/2017 18:00,29.05277778,25,,,,
552,7/27/2017 19:00,28.655,8,,,,
553,7/27/2017 20:00,27.76388889,5,,,,
554,7/27/2017 21:00,27.76388889,0,,,,
555,7/27/2017 22:00,27.37,0,,,,
556,7/27/2017 23:00,26.97722222,0,,,,
557,7/28/2017 0:00,26.48777778,0,,,,
558,7/28/2017 1:00,26.48777778,0,,,,
559,7/28/2017 2:00,26.195,0,,,,
560,7/28/2017 3:00,25.90222222,0,,,,
561,7/28/2017 4:00,25.70777778,0,,,,
562,7/28/2017 5:00,25.51277778,0,,,,
563,7/28/2017 6:00,25.41611111,0,,,,
564,7/28/2017 7:00,25.125,5,,,,
565,7/28/2017 8:00,25.02777778,38,,,,
566,7/28/2017 9:00,25.02777778,42,,,,
567,7/28/2017 10:00,25.22222222,384,,,,
568,7/28/2017 11:00,25.805,168,,,,
569,7/28/2017 12:00,26,106,,,,
570,7/28/2017 13:00,26.39,55,,,,
571,7/28/2017 14:00,26.195,23,,,,
572,7/28/2017 15:00,26,58,,,,
573,7/28/2017 16:00,26,69,,,,
574,7/28/2017 17:00,26,13,,,,
575,7/28/2017 18:00,25.70777778,10,,,,
576,7/28/2017 19:00,25.51277778,9,,,,
577,7/28/2017 20:00,25.31888889,4,,,,
578,7/28/2017 21:00,24.93111111,0,,,,
579,7/28/2017 22:00,24.545,0,,,,
580,7/28/2017 23:00,24.15777778,0,,,,
581,7/29/2017 0:00,24.06222222,0,,,,
582,7/29/2017 1:00,23.86888889,0,,,,
583,7/29/2017 2:00,23.58111111,0,,,,
584,7/29/2017 3:00,23.38777778,0,,,,
585,7/29/2017 4:00,23.29222222,0,,,,
586,7/29/2017 5:00,23.38777778,0,,,,
587,7/29/2017 6:00,23.38777778,0,,,,
588,7/29/2017 7:00,23.19611111,5,,,,
589,7/29/2017 8:00,23.00388889,47,,,,
590,7/29/2017 9:00,23.58111111,400,,,,
591,7/29/2017 10:00,24.255,432,,,,
592,7/29/2017 11:00,25.02777778,400,,,,
593,7/29/2017 12:00,25.51277778,400,,,,
594,7/29/2017 13:00,25.41611111,320,,,,
595,7/29/2017 14:00,25.805,256,,,,
596,7/29/2017 15:00,26,47,,,,
597,7/29/2017 16:00,26.78111111,37,,,,
598,7/29/2017 17:00,26.585,26,,,,
599,7/29/2017 18:00,26.78111111,38,,,,
600,7/29/2017 19:00,26.39,10,,,,
601,7/29/2017 20:00,25.90222222,6,,,,
602,7/29/2017 21:00,25.51277778,0,,,,
603,7/29/2017 22:00,25.22222222,0,,,,
604,7/29/2017 23:00,24.93111111,0,,,,
605,7/30/2017 0:00,24.545,0,,,,
606,7/30/2017 1:00,24.44777778,0,,,,
607,7/30/2017 2:00,24.255,0,,,,
608,7/30/2017 3:00,24.06222222,0,,,,
609,7/30/2017 4:00,23.86888889,0,,,,
610,7/30/2017 5:00,23.77277778,0,,,,
611,7/30/2017 6:00,23.58111111,0,,,,
612,7/30/2017 7:00,23.38777778,8,,,,
613,7/30/2017 8:00,23.1,20,,,,
614,7/30/2017 9:00,23.86888889,224,,,,
615,7/30/2017 10:00,24.64111111,288,,,,
616,7/30/2017 11:00,25.22222222,368,,,,
617,7/30/2017 12:00,25.61,336,,,,
618,7/30/2017 13:00,25.70777778,65,,,,
619,7/30/2017 14:00,27.27222222,216,,,,
620,7/30/2017 15:00,27.56722222,232,,,,
621,7/30/2017 16:00,28.15888889,123,,,,
622,7/30/2017 17:00,28.06,92,,,,
623,7/30/2017 18:00,28.85277778,41,,,,
624,7/30/2017 19:00,28.35722222,29,,,,
625,7/30/2017 20:00,28.06,9,,,,
626,7/30/2017 21:00,27.56722222,0,,,,
627,7/30/2017 22:00,27.17277778,0,,,,
628,7/30/2017 23:00,26.78111111,0,,,,
629,7/31/2017 0:00,26.48777778,0,,,,
630,7/31/2017 1:00,26.195,0,,,,
631,7/31/2017 2:00,25.90222222,0,,,,
632,7/31/2017 3:00,25.805,0,,,,
633,7/31/2017 4:00,25.61,0,,,,
634,7/31/2017 5:00,25.31888889,0,,,,
635,7/31/2017 6:00,25.125,0,,,,
636,7/31/2017 7:00,25.02777778,2,,,,
637,7/31/2017 8:00,24.835,9,,,,
638,7/31/2017 9:00,25.31888889,106,,,,
639,7/31/2017 10:00,25.70777778,101,,,,
640,7/31/2017 11:00,26,136,,,,
641,7/31/2017 12:00,26.09722222,128,,,,
642,7/31/2017 13:00,26.78111111,152,,,,
643,7/31/2017 14:00,27.76388889,111,,,,
644,7/31/2017 15:00,27.76388889,60,,,,
645,7/31/2017 16:00,28.555,53,,,,
646,7/31/2017 17:00,28.555,12,,,,
647,7/31/2017 18:00,28.95277778,10,,,,
648,7/31/2017 19:00,29.85277778,8,,,,
649,7/31/2017 20:00,29.25222222,4,,,,
650,7/31/2017 21:00,28.75388889,0,,,,
651,7/31/2017 22:00,28.35722222,0,,,,
652,7/31/2017 23:00,27.96111111,0,,,,
653,8/1/2017 0:00,27.665,0,,,,
654,8/1/2017 1:00,27.37,0,,,,
655,8/1/2017 2:00,27.075,0,,,,
656,8/1/2017 3:00,26.78111111,0,,,,
657,8/1/2017 4:00,26.48777778,0,,,,
658,8/1/2017 5:00,26.29222222,0,,,,
659,8/1/2017 6:00,26.09722222,0,,,,
660,8/1/2017 7:00,25.805,5,,,,
661,8/1/2017 8:00,25.70777778,19,,,,
662,8/1/2017 9:00,26.195,144,,,,
663,8/1/2017 10:00,26.585,184,,,,
664,8/1/2017 11:00,26.97722222,288,,,,
665,8/1/2017 12:00,27.27222222,432,,,,
666,8/1/2017 13:00,27.37,72,,,,
667,8/1/2017 14:00,28.75388889,128,,,,
668,8/1/2017 15:00,29.05277778,83,,,,
669,8/1/2017 16:00,28.75388889,168,,,,
670,8/1/2017 17:00,29.35222222,38,,,,
671,8/1/2017 18:00,29.45222222,42,,,,
672,8/1/2017 19:00,30.05388889,32,,,,
673,8/1/2017 20:00,29.55222222,18,,,,
674,8/1/2017 21:00,29.15222222,0,,,,
675,8/1/2017 22:00,28.75388889,0,,,,
676,8/1/2017 23:00,28.45611111,0,,,,
677,8/2/2017 0:00,28.25777778,0,,,,
678,8/2/2017 1:00,27.96111111,0,,,,
679,8/2/2017 2:00,27.665,0,,,,
680,8/2/2017 3:00,27.27222222,0,,,,
681,8/2/2017 4:00,26.97722222,0,,,,
682,8/2/2017 5:00,26.68277778,0,,,,
683,8/2/2017 6:00,26.48777778,0,,,,
684,8/2/2017 7:00,26.39,14,,,,
685,8/2/2017 8:00,26.29222222,29,,,,
686,8/2/2017 9:00,26.68277778,272,,,,
687,8/2/2017 10:00,27.37,416,,,,
688,8/2/2017 11:00,27.96111111,496,,,,
689,8/2/2017 11:26,,,Logged,,,
690,8/2/2017 11:27,,,,Logged,,
691,8/2/2017 11:27,,,,,Logged,
692,8/2/2017 12:00,84.295,240,,,,
693,8/2/2017 13:00,83.757,320,,,,
694,8/2/2017 14:00,83.399,256,,,,
695,8/2/2017 15:00,83.399,16,,,,
696,8/2/2017 16:00,82.686,31,,,,
697,8/2/2017 17:00,83.935,62,,,,
698,8/2/2017 18:00,84.295,22,,,,
699,8/2/2017 19:00,84.474,28,,,,
700,8/2/2017 20:00,84.115,15,,,,
701,8/2/2017 21:00,83.399,0,,,,
702,8/2/2017 22:00,82.864,0,,,,
703,8/2/2017 23:00,82.33,0,,,,
704,8/3/2017 0:00,81.621,0,,,,
705,8/3/2017 1:00,81.09,0,,,,
706,8/3/2017 2:00,80.735,0,,,,
707,8/3/2017 3:00,80.206,0,,,,
708,8/3/2017 4:00,79.853,0,,,,
709,8/3/2017 5:00,79.502,0,,,,
710,8/3/2017 6:00,78.975,0,,,,
711,8/3/2017 7:00,78.8,7,,,,
712,8/3/2017 8:00,78.449,33,,,,
713,8/3/2017 9:00,79.151,184,,,,
714,8/3/2017 10:00,80.206,224,,,,
715,8/3/2017 11:00,81.442,288,,,,
716,8/3/2017 12:00,83.399,53,,,,
717,8/3/2017 13:00,84.654,184,,,,
718,8/3/2017 14:00,85.194,90,,,,
719,8/3/2017 15:00,85.374,160,,,,
720,8/3/2017 16:00,84.654,77,,,,
721,8/3/2017 17:00,85.194,32,,,,
722,8/3/2017 18:00,85.194,10,,,,
723,8/3/2017 19:00,84.115,29,,,,
724,8/3/2017 20:00,83.221,12,,,,
725,8/3/2017 21:00,82.508,0,,,,
726,8/3/2017 22:00,82.152,0,,,,
727,8/3/2017 23:00,81.442,0,,,,
728,8/4/2017 0:00,80.911,0,,,,
729,8/4/2017 1:00,80.206,0,,,,
730,8/4/2017 2:00,79.678,0,,,,
731,8/4/2017 3:00,79.326,0,,,,
732,8/4/2017 4:00,78.624,0,,,,
733,8/4/2017 5:00,78.274,0,,,,
734,8/4/2017 6:00,78.274,0,,,,
735,8/4/2017 7:00,77.923,1,,,,
736,8/4/2017 8:00,77.749,7,,,,
737,8/4/2017 9:00,77.574,8,,,,
738,8/4/2017 10:00,77.574,42,,,,
739,8/4/2017 11:00,78.274,89,,,,
740,8/4/2017 12:00,79.853,216,,,,
741,8/4/2017 13:00,81.09,168,,,,
742,8/4/2017 14:00,81.442,86,,,,
743,8/4/2017 15:00,81.797,71,,,,
744,8/4/2017 16:00,80.911,60,,,,
745,8/4/2017 17:00,80.029,44,,,,
746,8/4/2017 18:00,79.502,31,,,,
747,8/4/2017 19:00,78.624,32,,,,
748,8/4/2017 20:00,77.923,6,,,,
749,8/4/2017 21:00,77.4,0,,,,
750,8/4/2017 22:00,76.703,0,,,,
751,8/4/2017 23:00,76.181,0,,,,
752,8/5/2017 0:00,75.659,0,,,,
753,8/5/2017 1:00,74.964,0,,,,
754,8/5/2017 2:00,74.271,0,,,,
755,8/5/2017 3:00,74.098,0,,,,
756,8/5/2017 4:00,73.753,0,,,,
757,8/5/2017 5:00,73.234,0,,,,
758,8/5/2017 6:00,72.891,0,,,,
759,8/5/2017 7:00,72.545,1,,,,
760,8/5/2017 8:00,72.028,6,,,,
761,8/5/2017 9:00,73.234,104,,,,
762,8/5/2017 10:00,74.619,136,,,,
763,8/5/2017 11:00,75.484,168,,,,
764,8/5/2017 12:00,76.181,176,,,,
765,8/5/2017 13:00,77.225,144,,,,
766,8/5/2017 14:00,78.449,93,,,,
767,8/5/2017 15:00,77.749,47,,,,
768,8/5/2017 16:00,77.574,36,,,,
769,8/5/2017 17:00,78.274,26,,,,
770,8/5/2017 18:00,78.449,19,,,,
771,8/5/2017 19:00,77.749,11,,,,
772,8/5/2017 20:00,77.749,4,,,,
773,8/5/2017 21:00,77.05,0,,,,
774,8/5/2017 22:00,76.528,0,,,,
775,8/5/2017 23:00,76.006,0,,,,
776,8/6/2017 0:00,75.312,0,,,,
777,8/6/2017 1:00,74.964,0,,,,
778,8/6/2017 2:00,74.619,0,,,,
779,8/6/2017 3:00,74.098,0,,,,
780,8/6/2017 4:00,73.753,0,,,,
781,8/6/2017 5:00,73.407,0,,,,
782,8/6/2017 6:00,73.58,0,,,,
783,8/6/2017 7:00,73.58,6,,,,
784,8/6/2017 8:00,73.58,43,,,,
785,8/6/2017 9:00,74.271,64,,,,
786,8/6/2017 10:00,74.446,95,,,,
787,8/6/2017 11:00,75.139,76,,,,
788,8/6/2017 12:00,75.484,81,,,,
789,8/6/2017 13:00,75.832,80,,,,
790,8/6/2017 14:00,76.354,128,,,,
791,8/6/2017 15:00,77.4,109,,,,
792,8/6/2017 16:00,78.098,81,,,,
793,8/6/2017 17:00,78.975,57,,,,
794,8/6/2017 18:00,79.151,44,,,,
795,8/6/2017 19:00,78.098,40,,,,
796,8/6/2017 20:00,77.225,12,,,,
797,8/6/2017 21:00,76.354,0,,,,
798,8/6/2017 22:00,76.006,0,,,,
799,8/6/2017 23:00,75.484,0,,,,
800,8/7/2017 0:00,75.139,0,,,,
801,8/7/2017 1:00,74.791,0,,,,
802,8/7/2017 2:00,74.446,0,,,,
803,8/7/2017 3:00,73.926,0,,,,
804,8/7/2017 4:00,73.753,0,,,,
805,8/7/2017 5:00,73.407,0,,,,
806,8/7/2017 6:00,73.062,0,,,,
807,8/7/2017 7:00,73.062,4,,,,
808,8/7/2017 8:00,73.234,33,,,,
809,8/7/2017 9:00,73.407,35,,,,
810,8/7/2017 10:00,74.271,232,,,,
811,8/7/2017 11:00,74.964,96,,,,
812,8/7/2017 12:00,75.139,90,,,,
813,8/7/2017 13:00,75.659,184,,,,
814,8/7/2017 14:00,75.659,240,,,,
815,8/7/2017 15:00,77.749,232,,,,
816,8/7/2017 16:00,78.098,152,,,,
817,8/7/2017 17:00,77.574,25,,,,
818,8/7/2017 18:00,79.326,24,,,,
819,8/7/2017 19:00,78.624,18,,,,
820,8/7/2017 20:00,78.975,8,,,,
821,8/7/2017 21:00,78.098,0,,,,
822,8/7/2017 22:00,77.574,0,,,,
823,8/7/2017 23:00,77.05,0,,,,
824,8/8/2017 0:00,76.181,0,,,,
825,8/8/2017 1:00,75.659,0,,,,
826,8/8/2017 2:00,75.139,0,,,,
827,8/8/2017 3:00,74.619,0,,,,
828,8/8/2017 4:00,74.271,0,,,,
829,8/8/2017 5:00,73.753,0,,,,
830,8/8/2017 6:00,73.407,0,,,,
831,8/8/2017 7:00,72.891,4,,,,
832,8/8/2017 8:00,72.718,11,,,,
833,8/8/2017 9:00,73.407,144,,,,
834,8/8/2017 10:00,75.139,240,,,,
835,8/8/2017 11:00,76.181,248,,,,
836,8/8/2017 12:00,76.528,288,,,,
837,8/8/2017 13:00,76.354,216,,,,
838,8/8/2017 14:00,77.4,192,,,,
839,8/8/2017 15:00,77.749,115,,,,
840,8/8/2017 16:00,79.326,64,,,,
841,8/8/2017 17:00,79.678,30,,,,
842,8/8/2017 18:00,78.975,17,,,,
843,8/8/2017 19:00,80.029,10,,,,
844,8/8/2017 20:00,79.853,4,,,,
845,8/8/2017 21:00,79.151,0,,,,
846,8/8/2017 22:00,78.449,0,,,,
847,8/8/2017 23:00,78.098,0,,,,
848,8/9/2017 0:00,77.574,0,,,,
849,8/9/2017 1:00,77.225,0,,,,
850,8/9/2017 2:00,76.876,0,,,,
851,8/9/2017 3:00,76.354,0,,,,
852,8/9/2017 4:00,76.181,0,,,,
853,8/9/2017 5:00,75.659,0,,,,
854,8/9/2017 6:00,75.312,0,,,,
855,8/9/2017 7:00,74.964,3,,,,
856,8/9/2017 8:00,74.791,9,,,,
857,8/9/2017 9:00,75.312,93,,,,
858,8/9/2017 10:00,76.006,114,,,,
859,8/9/2017 11:00,77.4,70,,,,
860,8/9/2017 12:00,77.574,58,,,,
861,8/9/2017 13:00,77.574,136,,,,
862,8/9/2017 14:00,78.624,30,,,,
863,8/9/2017 15:00,78.975,64,,,,
864,8/9/2017 16:00,81.975,40,,,,
865,8/9/2017 17:00,80.559,26,,,,
866,8/9/2017 18:00,81.975,12,,,,
867,8/9/2017 19:00,81.266,13,,,,
868,8/9/2017 20:00,80.735,4,,,,
869,8/9/2017 21:00,81.442,0,,,,
870,8/9/2017 22:00,80.382,0,,,,
871,8/9/2017 23:00,79.678,0,,,,
872,8/10/2017 0:00,79.151,0,,,,
873,8/10/2017 1:00,78.624,0,,,,
874,8/10/2017 2:00,78.098,0,,,,
875,8/10/2017 3:00,77.749,0,,,,
876,8/10/2017 4:00,77.225,0,,,,
877,8/10/2017 5:00,76.703,0,,,,
878,8/10/2017 6:00,76.181,0,,,,
879,8/10/2017 7:00,75.832,4,,,,
880,8/10/2017 8:00,75.484,13,,,,
881,8/10/2017 9:00,76.181,125,,,,
882,8/10/2017 10:00,77.225,85,,,,
883,8/10/2017 11:00,78.449,248,,,,
884,8/10/2017 12:00,80.029,79,,,,
885,8/10/2017 13:00,82.33,240,,,,
886,8/10/2017 14:00,86.277,232,,,,
887,8/10/2017 15:00,82.152,102,,,,
888,8/10/2017 16:00,86.823,56,,,,
889,8/10/2017 17:00,87.733,23,,,,
890,8/10/2017 18:00,85.194,31,,,,
891,8/10/2017 19:00,85.554,20,,,,
892,8/10/2017 20:00,83.043,5,,,,
893,8/10/2017 21:00,82.686,0,,,,
894,8/10/2017 22:00,81.621,0,,,,
895,8/10/2017 23:00,80.735,0,,,,
896,8/11/2017 0:00,80.029,0,,,,
897,8/11/2017 1:00,79.326,0,,,,
898,8/11/2017 2:00,78.8,0,,,,
899,8/11/2017 3:00,78.274,0,,,,
900,8/11/2017 4:00,77.923,0,,,,
901,8/11/2017 5:00,77.574,0,,,,
902,8/11/2017 6:00,76.876,0,,,,
903,8/11/2017 7:00,76.528,0,,,,
904,8/11/2017 8:00,76.354,18,,,,
905,8/11/2017 9:00,76.528,39,,,,
906,8/11/2017 10:00,77.05,47,,,,
907,8/11/2017 11:00,77.749,168,,,,
908,8/11/2017 12:00,78.8,59,,,,
909,8/11/2017 13:00,79.326,104,,,,
910,8/11/2017 14:00,81.266,136,,,,
911,8/11/2017 15:00,83.757,25,,,,
912,8/11/2017 16:00,83.579,35,,,,
913,8/11/2017 17:00,80.029,12,,,,
914,8/11/2017 18:00,79.853,19,,,,
915,8/11/2017 19:00,79.502,7,,,,
916,8/11/2017 20:00,79.678,2,,,,
917,8/11/2017 21:00,79.502,0,,,,
918,8/11/2017 22:00,78.975,0,,,,
919,8/11/2017 23:00,78.449,0,,,,
920,8/12/2017 0:00,78.098,0,,,,
921,8/12/2017 1:00,77.574,0,,,,
922,8/12/2017 2:00,77.05,0,,,,
923,8/12/2017 3:00,76.528,0,,,,
924,8/12/2017 4:00,76.006,0,,,,
925,8/12/2017 5:00,75.832,0,,,,
926,8/12/2017 6:00,75.659,0,,,,
927,8/12/2017 7:00,75.139,2,,,,
928,8/12/2017 8:00,74.964,24,,,,
929,8/12/2017 9:00,75.659,65,,,,
930,8/12/2017 10:00,76.354,176,,,,
931,8/12/2017 11:00,76.703,41,,,,
932,8/12/2017 12:00,76.528,52,,,,
933,8/12/2017 13:00,76.876,47,,,,
934,8/12/2017 14:00,77.574,105,,,,
935,8/12/2017 15:00,78.098,11,,,,
936,8/12/2017 16:00,77.574,34,,,,
937,8/12/2017 17:00,78.098,18,,,,
938,8/12/2017 18:00,79.502,6,,,,
939,8/12/2017 19:00,78.624,4,,,,
940,8/12/2017 20:00,78.098,3,,,,
941,8/12/2017 21:00,77.923,0,,,,
942,8/12/2017 22:00,77.574,0,,,,
943,8/12/2017 23:00,76.876,0,,,,
944,8/13/2017 0:00,76.354,0,,,,
945,8/13/2017 1:00,76.006,0,,,,
946,8/13/2017 2:00,75.484,0,,,,
947,8/13/2017 3:00,74.964,0,,,,
948,8/13/2017 4:00,74.619,0,,,,
949,8/13/2017 5:00,74.271,0,,,,
950,8/13/2017 6:00,74.098,0,,,,
951,8/13/2017 7:00,73.753,2,,,,
952,8/13/2017 8:00,73.753,8,,,,
953,8/13/2017 9:00,74.446,95,,,,
954,8/13/2017 10:00,75.832,67,,,,
955,8/13/2017 11:00,77.749,176,,,,
956,8/13/2017 12:00,80.559,216,,,,
957,8/13/2017 13:00,79.151,24,,,,
958,8/13/2017 14:00,80.206,55,,,,
959,8/13/2017 15:00,80.911,54,,,,
960,8/13/2017 16:00,82.508,85,,,,
961,8/13/2017 17:00,82.508,47,,,,
962,8/13/2017 18:00,82.686,33,,,,
963,8/13/2017 19:00,82.508,21,,,,
964,8/13/2017 20:00,83.043,3,,,,
965,8/13/2017 21:00,82.33,0,,,,
966,8/13/2017 22:00,81.621,0,,,,
967,8/13/2017 23:00,80.911,0,,,,
968,8/14/2017 0:00,80.382,0,,,,
969,8/14/2017 1:00,79.502,0,,,,
970,8/14/2017 2:00,78.975,0,,,,
971,8/14/2017 3:00,78.274,0,,,,
972,8/14/2017 4:00,77.749,0,,,,
973,8/14/2017 5:00,77.05,0,,,,
974,8/14/2017 6:00,76.354,0,,,,
975,8/14/2017 7:00,75.832,2,,,,
976,8/14/2017 8:00,75.312,16,,,,
977,8/14/2017 9:00,75.659,84,,,,
978,8/14/2017 10:00,76.181,112,,,,
979,8/14/2017 11:00,78.098,288,,,,
980,8/14/2017 12:00,79.853,288,,,,
981,8/14/2017 13:00,80.911,240,,,,
982,8/14/2017 14:00,81.975,111,,,,
983,8/14/2017 15:00,82.508,112,,,,
984,8/14/2017 16:00,82.864,76,,,,
985,8/14/2017 17:00,82.508,34,,,,
986,8/14/2017 18:00,81.797,30,,,,
987,8/14/2017 19:00,81.266,15,,,,
988,8/14/2017 20:00,80.735,3,,,,
989,8/14/2017 21:00,79.853,0,,,,
990,8/14/2017 22:00,79.151,0,,,,
991,8/14/2017 23:00,78.8,0,,,,
992,8/15/2017 0:00,78.449,0,,,,
993,8/15/2017 1:00,77.923,0,,,,
994,8/15/2017 2:00,77.4,0,,,,
995,8/15/2017 3:00,77.05,0,,,,
996,8/15/2017 4:00,76.703,0,,,,
997,8/15/2017 5:00,76.528,0,,,,
998,8/15/2017 6:00,76.181,0,,,,
999,8/15/2017 7:00,76.006,0,,,,
1000,8/15/2017 8:00,75.659,2,,,,
1001,8/15/2017 9:00,75.659,56,,,,
1002,8/15/2017 10:00,76.354,288,,,,
1003,8/15/2017 11:00,78.098,368,,,,
1004,8/15/2017 12:00,78.449,384,,,,
1005,8/15/2017 13:00,78.449,304,,,,
1006,8/15/2017 14:00,79.326,216,,,,
1007,8/15/2017 15:00,81.797,77,,,,
1008,8/15/2017 16:00,81.975,74,,,,
1009,8/15/2017 17:00,82.152,39,,,,
1010,8/15/2017 18:00,83.579,25,,,,
1011,8/15/2017 19:00,83.399,10,,,,
1012,8/15/2017 20:00,82.508,5,,,,
1013,8/15/2017 21:00,81.797,0,,,,
1014,8/15/2017 22:00,81.09,0,,,,
1015,8/15/2017 23:00,80.559,0,,,,
1016,8/16/2017 0:00,80.029,0,,,,
1017,8/16/2017 1:00,79.502,0,,,,
1018,8/16/2017 2:00,79.151,0,,,,
1019,8/16/2017 3:00,78.8,0,,,,
1020,8/16/2017 4:00,78.274,0,,,,
1021,8/16/2017 5:00,77.923,0,,,,
1022,8/16/2017 6:00,77.4,0,,,,
1023,8/16/2017 7:00,76.876,3,,,,
1024,8/16/2017 8:00,76.703,29,,,,
1025,8/16/2017 9:00,76.703,39,,,,
1026,8/16/2017 10:00,77.574,256,,,,
1027,8/16/2017 11:00,78.624,320,,,,
1028,8/16/2017 12:00,80.029,304,,,,
1029,8/16/2017 13:00,81.797,256,,,,
1030,8/16/2017 14:00,83.221,192,,,,
1031,8/16/2017 15:00,85.194,119,,,,
1032,8/16/2017 16:00,85.915,76,,,,
1033,8/16/2017 17:00,86.641,27,,,,
1034,8/16/2017 18:00,85.915,15,,,,
1035,8/16/2017 19:00,85.014,10,,,,
1036,8/16/2017 20:00,83.935,4,,,,
1037,8/16/2017 21:00,82.508,0,,,,
1038,8/16/2017 22:00,81.797,0,,,,
1039,8/16/2017 23:00,81.09,0,,,,
1040,8/17/2017 0:00,80.382,0,,,,
1041,8/17/2017 1:00,79.678,0,,,,
1042,8/17/2017 2:00,79.502,0,,,,
1043,8/17/2017 3:00,78.975,0,,,,
1044,8/17/2017 4:00,78.449,0,,,,
1045,8/17/2017 5:00,77.923,0,,,,
1046,8/17/2017 6:00,77.574,0,,,,
1047,8/17/2017 7:00,77.4,0,,,,
1048,8/17/2017 8:00,77.4,13,,,,
1049,8/17/2017 9:00,77.225,14,,,,
1050,8/17/2017 10:00,77.225,28,,,,
1051,8/17/2017 11:00,77.749,75,,,,
1052,8/17/2017 12:00,79.151,67,,,,
1053,8/17/2017 13:00,79.326,90,,,,
1054,8/17/2017 14:00,79.151,35,,,,
1055,8/17/2017 15:00,79.678,101,,,,
1056,8/17/2017 16:00,80.735,38,,,,
1057,8/17/2017 17:00,80.559,56,,,,
1058,8/17/2017 18:00,80.735,12,,,,
1059,8/17/2017 19:00,81.266,6,,,,
1060,8/17/2017 20:00,81.09,3,,,,
1061,8/17/2017 21:00,80.382,0,,,,
1062,8/17/2017 22:00,79.678,0,,,,
1063,8/17/2017 23:00,79.151,0,,,,
1064,8/18/2017 0:00,78.624,0,,,,
1065,8/18/2017 1:00,78.274,0,,,,
1066,8/18/2017 2:00,77.923,0,,,,
1067,8/18/2017 3:00,77.574,0,,,,
1068,8/18/2017 4:00,77.225,0,,,,
1069,8/18/2017 5:00,76.703,0,,,,
1070,8/18/2017 6:00,76.528,0,,,,
1071,8/18/2017 7:00,76.354,1,,,,
1072,8/18/2017 8:00,76.006,10,,,,
1073,8/18/2017 9:00,76.354,35,,,,
1074,8/18/2017 10:00,76.703,30,,,,
1075,8/18/2017 11:00,77.05,256,,,,
1076,8/18/2017 12:00,77.574,87,,,,
1077,8/18/2017 13:00,78.624,34,,,,
1078,8/18/2017 14:00,78.449,66,,,,
1079,8/18/2017 15:00,78.8,83,,,,
1080,8/18/2017 16:00,78.624,50,,,,
1081,8/18/2017 17:00,78.449,34,,,,
1082,8/18/2017 18:00,78.098,24,,,,
1083,8/18/2017 19:00,78.274,6,,,,
1084,8/18/2017 20:00,77.749,3,,,,
1085,8/18/2017 21:00,77.4,0,,,,
1086,8/18/2017 22:00,76.876,0,,,,
1087,8/18/2017 23:00,76.528,0,,,,
1088,8/19/2017 0:00,75.832,0,,,,
1089,8/19/2017 1:00,75.659,0,,,,
1090,8/19/2017 2:00,75.312,0,,,,
1091,8/19/2017 3:00,74.791,0,,,,
1092,8/19/2017 4:00,74.791,0,,,,
1093,8/19/2017 5:00,74.619,0,,,,
1094,8/19/2017 6:00,74.446,0,,,,
1095,8/19/2017 7:00,74.271,0,,,,
1096,8/19/2017 8:00,74.098,14,,,,
1097,8/19/2017 9:00,74.098,73,,,,
1098,8/19/2017 10:00,75.139,232,,,,
1099,8/19/2017 11:00,76.354,106,,,,
1100,8/19/2017 12:00,77.749,52,,,,
1101,8/19/2017 13:00,78.274,256,,,,
1102,8/19/2017 14:00,80.206,176,,,,
1103,8/19/2017 15:00,80.382,102,,,,
1104,8/19/2017 16:00,79.853,54,,,,
1105,8/19/2017 17:00,80.029,19,,,,
1106,8/19/2017 18:00,80.559,10,,,,
1107,8/19/2017 19:00,80.735,6,,,,
1108,8/19/2017 20:00,80.206,2,,,,
1109,8/19/2017 21:00,79.502,0,,,,
1110,8/19/2017 22:00,78.975,0,,,,
1111,8/19/2017 23:00,78.449,0,,,,
1112,8/20/2017 0:00,77.923,0,,,,
1113,8/20/2017 1:00,77.574,0,,,,
1114,8/20/2017 2:00,77.225,0,,,,
1115,8/20/2017 3:00,76.528,0,,,,
1116,8/20/2017 4:00,76.181,0,,,,
1117,8/20/2017 5:00,76.006,0,,,,
1118,8/20/2017 6:00,75.832,0,,,,
1119,8/20/2017 7:00,75.659,3,,,,
1120,8/20/2017 8:00,75.484,23,,,,
1121,8/20/2017 9:00,76.181,232,,,,
1122,8/20/2017 10:00,77.225,304,,,,
1123,8/20/2017 11:00,78.8,336,,,,
1124,8/20/2017 12:00,80.382,288,,,,
1125,8/20/2017 13:00,82.33,208,,,,
1126,8/20/2017 14:00,84.474,184,,,,
1127,8/20/2017 15:00,84.474,106,,,,
1128,8/20/2017 16:00,85.014,75,,,,
1129,8/20/2017 17:00,85.735,35,,,,
1130,8/20/2017 18:00,84.474,17,,,,
1131,8/20/2017 19:00,83.935,9,,,,
1132,8/20/2017 20:00,82.33,3,,,,
1133,8/20/2017 21:00,81.797,0,,,,
1134,8/20/2017 22:00,81.09,0,,,,
1135,8/20/2017 23:00,80.559,0,,,,
1136,8/21/2017 0:00,80.206,0,,,,
1137,8/21/2017 1:00,79.678,0,,,,
1138,8/21/2017 2:00,79.326,0,,,,
1139,8/21/2017 3:00,78.975,0,,,,
1140,8/21/2017 4:00,78.624,0,,,,
1141,8/21/2017 5:00,78.274,0,,,,
1142,8/21/2017 6:00,77.923,0,,,,
1143,8/21/2017 7:00,77.749,2,,,,
1144,8/21/2017 8:00,77.574,17,,,,
1145,8/21/2017 9:00,77.923,92,,,,
1146,8/21/2017 10:00,78.975,208,,,,
1147,8/21/2017 11:00,79.853,288,,,,
1148,8/21/2017 12:00,82.508,272,,,,
1149,8/21/2017 13:00,84.474,256,,,,
1150,8/21/2017 14:00,85.554,86,,,,
1151,8/21/2017 15:00,84.295,22,,,,
1152,8/21/2017 16:00,83.579,104,,,,
1153,8/21/2017 17:00,84.834,36,,,,
1154,8/21/2017 18:00,85.194,19,,,,
1155,8/21/2017 19:00,85.194,7,,,,
1156,8/21/2017 20:00,83.579,1,,,,
1157,8/21/2017 21:00,83.399,0,,,,
1158,8/21/2017 22:00,82.864,0,,,,
1159,8/21/2017 23:00,81.975,0,,,,
1160,8/22/2017 0:00,81.621,0,,,,
1161,8/22/2017 1:00,81.09,0,,,,
1162,8/22/2017 2:00,80.559,0,,,,
1163,8/22/2017 3:00,80.206,0,,,,
1164,8/22/2017 4:00,79.853,0,,,,
1165,8/22/2017 5:00,79.502,0,,,,
1166,8/22/2017 6:00,78.975,0,,,,
1167,8/22/2017 7:00,78.8,0,,,,
1168,8/22/2017 8:00,78.449,5,,,,
1169,8/22/2017 9:00,78.274,11,,,,
1170,8/22/2017 10:00,78.274,40,,,,
1171,8/22/2017 11:00,78.8,12,,,,
1172,8/22/2017 12:00,79.326,99,,,,
1173,8/22/2017 13:00,80.029,136,,,,
1174,8/22/2017 14:00,80.559,25,,,,
1175,8/22/2017 15:00,80.559,106,,,,
1176,8/22/2017 16:00,81.266,88,,,,
1177,8/22/2017 17:00,81.09,12,,,,
1178,8/22/2017 18:00,80.559,24,,,,
1179,8/22/2017 19:00,80.382,9,,,,
1180,8/22/2017 20:00,79.502,3,,,,
1181,8/22/2017 21:00,78.8,0,,,,
1182,8/22/2017 22:00,78.274,0,,,,
1183,8/22/2017 23:00,77.749,0,,,,
1184,8/23/2017 0:00,77.05,0,,,,
1185,8/23/2017 1:00,76.528,0,,,,
1186,8/23/2017 2:00,76.181,0,,,,
1187,8/23/2017 3:00,75.659,0,,,,
1188,8/23/2017 4:00,75.484,0,,,,
1189,8/23/2017 5:00,74.964,0,,,,
1190,8/23/2017 6:00,74.964,0,,,,
1191,8/23/2017 7:00,74.791,0,,,,
1192,8/23/2017 8:00,74.791,9,,,,
1193,8/23/2017 9:00,75.139,101,,,,
1194,8/23/2017 10:00,76.181,144,,,,
1195,8/23/2017 11:00,77.4,184,,,,
1196,8/23/2017 12:00,77.749,192,,,,
1197,8/23/2017 13:00,78.274,184,,,,
1198,8/23/2017 14:00,79.151,46,,,,
1199,8/23/2017 15:00,79.853,51,,,,
1200,8/23/2017 16:00,79.326,40,,,,
1201,8/23/2017 17:00,78.624,19,,,,
1202,8/23/2017 18:00,78.8,21,,,,
1203,8/23/2017 19:00,78.098,9,,,,
1204,8/23/2017 20:00,77.4,1,,,,
1205,8/23/2017 21:00,76.703,0,,,,
1206,8/23/2017 22:00,76.354,0,,,,
1207,8/23/2017 23:00,75.832,0,,,,
1208,8/24/2017 0:00,75.312,0,,,,
1209,8/24/2017 1:00,74.964,0,,,,
1210,8/24/2017 2:00,74.619,0,,,,
1211,8/24/2017 3:00,74.098,0,,,,
1212,8/24/2017 4:00,73.926,0,,,,
1213,8/24/2017 5:00,73.58,0,,,,
1214,8/24/2017 6:00,73.407,0,,,,
1215,8/24/2017 7:00,72.718,1,,,,
1216,8/24/2017 8:00,72.718,19,,,,
1217,8/24/2017 9:00,72.718,75,,,,
1218,8/24/2017 10:00,73.407,55,,,,
1219,8/24/2017 11:00,73.753,79,,,,
1220,8/24/2017 12:00,74.619,67,,,,
1221,8/24/2017 13:00,75.312,71,,,,
1222,8/24/2017 14:00,75.312,37,,,,
1223,8/24/2017 15:00,75.139,83,,,,
1224,8/24/2017 16:00,75.139,31,,,,
1225,8/24/2017 17:00,74.619,26,,,,
1226,8/24/2017 18:00,74.446,26,,,,
1227,8/24/2017 19:00,74.098,6,,,,
1228,8/24/2017 20:00,73.58,1,,,,
1229,8/24/2017 21:00,73.062,0,,,,
1230,8/24/2017 22:00,72.545,0,,,,
1231,8/24/2017 23:00,72.028,0,,,,
1232,8/25/2017 0:00,71.512,0,,,,
1233,8/25/2017 1:00,70.995,0,,,,
1234,8/25/2017 2:00,70.824,0,,,,
1235,8/25/2017 3:00,70.308,0,,,,
1236,8/25/2017 4:00,70.137,0,,,,
1237,8/25/2017 5:00,69.793,0,,,,
1238,8/25/2017 6:00,69.449,0,,,,
1239,8/25/2017 7:00,69.278,0,,,,
1240,8/25/2017 8:00,69.622,11,,,,
1241,8/25/2017 9:00,70.308,91,,,,
1242,8/25/2017 10:00,71.339,152,,,,
1243,8/25/2017 11:00,72.718,184,,,,
1244,8/25/2017 12:00,74.446,192,,,,
1245,8/25/2017 13:00,74.791,168,,,,
1246,8/25/2017 14:00,75.484,128,,,,
1247,8/25/2017 15:00,76.006,84,,,,
1248,8/25/2017 16:00,78.098,95,,,,
1249,8/25/2017 17:00,78.449,21,,,,
1250,8/25/2017 18:00,77.4,8,,,,
1251,8/25/2017 19:00,76.354,7,,,,
1252,8/25/2017 20:00,75.659,1,,,,
1253,8/25/2017 21:00,74.271,0,,,,
1254,8/25/2017 22:00,73.753,0,,,,
1255,8/25/2017 23:00,73.234,0,,,,
1256,8/26/2017 0:00,72.718,0,,,,
1257,8/26/2017 1:00,72.199,0,,,,
1258,8/26/2017 2:00,71.512,0,,,,
1259,8/26/2017 3:00,71.168,0,,,,
1260,8/26/2017 4:00,70.995,0,,,,
1261,8/26/2017 5:00,70.651,0,,,,
1262,8/26/2017 6:00,70.308,0,,,,
1263,8/26/2017 7:00,69.793,0,,,,
1264,8/26/2017 8:00,69.622,18,,,,
1265,8/26/2017 9:00,70.137,108,,,,
1266,8/26/2017 10:00,71.339,152,,,,
1267,8/26/2017 11:00,72.891,128,,,,
1268,8/26/2017 12:00,74.619,200,,,,
1269,8/26/2017 13:00,76.006,54,,,,
1270,8/26/2017 14:00,76.876,136,,,,
1271,8/26/2017 15:00,77.749,85,,,,
1272,8/26/2017 16:00,81.975,89,,,,
1273,8/26/2017 17:00,80.382,22,,,,
1274,8/26/2017 18:00,80.559,19,,,,
1275,8/26/2017 19:00,79.502,18,,,,
1276,8/26/2017 20:00,78.274,1,,,,
1277,8/26/2017 21:00,77.4,0,,,,
1278,8/26/2017 22:00,76.528,0,,,,
1279,8/26/2017 23:00,75.659,0,,,,
1280,8/27/2017 0:00,74.791,0,,,,
1281,8/27/2017 1:00,74.098,0,,,,
1282,8/27/2017 2:00,73.58,0,,,,
1283,8/27/2017 3:00,73.062,0,,,,
1284,8/27/2017 4:00,72.372,0,,,,
1285,8/27/2017 5:00,72.028,0,,,,
1286,8/27/2017 6:00,71.512,0,,,,
1287,8/27/2017 7:00,71.339,0,,,,
1288,8/27/2017 8:00,71.168,5,,,,
1289,8/27/2017 9:00,71.168,32,,,,
1290,8/27/2017 10:00,71.856,184,,,,
1291,8/27/2017 11:00,73.062,224,,,,
1292,8/27/2017 12:00,74.446,216,,,,
1293,8/27/2017 13:00,76.006,200,,,,
1294,8/27/2017 14:00,77.923,128,,,,
1295,8/27/2017 15:00,79.853,85,,,,
1296,8/27/2017 16:00,80.206,72,,,,
1297,8/27/2017 17:00,80.029,43,,,,
1298,8/27/2017 18:00,79.151,25,,,,
1299,8/27/2017 19:00,78.098,9,,,,
1300,8/27/2017 20:00,77.05,0,,,,
1301,8/27/2017 21:00,76.181,0,,,,
1302,8/27/2017 22:00,75.312,0,,,,
1303,8/27/2017 23:00,74.964,0,,,,
1304,8/28/2017 0:00,74.446,0,,,,
1305,8/28/2017 1:00,74.098,0,,,,
1306,8/28/2017 2:00,73.753,0,,,,
1307,8/28/2017 3:00,73.407,0,,,,
1308,8/28/2017 4:00,73.234,0,,,,
1309,8/28/2017 5:00,72.891,0,,,,
1310,8/28/2017 6:00,72.545,0,,,,
1311,8/28/2017 7:00,72.372,0,,,,
1312,8/28/2017 8:00,72.199,5,,,,
1313,8/28/2017 9:00,72.028,14,,,,
1314,8/28/2017 10:00,72.199,12,,,,
1315,8/28/2017 11:00,72.199,24,,,,
1316,8/28/2017 12:00,72.372,29,,,,
1317,8/28/2017 13:00,72.372,20,,,,
1318,8/28/2017 14:00,72.199,35,,,,
1319,8/28/2017 15:00,72.028,7,,,,
1320,8/28/2017 16:00,71.683,24,,,,
1321,8/28/2017 17:00,72.028,36,,,,
1322,8/28/2017 18:00,72.372,16,,,,
1323,8/28/2017 19:00,72.372,9,,,,
1324,8/28/2017 20:00,72.199,1,,,,
1325,8/28/2017 21:00,72.028,0,,,,
1326,8/28/2017 22:00,71.856,0,,,,
1327,8/28/2017 23:00,71.512,0,,,,
1328,8/29/2017 0:00,71.339,0,,,,
1329,8/29/2017 1:00,71.168,0,,,,
1330,8/29/2017 2:00,70.995,0,,,,
1331,8/29/2017 3:00,70.824,0,,,,
1332,8/29/2017 4:00,70.651,0,,,,
1333,8/29/2017 5:00,70.48,0,,,,
1334,8/29/2017 6:00,70.48,0,,,,
1335,8/29/2017 7:00,70.48,0,,,,
1336,8/29/2017 8:00,70.48,2,,,,
1337,8/29/2017 9:00,70.651,7,,,,
1338,8/29/2017 10:00,70.824,10,,,,
1339,8/29/2017 11:00,71.168,10,,,,
1340,8/29/2017 12:00,71.683,44,,,,
1341,8/29/2017 13:00,72.891,59,,,,
1342,8/29/2017 14:00,74.446,80,,,,
1343,8/29/2017 15:00,74.791,4,,,,
1344,8/29/2017 16:00,73.58,14,,,,
1345,8/29/2017 17:00,73.58,5,,,,
1346,8/29/2017 18:00,73.234,11,,,,
1347,8/29/2017 19:00,73.407,6,,,,
1348,8/29/2017 20:00,73.234,0,,,,
1349,8/29/2017 21:00,72.718,0,,,,
1350,8/29/2017 22:00,72.372,0,,,,
1351,8/29/2017 23:00,72.028,0,,,,
1352,8/30/2017 0:00,71.683,0,,,,
1353,8/30/2017 1:00,71.339,0,,,,
1354,8/30/2017 2:00,71.168,0,,,,
1355,8/30/2017 3:00,70.995,0,,,,
1356,8/30/2017 4:00,70.824,0,,,,
1357,8/30/2017 5:00,70.824,0,,,,
1358,8/30/2017 6:00,70.824,0,,,,
1359,8/30/2017 7:00,70.651,0,,,,
1360,8/30/2017 8:00,70.651,5,,,,
1361,8/30/2017 9:00,70.824,19,,,,
1362,8/30/2017 10:00,71.168,47,,,,
1363,8/30/2017 11:00,73.062,152,,,,
1364,8/30/2017 12:00,75.484,160,,,,
1365,8/30/2017 13:00,74.791,52,,,,
1366,8/30/2017 14:00,78.098,116,,,,
1367,8/30/2017 15:00,79.326,27,,,,
1368,8/30/2017 16:00,76.528,57,,,,
1369,8/30/2017 17:00,77.923,16,,,,
1370,8/30/2017 18:00,80.206,16,,,,
1371,8/30/2017 19:00,79.326,3,,,,
1372,8/30/2017 20:00,79.853,0,,,,
1373,8/30/2017 21:00,78.975,0,,,,
1374,8/30/2017 22:00,78.274,0,,,,
1375,8/30/2017 23:00,77.749,0,,,,
1376,8/31/2017 0:00,77.225,0,,,,
1377,8/31/2017 1:00,76.703,0,,,,
1378,8/31/2017 2:00,76.354,0,,,,
1379,8/31/2017 3:00,75.832,0,,,,
1380,8/31/2017 4:00,75.484,0,,,,
1381,8/31/2017 5:00,74.964,0,,,,
1382,8/31/2017 6:00,74.446,0,,,,
1383,8/31/2017 7:00,74.098,0,,,,
1384,8/31/2017 8:00,73.753,2,,,,
1385,8/31/2017 9:00,73.58,24,,,,
1386,8/31/2017 10:00,73.753,136,,,,
1387,8/31/2017 11:00,73.753,79,,,,
1388,8/31/2017 12:00,74.098,216,,,,
1389,8/31/2017 13:00,74.271,152,,,,
1390,8/31/2017 14:00,75.312,109,,,,
1391,8/31/2017 15:00,76.006,85,,,,
1392,8/31/2017 16:00,76.181,99,,,,
1393,8/31/2017 17:00,76.181,21,,,,
1394,8/31/2017 18:00,75.484,15,,,,
1395,8/31/2017 19:00,74.964,5,,,,
1396,8/31/2017 20:00,74.271,0,,,,
1397,8/31/2017 21:00,73.407,0,,,,
1398,8/31/2017 22:00,72.718,0,,,,
1399,8/31/2017 23:00,72.199,0,,,,
1400,9/1/2017 0:00,71.512,0,,,,
1401,9/1/2017 1:00,70.824,0,,,,
1402,9/1/2017 2:00,70.651,0,,,,
1403,9/1/2017 3:00,70.48,0,,,,
1404,9/1/2017 4:00,70.137,0,,,,
1405,9/1/2017 5:00,69.622,0,,,,
1406,9/1/2017 6:00,69.278,0,,,,
1407,9/1/2017 7:00,68.763,0,,,,
1408,9/1/2017 8:00,68.248,14,,,,
1409,9/1/2017 9:00,68.248,37,,,,
1410,9/1/2017 10:00,69.107,208,,,,
1411,9/1/2017 11:00,69.793,168,,,,
1412,9/1/2017 12:00,70.308,160,,,,
1413,9/1/2017 13:00,70.995,160,,,,
1414,9/1/2017 14:00,71.512,152,,,,
1415,9/1/2017 15:00,72.545,136,,,,
1416,9/1/2017 16:00,73.234,60,,,,
1417,9/1/2017 17:00,72.545,42,,,,
1418,9/1/2017 18:00,72.028,24,,,,
1419,9/1/2017 19:00,71.512,12,,,,
1420,9/1/2017 20:00,70.995,0,,,,
1421,9/1/2017 21:00,70.308,0,,,,
1422,9/1/2017 22:00,70.137,0,,,,
1423,9/1/2017 23:00,69.793,0,,,,
1424,9/2/2017 0:00,69.449,0,,,,
1425,9/2/2017 1:00,69.107,0,,,,
1426,9/2/2017 2:00,68.763,0,,,,
1427,9/2/2017 3:00,68.592,0,,,,
1428,9/2/2017 4:00,68.077,0,,,,
1429,9/2/2017 5:00,67.906,0,,,,
1430,9/2/2017 6:00,67.392,0,,,,
1431,9/2/2017 7:00,67.221,0,,,,
1432,9/2/2017 8:00,66.708,17,,,,
1433,9/2/2017 9:00,67.05,92,,,,
1434,9/2/2017 10:00,68.077,176,,,,
1435,9/2/2017 11:00,69.107,256,,,,
1436,9/2/2017 12:00,70.308,272,,,,
1437,9/2/2017 13:00,72.545,240,,,,
1438,9/2/2017 14:00,74.619,192,,,,
1439,9/2/2017 15:00,76.703,127,,,,
1440,9/2/2017 16:00,76.876,46,,,,
1441,9/2/2017 17:00,76.703,42,,,,
1442,9/2/2017 18:00,75.832,18,,,,
1443,9/2/2017 19:00,75.139,12,,,,
1444,9/2/2017 20:00,74.271,0,,,,
1445,9/2/2017 21:00,73.407,0,,,,
1446,9/2/2017 22:00,72.545,0,,,,
1447,9/2/2017 23:00,72.028,0,,,,
1448,9/3/2017 0:00,71.339,0,,,,
1449,9/3/2017 1:00,70.995,0,,,,
1450,9/3/2017 2:00,70.48,0,,,,
1451,9/3/2017 3:00,69.964,0,,,,
1452,9/3/2017 4:00,69.449,0,,,,
1453,9/3/2017 5:00,69.107,0,,,,
1454,9/3/2017 6:00,68.934,0,,,,
1455,9/3/2017 7:00,68.592,0,,,,
1456,9/3/2017 8:00,68.421,3,,,,
1457,9/3/2017 9:00,68.421,120,,,,
1458,9/3/2017 10:00,68.934,123,,,,
1459,9/3/2017 11:00,69.622,272,,,,
1460,9/3/2017 12:00,69.964,38,,,,
1461,9/3/2017 13:00,70.48,97,,,,
1462,9/3/2017 14:00,71.168,208,,,,
1463,9/3/2017 15:00,72.718,107,,,,
1464,9/3/2017 16:00,73.753,70,,,,
1465,9/3/2017 17:00,72.718,22,,,,
1466,9/3/2017 18:00,72.372,12,,,,
1467,9/3/2017 19:00,72.028,9,,,,
1468,9/3/2017 20:00,72.028,0,,,,
1469,9/3/2017 21:00,71.512,0,,,,
1470,9/3/2017 22:00,71.168,0,,,,
1471,9/3/2017 23:00,70.824,0,,,,
1472,9/4/2017 0:00,70.651,0,,,,
1473,9/4/2017 1:00,70.308,0,,,,
1474,9/4/2017 2:00,69.964,0,,,,
1475,9/4/2017 3:00,69.964,0,,,,
1476,9/4/2017 4:00,69.793,0,,,,
1477,9/4/2017 5:00,69.622,0,,,,
1478,9/4/2017 6:00,69.449,0,,,,
1479,9/4/2017 7:00,69.449,0,,,,
1480,9/4/2017 8:00,69.449,12,,,,
1481,9/4/2017 9:00,69.278,23,,,,
1482,9/4/2017 10:00,69.622,152,,,,
1483,9/4/2017 11:00,70.824,192,,,,
1484,9/4/2017 12:00,71.856,184,,,,
1485,9/4/2017 13:00,72.891,176,,,,
1486,9/4/2017 14:00,74.446,152,,,,
1487,9/4/2017 15:00,75.484,104,,,,
1488,9/4/2017 16:00,76.181,74,,,,
1489,9/4/2017 17:00,76.006,11,,,,
1490,9/4/2017 18:00,73.062,3,,,,
1491,9/4/2017 19:00,72.891,4,,,,
1492,9/4/2017 20:00,72.372,0,,,,
1493,9/4/2017 21:00,72.199,0,,,,
1494,9/4/2017 22:00,71.683,0,,,,
1495,9/4/2017 23:00,71.168,0,,,,
1496,9/5/2017 0:00,70.824,0,,,,
1497,9/5/2017 1:00,70.48,0,,,,
1498,9/5/2017 2:00,69.964,0,,,,
1499,9/5/2017 3:00,69.622,0,,,,
1500,9/5/2017 4:00,69.449,0,,,,
1501,9/5/2017 5:00,69.278,0,,,,
1502,9/5/2017 6:00,69.107,0,,,,
1503,9/5/2017 7:00,69.107,0,,,,
1504,9/5/2017 8:00,69.107,3,,,,
1505,9/5/2017 9:00,69.278,11,,,,
1506,9/5/2017 10:00,69.622,184,,,,
1507,9/5/2017 11:00,70.48,50,,,,
1508,9/5/2017 12:00,71.339,37,,,,
1509,9/5/2017 13:00,71.856,240,,,,
1510,9/5/2017 14:00,72.718,208,,,,
1511,9/5/2017 15:00,73.062,136,,,,
1512,9/5/2017 16:00,72.545,34,,,,
1513,9/5/2017 17:00,72.372,13,,,,
1514,9/5/2017 18:00,72.545,10,,,,
1515,9/5/2017 19:00,72.718,8,,,,
1516,9/5/2017 20:00,71.856,0,,,,
1517,9/5/2017 21:00,71.168,0,,,,
1518,9/5/2017 22:00,70.651,0,,,,
1519,9/5/2017 23:00,70.137,0,,,,
1520,9/6/2017 0:00,69.622,0,,,,
1521,9/6/2017 1:00,69.278,0,,,,
1522,9/6/2017 2:00,69.278,0,,,,
1523,9/6/2017 3:00,68.934,0,,,,
1524,9/6/2017 4:00,68.763,0,,,,
1525,9/6/2017 5:00,68.248,0,,,,
1526,9/6/2017 6:00,68.077,0,,,,
1527,9/6/2017 7:00,67.735,0,,,,
1528,9/6/2017 8:00,67.735,9,,,,
1529,9/6/2017 9:00,68.077,115,,,,
1530,9/6/2017 10:00,69.107,192,,,,
1531,9/6/2017 11:00,70.137,256,,,,
1532,9/6/2017 12:00,70.995,29,,,,
1533,9/6/2017 13:00,72.372,61,,,,
1534,9/6/2017 14:00,71.339,37,,,,
1535,9/6/2017 15:00,74.619,144,,,,
1536,9/6/2017 16:00,72.028,33,,,,
1537,9/6/2017 17:00,72.028,41,,,,
1538,9/6/2017 18:00,71.683,21,,,,
1539,9/6/2017 19:00,71.856,8,,,,
1540,9/6/2017 20:00,71.339,0,,,,
1541,9/6/2017 21:00,70.824,0,,,,
1542,9/6/2017 22:00,70.48,0,,,,
1543,9/6/2017 23:00,70.137,0,,,,
1544,9/7/2017 0:00,69.793,0,,,,
1545,9/7/2017 1:00,69.278,0,,,,
1546,9/7/2017 2:00,68.592,0,,,,
1547,9/7/2017 3:00,68.077,0,,,,
1548,9/7/2017 4:00,67.735,0,,,,
1549,9/7/2017 5:00,67.221,0,,,,
1550,9/7/2017 6:00,67.221,0,,,,
1551,9/7/2017 7:00,66.537,0,,,,
1552,9/7/2017 8:00,66.708,9,,,,
1553,9/7/2017 9:00,67.221,128,,,,
1554,9/7/2017 9:34,,,Logged,,,
1555,9/7/2017 9:35,,,,Logged,,
1556,9/7/2017 9:36,,,,,Logged,
1557,9/7/2017 10:00,68.077,480,,,,
1558,9/7/2017 11:00,68.934,304,,,,
1559,9/7/2017 12:00,69.622,608,,,,
1560,9/7/2017 13:00,69.449,168,,,,
1561,9/7/2017 14:00,69.622,400,,,,
1562,9/7/2017 15:00,70.824,224,,,,
1563,9/7/2017 16:00,69.622,37,,,,
1564,9/7/2017 17:00,69.793,79,,,,
1565,9/7/2017 18:00,69.622,65,,,,
1566,9/7/2017 19:00,69.278,15,,,,
1567,9/7/2017 20:00,68.934,0,,,,
1568,9/7/2017 21:00,68.421,0,,,,
1569,9/7/2017 22:00,68.077,0,,,,
1570,9/7/2017 23:00,67.564,0,,,,
1571,9/8/2017 0:00,67.221,0,,,,
1572,9/8/2017 1:00,67.05,0,,,,
1573,9/8/2017 2:00,66.708,0,,,,
1574,9/8/2017 3:00,66.366,0,,,,
1575,9/8/2017 4:00,66.193,0,,,,
1576,9/8/2017 5:00,66.193,0,,,,
1577,9/8/2017 6:00,66.193,0,,,,
1578,9/8/2017 7:00,66.022,0,,,,
1579,9/8/2017 8:00,65.851,30,,,,
1580,9/8/2017 9:00,66.193,256,,,,
1581,9/8/2017 10:00,66.879,480,,,,
1582,9/8/2017 11:00,67.906,608,,,,
1583,9/8/2017 12:00,68.248,240,,,,
1584,9/8/2017 13:00,68.248,800,,,,
1585,9/8/2017 14:00,68.934,704,,,,
1586,9/8/2017 15:00,70.995,122,,,,
1587,9/8/2017 16:00,70.308,256,,,,
1588,9/8/2017 17:00,70.824,71,,,,
1589,9/8/2017 18:00,70.137,20,,,,
1590,9/8/2017 19:00,69.964,10,,,,
1591,9/8/2017 20:00,69.449,0,,,,
1592,9/8/2017 21:00,68.763,0,,,,
1593,9/8/2017 22:00,68.077,0,,,,
1594,9/8/2017 23:00,67.564,0,,,,
1595,9/9/2017 0:00,66.879,0,,,,
1596,9/9/2017 1:00,66.537,0,,,,
1597,9/9/2017 2:00,66.193,0,,,,
1598,9/9/2017 3:00,65.851,0,,,,
1599,9/9/2017 4:00,65.509,0,,,,
1600,9/9/2017 5:00,65.338,0,,,,
1601,9/9/2017 6:00,64.996,0,,,,
1602,9/9/2017 7:00,64.652,0,,,,
1603,9/9/2017 8:00,64.31,25,,,,
1604,9/9/2017 9:00,64.825,336,,,,
1605,9/9/2017 10:00,65.68,512,,,,
1606,9/9/2017 11:00,67.221,160,,,,
1607,9/9/2017 12:00,69.449,800,,,,
1608,9/9/2017 13:00,69.622,896,,,,
1609,9/9/2017 14:00,69.107,608,,,,
1610,9/9/2017 15:00,69.622,288,,,,
1611,9/9/2017 16:00,70.824,144,,,,
1612,9/9/2017 17:00,71.683,81,,,,
1613,9/9/2017 18:00,70.48,37,,,,
1614,9/9/2017 19:00,69.622,16,,,,
1615,9/9/2017 20:00,68.934,0,,,,
1616,9/9/2017 21:00,68.077,0,,,,
1617,9/9/2017 22:00,67.221,0,,,,
1618,9/9/2017 23:00,66.537,0,,,,
1619,9/10/2017 0:00,66.022,0,,,,
1620,9/10/2017 1:00,65.68,0,,,,
1621,9/10/2017 2:00,65.167,0,,,,
1622,9/10/2017 3:00,64.996,0,,,,
1623,9/10/2017 4:00,64.652,0,,,,
1624,9/10/2017 5:00,64.481,0,,,,
1625,9/10/2017 6:00,64.139,0,,,,
1626,9/10/2017 7:00,63.968,0,,,,
1627,9/10/2017 8:00,63.797,34,,,,
1628,9/10/2017 9:00,63.626,248,,,,
1629,9/10/2017 10:00,64.481,416,,,,
1630,9/10/2017 11:00,65.68,512,,,,
1631,9/10/2017 12:00,68.248,576,,,,
1632,9/10/2017 13:00,69.964,576,,,,
1633,9/10/2017 14:00,72.199,576,,,,
1634,9/10/2017 15:00,73.234,352,,,,
1635,9/10/2017 16:00,72.545,118,,,,
1636,9/10/2017 17:00,73.062,52,,,,
1637,9/10/2017 18:00,73.234,30,,,,
1638,9/10/2017 19:00,72.545,12,,,,
1639,9/10/2017 20:00,70.995,0,,,,
1640,9/10/2017 21:00,70.137,0,,,,
1641,9/10/2017 22:00,69.449,0,,,,
1642,9/10/2017 23:00,68.763,0,,,,
1643,9/11/2017 0:00,68.077,0,,,,
1644,9/11/2017 1:00,67.392,0,,,,
1645,9/11/2017 2:00,67.05,0,,,,
1646,9/11/2017 3:00,66.366,0,,,,
1647,9/11/2017 4:00,66.022,0,,,,
1648,9/11/2017 5:00,65.851,0,,,,
1649,9/11/2017 6:00,65.509,0,,,,
1650,9/11/2017 7:00,65.167,0,,,,
1651,9/11/2017 8:00,64.996,34,,,,
1652,9/11/2017 9:00,65.338,216,,,,
1653,9/11/2017 10:00,66.193,368,,,,
1654,9/11/2017 11:00,67.392,480,,,,
1655,9/11/2017 12:00,69.449,432,,,,
1656,9/11/2017 13:00,68.421,464,,,,
1657,9/11/2017 14:00,74.446,352,,,,
1658,9/11/2017 15:00,74.619,184,,,,
1659,9/11/2017 16:00,73.753,112,,,,
1660,9/11/2017 17:00,73.926,59,,,,
1661,9/11/2017 18:00,74.271,42,,,,
1662,9/11/2017 19:00,72.372,22,,,,
1663,9/11/2017 20:00,73.234,0,,,,
1664,9/11/2017 21:00,72.891,0,,,,
1665,9/11/2017 22:00,71.683,0,,,,
1666,9/11/2017 23:00,69.278,0,,,,
1667,9/12/2017 0:00,69.622,0,,,,
1668,9/12/2017 1:00,68.763,0,,,,
1669,9/12/2017 2:00,68.248,0,,,,
1670,9/12/2017 3:00,67.735,0,,,,
1671,9/12/2017 4:00,67.392,0,,,,
1672,9/12/2017 5:00,67.05,0,,,,
1673,9/12/2017 6:00,66.537,0,,,,
1674,9/12/2017 7:00,66.022,0,,,,
1675,9/12/2017 8:00,65.68,34,,,,
1676,9/12/2017 9:00,66.022,232,,,,
1677,9/12/2017 10:00,66.879,448,,,,
1678,9/12/2017 11:00,67.906,496,,,,
1679,9/12/2017 12:00,68.592,576,,,,
1680,9/12/2017 13:00,69.793,432,,,,
1681,9/12/2017 14:00,70.137,352,,,,
1682,9/12/2017 15:00,71.683,352,,,,
1683,9/12/2017 16:00,72.372,216,,,,
1684,9/12/2017 17:00,71.856,67,,,,
1685,9/12/2017 18:00,72.372,66,,,,
1686,9/12/2017 19:00,70.308,26,,,,
1687,9/12/2017 20:00,69.793,0,,,,
1688,9/12/2017 21:00,69.107,0,,,,
1689,9/12/2017 22:00,67.735,0,,,,
1690,9/12/2017 23:00,67.392,0,,,,
1691,9/13/2017 0:00,67.221,0,,,,
1692,9/13/2017 1:00,67.221,0,,,,
1693,9/13/2017 2:00,67.564,0,,,,
1694,9/13/2017 3:00,67.392,0,,,,
1695,9/13/2017 4:00,67.05,0,,,,
1696,9/13/2017 5:00,66.537,0,,,,
1697,9/13/2017 6:00,66.879,0,,,,
1698,9/13/2017 7:00,66.879,0,,,,
1699,9/13/2017 8:00,66.879,26,,,,
1700,9/13/2017 9:00,67.05,59,,,,
1701,9/13/2017 10:00,67.392,87,,,,
1702,9/13/2017 11:00,68.592,576,,,,
1703,9/13/2017 12:00,70.308,240,,,,
1704,9/13/2017 13:00,69.622,85,,,,
1705,9/13/2017 14:00,72.199,93,,,,
1706,9/13/2017 15:00,72.028,39,,,,
1707,9/13/2017 16:00,72.028,40,,,,
1708,9/13/2017 17:00,72.199,53,,,,
1709,9/13/2017 18:00,71.856,49,,,,
1710,9/13/2017 19:00,71.339,21,,,,
1711,9/13/2017 20:00,69.793,0,,,,
1712,9/13/2017 21:00,70.308,0,,,,
1713,9/13/2017 22:00,69.964,0,,,,
1714,9/13/2017 23:00,69.793,0,,,,
1715,9/14/2017 0:00,69.449,0,,,,
1716,9/14/2017 1:00,69.278,0,,,,
1717,9/14/2017 2:00,68.934,0,,,,
1718,9/14/2017 3:00,68.592,0,,,,
1719,9/14/2017 4:00,68.248,0,,,,
1720,9/14/2017 5:00,67.906,0,,,,
1721,9/14/2017 6:00,67.564,0,,,,
1722,9/14/2017 7:00,67.564,0,,,,
1723,9/14/2017 8:00,67.564,27,,,,
1724,9/14/2017 9:00,67.564,89,,,,
1725,9/14/2017 10:00,67.735,136,,,,
1726,9/14/2017 11:00,68.934,576,,,,
1727,9/14/2017 12:00,71.856,608,,,,
1728,9/14/2017 13:00,74.098,480,,,,
1729,9/14/2017 14:00,70.308,480,,,,
1730,9/14/2017 15:00,69.278,113,,,,
1731,9/14/2017 16:00,72.199,400,,,,
1732,9/14/2017 17:00,72.028,49,,,,
1733,9/14/2017 18:00,73.58,42,,,,
1734,9/14/2017 19:00,74.446,9,,,,
1735,9/14/2017 20:00,73.753,0,,,,
1736,9/14/2017 21:00,74.791,0,,,,
1737,9/14/2017 22:00,74.271,0,,,,
1738,9/14/2017 23:00,73.753,0,,,,
1739,9/15/2017 0:00,73.062,0,,,,
1740,9/15/2017 1:00,72.372,0,,,,
1741,9/15/2017 2:00,71.856,0,,,,
1742,9/15/2017 3:00,71.339,0,,,,
1743,9/15/2017 4:00,70.824,0,,,,
1744,9/15/2017 5:00,70.308,0,,,,
1745,9/15/2017 6:00,69.793,0,,,,
1746,9/15/2017 7:00,69.278,0,,,,
1747,9/15/2017 8:00,68.934,28,,,,
1748,9/15/2017 9:00,69.107,152,,,,
1749,9/15/2017 10:00,69.793,184,,,,
1750,9/15/2017 11:00,71.168,288,,,,
1751,9/15/2017 12:00,72.545,416,,,,
1752,9/15/2017 13:00,71.168,480,,,,
1753,9/15/2017 14:00,74.964,152,,,,
1754,9/15/2017 15:00,76.354,103,,,,
1755,9/15/2017 16:00,72.718,144,,,,
1756,9/15/2017 17:00,73.926,81,,,,
1757,9/15/2017 18:00,73.926,43,,,,
1758,9/15/2017 19:00,74.271,10,,,,
1759,9/15/2017 20:00,74.271,0,,,,
1760,9/15/2017 21:00,74.098,0,,,,
1761,9/15/2017 22:00,73.753,0,,,,
1762,9/15/2017 23:00,73.407,0,,,,
1763,9/16/2017 0:00,72.891,0,,,,
1764,9/16/2017 1:00,72.372,0,,,,
1765,9/16/2017 2:00,71.683,0,,,,
1766,9/16/2017 3:00,71.339,0,,,,
1767,9/16/2017 4:00,70.824,0,,,,
1768,9/16/2017 5:00,70.308,0,,,,
1769,9/16/2017 6:00,69.964,0,,,,
1770,9/16/2017 7:00,69.622,0,,,,
1771,9/16/2017 8:00,69.449,26,,,,
1772,9/16/2017 9:00,69.622,136,,,,
1773,9/16/2017 10:00,70.48,256,,,,
1774,9/16/2017 11:00,71.339,384,,,,
1775,9/16/2017 12:00,74.619,576,,,,
1776,9/16/2017 13:00,76.528,512,,,,
1777,9/16/2017 14:00,77.923,464,,,,
1778,9/16/2017 15:00,78.274,256,,,,
1779,9/16/2017 16:00,80.029,126,,,,
1780,9/16/2017 17:00,79.853,65,,,,
1781,9/16/2017 18:00,77.923,28,,,,
1782,9/16/2017 19:00,75.139,11,,,,
1783,9/16/2017 20:00,75.484,0,,,,
1784,9/16/2017 21:00,75.832,0,,,,
1785,9/16/2017 22:00,74.964,0,,,,
1786,9/16/2017 23:00,74.446,0,,,,
1787,9/17/2017 0:00,73.926,0,,,,
1788,9/17/2017 1:00,73.407,0,,,,
1789,9/17/2017 2:00,73.062,0,,,,
1790,9/17/2017 3:00,72.545,0,,,,
1791,9/17/2017 4:00,72.199,0,,,,
1792,9/17/2017 5:00,71.856,0,,,,
1793,9/17/2017 6:00,71.512,0,,,,
1794,9/17/2017 7:00,71.168,0,,,,
1795,9/17/2017 8:00,70.995,21,,,,
1796,9/17/2017 9:00,70.995,112,,,,
1797,9/17/2017 10:00,71.856,248,,,,
1798,9/17/2017 11:00,73.234,368,,,,
1799,9/17/2017 12:00,75.312,432,,,,
1800,9/17/2017 13:00,76.876,400,,,,
1801,9/17/2017 14:00,79.151,400,,,,
1802,9/17/2017 15:00,80.206,336,,,,
1803,9/17/2017 16:00,80.911,216,,,,
1804,9/17/2017 17:00,81.266,41,,,,
1805,9/17/2017 18:00,79.151,43,,,,
1806,9/17/2017 19:00,78.8,7,,,,
1807,9/17/2017 20:00,76.876,0,,,,
1808,9/17/2017 21:00,77.923,0,,,,
1809,9/17/2017 22:00,76.354,0,,,,
1810,9/17/2017 23:00,75.659,0,,,,
1811,9/18/2017 0:00,75.312,0,,,,
1812,9/18/2017 1:00,74.791,0,,,,
1813,9/18/2017 2:00,74.619,0,,,,
1814,9/18/2017 3:00,74.271,0,,,,
1815,9/18/2017 4:00,73.926,0,,,,
1816,9/18/2017 5:00,73.753,0,,,,
1817,9/18/2017 6:00,73.58,0,,,,
1818,9/18/2017 7:00,73.407,0,,,,
1819,9/18/2017 8:00,73.234,7,,,,
1820,9/18/2017 9:00,73.234,12,,,,
1821,9/18/2017 10:00,73.234,50,,,,
1822,9/18/2017 11:00,73.234,54,,,,
1823,9/18/2017 12:00,73.062,21,,,,
1824,9/18/2017 13:00,73.407,53,,,,
1825,9/18/2017 14:00,73.234,65,,,,
1826,9/18/2017 15:00,73.58,78,,,,
1827,9/18/2017 16:00,74.271,94,,,,
1828,9/18/2017 17:00,74.619,55,,,,
1829,9/18/2017 18:00,73.926,30,,,,
1830,9/18/2017 19:00,74.964,9,,,,
1831,9/18/2017 20:00,74.271,0,,,,
1832,9/18/2017 21:00,73.753,0,,,,
1833,9/18/2017 22:00,73.407,0,,,,
1834,9/18/2017 23:00,72.891,0,,,,
1835,9/19/2017 0:00,72.545,0,,,,
1836,9/19/2017 1:00,72.028,0,,,,
1837,9/19/2017 2:00,71.856,0,,,,
1838,9/19/2017 3:00,71.512,0,,,,
1839,9/19/2017 4:00,71.339,0,,,,
1840,9/19/2017 5:00,71.168,0,,,,
1841,9/19/2017 6:00,70.995,0,,,,
1842,9/19/2017 7:00,70.824,0,,,,
1843,9/19/2017 8:00,70.651,13,,,,
1844,9/19/2017 9:00,70.651,34,,,,
1845,9/19/2017 10:00,70.651,17,,,,
1846,9/19/2017 11:00,70.651,13,,,,
1847,9/19/2017 12:00,70.48,17,,,,
1848,9/19/2017 13:00,70.824,78,,,,
1849,9/19/2017 14:00,71.339,84,,,,
1850,9/19/2017 15:00,71.683,66,,,,
1851,9/19/2017 16:00,72.028,24,,,,
1852,9/19/2017 17:00,72.028,42,,,,
1853,9/19/2017 18:00,72.199,22,,,,
1854,9/19/2017 19:00,71.856,4,,,,
1855,9/19/2017 20:00,71.683,0,,,,
1856,9/19/2017 21:00,71.512,0,,,,
1857,9/19/2017 22:00,71.339,0,,,,
1858,9/19/2017 23:00,71.168,0,,,,
1859,9/20/2017 0:00,71.168,0,,,,
1860,9/20/2017 1:00,71.168,0,,,,
1861,9/20/2017 2:00,70.995,0,,,,
1862,9/20/2017 3:00,70.824,0,,,,
1863,9/20/2017 4:00,70.651,0,,,,
1864,9/20/2017 5:00,70.48,0,,,,
1865,9/20/2017 6:00,70.48,0,,,,
1866,9/20/2017 7:00,70.48,0,,,,
1867,9/20/2017 8:00,70.48,1,,,,
1868,9/20/2017 9:00,70.48,17,,,,
1869,9/20/2017 10:00,70.651,53,,,,
1870,9/20/2017 11:00,71.856,63,,,,
1871,9/20/2017 12:00,72.718,400,,,,
1872,9/20/2017 13:00,74.271,416,,,,
1873,9/20/2017 14:00,76.181,45,,,,
1874,9/20/2017 15:00,77.4,52,,,,
1875,9/20/2017 16:00,76.006,119,,,,
1876,9/20/2017 17:00,75.312,16,,,,
1877,9/20/2017 18:00,77.749,10,,,,
1878,9/20/2017 19:00,77.05,6,,,,
1879,9/20/2017 20:00,76.528,0,,,,
1880,9/20/2017 21:00,76.528,0,,,,
1881,9/20/2017 22:00,76.006,0,,,,
1882,9/20/2017 23:00,75.659,0,,,,
1883,9/21/2017 0:00,75.312,0,,,,
1884,9/21/2017 1:00,74.964,0,,,,
1885,9/21/2017 2:00,74.619,0,,,,
1886,9/21/2017 3:00,74.271,0,,,,
1887,9/21/2017 4:00,73.926,0,,,,
1888,9/21/2017 5:00,73.753,0,,,,
1889,9/21/2017 6:00,73.407,0,,,,
1890,9/21/2017 7:00,73.062,0,,,,
1891,9/21/2017 8:00,73.062,14,,,,
1892,9/21/2017 9:00,73.234,84,,,,
1893,9/21/2017 10:00,74.098,200,,,,
1894,9/21/2017 11:00,75.484,288,,,,
1895,9/21/2017 12:00,77.4,336,,,,
1896,9/21/2017 13:00,80.206,256,,,,
1897,9/21/2017 14:00,80.735,272,,,,
1898,9/21/2017 15:00,81.442,184,,,,
1899,9/21/2017 16:00,81.797,35,,,,
1900,9/21/2017 17:00,85.374,39,,,,
1901,9/21/2017 18:00,81.797,14,,,,
1902,9/21/2017 19:00,80.911,2,,,,
1903,9/21/2017 20:00,79.853,0,,,,
1904,9/21/2017 21:00,79.678,0,,,,
1905,9/21/2017 22:00,79.326,0,,,,
1906,9/21/2017 23:00,78.975,0,,,,
1907,9/22/2017 0:00,78.449,0,,,,
1908,9/22/2017 1:00,77.923,0,,,,
1909,9/22/2017 2:00,77.4,0,,,,
1910,9/22/2017 3:00,77.05,0,,,,
1911,9/22/2017 4:00,76.703,0,,,,
1912,9/22/2017 5:00,76.354,0,,,,
1913,9/22/2017 6:00,76.006,0,,,,
1914,9/22/2017 7:00,75.832,0,,,,
1915,9/22/2017 8:00,75.659,20,,,,
1916,9/22/2017 9:00,75.659,152,,,,
1917,9/22/2017 10:00,76.354,272,,,,
1918,9/22/2017 11:00,77.749,336,,,,
1919,9/22/2017 12:00,77.923,320,,,,
1920,9/22/2017 13:00,78.449,320,,,,
1921,9/22/2017 14:00,78.975,256,,,,
1922,9/22/2017 15:00,79.502,176,,,,
1923,9/22/2017 16:00,83.579,124,,,,
1924,9/22/2017 17:00,82.508,32,,,,
1925,9/22/2017 18:00,86.097,17,,,,
1926,9/22/2017 19:00,85.374,4,,,,
1927,9/22/2017 20:00,83.757,0,,,,
1928,9/22/2017 21:00,83.043,0,,,,
1929,9/22/2017 22:00,82.508,0,,,,
1930,9/22/2017 23:00,81.797,0,,,,
1931,9/23/2017 0:00,81.09,0,,,,
1932,9/23/2017 1:00,80.382,0,,,,
1933,9/23/2017 2:00,79.853,0,,,,
1934,9/23/2017 3:00,79.151,0,,,,
1935,9/23/2017 4:00,78.624,0,,,,
1936,9/23/2017 5:00,78.098,0,,,,
1937,9/23/2017 6:00,77.574,0,,,,
1938,9/23/2017 7:00,76.876,0,,,,
1939,9/23/2017 8:00,76.528,14,,,,
1940,9/23/2017 9:00,76.528,160,,,,
1941,9/23/2017 10:00,77.05,320,,,,
1942,9/23/2017 11:00,78.098,352,,,,
1943,9/23/2017 12:00,78.624,400,,,,
1944,9/23/2017 13:00,79.151,336,,,,
1945,9/23/2017 14:00,80.029,288,,,,
1946,9/23/2017 15:00,81.09,208,,,,
1947,9/23/2017 16:00,85.374,128,,,,
1948,9/23/2017 17:00,87.368,18,,,,
1949,9/23/2017 18:00,85.374,12,,,,
1950,9/23/2017 19:00,83.935,6,,,,
1951,9/23/2017 20:00,83.935,0,,,,
1952,9/23/2017 21:00,82.152,0,,,,
1953,9/23/2017 22:00,81.621,0,,,,
1954,9/23/2017 23:00,80.911,0,,,,
1955,9/24/2017 0:00,80.206,0,,,,
1956,9/24/2017 1:00,79.502,0,,,,
1957,9/24/2017 2:00,78.975,0,,,,
1958,9/24/2017 3:00,78.449,0,,,,
1959,9/24/2017 4:00,78.098,0,,,,
1960,9/24/2017 5:00,77.749,0,,,,
1961,9/24/2017 6:00,77.225,0,,,,
1962,9/24/2017 7:00,76.876,0,,,,
1963,9/24/2017 8:00,76.354,13,,,,
1964,9/24/2017 9:00,76.528,168,,,,
1965,9/24/2017 10:00,77.05,320,,,,
1966,9/24/2017 11:00,78.624,416,,,,
1967,9/24/2017 12:00,79.853,416,,,,
1968,9/24/2017 13:00,82.33,384,,,,
1969,9/24/2017 14:00,84.295,320,,,,
1970,9/24/2017 15:00,85.735,216,,,,
1971,9/24/2017 16:00,84.654,136,,,,
1972,9/24/2017 17:00,85.194,14,,,,
1973,9/24/2017 18:00,84.834,11,,,,
1974,9/24/2017 19:00,83.579,6,,,,
1975,9/24/2017 20:00,82.33,0,,,,
1976,9/24/2017 21:00,80.911,0,,,,
1977,9/24/2017 22:00,80.206,0,,,,
1978,9/24/2017 23:00,79.678,0,,,,
1979,9/25/2017 0:00,79.151,0,,,,
1980,9/25/2017 1:00,78.624,0,,,,
1981,9/25/2017 2:00,78.098,0,,,,
1982,9/25/2017 3:00,77.749,0,,,,
1983,9/25/2017 4:00,77.4,0,,,,
1984,9/25/2017 5:00,77.05,0,,,,
1985,9/25/2017 6:00,76.876,0,,,,
1986,9/25/2017 7:00,76.354,0,,,,
1987,9/25/2017 8:00,76.181,12,,,,
1988,9/25/2017 9:00,76.181,117,,,,
1989,9/25/2017 10:00,76.528,136,,,,
1990,9/25/2017 11:00,77.4,288,,,,
1991,9/25/2017 12:00,78.274,432,,,,
1992,9/25/2017 13:00,78.975,288,,,,
1993,9/25/2017 14:00,80.382,320,,,,
1994,9/25/2017 15:00,81.09,168,,,,
1995,9/25/2017 16:00,82.33,128,,,,
1996,9/25/2017 17:00,82.864,16,,,,
1997,9/25/2017 18:00,85.374,17,,,,
1998,9/25/2017 19:00,85.014,10,,,,
1999,9/25/2017 20:00,83.399,0,,,,
2000,9/25/2017 21:00,82.864,0,,,,
2001,9/25/2017 22:00,81.975,0,,,,
2002,9/25/2017 23:00,81.442,0,,,,
2003,9/26/2017 0:00,80.735,0,,,,
2004,9/26/2017 1:00,80.206,0,,,,
2005,9/26/2017 2:00,79.502,0,,,,
2006,9/26/2017 3:00,78.975,0,,,,
2007,9/26/2017 4:00,78.449,0,,,,
2008,9/26/2017 5:00,78.098,0,,,,
2009,9/26/2017 6:00,77.574,0,,,,
2010,9/26/2017 7:00,77.225,0,,,,
2011,9/26/2017 8:00,76.876,13,,,,
2012,9/26/2017 9:00,76.876,136,,,,
2013,9/26/2017 10:00,77.574,272,,,,
2014,9/26/2017 11:00,78.449,336,,,,
2015,9/26/2017 12:00,80.559,336,,,,
2016,9/26/2017 13:00,80.382,304,,,,
2017,9/26/2017 14:00,82.33,320,,,,
2018,9/26/2017 15:00,85.915,200,,,,
2019,9/26/2017 16:00,82.508,81,,,,
2020,9/26/2017 17:00,82.33,36,,,,
2021,9/26/2017 18:00,82.508,14,,,,
2022,9/26/2017 19:00,81.975,4,,,,
2023,9/26/2017 20:00,81.621,0,,,,
2024,9/26/2017 21:00,81.09,0,,,,
2025,9/26/2017 22:00,80.735,0,,,,
2026,9/26/2017 23:00,80.382,0,,,,
2027,9/27/2017 0:00,80.029,0,,,,
2028,9/27/2017 1:00,79.678,0,,,,
2029,9/27/2017 2:00,79.326,0,,,,
2030,9/27/2017 3:00,78.975,0,,,,
2031,9/27/2017 4:00,78.624,0,,,,
2032,9/27/2017 5:00,78.449,0,,,,
2033,9/27/2017 6:00,78.098,0,,,,
2034,9/27/2017 7:00,77.749,0,,,,
2035,9/27/2017 8:00,77.225,5,,,,
2036,9/27/2017 9:00,77.05,11,,,,
2037,9/27/2017 10:00,77.05,80,,,,
2038,9/27/2017 11:00,77.05,114,,,,
2039,9/27/2017 12:00,77.923,304,,,,
2040,9/27/2017 13:00,78.8,384,,,,
2041,9/27/2017 14:00,78.8,256,,,,
2042,9/27/2017 15:00,78.449,152,,,,
2043,9/27/2017 16:00,78.624,87,,,,
2044,9/27/2017 17:00,78.449,63,,,,
2045,9/27/2017 18:00,77.923,24,,,,
2046,9/27/2017 19:00,77.225,4,,,,
2047,9/27/2017 20:00,76.703,0,,,,
2048,9/27/2017 21:00,76.181,0,,,,
2049,9/27/2017 22:00,75.659,0,,,,
2050,9/27/2017 23:00,74.964,0,,,,
2051,9/28/2017 0:00,74.619,0,,,,
2052,9/28/2017 1:00,74.271,0,,,,
2053,9/28/2017 2:00,73.926,0,,,,
2054,9/28/2017 3:00,73.58,0,,,,
2055,9/28/2017 4:00,73.234,0,,,,
2056,9/28/2017 5:00,72.891,0,,,,
2057,9/28/2017 6:00,72.199,0,,,,
2058,9/28/2017 7:00,71.512,0,,,,
2059,9/28/2017 8:00,71.512,9,,,,
2060,9/28/2017 9:00,71.683,59,,,,
2061,9/28/2017 10:00,71.856,81,,,,
2062,9/28/2017 11:00,72.028,106,,,,
2063,9/28/2017 12:00,72.545,208,,,,
2064,9/28/2017 13:00,73.062,85,,,,
2065,9/28/2017 14:00,73.234,83,,,,
2066,9/28/2017 15:00,73.753,320,,,,
2067,9/28/2017 16:00,73.926,208,,,,
2068,9/28/2017 17:00,73.407,23,,,,
2069,9/28/2017 18:00,72.891,7,,,,
2070,9/28/2017 19:00,72.372,2,,,,
2071,9/28/2017 20:00,72.028,0,,,,
2072,9/28/2017 21:00,71.512,0,,,,
2073,9/28/2017 22:00,70.995,0,,,,
2074,9/28/2017 23:00,70.48,0,,,,
2075,9/29/2017 0:00,69.964,0,,,,
2076,9/29/2017 1:00,69.622,0,,,,
2077,9/29/2017 2:00,69.278,0,,,,
2078,9/29/2017 3:00,68.592,0,,,,
2079,9/29/2017 4:00,69.107,0,,,,
2080,9/29/2017 5:00,69.107,0,,,,
2081,9/29/2017 6:00,69.449,0,,,,
2082,9/29/2017 7:00,69.622,0,,,,
2083,9/29/2017 8:00,69.278,7,,,,
2084,9/29/2017 9:00,69.278,75,,,,
2085,9/29/2017 10:00,69.793,208,,,,
2086,9/29/2017 11:00,70.48,320,,,,
2087,9/29/2017 12:00,70.995,384,,,,
2088,9/29/2017 13:00,71.512,53,,,,
2089,9/29/2017 14:00,71.856,77,,,,
2090,9/29/2017 15:00,72.199,336,,,,
2091,9/29/2017 16:00,71.856,200,,,,
2092,9/29/2017 17:00,71.512,36,,,,
2093,9/29/2017 18:00,71.339,45,,,,
2094,9/29/2017 19:00,70.651,3,,,,
2095,9/29/2017 20:00,69.964,0,,,,
2096,9/29/2017 21:00,69.622,0,,,,
2097,9/29/2017 22:00,69.107,0,,,,
2098,9/29/2017 23:00,68.592,0,,,,
2099,9/30/2017 0:00,68.077,0,,,,
2100,9/30/2017 1:00,67.735,0,,,,
2101,9/30/2017 2:00,67.564,0,,,,
2102,9/30/2017 3:00,67.221,0,,,,
2103,9/30/2017 4:00,66.708,0,,,,
2104,9/30/2017 5:00,66.193,0,,,,
2105,9/30/2017 6:00,65.68,0,,,,
2106,9/30/2017 7:00,65.851,0,,,,
2107,9/30/2017 8:00,65.338,11,,,,
2108,9/30/2017 9:00,65.68,192,,,,
2109,9/30/2017 10:00,66.708,432,,,,
2110,9/30/2017 11:00,67.564,512,,,,
2111,9/30/2017 12:00,68.763,576,,,,
2112,9/30/2017 13:00,69.793,480,,,,
2113,9/30/2017 14:00,70.48,416,,,,
2114,9/30/2017 15:00,73.062,320,,,,
2115,9/30/2017 16:00,72.545,176,,,,
2116,9/30/2017 17:00,71.856,35,,,,
2117,9/30/2017 18:00,69.622,11,,,,
2118,9/30/2017 19:00,69.278,5,,,,
2119,9/30/2017 20:00,68.592,0,,,,
2120,9/30/2017 21:00,68.248,0,,,,
2121,9/30/2017 22:00,67.735,0,,,,
2122,9/30/2017 23:00,67.05,0,,,,
2123,10/1/2017 0:00,66.879,0,,,,
2124,10/1/2017 1:00,66.537,0,,,,
2125,10/1/2017 2:00,66.193,0,,,,
2126,10/1/2017 3:00,66.022,0,,,,
2127,10/1/2017 4:00,65.509,0,,,,
2128,10/1/2017 5:00,65.167,0,,,,
2129,10/1/2017 6:00,64.825,0,,,,
2130,10/1/2017 7:00,64.481,0,,,,
2131,10/1/2017 8:00,63.797,14,,,,
2132,10/1/2017 9:00,64.139,200,,,,
2133,10/1/2017 10:00,65.167,352,,,,
2134,10/1/2017 11:00,66.537,480,,,,
2135,10/1/2017 12:00,67.906,480,,,,
2136,10/1/2017 13:00,68.934,448,,,,
2137,10/1/2017 14:00,70.824,384,,,,
2138,10/1/2017 15:00,71.683,272,,,,
2139,10/1/2017 16:00,72.028,47,,,,
2140,10/1/2017 17:00,71.168,24,,,,
2141,10/1/2017 18:00,70.137,40,,,,
2142,10/1/2017 19:00,69.622,2,,,,
2143,10/1/2017 20:00,68.763,0,,,,
2144,10/1/2017 21:00,68.077,0,,,,
2145,10/1/2017 22:00,67.564,0,,,,
2146,10/1/2017 23:00,67.05,0,,,,
2147,10/2/2017 0:00,66.366,0,,,,
2148,10/2/2017 1:00,66.022,0,,,,
2149,10/2/2017 2:00,66.022,0,,,,
2150,10/2/2017 3:00,65.68,0,,,,
2151,10/2/2017 4:00,65.167,0,,,,
2152,10/2/2017 5:00,64.825,0,,,,
2153,10/2/2017 6:00,64.825,0,,,,
2154,10/2/2017 7:00,64.652,0,,,,
2155,10/2/2017 8:00,64.481,20,,,,
2156,10/2/2017 9:00,64.652,176,,,,
2157,10/2/2017 10:00,65.167,320,,,,
2158,10/2/2017 11:00,66.193,256,,,,
2159,10/2/2017 12:00,67.735,400,,,,
2160,10/2/2017 13:00,68.934,320,,,,
2161,10/2/2017 14:00,70.824,248,,,,
2162,10/2/2017 15:00,72.199,232,,,,
2163,10/2/2017 16:00,73.234,160,,,,
2164,10/2/2017 17:00,73.234,27,,,,
2165,10/2/2017 18:00,72.199,11,,,,
2166,10/2/2017 19:00,70.651,2,,,,
2167,10/2/2017 20:00,69.793,0,,,,
2168,10/2/2017 21:00,68.934,0,,,,
2169,10/2/2017 22:00,68.421,0,,,,
2170,10/2/2017 23:00,67.906,0,,,,
2171,10/3/2017 0:00,67.392,0,,,,
2172,10/3/2017 1:00,67.05,0,,,,
2173,10/3/2017 2:00,66.879,0,,,,
2174,10/3/2017 3:00,66.537,0,,,,
2175,10/3/2017 4:00,66.366,0,,,,
2176,10/3/2017 5:00,66.022,0,,,,
2177,10/3/2017 6:00,65.68,0,,,,
2178,10/3/2017 7:00,65.338,0,,,,
2179,10/3/2017 8:00,65.167,8,,,,
2180,10/3/2017 9:00,65.338,104,,,,
2181,10/3/2017 10:00,65.851,107,,,,
2182,10/3/2017 11:00,66.879,208,,,,
2183,10/3/2017 12:00,68.248,672,,,,
2184,10/3/2017 13:00,70.137,480,,,,
2185,10/3/2017 14:00,72.372,384,,,,
2186,10/3/2017 15:00,73.926,336,,,,
2187,10/3/2017 16:00,74.791,110,,,,
2188,10/3/2017 17:00,74.791,36,,,,
2189,10/3/2017 18:00,72.718,24,,,,
2190,10/3/2017 19:00,70.824,2,,,,
2191,10/3/2017 20:00,69.278,0,,,,
2192,10/3/2017 21:00,69.793,0,,,,
2193,10/3/2017 22:00,70.48,0,,,,
2194,10/3/2017 23:00,69.793,0,,,,
2195,10/4/2017 0:00,69.793,0,,,,
2196,10/4/2017 1:00,69.278,0,,,,
2197,10/4/2017 2:00,68.934,0,,,,
2198,10/4/2017 3:00,68.763,0,,,,
2199,10/4/2017 4:00,68.592,0,,,,
2200,10/4/2017 5:00,68.592,0,,,,
2201,10/4/2017 6:00,68.421,0,,,,
2202,10/4/2017 7:00,68.248,0,,,,
2203,10/4/2017 8:00,68.248,4,,,,
2204,10/4/2017 9:00,68.248,17,,,,
2205,10/4/2017 10:00,68.248,55,,,,
2206,10/4/2017 10:41,,,Logged,Logged,,Logged
