#,"Date Time, GMT-04:00",Temp,Intensity,"GDD, DDc (LGR S/N: 20055159)"
1,7/5/2017 20:00,25.125,118.4,
2,7/5/2017 21:00,24.931,0,
3,7/5/2017 22:00,24.545,0,
4,7/5/2017 23:00,24.255,0,
5,7/6/2017 0:00,24.255,0,
6,7/6/2017 1:00,24.255,0,
7,7/6/2017 2:00,24.351,0,
8,7/6/2017 3:00,24.255,0,
9,7/6/2017 4:00,24.255,0,
10,7/6/2017 5:00,24.158,0,
11,7/6/2017 6:00,24.062,0,
12,7/6/2017 7:00,23.966,107.6,
13,7/6/2017 8:00,23.869,290.6,
14,7/6/2017 9:00,23.773,1216.3,
15,7/6/2017 10:00,23.773,1463.9,
16,7/6/2017 11:00,24.255,1377.8,
17,7/6/2017 12:00,24.545,2669.5,5.136
18,7/6/2017 13:00,25.416,3100,
19,7/6/2017 14:00,25.513,2497.2,
20,7/6/2017 15:00,25.805,1463.9,
21,7/6/2017 16:00,26,1894.5,
22,7/6/2017 17:00,25.902,430.6,
23,7/6/2017 18:00,26,1722.2,
24,7/6/2017 19:00,26,183,
25,7/6/2017 20:00,26,139.9,
26,7/6/2017 21:00,26,10.8,
27,7/6/2017 22:00,25.902,0,
28,7/6/2017 23:00,25.61,0,
29,7/7/2017 0:00,25.319,0,
30,7/7/2017 1:00,24.835,0,
31,7/7/2017 2:00,24.255,0,
32,7/7/2017 3:00,24.062,0,
33,7/7/2017 4:00,24.448,0,
34,7/7/2017 5:00,24.545,0,
35,7/7/2017 6:00,24.641,0,
36,7/7/2017 7:00,24.062,32.3,
37,7/7/2017 8:00,24.351,344.4,
38,7/7/2017 9:00,24.738,1808.3,
39,7/7/2017 10:00,25.125,2669.5,
40,7/7/2017 11:00,25.319,1550,
41,7/7/2017 12:00,25.222,1894.5,10.625
42,7/7/2017 13:00,25.222,1808.3,
43,7/7/2017 14:00,25.222,1377.8,
44,7/7/2017 15:00,25.61,1808.3,
45,7/7/2017 16:00,26.292,968.8,
46,7/7/2017 17:00,26.39,742.7,
47,7/7/2017 18:00,26.292,645.8,
48,7/7/2017 19:00,26.292,344.4,
49,7/7/2017 20:00,26.097,64.6,
50,7/7/2017 21:00,26,32.3,
51,7/7/2017 22:00,25.805,0,
52,7/7/2017 23:00,25.416,0,
53,7/8/2017 0:00,24.835,0,
54,7/8/2017 1:00,24.641,0,
55,7/8/2017 2:00,24.255,0,
56,7/8/2017 3:00,24.351,0,
57,7/8/2017 4:00,24.738,0,
58,7/8/2017 5:00,24.545,0,
59,7/8/2017 6:00,24.545,0,
60,7/8/2017 7:00,24.545,118.4,
61,7/8/2017 8:00,24.641,1248.6,
62,7/8/2017 9:00,24.641,1636.1,
63,7/8/2017 10:00,24.931,2927.8,
64,7/8/2017 11:00,25.125,1463.9,
65,7/8/2017 12:00,25.222,2497.2,15.935
66,7/8/2017 13:00,25.416,2497.2,
67,7/8/2017 14:00,25.222,968.8,
68,7/8/2017 15:00,25.319,2927.8,
69,7/8/2017 16:00,25.125,1550,
70,7/8/2017 17:00,25.028,419.8,
71,7/8/2017 18:00,25.028,398.3,
72,7/8/2017 19:00,25.902,139.9,
73,7/8/2017 20:00,26,64.6,
74,7/8/2017 21:00,25.61,10.8,
75,7/8/2017 22:00,25.416,0,
76,7/8/2017 23:00,25.319,0,
77,7/9/2017 0:00,25.222,0,
78,7/9/2017 1:00,24.931,0,
79,7/9/2017 2:00,24.641,0,
80,7/9/2017 3:00,24.351,0,
81,7/9/2017 4:00,24.062,0,
82,7/9/2017 5:00,23.869,0,
83,7/9/2017 6:00,23.581,0,
84,7/9/2017 7:00,23.292,570.5,
85,7/9/2017 8:00,23.388,1722.2,
86,7/9/2017 9:00,23.196,3100,
87,7/9/2017 10:00,23.1,2066.7,
88,7/9/2017 11:00,24.255,1980.6,
89,7/9/2017 12:00,25.125,2755.6,20.764
90,7/9/2017 13:00,25.708,5166.7,
91,7/9/2017 14:00,25.708,5338.9,
92,7/9/2017 15:00,25.708,505.9,
93,7/9/2017 16:00,25.805,1141,
94,7/9/2017 17:00,25.708,527.4,
95,7/9/2017 18:00,25.805,322.9,
96,7/9/2017 19:00,25.902,204.5,
97,7/9/2017 20:00,25.805,150.7,
98,7/9/2017 21:00,25.513,0,
99,7/9/2017 22:00,25.125,0,
100,7/9/2017 23:00,24.931,0,
101,7/10/2017 0:00,24.835,0,
102,7/10/2017 1:00,24.931,0,
103,7/10/2017 2:00,24.931,0,
104,7/10/2017 3:00,24.738,0,
105,7/10/2017 4:00,24.641,0,
106,7/10/2017 5:00,24.545,0,
107,7/10/2017 6:00,24.448,0,
108,7/10/2017 7:00,24.351,96.9,
109,7/10/2017 8:00,24.255,226,
110,7/10/2017 9:00,24.158,376.7,
111,7/10/2017 10:00,23.966,75.3,
112,7/10/2017 11:00,23.869,75.3,
113,7/10/2017 12:00,23.388,183,24.94
114,7/10/2017 13:00,23.004,129.2,
115,7/10/2017 14:00,23.196,484.4,
116,7/10/2017 15:00,23.196,43.1,
117,7/10/2017 16:00,23.966,570.5,
118,7/10/2017 17:00,23.966,236.8,
119,7/10/2017 18:00,24.158,656.6,
120,7/10/2017 19:00,24.158,21.5,
121,7/10/2017 20:00,24.158,0,
122,7/10/2017 21:00,24.158,0,
123,7/10/2017 22:00,24.062,0,
124,7/10/2017 23:00,23.966,0,
125,7/11/2017 0:00,23.869,0,
126,7/11/2017 1:00,23.677,0,
127,7/11/2017 2:00,23.484,0,
128,7/11/2017 3:00,23.292,0,
129,7/11/2017 4:00,23.1,0,
130,7/11/2017 5:00,22.812,0,
131,7/11/2017 6:00,23.196,0,
132,7/11/2017 7:00,23.292,0,
133,7/11/2017 8:00,23.388,10.8,
134,7/11/2017 9:00,23.677,53.8,
135,7/11/2017 10:00,23.677,43.1,
136,7/11/2017 11:00,23.773,10.8,
137,7/11/2017 12:00,23.869,53.8,29.478
138,7/11/2017 13:00,23.966,75.3,
139,7/11/2017 14:00,24.158,107.6,
140,7/11/2017 15:00,24.448,96.9,
141,7/11/2017 16:00,24.545,118.4,
142,7/11/2017 17:00,24.738,10.8,
143,7/11/2017 18:00,25.028,21.5,
144,7/11/2017 19:00,25.61,10.8,
145,7/11/2017 20:00,25.513,0,
146,7/11/2017 21:00,25.319,0,
147,7/11/2017 22:00,25.028,0,
148,7/11/2017 23:00,25.028,0,
149,7/12/2017 0:00,25.028,0,
150,7/12/2017 1:00,24.931,0,
151,7/12/2017 2:00,24.931,0,
152,7/12/2017 3:00,24.931,0,
153,7/12/2017 4:00,24.545,0,
154,7/12/2017 5:00,24.158,0,
155,7/12/2017 6:00,23.966,0,
156,7/12/2017 7:00,23.773,0,
157,7/12/2017 8:00,23.966,0,
158,7/12/2017 9:00,24.255,21.5,
159,7/12/2017 10:00,24.545,21.5,
160,7/12/2017 11:00,24.641,96.9,
161,7/12/2017 12:00,25.125,129.2,34.303
162,7/12/2017 13:00,25.319,107.6,
163,7/12/2017 14:00,25.222,10.8,
164,7/12/2017 15:00,25.222,10.8,
165,7/12/2017 16:00,25.319,86.1,
166,7/12/2017 17:00,25.319,64.6,
167,7/12/2017 18:00,25.416,32.3,
168,7/12/2017 19:00,25.416,32.3,
169,7/12/2017 20:00,25.416,0,
170,7/12/2017 21:00,25.513,0,
171,7/12/2017 22:00,25.416,0,
172,7/12/2017 23:00,25.319,0,
173,7/13/2017 0:00,25.222,0,
174,7/13/2017 1:00,25.125,0,
175,7/13/2017 2:00,25.125,0,
176,7/13/2017 3:00,25.125,0,
177,7/13/2017 4:00,25.028,0,
178,7/13/2017 5:00,25.028,0,
179,7/13/2017 6:00,24.931,0,
180,7/13/2017 7:00,24.835,0,
181,7/13/2017 8:00,24.738,0,
182,7/13/2017 9:00,24.835,150.7,
183,7/13/2017 10:00,24.835,129.2,
184,7/13/2017 11:00,24.738,96.9,
185,7/13/2017 12:00,24.835,96.9,39.604
186,7/13/2017 13:00,25.125,150.7,
187,7/13/2017 14:00,25.61,53.8,
188,7/13/2017 15:00,25.416,86.1,
189,7/13/2017 16:00,25.61,75.3,
190,7/13/2017 17:00,25.708,43.1,
191,7/13/2017 18:00,25.513,0,
192,7/13/2017 19:00,25.125,21.5,
193,7/13/2017 20:00,25.222,10.8,
194,7/13/2017 21:00,25.319,0,
195,7/13/2017 22:00,25.416,0,
196,7/13/2017 23:00,25.416,0,
197,7/14/2017 0:00,25.222,0,
198,7/14/2017 1:00,25.028,0,
199,7/14/2017 2:00,24.835,0,
200,7/14/2017 3:00,25.028,0,
201,7/14/2017 4:00,24.835,0,
202,7/14/2017 5:00,24.641,0,
203,7/14/2017 6:00,24.641,0,
204,7/14/2017 7:00,24.448,21.5,
205,7/14/2017 8:00,24.351,150.7,
206,7/14/2017 9:00,24.545,236.8,
207,7/14/2017 10:00,24.545,301.4,
208,7/14/2017 11:00,24.931,312.2,
209,7/14/2017 12:00,25.319,139.9,45.447
210,7/14/2017 13:00,25.028,527.4,
211,7/14/2017 14:00,25.708,161.5,
212,7/14/2017 15:00,25.416,139.9,
213,7/14/2017 16:00,25.61,215.3,
214,7/14/2017 17:00,25.902,64.6,
215,7/14/2017 18:00,26.39,32.3,
216,7/14/2017 19:00,26.781,0,
217,7/14/2017 20:00,26.488,0,
218,7/14/2017 21:00,26,0,
219,7/14/2017 22:00,25.902,0,
220,7/14/2017 23:00,25.902,0,
221,7/15/2017 0:00,25.805,0,
222,7/15/2017 1:00,25.708,0,
223,7/15/2017 2:00,25.416,0,
224,7/15/2017 3:00,25.416,0,
225,7/15/2017 4:00,25.222,0,
226,7/15/2017 5:00,24.931,0,
227,7/15/2017 6:00,24.738,0,
228,7/15/2017 7:00,24.448,96.9,
229,7/15/2017 8:00,24.158,279.9,
230,7/15/2017 9:00,24.158,409,
231,7/15/2017 10:00,24.062,75.3,
232,7/15/2017 11:00,24.738,193.8,
233,7/15/2017 12:00,25.125,86.1,50.563
234,7/15/2017 13:00,25.125,344.4,
235,7/15/2017 14:00,25.222,183,
236,7/15/2017 15:00,25.222,279.9,
237,7/15/2017 16:00,25.319,1001,
238,7/15/2017 17:00,25.319,139.9,
239,7/15/2017 18:00,25.513,118.4,
240,7/15/2017 19:00,25.319,43.1,
241,7/15/2017 20:00,25.125,21.5,
242,7/15/2017 21:00,25.028,0,
243,7/15/2017 22:00,25.222,0,
244,7/15/2017 23:00,25.125,0,
245,7/16/2017 0:00,25.028,0,
246,7/16/2017 1:00,24.931,0,
247,7/16/2017 2:00,24.835,0,
248,7/16/2017 3:00,24.641,0,
249,7/16/2017 4:00,24.545,0,
250,7/16/2017 5:00,24.448,0,
251,7/16/2017 6:00,24.255,0,
252,7/16/2017 7:00,24.158,118.4,
253,7/16/2017 8:00,24.158,645.8,
254,7/16/2017 9:00,24.158,753.5,
255,7/16/2017 10:00,23.966,914.9,
256,7/16/2017 11:00,24.062,850.4,
257,7/16/2017 12:00,24.641,764.2,55.645
258,7/16/2017 13:00,25.61,1022.6,
259,7/16/2017 14:00,25.708,226,
260,7/16/2017 15:00,25.708,226,
261,7/16/2017 16:00,25.708,107.6,
262,7/16/2017 17:00,25.708,172.2,
263,7/16/2017 18:00,25.708,129.2,
264,7/16/2017 19:00,25.805,21.5,
265,7/16/2017 20:00,25.805,0,
266,7/16/2017 21:00,25.708,0,
267,7/16/2017 22:00,25.513,0,
268,7/16/2017 23:00,25.319,0,
269,7/17/2017 0:00,25.222,0,
270,7/17/2017 1:00,24.835,0,
271,7/17/2017 2:00,24.545,0,
272,7/17/2017 3:00,24.641,0,
273,7/17/2017 4:00,24.545,0,
274,7/17/2017 5:00,24.255,0,
275,7/17/2017 6:00,23.966,0,
276,7/17/2017 7:00,23.966,10.8,
277,7/17/2017 8:00,23.966,150.7,
278,7/17/2017 9:00,23.869,193.8,
279,7/17/2017 10:00,24.255,602.8,
280,7/17/2017 11:00,24.641,721.2,
281,7/17/2017 12:00,24.835,990.3,60.877
282,7/17/2017 13:00,24.931,936.5,
283,7/17/2017 14:00,25.125,193.8,
284,7/17/2017 15:00,25.028,1011.8,
285,7/17/2017 16:00,25.902,559.7,
286,7/17/2017 17:00,26.097,107.6,
287,7/17/2017 18:00,25.902,53.8,
288,7/17/2017 19:00,25.805,21.5,
289,7/17/2017 20:00,25.805,21.5,
290,7/17/2017 21:00,25.513,0,
291,7/17/2017 22:00,25.222,0,
292,7/17/2017 23:00,24.931,0,
293,7/18/2017 0:00,25.028,0,
294,7/18/2017 1:00,24.931,0,
295,7/18/2017 2:00,24.545,0,
296,7/18/2017 3:00,24.351,0,
297,7/18/2017 4:00,24.351,0,
298,7/18/2017 5:00,24.255,0,
299,7/18/2017 6:00,24.158,0,
300,7/18/2017 7:00,24.158,118.4,
301,7/18/2017 8:00,24.062,366,
302,7/18/2017 9:00,23.869,505.9,
303,7/18/2017 10:00,24.158,602.8,
304,7/18/2017 11:00,24.835,968.8,
305,7/18/2017 12:00,25.513,1141,66.358
306,7/18/2017 13:00,25.708,764.2,
307,7/18/2017 14:00,25.902,516.7,
308,7/18/2017 15:00,26,516.7,
309,7/18/2017 16:00,26.195,312.2,
310,7/18/2017 17:00,26.292,129.2,
311,7/18/2017 18:00,26.488,53.8,
312,7/18/2017 19:00,26.488,32.3,
313,7/18/2017 20:00,26.39,10.8,
314,7/18/2017 21:00,26.195,0,
315,7/18/2017 22:00,26,0,
316,7/18/2017 23:00,25.61,0,
317,7/19/2017 0:00,24.931,0,
318,7/19/2017 1:00,24.545,0,
319,7/19/2017 2:00,24.545,0,
320,7/19/2017 3:00,24.931,0,
321,7/19/2017 4:00,25.125,0,
322,7/19/2017 5:00,25.028,0,
323,7/19/2017 6:00,24.931,0,
324,7/19/2017 7:00,24.931,96.9,
325,7/19/2017 8:00,24.931,139.9,
326,7/19/2017 9:00,24.835,269.1,
327,7/19/2017 10:00,24.738,538.2,
328,7/19/2017 11:00,24.545,570.5,
329,7/19/2017 12:00,25.222,678.1,72.272
330,7/19/2017 13:00,25.708,796.5,
331,7/19/2017 14:00,26.39,107.6,
332,7/19/2017 15:00,26.585,301.4,
333,7/19/2017 16:00,26.585,409,
334,7/19/2017 17:00,26.683,107.6,
335,7/19/2017 18:00,26.781,64.6,
336,7/19/2017 19:00,26.781,21.5,
337,7/19/2017 20:00,26.585,10.8,
338,7/19/2017 21:00,26.683,0,
339,7/19/2017 22:00,26.39,0,
340,7/19/2017 23:00,26,0,
341,7/20/2017 0:00,25.902,0,
342,7/20/2017 1:00,25.805,0,
343,7/20/2017 2:00,25.805,0,
344,7/20/2017 3:00,26,0,
345,7/20/2017 4:00,26,0,
346,7/20/2017 5:00,25.902,0,
347,7/20/2017 6:00,25.902,0,
348,7/20/2017 7:00,25.805,10.8,
349,7/20/2017 8:00,25.902,247.6,
350,7/20/2017 9:00,26,376.7,
351,7/20/2017 10:00,25.902,279.9,
352,7/20/2017 11:00,25.416,516.7,
353,7/20/2017 12:00,25.222,1184,79.308
354,7/20/2017 13:00,25.416,1162.5,
355,7/20/2017 14:00,25.513,1237.9,
356,7/20/2017 15:00,25.513,559.7,
357,7/20/2017 16:00,26.585,236.8,
358,7/20/2017 17:00,27.468,86.1,
359,7/20/2017 18:00,28.159,21.5,
360,7/20/2017 19:00,27.764,10.8,
361,7/20/2017 20:00,27.764,10.8,
362,7/20/2017 21:00,27.764,0,
363,7/20/2017 22:00,27.665,0,
364,7/20/2017 23:00,27.468,0,
365,7/21/2017 0:00,27.37,0,
366,7/21/2017 1:00,27.272,0,
367,7/21/2017 2:00,27.173,0,
368,7/21/2017 3:00,27.173,0,
369,7/21/2017 4:00,26.977,0,
370,7/21/2017 5:00,26.585,0,
371,7/21/2017 6:00,26.195,0,
372,7/21/2017 7:00,26,75.3,
373,7/21/2017 8:00,26.39,549,
374,7/21/2017 9:00,26.683,150.7,
375,7/21/2017 10:00,26.781,172.2,
376,7/21/2017 11:00,27.272,635.1,
377,7/21/2017 12:00,27.665,775,86.69
378,7/21/2017 13:00,28.06,893.4,
379,7/21/2017 14:00,28.06,559.7,
380,7/21/2017 15:00,28.06,473.6,
381,7/21/2017 16:00,28.258,355.2,
382,7/21/2017 17:00,27.961,226,
383,7/21/2017 18:00,27.862,118.4,
384,7/21/2017 19:00,27.862,107.6,
385,7/21/2017 20:00,27.37,32.3,
386,7/21/2017 21:00,27.272,0,
387,7/21/2017 22:00,27.468,0,
388,7/21/2017 23:00,27.468,0,
389,7/22/2017 0:00,27.567,0,
390,7/22/2017 1:00,27.665,0,
391,7/22/2017 2:00,27.567,0,
392,7/22/2017 3:00,27.468,0,
393,7/22/2017 4:00,27.468,0,
394,7/22/2017 5:00,27.37,0,
395,7/22/2017 6:00,27.37,0,
396,7/22/2017 7:00,27.173,0,
397,7/22/2017 8:00,27.075,10.8,
398,7/22/2017 9:00,26.879,96.9,
399,7/22/2017 10:00,26.585,247.6,
400,7/22/2017 11:00,26.488,473.6,
401,7/22/2017 12:00,26.683,742.7,94.313
402,7/22/2017 13:00,26.879,366,
403,7/22/2017 14:00,27.272,247.6,
404,7/22/2017 15:00,27.862,861.1,
405,7/22/2017 16:00,28.357,527.4,
406,7/22/2017 17:00,28.159,236.8,
407,7/22/2017 18:00,28.357,96.9,
408,7/22/2017 19:00,28.357,43.1,
409,7/22/2017 20:00,28.357,10.8,
410,7/22/2017 21:00,28.159,0,
411,7/22/2017 22:00,28.06,0,
412,7/22/2017 23:00,27.961,0,
413,7/23/2017 0:00,27.567,0,
414,7/23/2017 1:00,27.272,0,
415,7/23/2017 2:00,26.683,0,
416,7/23/2017 3:00,26.195,0,
417,7/23/2017 4:00,25.902,0,
418,7/23/2017 5:00,25.902,0,
419,7/23/2017 6:00,26.585,0,
420,7/23/2017 7:00,26.879,86.1,
421,7/23/2017 8:00,26.977,75.3,
422,7/23/2017 9:00,27.272,452.1,
423,7/23/2017 10:00,27.665,645.8,
424,7/23/2017 11:00,27.37,613.5,
425,7/23/2017 12:00,27.567,538.2,101.346
426,7/23/2017 13:00,27.567,1980.6,
427,7/23/2017 14:00,27.173,839.6,
428,7/23/2017 15:00,26.977,731.9,
429,7/23/2017 16:00,26.683,75.3,
430,7/23/2017 17:00,26.683,409,
431,7/23/2017 18:00,27.37,333.7,
432,7/23/2017 19:00,27.764,96.9,
433,7/23/2017 20:00,27.764,53.8,
434,7/23/2017 21:00,27.665,10.8,
435,7/23/2017 22:00,27.665,0,
436,7/23/2017 23:00,27.567,0,
437,7/24/2017 0:00,27.37,0,
438,7/24/2017 1:00,27.272,0,
439,7/24/2017 2:00,26.879,0,
440,7/24/2017 3:00,26.585,0,
441,7/24/2017 4:00,26.097,0,
442,7/24/2017 5:00,25.513,0,
443,7/24/2017 6:00,25.028,0,
444,7/24/2017 7:00,24.835,86.1,
445,7/24/2017 8:00,24.931,613.5,
446,7/24/2017 9:00,25.513,236.8,
447,7/24/2017 10:00,25.902,366,
448,7/24/2017 11:00,26.39,1259.4,
449,7/24/2017 12:00,26.292,538.2,107.458
450,7/24/2017 13:00,26.195,366,
451,7/24/2017 14:00,25.902,312.2,
452,7/24/2017 15:00,25.61,635.1,
453,7/24/2017 16:00,25.319,635.1,
454,7/24/2017 17:00,24.835,505.9,
455,7/24/2017 18:00,24.448,215.3,
456,7/24/2017 19:00,24.255,118.4,
457,7/24/2017 20:00,24.062,43.1,
458,7/24/2017 21:00,24.158,0,
459,7/24/2017 22:00,24.641,0,
460,7/24/2017 23:00,24.835,0,
461,7/25/2017 0:00,25.028,0,
462,7/25/2017 1:00,25.125,0,
463,7/25/2017 2:00,25.125,0,
464,7/25/2017 3:00,24.931,0,
465,7/25/2017 4:00,24.738,0,
466,7/25/2017 5:00,24.545,0,
467,7/25/2017 6:00,24.062,0,
468,7/25/2017 7:00,23.773,269.1,
469,7/25/2017 8:00,23.677,688.9,
470,7/25/2017 9:00,23.677,1022.6,
471,7/25/2017 10:00,23.869,1097.9,
472,7/25/2017 11:00,24.545,925.7,
473,7/25/2017 12:00,25.513,1356.3,112.683
474,7/25/2017 13:00,25.902,1636.1,
475,7/25/2017 14:00,26.097,1173.3,
476,7/25/2017 15:00,26,958,
477,7/25/2017 16:00,26,958,
478,7/25/2017 17:00,26.195,322.9,
479,7/25/2017 18:00,26,226,
480,7/25/2017 19:00,25.61,139.9,
481,7/25/2017 20:00,25.416,21.5,
482,7/25/2017 21:00,25.222,0,
483,7/25/2017 22:00,25.028,0,
484,7/25/2017 23:00,24.835,0,
485,7/26/2017 0:00,24.641,0,
486,7/26/2017 1:00,24.545,0,
487,7/26/2017 2:00,24.545,0,
488,7/26/2017 3:00,24.545,0,
489,7/26/2017 4:00,24.545,0,
490,7/26/2017 5:00,24.448,0,
491,7/26/2017 6:00,24.255,0,
492,7/26/2017 7:00,24.062,96.9,
493,7/26/2017 8:00,23.677,344.4,
494,7/26/2017 9:00,23.292,215.3,
495,7/26/2017 10:00,22.908,322.9,
496,7/26/2017 11:00,22.908,462.9,
497,7/26/2017 12:00,23.004,1324,117.505
498,7/26/2017 13:00,23.196,871.9,
499,7/26/2017 14:00,24.351,753.5,
500,7/26/2017 15:00,25.222,624.3,
501,7/26/2017 16:00,25.61,1894.5,
502,7/26/2017 17:00,25.902,430.6,
503,7/26/2017 18:00,26,172.2,
504,7/26/2017 19:00,25.902,107.6,
505,7/26/2017 20:00,25.902,32.3,
506,7/26/2017 21:00,25.902,0,
507,7/26/2017 22:00,25.708,0,
508,7/26/2017 23:00,25.61,0,
509,7/27/2017 0:00,25.513,0,
510,7/27/2017 1:00,25.319,0,
511,7/27/2017 2:00,25.125,0,
512,7/27/2017 3:00,24.545,0,
513,7/27/2017 4:00,23.773,0,
514,7/27/2017 5:00,23.196,0,
515,7/27/2017 6:00,22.908,0,
516,7/27/2017 7:00,22.812,10.8,
517,7/27/2017 8:00,23.677,333.7,
518,7/27/2017 9:00,24.835,710.4,
519,7/27/2017 10:00,25.416,333.7,
520,7/27/2017 11:00,26.097,775,
521,7/27/2017 12:00,26.488,958,122.975
522,7/27/2017 13:00,26.879,1173.3,
523,7/27/2017 14:00,27.075,1141,
524,7/27/2017 15:00,26.879,290.6,
525,7/27/2017 16:00,26.488,2325,
526,7/27/2017 17:00,25.805,279.9,
527,7/27/2017 18:00,25.319,161.5,
528,7/27/2017 19:00,25.319,86.1,
529,7/27/2017 20:00,25.708,21.5,
530,7/27/2017 21:00,26.39,0,
531,7/27/2017 22:00,26.39,0,
532,7/27/2017 23:00,26.097,0,
533,7/28/2017 0:00,25.902,0,
534,7/28/2017 1:00,25.708,0,
535,7/28/2017 2:00,25.513,0,
536,7/28/2017 3:00,25.416,0,
537,7/28/2017 4:00,25.222,0,
538,7/28/2017 5:00,24.738,0,
539,7/28/2017 6:00,24.351,0,
540,7/28/2017 7:00,24.351,21.5,
541,7/28/2017 8:00,24.448,75.3,
542,7/28/2017 9:00,24.448,96.9,
543,7/28/2017 10:00,24.738,538.2,
544,7/28/2017 11:00,25.028,322.9,
545,7/28/2017 12:00,25.028,344.4,127.769
546,7/28/2017 13:00,25.513,473.6,
547,7/28/2017 14:00,25.416,118.4,
548,7/28/2017 15:00,25.416,322.9,
549,7/28/2017 16:00,25.319,301.4,
550,7/28/2017 17:00,25.125,333.7,
551,7/28/2017 18:00,24.931,290.6,
552,7/28/2017 19:00,24.835,32.3,
553,7/28/2017 20:00,24.545,10.8,
554,7/28/2017 21:00,24.062,0,
555,7/28/2017 22:00,23.773,0,
556,7/28/2017 23:00,23.388,0,
557,7/29/2017 0:00,23.004,0,
558,7/29/2017 1:00,23.292,0,
559,7/29/2017 2:00,23.484,0,
560,7/29/2017 3:00,23.966,0,
561,7/29/2017 4:00,24.062,0,
562,7/29/2017 5:00,23.966,0,
563,7/29/2017 6:00,23.581,0,
564,7/29/2017 7:00,23.1,161.5,
565,7/29/2017 8:00,22.621,549,
566,7/29/2017 9:00,22.142,1184,
567,7/29/2017 10:00,21.855,1097.9,
568,7/29/2017 11:00,21.951,1345.5,
569,7/29/2017 12:00,22.908,1108.7,131.527
570,7/29/2017 13:00,24.545,1377.8,
571,7/29/2017 14:00,24.931,1119.5,
572,7/29/2017 15:00,24.641,204.5,
573,7/29/2017 16:00,24.738,247.6,
574,7/29/2017 17:00,24.835,139.9,
575,7/29/2017 18:00,24.835,43.1,
576,7/29/2017 19:00,24.641,43.1,
577,7/29/2017 20:00,24.545,21.5,
578,7/29/2017 21:00,24.062,0,
579,7/29/2017 22:00,23.581,0,
580,7/29/2017 23:00,23.1,0,
581,7/30/2017 0:00,22.812,0,
582,7/30/2017 1:00,22.717,0,
583,7/30/2017 2:00,23.1,0,
584,7/30/2017 3:00,23.484,0,
585,7/30/2017 4:00,23.677,0,
586,7/30/2017 5:00,23.773,0,
587,7/30/2017 6:00,23.773,0,
588,7/30/2017 7:00,23.773,96.9,
589,7/30/2017 8:00,23.773,398.3,
590,7/30/2017 9:00,23.869,559.7,
591,7/30/2017 10:00,23.869,785.8,
592,7/30/2017 11:00,23.869,1087.2,
593,7/30/2017 12:00,24.158,1636.1,136.217
594,7/30/2017 13:00,24.351,2927.8,
595,7/30/2017 14:00,24.062,2669.5,
596,7/30/2017 15:00,23.966,2755.6,
597,7/30/2017 16:00,24.062,2238.9,
598,7/30/2017 17:00,24.931,236.8,
599,7/30/2017 18:00,25.61,215.3,
600,7/30/2017 19:00,25.902,96.9,
601,7/30/2017 20:00,25.805,53.8,
602,7/30/2017 21:00,25.61,0,
603,7/30/2017 22:00,25.513,0,
604,7/30/2017 23:00,25.513,0,
605,7/31/2017 0:00,25.416,0,
606,7/31/2017 1:00,25.222,0,
607,7/31/2017 2:00,25.028,0,
608,7/31/2017 3:00,24.738,0,
609,7/31/2017 4:00,24.545,0,
610,7/31/2017 5:00,24.158,0,
611,7/31/2017 6:00,23.677,0,
612,7/31/2017 7:00,23.292,183,
613,7/31/2017 8:00,23.388,581.3,
614,7/31/2017 9:00,23.869,602.8,
615,7/31/2017 10:00,24.448,667.4,
616,7/31/2017 11:00,25.125,764.2,
617,7/31/2017 12:00,25.513,925.7,141.24
618,7/31/2017 13:00,25.805,1130.2,
619,7/31/2017 14:00,26.097,1248.6,
620,7/31/2017 15:00,26.097,1237.9,
621,7/31/2017 16:00,26.097,1722.2,
622,7/31/2017 17:00,25.902,419.8,
623,7/31/2017 18:00,25.416,118.4,
624,7/31/2017 19:00,24.931,53.8,
625,7/31/2017 20:00,24.835,32.3,
626,7/31/2017 21:00,24.738,0,
627,7/31/2017 22:00,24.641,0,
628,7/31/2017 23:00,24.738,0,
629,8/1/2017 0:00,24.738,0,
630,8/1/2017 1:00,24.835,0,
631,8/1/2017 2:00,24.931,0,
632,8/1/2017 3:00,24.835,0,
633,8/1/2017 4:00,24.641,0,
634,8/1/2017 5:00,24.545,0,
635,8/1/2017 6:00,24.351,0,
636,8/1/2017 7:00,24.255,96.9,
637,8/1/2017 8:00,24.255,462.9,
638,8/1/2017 9:00,24.062,656.6,
639,8/1/2017 10:00,23.869,839.6,
640,8/1/2017 11:00,23.869,1119.5,
641,8/1/2017 12:00,24.062,1550,146.658
642,8/1/2017 13:00,24.931,1550,
643,8/1/2017 14:00,26.39,1162.5,
644,8/1/2017 15:00,26.39,505.9,
645,8/1/2017 16:00,26.195,904.2,
646,8/1/2017 17:00,26.097,1463.9,
647,8/1/2017 18:00,26.097,301.4,
648,8/1/2017 19:00,26.195,53.8,
649,8/1/2017 20:00,26.39,21.5,
650,8/1/2017 21:00,26.195,0,
651,8/1/2017 22:00,26.097,0,
652,8/1/2017 23:00,25.805,0,
653,8/2/2017 0:00,25.513,0,
654,8/2/2017 1:00,25.125,0,
655,8/2/2017 2:00,24.738,0,
656,8/2/2017 3:00,24.738,0,
657,8/2/2017 4:00,24.931,0,
658,8/2/2017 5:00,24.931,0,
659,8/2/2017 6:00,24.835,0,
660,8/2/2017 7:00,24.738,96.9,
661,8/2/2017 8:00,24.641,322.9,
662,8/2/2017 9:00,25.028,635.1,
663,8/2/2017 10:00,25.319,721.2,
664,8/2/2017 11:00,25.416,1001,
665,8/2/2017 12:00,25.708,1001,152.732
666,8/2/2017 13:00,26.195,3272.2,
667,8/2/2017 14:00,26.585,2669.5,
668,8/2/2017 15:00,26.683,1141,
669,8/2/2017 16:00,26.977,871.9,
670,8/2/2017 17:00,26.781,505.9,
671,8/2/2017 18:00,26.879,107.6,
672,8/2/2017 19:00,26.488,129.2,
673,8/2/2017 20:00,26.39,279.9,
674,8/2/2017 21:00,26.195,0,
675,8/2/2017 22:00,26,0,
676,8/2/2017 23:00,26,0,
677,8/3/2017 0:00,25.61,0,
678,8/3/2017 1:00,25.319,0,
679,8/3/2017 2:00,25.319,0,
680,8/3/2017 3:00,25.125,0,
681,8/3/2017 4:00,24.931,0,
682,8/3/2017 5:00,24.351,0,
683,8/3/2017 6:00,24.255,0,
684,8/3/2017 7:00,24.351,322.9,
685,8/3/2017 8:00,24.448,2325,
686,8/3/2017 9:00,24.835,4133.4,
687,8/3/2017 10:00,25.319,4822.3,
688,8/3/2017 11:00,25.708,3444.5,
689,8/3/2017 12:00,25.902,3272.2,158.602
690,8/3/2017 13:00,26,3444.5,
691,8/3/2017 14:00,26.097,3100,
692,8/3/2017 15:00,26.488,1894.5,
693,8/3/2017 16:00,26.585,764.2,
694,8/3/2017 17:00,26.879,624.3,
695,8/3/2017 18:00,26.781,441.3,
696,8/3/2017 19:00,26.683,183,
697,8/3/2017 20:00,26.683,86.1,
698,8/3/2017 21:00,26.585,0,
699,8/3/2017 22:00,26.39,0,
700,8/3/2017 23:00,26.097,0,
701,8/4/2017 0:00,25.61,0,
702,8/4/2017 1:00,24.931,0,
703,8/4/2017 2:00,24.158,0,
704,8/4/2017 3:00,24.255,0,
705,8/4/2017 4:00,24.255,0,
706,8/4/2017 5:00,24.738,0,
707,8/4/2017 6:00,24.641,0,
708,8/4/2017 7:00,23.966,118.4,
709,8/4/2017 8:00,23.388,32.3,
710,8/4/2017 9:00,23.484,269.1,
711,8/4/2017 10:00,23.773,301.4,
712,8/4/2017 11:00,24.448,484.4,
713,8/4/2017 12:00,24.738,1108.7,161.268
714,8/4/2017 13:00,24.931,2238.9,
715,8/4/2017 14:00,24.835,2927.8,
716,8/4/2017 15:00,24.351,861.1,
717,8/4/2017 16:00,23.773,2411.1,
718,8/4/2017 17:00,19.948,4994.5,
719,8/4/2017 18:00,17.76,1550,
720,8/4/2017 19:00,17.379,925.7,
721,8/4/2017 20:00,17.094,204.5,
722,8/4/2017 21:00,17.189,0,
723,8/4/2017 22:00,17.57,0,
724,8/4/2017 23:00,16.523,0,
725,8/5/2017 0:00,16.332,0,
726,8/5/2017 1:00,15.473,0,
727,8/5/2017 2:00,14.709,0,
728,8/5/2017 3:00,14.9,0,
729,8/5/2017 4:00,14.517,0,
730,8/5/2017 5:00,16.903,0,
731,8/5/2017 6:00,20.996,0,
732,8/5/2017 7:00,22.142,86.1,
733,8/5/2017 8:00,22.429,441.3,
734,8/5/2017 9:00,23.292,1054.9,
735,8/5/2017 10:00,23.773,2325,
736,8/5/2017 11:00,23.292,8611.2,
737,8/5/2017 12:00,21.951,8266.7,165.604
738,8/5/2017 13:00,23.581,8266.7,
739,8/5/2017 14:00,28.953,1808.3,
740,8/5/2017 15:00,26.879,742.7,
741,8/5/2017 16:00,25.513,904.2,
742,8/5/2017 17:00,25.222,129.2,
743,8/5/2017 18:00,25.125,53.8,
744,8/5/2017 19:00,24.931,43.1,
745,8/5/2017 20:00,24.448,10.8,
746,8/5/2017 21:00,23.966,0,
747,8/5/2017 22:00,23.869,0,
748,8/5/2017 23:00,23.773,0,
749,8/6/2017 0:00,23.677,0,
750,8/6/2017 1:00,23.581,0,
751,8/6/2017 2:00,23.388,0,
752,8/6/2017 3:00,23.1,0,
753,8/6/2017 4:00,23.004,0,
754,8/6/2017 5:00,22.908,0,
755,8/6/2017 6:00,22.812,0,
756,8/6/2017 7:00,22.621,32.3,
757,8/6/2017 8:00,22.717,150.7,
758,8/6/2017 9:00,23.004,226,
759,8/6/2017 10:00,23.292,419.8,
760,8/6/2017 11:00,23.388,322.9,
761,8/6/2017 12:00,23.581,538.2,168.965
762,8/6/2017 13:00,23.484,613.5,
763,8/6/2017 14:00,23.484,710.4,
764,8/6/2017 15:00,23.196,484.4,
765,8/6/2017 16:00,22.908,193.8,
766,8/6/2017 17:00,22.812,236.8,
767,8/6/2017 18:00,22.812,204.5,
768,8/6/2017 19:00,22.812,64.6,
769,8/6/2017 20:00,23.004,32.3,
770,8/6/2017 21:00,23.581,0,
771,8/6/2017 22:00,23.869,0,
772,8/6/2017 23:00,23.773,0,
773,8/7/2017 0:00,23.677,0,
774,8/7/2017 1:00,23.484,0,
775,8/7/2017 2:00,23.1,0,
776,8/7/2017 3:00,22.717,0,
777,8/7/2017 4:00,22.429,0,
778,8/7/2017 5:00,22.238,0,
779,8/7/2017 6:00,21.951,0,
780,8/7/2017 7:00,21.76,21.5,
781,8/7/2017 8:00,21.76,366,
782,8/7/2017 9:00,21.855,1151.7,
783,8/7/2017 10:00,22.525,1636.1,
784,8/7/2017 11:00,23.581,1162.5,
785,8/7/2017 12:00,24.351,1076.4,172.627
786,8/7/2017 13:00,24.835,1227.1,
787,8/7/2017 14:00,24.545,387.5,
788,8/7/2017 15:00,24.255,204.5,
789,8/7/2017 16:00,24.062,452.1,
790,8/7/2017 17:00,23.677,193.8,
791,8/7/2017 18:00,23.196,204.5,
792,8/7/2017 19:00,23.004,129.2,
793,8/7/2017 20:00,23.004,53.8,
794,8/7/2017 21:00,23.581,0,
795,8/7/2017 22:00,24.062,0,
796,8/7/2017 23:00,24.158,0,
797,8/8/2017 0:00,23.869,0,
798,8/8/2017 1:00,23.677,0,
799,8/8/2017 2:00,23.388,0,
800,8/8/2017 3:00,23.1,0,
801,8/8/2017 4:00,22.908,0,
802,8/8/2017 5:00,22.908,0,
803,8/8/2017 6:00,22.621,0,
804,8/8/2017 7:00,22.238,183,
805,8/8/2017 8:00,21.951,882.6,
806,8/8/2017 9:00,21.951,1550,
807,8/8/2017 10:00,22.333,2066.7,
808,8/8/2017 11:00,22.525,1722.2,
809,8/8/2017 12:00,22.812,1463.9,176.606
810,8/8/2017 13:00,23.292,1313.2,
811,8/8/2017 14:00,23.581,549,
812,8/8/2017 15:00,24.062,570.5,
813,8/8/2017 16:00,24.448,398.3,
814,8/8/2017 17:00,24.545,290.6,
815,8/8/2017 18:00,24.738,193.8,
816,8/8/2017 19:00,24.931,86.1,
817,8/8/2017 20:00,25.125,32.3,
818,8/8/2017 21:00,25.222,0,
819,8/8/2017 22:00,25.125,0,
820,8/8/2017 23:00,24.931,0,
821,8/9/2017 0:00,24.545,0,
822,8/9/2017 1:00,23.773,0,
823,8/9/2017 2:00,22.621,0,
824,8/9/2017 3:00,21.855,0,
825,8/9/2017 4:00,21.282,0,
826,8/9/2017 5:00,21.091,0,
827,8/9/2017 6:00,21.473,0,
828,8/9/2017 7:00,22.333,96.9,
829,8/9/2017 8:00,23.1,925.7,
830,8/9/2017 9:00,23.581,1550,
831,8/9/2017 10:00,23.966,2497.2,
832,8/9/2017 11:00,24.062,2411.1,
833,8/9/2017 12:00,24.062,1808.3,180.518
834,8/9/2017 13:00,23.966,1636.1,
835,8/9/2017 14:00,24.351,1463.9,
836,8/9/2017 15:00,24.448,721.2,
837,8/9/2017 16:00,24.835,968.8,
838,8/9/2017 17:00,24.931,355.2,
839,8/9/2017 18:00,25.319,161.5,
840,8/9/2017 19:00,25.513,64.6,
841,8/9/2017 20:00,25.61,43.1,
842,8/9/2017 21:00,25.61,0,
843,8/9/2017 22:00,25.513,0,
844,8/9/2017 23:00,25.319,0,
845,8/10/2017 0:00,25.028,0,
846,8/10/2017 1:00,24.835,0,
847,8/10/2017 2:00,24.641,0,
848,8/10/2017 3:00,24.545,0,
849,8/10/2017 4:00,24.255,0,
850,8/10/2017 5:00,23.581,0,
851,8/10/2017 6:00,22.812,0,
852,8/10/2017 7:00,22.238,75.3,
853,8/10/2017 8:00,22.142,193.8,
854,8/10/2017 9:00,22.812,1550,
855,8/10/2017 10:00,23.869,1808.3,
856,8/10/2017 11:00,24.738,1550,
857,8/10/2017 12:00,25.61,1636.1,184.937
858,8/10/2017 13:00,25.805,1550,
859,8/10/2017 14:00,25.805,1227.1,
860,8/10/2017 15:00,25.125,882.6,
861,8/10/2017 16:00,24.641,893.4,
862,8/10/2017 17:00,24.545,312.2,
863,8/10/2017 18:00,24.931,269.1,
864,8/10/2017 19:00,25.416,75.3,
865,8/10/2017 20:00,25.708,32.3,
866,8/10/2017 21:00,25.805,0,
867,8/10/2017 22:00,25.708,0,
868,8/10/2017 23:00,25.513,0,
869,8/11/2017 0:00,25.319,0,
870,8/11/2017 1:00,25.222,0,
871,8/11/2017 2:00,24.931,0,
872,8/11/2017 3:00,24.351,0,
873,8/11/2017 4:00,23.581,0,
874,8/11/2017 5:00,22.717,0,
875,8/11/2017 6:00,21.855,0,
876,8/11/2017 7:00,21.473,0,
877,8/11/2017 8:00,21.091,150.7,
878,8/11/2017 9:00,21.187,312.2,
879,8/11/2017 10:00,21.282,592,
880,8/11/2017 11:00,22.142,269.1,
881,8/11/2017 12:00,24.738,2152.8,188.974
882,8/11/2017 13:00,25.222,818.1,
883,8/11/2017 14:00,25.416,602.8,
884,8/11/2017 15:00,25.708,462.9,
885,8/11/2017 16:00,25.805,1377.8,
886,8/11/2017 17:00,25.416,366,
887,8/11/2017 18:00,24.835,290.6,
888,8/11/2017 19:00,24.062,183,
889,8/11/2017 20:00,23.388,43.1,
890,8/11/2017 21:00,23.004,0,
891,8/11/2017 22:00,23.1,0,
892,8/11/2017 23:00,23.677,0,
893,8/12/2017 0:00,24.545,0,
894,8/12/2017 1:00,24.545,0,
895,8/12/2017 2:00,24.158,0,
896,8/12/2017 3:00,23.581,0,
897,8/12/2017 4:00,22.429,0,
898,8/12/2017 5:00,21.855,0,
899,8/12/2017 6:00,21.378,0,
900,8/12/2017 7:00,21.378,129.2,
901,8/12/2017 8:00,21.569,904.2,
902,8/12/2017 9:00,22.238,1894.5,
903,8/12/2017 10:00,23.004,538.2,
904,8/12/2017 11:00,23.869,1550,
905,8/12/2017 12:00,25.028,850.4,192.682
906,8/12/2017 13:00,25.125,430.6,
907,8/12/2017 14:00,25.028,279.9,
908,8/12/2017 15:00,24.931,226,
909,8/12/2017 16:00,25.028,279.9,
910,8/12/2017 17:00,24.448,505.9,
911,8/12/2017 18:00,23.966,376.7,
912,8/12/2017 19:00,23.484,333.7,
913,8/12/2017 20:00,22.812,86.1,
914,8/12/2017 21:00,22.429,0,
915,8/12/2017 22:00,22.333,0,
916,8/12/2017 23:00,22.525,0,
917,8/13/2017 0:00,23.581,0,
918,8/13/2017 1:00,24.062,0,
919,8/13/2017 2:00,24.062,0,
920,8/13/2017 3:00,24.062,0,
921,8/13/2017 4:00,24.158,0,
922,8/13/2017 5:00,24.255,0,
923,8/13/2017 6:00,23.966,0,
924,8/13/2017 7:00,23.581,193.8,
925,8/13/2017 8:00,23.581,1345.5,
926,8/13/2017 9:00,23.773,2927.8,
927,8/13/2017 10:00,23.869,2927.8,
928,8/13/2017 11:00,23.773,2497.2,
929,8/13/2017 12:00,24.351,1980.6,197.253
930,8/13/2017 13:00,24.641,1334.7,
931,8/13/2017 14:00,24.738,947.2,
932,8/13/2017 15:00,24.931,484.4,
933,8/13/2017 16:00,25.222,430.6,
934,8/13/2017 17:00,25.028,172.2,
935,8/13/2017 18:00,25.028,204.5,
936,8/13/2017 19:00,24.931,64.6,
937,8/13/2017 20:00,24.835,21.5,
938,8/13/2017 21:00,24.545,0,
939,8/13/2017 22:00,24.351,0,
940,8/13/2017 23:00,23.966,0,
941,8/14/2017 0:00,23.581,0,
942,8/14/2017 1:00,23.196,0,
943,8/14/2017 2:00,22.908,0,
944,8/14/2017 3:00,23.004,0,
945,8/14/2017 4:00,23.196,0,
946,8/14/2017 5:00,23.292,0,
947,8/14/2017 6:00,23.292,0,
948,8/14/2017 7:00,23.292,86.1,
949,8/14/2017 8:00,23.388,592,
950,8/14/2017 9:00,23.581,1280.9,
951,8/14/2017 10:00,23.966,1808.3,
952,8/14/2017 11:00,23.869,3272.2,
953,8/14/2017 12:00,23.966,3100,201.702
954,8/14/2017 13:00,23.966,2755.6,
955,8/14/2017 14:00,23.966,2411.1,
956,8/14/2017 15:00,23.773,1087.2,
957,8/14/2017 16:00,24.062,1280.9,
958,8/14/2017 17:00,24.738,613.5,
959,8/14/2017 18:00,25.222,409,
960,8/14/2017 19:00,25.319,64.6,
961,8/14/2017 20:00,25.416,21.5,
962,8/14/2017 21:00,25.319,0,
963,8/14/2017 22:00,25.125,0,
964,8/14/2017 23:00,25.028,0,
965,8/15/2017 0:00,25.028,0,
966,8/15/2017 1:00,24.931,0,
967,8/15/2017 2:00,24.641,0,
968,8/15/2017 3:00,23.966,0,
969,8/15/2017 4:00,23.292,0,
970,8/15/2017 5:00,22.621,0,
971,8/15/2017 6:00,22.142,0,
972,8/15/2017 7:00,21.855,53.8,
973,8/15/2017 8:00,21.76,150.7,
974,8/15/2017 9:00,21.951,710.4,
975,8/15/2017 10:00,21.855,258.3,
976,8/15/2017 11:00,21.951,333.7,
977,8/15/2017 12:00,23.484,1237.9,205.673
978,8/15/2017 13:00,24.448,1894.5,
979,8/15/2017 14:00,25.125,1205.6,
980,8/15/2017 15:00,25.222,688.9,
981,8/15/2017 16:00,25.222,1097.9,
982,8/15/2017 17:00,25.319,247.6,
983,8/15/2017 18:00,25.222,161.5,
984,8/15/2017 19:00,24.835,118.4,
985,8/15/2017 20:00,24.351,32.3,
986,8/15/2017 21:00,23.966,0,
987,8/15/2017 22:00,23.581,0,
988,8/15/2017 23:00,23.388,0,
989,8/16/2017 0:00,23.581,0,
990,8/16/2017 1:00,23.966,0,
991,8/16/2017 2:00,24.158,0,
992,8/16/2017 3:00,24.255,0,
993,8/16/2017 4:00,24.351,0,
994,8/16/2017 5:00,24.255,0,
995,8/16/2017 6:00,24.158,0,
996,8/16/2017 7:00,23.869,32.3,
997,8/16/2017 8:00,23.773,258.3,
998,8/16/2017 9:00,23.677,1237.9,
999,8/16/2017 10:00,23.869,688.9,
1000,8/16/2017 11:00,23.677,2152.8,
1001,8/16/2017 12:00,23.966,2152.8,210.305
1002,8/16/2017 13:00,24.062,1130.2,
1003,8/16/2017 14:00,24.835,1377.8,
1004,8/16/2017 15:00,24.931,753.5,
1005,8/16/2017 16:00,25.028,602.8,
1006,8/16/2017 17:00,25.125,139.9,
1007,8/16/2017 18:00,25.319,96.9,
1008,8/16/2017 19:00,25.319,43.1,
1009,8/16/2017 20:00,25.319,10.8,
1010,8/16/2017 21:00,25.319,0,
1011,8/16/2017 22:00,25.222,0,
1012,8/16/2017 23:00,25.125,0,
1013,8/17/2017 0:00,24.931,0,
1014,8/17/2017 1:00,24.545,0,
1015,8/17/2017 2:00,24.158,0,
1016,8/17/2017 3:00,24.062,0,
1017,8/17/2017 4:00,23.869,0,
1018,8/17/2017 5:00,24.062,0,
1019,8/17/2017 6:00,24.255,0,
1020,8/17/2017 7:00,24.255,0,
1021,8/17/2017 8:00,24.158,96.9,
1022,8/17/2017 9:00,24.062,107.6,
1023,8/17/2017 10:00,24.062,344.4,
1024,8/17/2017 11:00,23.966,484.4,
1025,8/17/2017 12:00,24.255,1980.6,214.516
1026,8/17/2017 13:00,23.677,118.4,
1027,8/17/2017 14:00,23.388,43.1,
1028,8/17/2017 15:00,23.1,215.3,
1029,8/17/2017 16:00,23.196,215.3,
1030,8/17/2017 17:00,23.677,236.8,
1031,8/17/2017 18:00,24.158,96.9,
1032,8/17/2017 19:00,24.641,75.3,
1033,8/17/2017 20:00,24.835,10.8,
1034,8/17/2017 21:00,24.931,0,
1035,8/17/2017 22:00,24.835,0,
1036,8/17/2017 23:00,24.448,0,
1037,8/18/2017 0:00,24.351,0,
1038,8/18/2017 1:00,23.581,0,
1039,8/18/2017 2:00,23.004,0,
1040,8/18/2017 3:00,22.621,0,
1041,8/18/2017 4:00,22.238,0,
1042,8/18/2017 5:00,22.429,0,
1043,8/18/2017 6:00,22.333,0,
1044,8/18/2017 7:00,22.429,236.8,
1045,8/18/2017 8:00,22.908,936.5,
1046,8/18/2017 9:00,23.677,5511.1,
1047,8/18/2017 10:00,23.581,473.6,
1048,8/18/2017 11:00,23.677,904.2,
1049,8/18/2017 12:00,23.484,861.1,218.722
1050,8/18/2017 13:00,23.677,1291.7,
1051,8/18/2017 14:00,24.255,2583.4,
1052,8/18/2017 15:00,24.641,1022.6,
1053,8/18/2017 16:00,25.416,2497.2,
1054,8/18/2017 17:00,23.773,430.6,
1055,8/18/2017 18:00,23.292,473.6,
1056,8/18/2017 19:00,22.908,86.1,
1057,8/18/2017 20:00,22.429,21.5,
1058,8/18/2017 21:00,22.908,0,
1059,8/18/2017 22:00,23.004,0,
1060,8/18/2017 23:00,23.004,0,
1061,8/19/2017 0:00,23.677,0,
1062,8/19/2017 1:00,24.158,0,
1063,8/19/2017 2:00,24.158,0,
1064,8/19/2017 3:00,24.158,0,
1065,8/19/2017 4:00,24.351,0,
1066,8/19/2017 5:00,24.255,0,
1067,8/19/2017 6:00,24.062,0,
1068,8/19/2017 7:00,23.773,0,
1069,8/19/2017 8:00,23.388,172.2,
1070,8/19/2017 9:00,23.677,1130.2,
1071,8/19/2017 10:00,23.869,839.6,
1072,8/19/2017 11:00,25.222,807.3,
1073,8/19/2017 12:00,25.61,2152.8,223.469
1074,8/19/2017 13:00,25.125,1377.8,
1075,8/19/2017 14:00,25.222,925.7,
1076,8/19/2017 15:00,25.028,398.3,
1077,8/19/2017 16:00,25.513,527.4,
1078,8/19/2017 17:00,24.738,161.5,
1079,8/19/2017 18:00,24.835,64.6,
1080,8/19/2017 19:00,24.931,21.5,
1081,8/19/2017 20:00,24.931,10.8,
1082,8/19/2017 21:00,24.738,0,
1083,8/19/2017 22:00,24.545,0,
1084,8/19/2017 23:00,24.158,0,
1085,8/20/2017 0:00,23.966,0,
1086,8/20/2017 1:00,23.677,0,
1087,8/20/2017 2:00,23.484,0,
1088,8/20/2017 3:00,23.388,0,
1089,8/20/2017 4:00,23.484,0,
1090,8/20/2017 5:00,23.484,0,
1091,8/20/2017 6:00,23.677,0,
1092,8/20/2017 7:00,23.677,21.5,
1093,8/20/2017 8:00,23.677,279.9,
1094,8/20/2017 9:00,23.773,516.7,
1095,8/20/2017 10:00,23.966,807.3,
1096,8/20/2017 11:00,24.255,1205.6,
1097,8/20/2017 12:00,25.902,2238.9,229.399
1098,8/20/2017 13:00,27.468,2325,
1099,8/20/2017 14:00,27.37,1636.1,
1100,8/20/2017 15:00,25.708,656.6,
1101,8/20/2017 16:00,24.641,484.4,
1102,8/20/2017 17:00,24.931,172.2,
1103,8/20/2017 18:00,25.222,53.8,
1104,8/20/2017 19:00,25.708,21.5,
1105,8/20/2017 20:00,25.902,0,
1106,8/20/2017 21:00,25.61,0,
1107,8/20/2017 22:00,25.319,0,
1108,8/20/2017 23:00,25.222,0,
1109,8/21/2017 0:00,25.028,0,
1110,8/21/2017 1:00,24.931,0,
1111,8/21/2017 2:00,24.835,0,
1112,8/21/2017 3:00,24.448,0,
1113,8/21/2017 4:00,24.062,0,
1114,8/21/2017 5:00,23.677,0,
1115,8/21/2017 6:00,23.484,0,
1116,8/21/2017 7:00,23.388,0,
1117,8/21/2017 8:00,23.388,215.3,
1118,8/21/2017 9:00,24.158,322.9,
1119,8/21/2017 10:00,25.125,290.6,
1120,8/21/2017 11:00,25.513,322.9,
1121,8/21/2017 12:00,25.902,279.9,234.581
1122,8/21/2017 13:00,26.195,581.3,
1123,8/21/2017 14:00,26,226,
1124,8/21/2017 15:00,25.513,53.8,
1125,8/21/2017 16:00,25.61,635.1,
1126,8/21/2017 17:00,25.125,247.6,
1127,8/21/2017 18:00,24.835,75.3,
1128,8/21/2017 19:00,25.028,10.8,
1129,8/21/2017 20:00,25.416,0,
1130,8/21/2017 21:00,26,0,
1131,8/21/2017 22:00,26.292,0,
1132,8/21/2017 23:00,26.292,0,
1133,8/22/2017 0:00,26.195,0,
1134,8/22/2017 1:00,26.195,0,
1135,8/22/2017 2:00,26.097,0,
1136,8/22/2017 3:00,25.805,0,
1137,8/22/2017 4:00,25.125,0,
1138,8/22/2017 5:00,24.448,0,
1139,8/22/2017 6:00,24.062,0,
1140,8/22/2017 7:00,23.869,0,
1141,8/22/2017 8:00,23.677,10.8,
1142,8/22/2017 9:00,23.581,183,
1143,8/22/2017 10:00,23.581,118.4,
1144,8/22/2017 11:00,23.677,226,
1145,8/22/2017 12:00,23.966,376.7,238.451
1146,8/22/2017 13:00,24.351,107.6,
1147,8/22/2017 14:00,25.125,172.2,
1148,8/22/2017 15:00,25.319,645.8,
1149,8/22/2017 16:00,24.641,4133.4,
1150,8/22/2017 17:00,24.351,3961.1,
1151,8/22/2017 18:00,22.333,2927.8,
1152,8/22/2017 19:00,21.187,1130.2,
1153,8/22/2017 20:00,20.424,409,
1154,8/22/2017 21:00,19.948,0,
1155,8/22/2017 22:00,22.525,0,
1156,8/22/2017 23:00,23.1,0,
1157,8/23/2017 0:00,23.292,0,
1158,8/23/2017 1:00,23.581,0,
1159,8/23/2017 2:00,24.448,0,
1160,8/23/2017 3:00,24.448,0,
1161,8/23/2017 4:00,24.545,0,
1162,8/23/2017 5:00,24.448,0,
1163,8/23/2017 6:00,24.158,0,
1164,8/23/2017 7:00,23.581,75.3,
1165,8/23/2017 8:00,23.004,5511.1,
1166,8/23/2017 9:00,24.738,18600.1,
1167,8/23/2017 10:00,24.641,17911.2,
1168,8/23/2017 11:00,26.195,14466.8,
1169,8/23/2017 12:00,28.159,6200,244.934
1170,8/23/2017 13:00,28.555,1550,
1171,8/23/2017 14:00,25.319,279.9,
1172,8/23/2017 15:00,24.448,828.8,
1173,8/23/2017 16:00,25.028,107.6,
1174,8/23/2017 17:00,24.545,387.5,
1175,8/23/2017 18:00,24.448,129.2,
1176,8/23/2017 19:00,24.351,43.1,
1177,8/23/2017 20:00,24.255,0,
1178,8/23/2017 21:00,24.158,0,
1179,8/23/2017 22:00,23.966,0,
1180,8/23/2017 23:00,23.869,0,
1181,8/24/2017 0:00,23.677,0,
1182,8/24/2017 1:00,23.581,0,
1183,8/24/2017 2:00,23.196,0,
1184,8/24/2017 3:00,23.1,0,
1185,8/24/2017 4:00,23.1,0,
1186,8/24/2017 5:00,22.908,0,
1187,8/24/2017 6:00,22.812,0,
1188,8/24/2017 7:00,22.812,0,
1189,8/24/2017 8:00,22.812,139.9,
1190,8/24/2017 9:00,22.908,322.9,
1191,8/24/2017 10:00,22.908,226,
1192,8/24/2017 11:00,23.004,764.2,
1193,8/24/2017 12:00,23.581,613.5,247.851
1194,8/24/2017 13:00,23.773,527.4,
1195,8/24/2017 14:00,23.773,215.3,
1196,8/24/2017 15:00,23.004,139.9,
1197,8/24/2017 16:00,22.046,139.9,
1198,8/24/2017 17:00,21.951,64.6,
1199,8/24/2017 18:00,21.664,53.8,
1200,8/24/2017 19:00,21.569,21.5,
1201,8/24/2017 20:00,21.664,0,
1202,8/24/2017 21:00,22.333,0,
1203,8/24/2017 22:00,22.621,0,
1204,8/24/2017 23:00,22.429,0,
1205,8/25/2017 0:00,22.333,0,
1206,8/25/2017 1:00,22.142,0,
1207,8/25/2017 2:00,21.951,0,
1208,8/25/2017 3:00,21.569,0,
1209,8/25/2017 4:00,21.282,0,
1210,8/25/2017 5:00,21.091,0,
1211,8/25/2017 6:00,20.901,0,
1212,8/25/2017 7:00,20.805,0,
1213,8/25/2017 8:00,20.805,161.5,
1214,8/25/2017 9:00,20.996,279.9,
1215,8/25/2017 10:00,21.664,592,
1216,8/25/2017 11:00,21.951,667.4,
1217,8/25/2017 12:00,22.238,828.8,249.496
1218,8/25/2017 13:00,22.429,871.9,
1219,8/25/2017 14:00,22.333,656.6,
1220,8/25/2017 15:00,22.238,505.9,
1221,8/25/2017 16:00,21.76,667.4,
1222,8/25/2017 17:00,20.996,387.5,
1223,8/25/2017 18:00,20.71,64.6,
1224,8/25/2017 19:00,20.424,10.8,
1225,8/25/2017 20:00,20.424,0,
1226,8/25/2017 21:00,20.424,0,
1227,8/25/2017 22:00,20.996,0,
1228,8/25/2017 23:00,21.76,0,
1229,8/26/2017 0:00,21.76,0,
1230,8/26/2017 1:00,21.569,0,
1231,8/26/2017 2:00,21.378,0,
1232,8/26/2017 3:00,21.378,0,
1233,8/26/2017 4:00,21.282,0,
1234,8/26/2017 5:00,20.996,0,
1235,8/26/2017 6:00,20.805,0,
1236,8/26/2017 7:00,20.329,0,
1237,8/26/2017 8:00,20.043,215.3,
1238,8/26/2017 9:00,20.043,409,
1239,8/26/2017 10:00,20.234,613.5,
1240,8/26/2017 11:00,20.805,1377.8,
1241,8/26/2017 12:00,21.282,990.3,251.003
1242,8/26/2017 13:00,21.951,990.3,
1243,8/26/2017 14:00,22.429,785.8,
1244,8/26/2017 15:00,22.429,462.9,
1245,8/26/2017 16:00,22.429,419.8,
1246,8/26/2017 17:00,22.142,279.9,
1247,8/26/2017 18:00,21.855,86.1,
1248,8/26/2017 19:00,21.569,43.1,
1249,8/26/2017 20:00,21.091,0,
1250,8/26/2017 21:00,20.901,0,
1251,8/26/2017 22:00,20.805,0,
1252,8/26/2017 23:00,21.091,0,
1253,8/27/2017 0:00,21.091,0,
1254,8/27/2017 1:00,20.901,0,
1255,8/27/2017 2:00,20.71,0,
1256,8/27/2017 3:00,20.901,0,
1257,8/27/2017 4:00,20.996,0,
1258,8/27/2017 5:00,20.901,0,
1259,8/27/2017 6:00,20.615,0,
1260,8/27/2017 7:00,20.329,0,
1261,8/27/2017 8:00,20.043,129.2,
1262,8/27/2017 9:00,19.948,96.9,
1263,8/27/2017 10:00,20.138,430.6,
1264,8/27/2017 11:00,20.424,785.8,
1265,8/27/2017 12:00,20.615,904.2,252.66
1266,8/27/2017 13:00,20.615,828.8,
1267,8/27/2017 14:00,21.473,731.9,
1268,8/27/2017 15:00,21.76,398.3,
1269,8/27/2017 16:00,21.855,279.9,
1270,8/27/2017 17:00,22.238,183,
1271,8/27/2017 18:00,22.429,96.9,
1272,8/27/2017 19:00,22.621,43.1,
1273,8/27/2017 20:00,22.717,0,
1274,8/27/2017 21:00,22.717,0,
1275,8/27/2017 22:00,22.525,0,
1276,8/27/2017 23:00,22.333,0,
1277,8/28/2017 0:00,22.238,0,
1278,8/28/2017 1:00,22.142,0,
1279,8/28/2017 2:00,22.046,0,
1280,8/28/2017 3:00,21.855,0,
1281,8/28/2017 4:00,21.091,0,
1282,8/28/2017 5:00,20.234,0,
1283,8/28/2017 6:00,19.567,0,
1284,8/28/2017 7:00,19.282,0,
1285,8/28/2017 8:00,19.187,32.3,
1286,8/28/2017 9:00,19.567,118.4,
1287,8/28/2017 10:00,21.091,226,
1288,8/28/2017 11:00,22.238,118.4,
1289,8/28/2017 12:00,22.525,86.1,254.108
1290,8/28/2017 13:00,22.621,86.1,
1291,8/28/2017 14:00,22.717,150.7,
1292,8/28/2017 15:00,22.717,129.2,
1293,8/28/2017 16:00,22.717,409,
1294,8/28/2017 17:00,22.525,21.5,
1295,8/28/2017 18:00,22.333,10.8,
1296,8/28/2017 19:00,22.046,10.8,
1297,8/28/2017 20:00,21.282,0,
1298,8/28/2017 21:00,20.901,0,
1299,8/28/2017 22:00,21.282,0,
1300,8/28/2017 23:00,22.142,0,
1301,8/29/2017 0:00,22.142,0,
1302,8/29/2017 1:00,22.333,0,
1303,8/29/2017 2:00,22.333,0,
1304,8/29/2017 3:00,22.238,0,
1305,8/29/2017 4:00,22.046,0,
1306,8/29/2017 5:00,21.76,0,
1307,8/29/2017 6:00,21.378,0,
1308,8/29/2017 7:00,20.71,0,
1309,8/29/2017 8:00,20.138,21.5,
1310,8/29/2017 9:00,19.853,53.8,
1311,8/29/2017 10:00,20.043,322.9,
1312,8/29/2017 11:00,20.329,495.1,
1313,8/29/2017 12:00,21.282,1313.2,256.038
1314,8/29/2017 13:00,22.333,452.1,
1315,8/29/2017 14:00,22.717,387.5,
1316,8/29/2017 15:00,23.196,538.2,
1317,8/29/2017 16:00,23.196,129.2,
1318,8/29/2017 17:00,23.196,86.1,
1319,8/29/2017 18:00,23.1,75.3,
1320,8/29/2017 19:00,22.333,150.7,
1321,8/29/2017 20:00,21.378,10.8,
1322,8/29/2017 21:00,20.805,0,
1323,8/29/2017 22:00,20.424,0,
1324,8/29/2017 23:00,21.091,0,
1325,8/30/2017 0:00,22.046,0,
1326,8/30/2017 1:00,22.333,0,
1327,8/30/2017 2:00,22.525,0,
1328,8/30/2017 3:00,22.429,0,
1329,8/30/2017 4:00,22.142,0,
1330,8/30/2017 5:00,21.855,0,
1331,8/30/2017 6:00,21.282,0,
1332,8/30/2017 7:00,20.71,0,
1333,8/30/2017 8:00,20.234,409,
1334,8/30/2017 9:00,20.519,1345.5,
1335,8/30/2017 10:00,20.901,1808.3,
1336,8/30/2017 11:00,20.71,1463.9,
1337,8/30/2017 12:00,21.473,764.2,257.858
1338,8/30/2017 13:00,21.76,258.3,
1339,8/30/2017 14:00,22.525,785.8,
1340,8/30/2017 15:00,22.812,301.4,
1341,8/30/2017 16:00,22.717,64.6,
1342,8/30/2017 17:00,22.621,64.6,
1343,8/30/2017 18:00,22.429,204.5,
1344,8/30/2017 19:00,22.621,21.5,
1345,8/30/2017 20:00,22.812,0,
1346,8/30/2017 21:00,22.525,0,
1347,8/30/2017 22:00,21.855,0,
1348,8/30/2017 23:00,21.187,0,
1349,8/31/2017 0:00,20.71,0,
1350,8/31/2017 1:00,20.424,0,
1351,8/31/2017 2:00,20.329,0,
1352,8/31/2017 3:00,20.234,0,
1353,8/31/2017 4:00,20.234,0,
1354,8/31/2017 5:00,20.424,0,
1355,8/31/2017 6:00,20.805,0,
1356,8/31/2017 7:00,20.996,0,
1357,8/31/2017 8:00,21.091,32.3,
1358,8/31/2017 9:00,20.996,172.2,
1359,8/31/2017 10:00,21.091,312.2,
1360,8/31/2017 11:00,20.996,1216.3,
1361,8/31/2017 12:00,20.996,204.5,258.643
1362,8/31/2017 13:00,20.901,947.2,
1363,8/31/2017 14:00,21.091,409,
1364,8/31/2017 15:00,21.091,279.9,
1365,8/31/2017 16:00,21.378,344.4,
1366,8/31/2017 17:00,21.569,301.4,
1367,8/31/2017 18:00,21.187,290.6,
1368,8/31/2017 19:00,20.805,64.6,
1369,8/31/2017 20:00,20.138,0,
1370,8/31/2017 21:00,20.138,0,
1371,8/31/2017 22:00,19.472,0,
1372,8/31/2017 23:00,19.472,0,
1373,9/1/2017 0:00,19.377,0,
1374,9/1/2017 1:00,19.758,0,
1375,9/1/2017 2:00,19.853,0,
1376,9/1/2017 3:00,19.853,0,
1377,9/1/2017 4:00,20.519,0,
1378,9/1/2017 5:00,20.71,0,
1379,9/1/2017 6:00,20.424,0,
1380,9/1/2017 7:00,20.138,0,
1381,9/1/2017 8:00,19.758,0,
1382,9/1/2017 9:00,19.377,10.8,
1383,9/1/2017 10:00,19.187,53.8,
1384,9/1/2017 11:00,18.996,43.1,
1385,9/1/2017 12:00,18.996,43.1,258.891
1386,9/1/2017 13:00,19.092,64.6,
1387,9/1/2017 14:00,19.187,64.6,
1388,9/1/2017 15:00,19.567,21.5,
1389,9/1/2017 16:00,20.234,10.8,
1390,9/1/2017 17:00,20.424,0,
1391,9/1/2017 18:00,20.424,0,
1392,9/1/2017 19:00,20.329,0,
1393,9/1/2017 20:00,20.329,0,
1394,9/1/2017 21:00,20.138,0,
1395,9/1/2017 22:00,19.948,0,
1396,9/1/2017 23:00,19.662,0,
1397,9/2/2017 0:00,19.472,0,
1398,9/2/2017 1:00,18.996,0,
1399,9/2/2017 2:00,18.426,0,
1400,9/2/2017 3:00,18.14,0,
1401,9/2/2017 4:00,17.95,0,
1402,9/2/2017 5:00,18.236,0,
1403,9/2/2017 6:00,18.711,0,
1404,9/2/2017 7:00,19.092,0,
1405,9/2/2017 8:00,19.187,0,
1406,9/2/2017 9:00,19.282,0,
1407,9/2/2017 10:00,19.472,10.8,
1408,9/2/2017 11:00,19.567,53.8,
1409,9/2/2017 12:00,19.567,96.9,258.891
1410,9/2/2017 13:00,19.567,86.1,
1411,9/2/2017 14:00,19.092,43.1,
1412,9/2/2017 15:00,18.901,64.6,
1413,9/2/2017 16:00,18.521,150.7,
1414,9/2/2017 17:00,18.236,10.8,
1415,9/2/2017 18:00,18.14,21.5,
1416,9/2/2017 19:00,18.236,0,
1417,9/2/2017 20:00,18.521,0,
1418,9/2/2017 21:00,19.282,0,
1419,9/2/2017 22:00,19.662,0,
1420,9/2/2017 23:00,19.662,0,
1421,9/3/2017 0:00,19.758,0,
1422,9/3/2017 1:00,19.662,0,
1423,9/3/2017 2:00,19.377,0,
1424,9/3/2017 3:00,19.187,0,
1425,9/3/2017 4:00,16.713,0,
1426,9/3/2017 5:00,14.804,0,
1427,9/3/2017 6:00,14.325,0,
1428,9/3/2017 7:00,13.846,0,
1429,9/3/2017 8:00,13.846,139.9,
1430,9/3/2017 9:00,14.996,2066.7,
1431,9/3/2017 10:00,19.662,2411.1,
1432,9/3/2017 11:00,21.855,839.6,
1433,9/3/2017 12:00,20.615,43.1,259.409
1434,9/3/2017 13:00,20.71,53.8,
1435,9/3/2017 14:00,21.091,139.9,
1436,9/3/2017 15:00,20.329,139.9,
1437,9/3/2017 16:00,20.329,96.9,
1438,9/3/2017 17:00,20.901,107.6,
1439,9/3/2017 18:00,21.187,269.1,
1440,9/3/2017 19:00,19.853,215.3,
1441,9/3/2017 20:00,18.045,21.5,
1442,9/3/2017 21:00,17.284,0,
1443,9/3/2017 22:00,16.903,0,
1444,9/3/2017 23:00,19.187,0,
1445,9/4/2017 0:00,19.187,0,
1446,9/4/2017 1:00,19.472,0,
1447,9/4/2017 2:00,19.853,0,
1448,9/4/2017 3:00,20.043,0,
1449,9/4/2017 4:00,20.234,0,
1450,9/4/2017 5:00,19.948,0,
1451,9/4/2017 6:00,19.662,0,
1452,9/4/2017 7:00,19.472,0,
1453,9/4/2017 8:00,18.996,1463.9,
1454,9/4/2017 9:00,16.618,1636.1,
1455,9/4/2017 10:00,17.95,1636.1,
1456,9/4/2017 11:00,19.758,4994.5,
1457,9/4/2017 12:00,22.333,5166.7,261.667
1458,9/4/2017 13:00,24.835,4650,
1459,9/4/2017 14:00,23.484,893.4,
1460,9/4/2017 15:00,21.569,129.2,
1461,9/4/2017 16:00,21.091,53.8,
1462,9/4/2017 17:00,21.091,86.1,
1463,9/4/2017 18:00,21.187,0,
1464,9/4/2017 19:00,21.091,0,
1465,9/4/2017 20:00,20.996,0,
1466,9/4/2017 21:00,20.901,0,
1467,9/4/2017 22:00,19.377,0,
1468,9/4/2017 23:00,17.665,0,
1469,9/5/2017 0:00,16.808,0,
1470,9/5/2017 1:00,16.141,0,
1471,9/5/2017 2:00,15.855,0,
1472,9/5/2017 3:00,18.996,0,
1473,9/5/2017 4:00,19.567,0,
1474,9/5/2017 5:00,20.138,0,
1475,9/5/2017 6:00,20.519,0,
1476,9/5/2017 7:00,20.519,0,
1477,9/5/2017 8:00,20.519,0,
1478,9/5/2017 9:00,20.805,32.3,
1479,9/5/2017 10:00,20.805,10.8,
1480,9/5/2017 11:00,20.901,21.5,
1481,9/5/2017 12:00,25.513,1291.7,264.207
1482,9/5/2017 13:00,22.717,1011.8,
1483,9/5/2017 14:00,23.388,1550,
1484,9/5/2017 15:00,24.738,2066.7,
1485,9/5/2017 16:00,20.043,462.9,
1486,9/5/2017 17:00,17.95,258.3,
1487,9/5/2017 18:00,20.138,53.8,
1488,9/5/2017 19:00,21.187,0,
1489,9/5/2017 20:00,21.282,0,
1490,9/5/2017 21:00,20.996,0,
1491,9/5/2017 22:00,20.901,0,
1492,9/5/2017 23:00,20.996,0,
1493,9/6/2017 0:00,20.615,0,
1494,9/6/2017 1:00,20.329,0,
1495,9/6/2017 2:00,19.567,0,
1496,9/6/2017 3:00,19.662,0,
1497,9/6/2017 4:00,19.282,0,
1498,9/6/2017 5:00,18.711,0,
1499,9/6/2017 6:00,18.521,0,
1500,9/6/2017 7:00,18.14,0,
1501,9/6/2017 8:00,18.426,86.1,
1502,9/6/2017 9:00,19.187,75.3,
1503,9/6/2017 10:00,20.519,107.6,
1504,9/6/2017 11:00,20.901,32.3,
1505,9/6/2017 12:00,21.187,96.9,264.726
1506,9/6/2017 13:00,21.378,10.8,
1507,9/6/2017 14:00,20.805,10.8,
1508,9/6/2017 15:00,20.996,21.5,
1509,9/6/2017 16:00,20.615,32.3,
1510,9/6/2017 17:00,20.519,96.9,
1511,9/6/2017 18:00,19.853,21.5,
1512,9/6/2017 19:00,19.472,10.8,
1513,9/6/2017 20:00,18.996,0,
1514,9/6/2017 21:00,19.187,0,
1515,9/6/2017 22:00,19.377,0,
1516,9/6/2017 23:00,19.472,0,
1517,9/7/2017 0:00,19.092,0,
1518,9/7/2017 1:00,18.806,0,
1519,9/7/2017 2:00,18.521,0,
1520,9/7/2017 3:00,18.045,0,
1521,9/7/2017 4:00,17.665,0,
1522,9/7/2017 5:00,17.665,0,
1523,9/7/2017 6:00,17.284,0,
1524,9/7/2017 7:00,17.284,0,
1525,9/7/2017 8:00,17.855,807.3,
1526,9/7/2017 9:00,19.092,1808.3,
1527,9/7/2017 10:00,20.424,2669.5,
1528,9/7/2017 11:00,20.424,2583.4,
1529,9/7/2017 12:00,18.14,3100,265.327
1530,9/7/2017 13:00,20.901,1894.5,
1531,9/7/2017 14:00,21.855,1377.8,
1532,9/7/2017 15:00,21.187,22044.6,
1533,9/7/2017 16:00,21.187,18600.1,
1534,9/7/2017 17:00,19.472,10677.8,
1535,9/7/2017 18:00,19.092,6544.5,
1536,9/7/2017 19:00,18.806,3788.9,
1537,9/7/2017 20:00,18.711,118.4,
1538,9/7/2017 21:00,16.046,0,
1539,9/7/2017 22:00,18.14,0,
1540,9/7/2017 23:00,15.855,0,
1541,9/8/2017 0:00,17.475,0,
1542,9/8/2017 1:00,16.903,0,
1543,9/8/2017 2:00,17.665,0,
1544,9/8/2017 3:00,18.616,0,
1545,9/8/2017 4:00,18.711,0,
1546,9/8/2017 5:00,18.426,0,
1547,9/8/2017 6:00,16.618,0,
1548,9/8/2017 7:00,17.855,21.5,
1549,9/8/2017 8:00,18.331,301.4,
1550,9/8/2017 9:00,18.711,2152.8,
1551,9/8/2017 10:00,19.377,9300.1,
1552,9/8/2017 11:00,24.448,143289.8,
1553,9/8/2017 12:00,25.125,132267.5,267.754
1554,9/8/2017 13:00,24.641,132267.5,
1555,9/8/2017 14:00,22.621,30311.3,
1556,9/8/2017 15:00,24.351,115734.1,
1557,9/8/2017 16:00,19.187,4305.6,
1558,9/8/2017 17:00,19.567,2669.5,
1559,9/8/2017 18:00,19.377,43.1,
1560,9/8/2017 19:00,19.282,0,
1561,9/8/2017 20:00,19.282,0,
1562,9/8/2017 21:00,19.187,0,
1563,9/8/2017 22:00,18.996,0,
1564,9/8/2017 23:00,18.711,0,
1565,9/9/2017 0:00,18.616,0,
1566,9/9/2017 1:00,18.426,0,
1567,9/9/2017 2:00,18.331,0,
1568,9/9/2017 3:00,18.14,0,
1569,9/9/2017 4:00,18.045,0,
1570,9/9/2017 5:00,17.95,0,
1571,9/9/2017 6:00,17.76,0,
1572,9/9/2017 7:00,17.76,0,
1573,9/9/2017 8:00,18.236,183,
1574,9/9/2017 9:00,18.331,355.2,
1575,9/9/2017 10:00,18.236,516.7,
1576,9/9/2017 11:00,18.14,828.8,
1577,9/9/2017 12:00,18.426,645.8,267.754
1578,9/9/2017 13:00,19.092,936.5,
1579,9/9/2017 14:00,19.187,1463.9,
1580,9/9/2017 15:00,18.996,1894.5,
1581,9/9/2017 16:00,18.806,1722.2,
1582,9/9/2017 17:00,18.616,990.3,
1583,9/9/2017 18:00,18.236,279.9,
1584,9/9/2017 19:00,17.76,118.4,
1585,9/9/2017 20:00,17.189,0,
1586,9/9/2017 21:00,17.189,0,
1587,9/9/2017 22:00,17.284,0,
1588,9/9/2017 23:00,17.475,0,
1589,9/10/2017 0:00,18.426,0,
1590,9/10/2017 1:00,18.711,0,
1591,9/10/2017 2:00,18.711,0,
1592,9/10/2017 3:00,18.521,0,
1593,9/10/2017 4:00,18.045,0,
1594,9/10/2017 5:00,17.665,0,
1595,9/10/2017 6:00,16.808,0,
1596,9/10/2017 7:00,16.141,0,
1597,9/10/2017 8:00,15.951,387.5,
1598,9/10/2017 9:00,17.189,312.2,
1599,9/10/2017 10:00,18.331,624.3,
1600,9/10/2017 11:00,18.901,516.7,
1601,9/10/2017 12:00,19.282,150.7,267.754
1602,9/10/2017 13:00,19.092,861.1,
1603,9/10/2017 14:00,19.377,236.8,
1604,9/10/2017 15:00,19.282,355.2,
1605,9/10/2017 16:00,19.282,398.3,
1606,9/10/2017 17:00,18.806,150.7,
1607,9/10/2017 18:00,18.711,96.9,
1608,9/10/2017 19:00,18.806,0,
1609,9/10/2017 20:00,18.806,0,
1610,9/10/2017 21:00,18.711,0,
1611,9/10/2017 22:00,18.711,0,
1612,9/10/2017 23:00,18.521,0,
1613,9/11/2017 0:00,18.236,0,
1614,9/11/2017 1:00,18.045,0,
1615,9/11/2017 2:00,17.76,0,
1616,9/11/2017 3:00,17.665,0,
1617,9/11/2017 4:00,17.475,0,
1618,9/11/2017 5:00,17.094,0,
1619,9/11/2017 6:00,17.189,0,
1620,9/11/2017 7:00,17.189,0,
1621,9/11/2017 8:00,16.808,204.5,
1622,9/11/2017 9:00,16.713,516.7,
1623,9/11/2017 10:00,17.57,871.9,
1624,9/11/2017 11:00,18.236,1270.1,
1625,9/11/2017 12:00,18.711,947.2,267.762
1626,9/11/2017 13:00,19.662,1130.2,
1627,9/11/2017 14:00,20.138,936.5,
1628,9/11/2017 15:00,20.138,645.8,
1629,9/11/2017 16:00,20.138,775,
1630,9/11/2017 17:00,19.948,322.9,
1631,9/11/2017 18:00,19.662,150.7,
1632,9/11/2017 19:00,19.282,21.5,
1633,9/11/2017 20:00,19.282,0,
1634,9/11/2017 21:00,19.282,0,
1635,9/11/2017 22:00,19.377,0,
1636,9/11/2017 23:00,19.662,0,
1637,9/12/2017 0:00,19.472,0,
1638,9/12/2017 1:00,19.282,0,
1639,9/12/2017 2:00,18.996,0,
1640,9/12/2017 3:00,18.521,0,
1641,9/12/2017 4:00,17.855,0,
1642,9/12/2017 5:00,16.903,0,
1643,9/12/2017 6:00,16.237,0,
1644,9/12/2017 7:00,16.523,0,
1645,9/12/2017 8:00,17.284,387.5,
1646,9/12/2017 9:00,18.521,462.9,
1647,9/12/2017 10:00,19.377,699.7,
1648,9/12/2017 11:00,20.043,785.8,
1649,9/12/2017 12:00,20.329,1345.5,267.883
1650,9/12/2017 13:00,20.329,775,
1651,9/12/2017 14:00,20.615,107.6,
1652,9/12/2017 15:00,20.138,107.6,
1653,9/12/2017 16:00,20.234,118.4,
1654,9/12/2017 17:00,20.234,64.6,
1655,9/12/2017 18:00,20.234,10.8,
1656,9/12/2017 19:00,20.138,0,
1657,9/12/2017 20:00,20.138,0,
1658,9/12/2017 21:00,19.853,0,
1659,9/12/2017 22:00,19.282,0,
1660,9/12/2017 23:00,18.521,0,
1661,9/13/2017 0:00,17.95,0,
1662,9/13/2017 1:00,18.806,0,
1663,9/13/2017 2:00,19.282,0,
1664,9/13/2017 3:00,19.377,0,
1665,9/13/2017 4:00,19.282,0,
1666,9/13/2017 5:00,19.377,0,
1667,9/13/2017 6:00,19.187,0,
1668,9/13/2017 7:00,18.996,0,
1669,9/13/2017 8:00,18.901,32.3,
1670,9/13/2017 9:00,19.187,699.7,
1671,9/13/2017 10:00,19.758,914.9,
1672,9/13/2017 11:00,20.901,1065.6,
1673,9/13/2017 12:00,20.71,484.4,268.686
1674,9/13/2017 13:00,21.951,1377.8,
1675,9/13/2017 14:00,21.76,1162.5,
1676,9/13/2017 15:00,21.473,1377.8,
1677,9/13/2017 16:00,20.519,1377.8,
1678,9/13/2017 17:00,19.948,581.3,
1679,9/13/2017 18:00,20.138,602.8,
1680,9/13/2017 19:00,20.138,32.3,
1681,9/13/2017 20:00,20.043,0,
1682,9/13/2017 21:00,20.043,0,
1683,9/13/2017 22:00,19.948,0,
1684,9/13/2017 23:00,19.567,0,
1685,9/14/2017 0:00,18.996,0,
1686,9/14/2017 1:00,18.426,0,
1687,9/14/2017 2:00,18.236,0,
1688,9/14/2017 3:00,19.282,0,
1689,9/14/2017 4:00,19.662,0,
1690,9/14/2017 5:00,19.662,0,
1691,9/14/2017 6:00,19.662,0,
1692,9/14/2017 7:00,19.567,0,
1693,9/14/2017 8:00,18.806,559.7,
1694,9/14/2017 9:00,18.426,1722.2,
1695,9/14/2017 10:00,19.187,3444.5,
1696,9/14/2017 11:00,22.717,6544.5,
1697,9/14/2017 12:00,22.238,1550,270.353
1698,9/14/2017 13:00,21.378,1550,
1699,9/14/2017 14:00,22.333,1894.5,
1700,9/14/2017 15:00,22.238,613.5,
1701,9/14/2017 16:00,22.812,7577.8,
1702,9/14/2017 17:00,23.388,22044.6,
1703,9/14/2017 18:00,22.429,1894.5,
1704,9/14/2017 19:00,20.519,247.6,
1705,9/14/2017 20:00,20.234,0,
1706,9/14/2017 21:00,20.329,0,
1707,9/14/2017 22:00,20.424,0,
1708,9/14/2017 23:00,20.519,0,
1709,9/15/2017 0:00,20.424,0,
1710,9/15/2017 1:00,20.329,0,
1711,9/15/2017 2:00,20.234,0,
1712,9/15/2017 3:00,20.138,0,
1713,9/15/2017 4:00,19.853,0,
1714,9/15/2017 5:00,20.234,0,
1715,9/15/2017 6:00,20.329,0,
1716,9/15/2017 7:00,20.329,0,
1717,9/15/2017 8:00,20.329,850.4,
1718,9/15/2017 9:00,21.282,2583.4,
1719,9/15/2017 10:00,23.581,9644.5,
1720,9/15/2017 11:00,25.708,17911.2,
1721,9/15/2017 12:00,27.272,22044.6,275.064
1722,9/15/2017 13:00,27.567,13777.9,
1723,9/15/2017 14:00,26.195,12400.1,
1724,9/15/2017 15:00,23.581,2238.9,
1725,9/15/2017 16:00,22.621,226,
1726,9/15/2017 17:00,22.238,86.1,
1727,9/15/2017 18:00,22.238,21.5,
1728,9/15/2017 19:00,22.142,0,
1729,9/15/2017 20:00,21.951,0,
1730,9/15/2017 21:00,21.855,0,
1731,9/15/2017 22:00,21.76,0,
1732,9/15/2017 23:00,21.569,0,
1733,9/16/2017 0:00,21.378,0,
1734,9/16/2017 1:00,21.091,0,
1735,9/16/2017 2:00,20.805,0,
1736,9/16/2017 3:00,20.615,0,
1737,9/16/2017 4:00,20.805,0,
1738,9/16/2017 5:00,21.187,0,
1739,9/16/2017 6:00,21.473,0,
1740,9/16/2017 7:00,21.473,0,
1741,9/16/2017 8:00,21.473,301.4,
1742,9/16/2017 9:00,21.855,925.7,
1743,9/16/2017 10:00,22.908,1636.1,
1744,9/16/2017 11:00,24.351,3961.1,
1745,9/16/2017 12:00,26.585,7233.4,281.377
1746,9/16/2017 13:00,28.754,19289,
1747,9/16/2017 14:00,29.652,99200.7,
1748,9/16/2017 15:00,28.953,88178.4,
1749,9/16/2017 16:00,25.708,82667.2,
1750,9/16/2017 17:00,23.388,796.5,
1751,9/16/2017 18:00,23.004,107.6,
1752,9/16/2017 19:00,22.525,0,
1753,9/16/2017 20:00,22.525,0,
1754,9/16/2017 21:00,22.525,0,
1755,9/16/2017 22:00,22.429,0,
1756,9/16/2017 23:00,22.238,0,
1757,9/17/2017 0:00,22.046,0,
1758,9/17/2017 1:00,22.046,0,
1759,9/17/2017 2:00,21.76,0,
1760,9/17/2017 3:00,21.378,0,
1761,9/17/2017 4:00,21.187,0,
1762,9/17/2017 5:00,21.091,0,
1763,9/17/2017 6:00,21.187,0,
1764,9/17/2017 7:00,21.282,0,
1765,9/17/2017 8:00,21.378,538.2,
1766,9/17/2017 9:00,22.333,1463.9,
1767,9/17/2017 10:00,23.388,1808.3,
1768,9/17/2017 11:00,24.545,3616.7,
1769,9/17/2017 12:00,25.513,5166.7,286.347
1770,9/17/2017 13:00,26.879,8611.2,
1771,9/17/2017 14:00,26.585,14466.8,
1772,9/17/2017 15:00,27.272,17222.3,
1773,9/17/2017 16:00,25.902,12400.1,
1774,9/17/2017 17:00,24.255,1722.2,
1775,9/17/2017 18:00,23.292,269.1,
1776,9/17/2017 19:00,22.812,0,
1777,9/17/2017 20:00,22.812,0,
1778,9/17/2017 21:00,22.717,0,
1779,9/17/2017 22:00,22.717,0,
1780,9/17/2017 23:00,22.621,0,
1781,9/18/2017 0:00,22.429,0,
1782,9/18/2017 1:00,22.429,0,
1783,9/18/2017 2:00,22.142,0,
1784,9/18/2017 3:00,21.664,0,
1785,9/18/2017 4:00,21.378,0,
1786,9/18/2017 5:00,21.473,0,
1787,9/18/2017 6:00,21.76,0,
1788,9/18/2017 7:00,22.046,0,
1789,9/18/2017 8:00,22.142,64.6,
1790,9/18/2017 9:00,22.046,742.7,
1791,9/18/2017 10:00,21.855,1237.9,
1792,9/18/2017 11:00,21.951,1463.9,
1793,9/18/2017 12:00,23.004,4133.4,288.976
1794,9/18/2017 13:00,23.484,2497.2,
1795,9/18/2017 14:00,22.812,2927.8,
1796,9/18/2017 15:00,23.004,452.1,
1797,9/18/2017 16:00,22.429,21.5,
1798,9/18/2017 17:00,22.333,204.5,
1799,9/18/2017 18:00,22.046,75.3,
1800,9/18/2017 19:00,21.951,32.3,
1801,9/18/2017 20:00,21.855,0,
1802,9/18/2017 21:00,21.664,0,
1803,9/18/2017 22:00,21.569,0,
1804,9/18/2017 23:00,21.473,0,
1805,9/19/2017 0:00,21.282,0,
1806,9/19/2017 1:00,21.091,0,
1807,9/19/2017 2:00,20.901,0,
1808,9/19/2017 3:00,20.901,0,
1809,9/19/2017 4:00,20.71,0,
1810,9/19/2017 5:00,20.805,0,
1811,9/19/2017 6:00,21.091,0,
1812,9/19/2017 7:00,21.282,0,
1813,9/19/2017 8:00,21.187,10.8,
1814,9/19/2017 9:00,21.282,139.9,
1815,9/19/2017 10:00,21.473,118.4,
1816,9/19/2017 11:00,21.378,0,
1817,9/19/2017 12:00,21.282,10.8,290.238
1818,9/19/2017 13:00,21.282,172.2,
1819,9/19/2017 14:00,21.664,678.1,
1820,9/19/2017 15:00,21.091,312.2,
1821,9/19/2017 16:00,21.187,107.6,
1822,9/19/2017 17:00,21.378,387.5,
1823,9/19/2017 18:00,21.378,43.1,
1824,9/19/2017 19:00,21.473,10.8,
1825,9/19/2017 20:00,21.473,0,
1826,9/19/2017 21:00,21.473,0,
1827,9/19/2017 22:00,21.473,0,
1828,9/19/2017 23:00,21.378,0,
1829,9/20/2017 0:00,21.378,0,
1830,9/20/2017 1:00,21.378,0,
1831,9/20/2017 2:00,21.187,0,
1832,9/20/2017 3:00,20.901,0,
1833,9/20/2017 4:00,20.519,0,
1834,9/20/2017 5:00,20.424,0,
1835,9/20/2017 6:00,20.424,0,
1836,9/20/2017 7:00,20.519,0,
1837,9/20/2017 8:00,20.901,129.2,
1838,9/20/2017 9:00,21.187,409,
1839,9/20/2017 10:00,21.473,226,
1840,9/20/2017 11:00,21.664,409,
1841,9/20/2017 12:00,22.238,958,292.372
1842,9/20/2017 13:00,22.621,1636.1,
1843,9/20/2017 14:00,23.1,2583.4,
1844,9/20/2017 15:00,22.812,1808.3,
1845,9/20/2017 16:00,23.196,5166.7,
1846,9/20/2017 17:00,22.621,1463.9,
1847,9/20/2017 18:00,22.333,183,
1848,9/20/2017 19:00,22.333,0,
1849,9/20/2017 20:00,22.333,0,
1850,9/20/2017 21:00,22.429,0,
1851,9/20/2017 22:00,22.333,0,
1852,9/20/2017 23:00,22.333,0,
1853,9/21/2017 0:00,22.238,0,
1854,9/21/2017 1:00,22.142,0,
1855,9/21/2017 2:00,22.046,0,
1856,9/21/2017 3:00,21.76,0,
1857,9/21/2017 4:00,21.473,0,
1858,9/21/2017 5:00,21.473,0,
1859,9/21/2017 6:00,21.569,0,
1860,9/21/2017 7:00,21.569,0,
1861,9/21/2017 8:00,21.569,86.1,
1862,9/21/2017 9:00,21.855,204.5,
1863,9/21/2017 10:00,22.238,495.1,
1864,9/21/2017 11:00,22.717,570.5,
1865,9/21/2017 12:00,23.004,925.7,295.009
1866,9/21/2017 13:00,23.004,118.4,
1867,9/21/2017 14:00,23.388,441.3,
1868,9/21/2017 15:00,23.388,484.4,
1869,9/21/2017 16:00,23.292,645.8,
1870,9/21/2017 17:00,23.1,279.9,
1871,9/21/2017 18:00,23.292,53.8,
1872,9/21/2017 19:00,23.292,0,
1873,9/21/2017 20:00,23.196,0,
1874,9/21/2017 21:00,23.388,0,
1875,9/21/2017 22:00,23.292,0,
1876,9/21/2017 23:00,23.196,0,
1877,9/22/2017 0:00,23.1,0,
1878,9/22/2017 1:00,22.908,0,
1879,9/22/2017 2:00,22.525,0,
1880,9/22/2017 3:00,22.142,0,
1881,9/22/2017 4:00,21.855,0,
1882,9/22/2017 5:00,21.664,0,
1883,9/22/2017 6:00,22.142,0,
1884,9/22/2017 7:00,22.333,0,
1885,9/22/2017 8:00,22.621,204.5,
1886,9/22/2017 9:00,22.908,312.2,
1887,9/22/2017 10:00,23.1,462.9,
1888,9/22/2017 11:00,23.484,785.8,
1889,9/22/2017 12:00,23.677,936.5,298.083
1890,9/22/2017 13:00,23.773,1044.1,
1891,9/22/2017 14:00,23.581,1270.1,
1892,9/22/2017 15:00,23.773,839.6,
1893,9/22/2017 16:00,23.966,678.1,
1894,9/22/2017 17:00,23.869,301.4,
1895,9/22/2017 18:00,23.773,204.5,
1896,9/22/2017 19:00,23.677,0,
1897,9/22/2017 20:00,23.677,0,
1898,9/22/2017 21:00,23.677,0,
1899,9/22/2017 22:00,23.581,0,
1900,9/22/2017 23:00,23.484,0,
1901,9/23/2017 0:00,23.388,0,
1902,9/23/2017 1:00,23.1,0,
1903,9/23/2017 2:00,22.812,0,
1904,9/23/2017 3:00,22.525,0,
1905,9/23/2017 4:00,22.429,0,
1906,9/23/2017 5:00,22.238,0,
1907,9/23/2017 6:00,22.046,0,
1908,9/23/2017 7:00,22.525,0,
1909,9/23/2017 8:00,22.621,441.3,
1910,9/23/2017 9:00,23.1,742.7,
1911,9/23/2017 10:00,23.484,322.9,
1912,9/23/2017 11:00,23.869,549,
1913,9/23/2017 12:00,24.158,785.8,301.603
1914,9/23/2017 13:00,24.448,1313.2,
1915,9/23/2017 14:00,24.448,2411.1,
1916,9/23/2017 15:00,24.255,2066.7,
1917,9/23/2017 16:00,24.158,1636.1,
1918,9/23/2017 17:00,24.062,2238.9,
1919,9/23/2017 18:00,23.388,462.9,
1920,9/23/2017 19:00,23.869,32.3,
1921,9/23/2017 20:00,23.869,0,
1922,9/23/2017 21:00,23.966,0,
1923,9/23/2017 22:00,23.966,0,
1924,9/23/2017 23:00,23.869,0,
1925,9/24/2017 0:00,23.773,0,
1926,9/24/2017 1:00,23.773,0,
1927,9/24/2017 2:00,23.581,0,
1928,9/24/2017 3:00,23.388,0,
1929,9/24/2017 4:00,23.1,0,
1930,9/24/2017 5:00,22.812,0,
1931,9/24/2017 6:00,22.812,0,
1932,9/24/2017 7:00,22.717,0,
1933,9/24/2017 8:00,22.812,312.2,
1934,9/24/2017 9:00,23.292,387.5,
1935,9/24/2017 10:00,23.677,538.2,
1936,9/24/2017 11:00,24.255,839.6,
1937,9/24/2017 12:00,24.738,914.9,305.86
1938,9/24/2017 13:00,24.835,1237.9,
1939,9/24/2017 14:00,25.222,2066.7,
1940,9/24/2017 15:00,24.931,2152.8,
1941,9/24/2017 16:00,24.448,4305.6,
1942,9/24/2017 17:00,24.255,2583.4,
1943,9/24/2017 18:00,24.351,452.1,
1944,9/24/2017 19:00,24.351,53.8,
1945,9/24/2017 20:00,24.351,0,
1946,9/24/2017 21:00,24.351,0,
1947,9/24/2017 22:00,24.255,0,
1948,9/24/2017 23:00,24.255,0,
1949,9/25/2017 0:00,24.158,0,
1950,9/25/2017 1:00,24.062,0,
1951,9/25/2017 2:00,23.869,0,
1952,9/25/2017 3:00,23.484,0,
1953,9/25/2017 4:00,23.196,0,
1954,9/25/2017 5:00,23.004,0,
1955,9/25/2017 6:00,23.004,0,
1956,9/25/2017 7:00,23.004,0,
1957,9/25/2017 8:00,23.196,839.6,
1958,9/25/2017 9:00,23.484,1808.3,
1959,9/25/2017 10:00,23.966,1377.8,
1960,9/25/2017 11:00,24.448,1722.2,
1961,9/25/2017 12:00,24.931,1980.6,310.097
1962,9/25/2017 13:00,25.028,2325,
1963,9/25/2017 14:00,24.931,549,
1964,9/25/2017 15:00,25.028,1722.2,
1965,9/25/2017 16:00,24.835,1463.9,
1966,9/25/2017 17:00,24.448,1216.3,
1967,9/25/2017 18:00,24.351,172.2,
1968,9/25/2017 19:00,24.351,43.1,
1969,9/25/2017 20:00,24.351,0,
1970,9/25/2017 21:00,24.448,0,
1971,9/25/2017 22:00,24.641,0,
1972,9/25/2017 23:00,24.545,0,
1973,9/26/2017 0:00,24.545,0,
1974,9/26/2017 1:00,24.448,0,
1975,9/26/2017 2:00,24.255,0,
1976,9/26/2017 3:00,23.966,0,
1977,9/26/2017 4:00,23.773,0,
1978,9/26/2017 5:00,23.484,0,
1979,9/26/2017 6:00,23.388,0,
1980,9/26/2017 7:00,23.292,0,
1981,9/26/2017 8:00,23.292,2238.9,
1982,9/26/2017 9:00,23.677,4477.8,
1983,9/26/2017 10:00,24.545,4650,
1984,9/26/2017 11:00,25.028,5166.7,
1985,9/26/2017 12:00,25.416,3616.7,314.81
1986,9/26/2017 13:00,25.61,2927.8,
1987,9/26/2017 14:00,25.513,2755.6,
1988,9/26/2017 15:00,25.513,2583.4,
1989,9/26/2017 16:00,25.61,839.6,
1990,9/26/2017 17:00,25.513,570.5,
1991,9/26/2017 18:00,25.416,204.5,
1992,9/26/2017 19:00,25.125,21.5,
1993,9/26/2017 20:00,24.738,0,
1994,9/26/2017 21:00,24.545,0,
1995,9/26/2017 22:00,24.545,0,
1996,9/26/2017 23:00,24.738,0,
1997,9/27/2017 0:00,24.545,0,
1998,9/27/2017 1:00,24.448,0,
1999,9/27/2017 2:00,24.351,0,
2000,9/27/2017 3:00,24.062,0,
2001,9/27/2017 4:00,23.773,0,
2002,9/27/2017 5:00,23.484,0,
2003,9/27/2017 6:00,23.004,0,
2004,9/27/2017 7:00,23.004,0,
2005,9/27/2017 8:00,23.292,6200,
2006,9/27/2017 9:00,23.869,11711.2,
2007,9/27/2017 10:00,25.222,9644.5,
2008,9/27/2017 11:00,23.966,6200,
2009,9/27/2017 12:00,23.966,2325,317.473
2010,9/27/2017 13:00,24.545,8611.2,
2011,9/27/2017 14:00,25.028,9300.1,
2012,9/27/2017 15:00,25.125,7577.8,
2013,9/27/2017 16:00,25.028,4305.6,
2014,9/27/2017 17:00,24.835,2411.1,
2015,9/27/2017 18:00,24.448,2927.8,
2016,9/27/2017 19:00,21.664,570.5,
2017,9/27/2017 20:00,19.567,0,
2018,9/27/2017 21:00,17.665,0,
2019,9/27/2017 22:00,18.14,0,
2020,9/27/2017 23:00,22.333,0,
2021,9/28/2017 0:00,23.388,0,
2022,9/28/2017 1:00,23.292,0,
2023,9/28/2017 2:00,23.004,0,
2024,9/28/2017 3:00,22.812,0,
2025,9/28/2017 4:00,22.621,0,
2026,9/28/2017 5:00,22.429,0,
2027,9/28/2017 6:00,22.046,0,
2028,9/28/2017 7:00,21.76,0,
2029,9/28/2017 8:00,23.966,9644.5,
2030,9/28/2017 9:00,28.953,11022.3,
2031,9/28/2017 10:00,28.159,12400.1,
2032,9/28/2017 11:00,31.676,10333.4,
2033,9/28/2017 12:00,21.187,7233.4,324.971
2034,9/28/2017 13:00,21.664,6200,
2035,9/28/2017 14:00,22.621,13089,
2036,9/28/2017 15:00,22.142,12400.1,
2037,9/28/2017 16:00,22.333,839.6,
2038,9/28/2017 17:00,22.333,1636.1,
2039,9/28/2017 18:00,21.951,1001,
2040,9/28/2017 19:00,21.855,53.8,
2041,9/28/2017 20:00,21.664,0,
2042,9/28/2017 21:00,21.378,0,
2043,9/28/2017 22:00,21.187,0,
2044,9/28/2017 23:00,20.71,0,
2045,9/29/2017 0:00,20.329,0,
2046,9/29/2017 1:00,17.57,0,
2047,9/29/2017 2:00,16.903,0,
2048,9/29/2017 3:00,18.806,0,
2049,9/29/2017 4:00,19.948,0,
2050,9/29/2017 5:00,20.234,0,
2051,9/29/2017 6:00,20.234,0,
2052,9/29/2017 7:00,19.853,0,
2053,9/29/2017 8:00,17.475,505.9,
2054,9/29/2017 9:00,21.091,15155.7,
2055,9/29/2017 10:00,26.879,17222.3,
2056,9/29/2017 11:00,35.864,24800.2,
2057,9/29/2017 12:00,26.977,31689.1,333.744
2058,9/29/2017 13:00,35.115,34444.7,
2059,9/29/2017 14:00,35.649,66133.8,
2060,9/29/2017 15:00,26.097,11022.3,
2061,9/29/2017 16:00,23.484,57867,
2062,9/29/2017 17:00,24.641,9300.1,
2063,9/29/2017 18:00,18.711,5166.7,
2064,9/29/2017 19:00,15.664,764.2,
2065,9/29/2017 20:00,20.138,0,
2066,9/29/2017 21:00,20.615,0,
2067,9/29/2017 22:00,20.424,0,
2068,9/29/2017 23:00,20.424,0,
2069,9/30/2017 0:00,20.424,0,
2070,9/30/2017 1:00,20.138,0,
2071,9/30/2017 2:00,19.948,0,
2072,9/30/2017 3:00,17.665,0,
2073,9/30/2017 4:00,11.139,0,
2074,9/30/2017 5:00,9.965,0,
2075,9/30/2017 6:00,9.669,0,
2076,9/30/2017 7:00,10.161,0,
2077,9/30/2017 8:00,18.521,2755.6,
2078,9/30/2017 9:00,18.616,1980.6,
2079,9/30/2017 10:00,18.616,3788.9,
2080,9/30/2017 11:00,19.092,5338.9,
2081,9/30/2017 12:00,19.567,1259.4,333.785
2082,9/30/2017 13:00,19.853,1356.3,
2083,9/30/2017 14:00,20.043,1894.5,
2084,9/30/2017 15:00,20.329,1377.8,
2085,9/30/2017 16:00,20.329,958,
2086,9/30/2017 17:00,19.758,2066.7,
2087,9/30/2017 18:00,19.187,150.7,
2088,9/30/2017 19:00,18.806,86.1,
2089,9/30/2017 20:00,17.665,0,
2090,9/30/2017 21:00,15.855,0,
2091,9/30/2017 22:00,13.942,0,
2092,9/30/2017 23:00,14.804,0,
2093,10/1/2017 0:00,17.76,0,
2094,10/1/2017 1:00,18.14,0,
2095,10/1/2017 2:00,18.331,0,
2096,10/1/2017 3:00,18.331,0,
2097,10/1/2017 4:00,18.521,0,
2098,10/1/2017 5:00,18.426,0,
2099,10/1/2017 6:00,18.236,0,
2100,10/1/2017 7:00,17.95,0,
2101,10/1/2017 8:00,17.76,1248.6,
2102,10/1/2017 9:00,18.331,1022.6,
2103,10/1/2017 10:00,17.855,2497.2,
2104,10/1/2017 11:00,19.282,5166.7,
2105,10/1/2017 12:00,23.966,5511.1,336.001
2106,10/1/2017 13:00,24.448,5166.7,
2107,10/1/2017 14:00,22.238,2669.5,
2108,10/1/2017 15:00,19.282,11022.3,
2109,10/1/2017 16:00,19.472,333.7,
2110,10/1/2017 17:00,19.377,86.1,
2111,10/1/2017 18:00,19.472,10.8,
2112,10/1/2017 19:00,19.472,0,
2113,10/1/2017 20:00,19.187,0,
2114,10/1/2017 21:00,18.901,0,
2115,10/1/2017 22:00,18.901,0,
2116,10/1/2017 23:00,18.616,0,
2117,10/2/2017 0:00,18.331,0,
2118,10/2/2017 1:00,18.045,0,
2119,10/2/2017 2:00,17.665,0,
2120,10/2/2017 3:00,17.284,0,
2121,10/2/2017 4:00,16.999,0,
2122,10/2/2017 5:00,16.999,0,
2123,10/2/2017 6:00,17.189,0,
2124,10/2/2017 7:00,17.284,0,
2125,10/2/2017 8:00,17.475,2325,
2126,10/2/2017 9:00,17.855,7233.4,
2127,10/2/2017 10:00,18.521,6544.5,
2128,10/2/2017 11:00,19.758,4477.8,
2129,10/2/2017 12:00,20.901,4477.8,336.402
2130,10/2/2017 13:00,20.329,9300.1,
2131,10/2/2017 14:00,21.282,1463.9,
2132,10/2/2017 15:00,19.187,8266.7,
2133,10/2/2017 16:00,19.472,30311.3,
2134,10/2/2017 17:00,19.472,2497.2,
2135,10/2/2017 18:00,19.377,129.2,
2136,10/2/2017 19:00,19.472,0,
2137,10/2/2017 20:00,19.282,0,
2138,10/2/2017 21:00,19.187,0,
2139,10/2/2017 22:00,19.377,0,
2140,10/2/2017 23:00,19.187,0,
2141,10/3/2017 0:00,19.092,0,
2142,10/3/2017 1:00,18.901,0,
2143,10/3/2017 2:00,18.616,0,
2144,10/3/2017 3:00,18.236,0,
2145,10/3/2017 4:00,17.665,0,
2146,10/3/2017 5:00,17.189,0,
2147,10/3/2017 6:00,16.141,0,
2148,10/3/2017 7:00,15.378,0,
2149,10/3/2017 8:00,16.808,6200,
2150,10/3/2017 9:00,17.855,9644.5,
2151,10/3/2017 10:00,18.521,4994.5,
2152,10/3/2017 11:00,19.282,1808.3,
2153,10/3/2017 12:00,19.853,1808.3,336.422
2154,10/3/2017 13:00,20.043,1980.6,
2155,10/3/2017 14:00,20.234,1722.2,
2156,10/3/2017 15:00,20.043,796.5,
2157,10/3/2017 16:00,20.138,775,
2158,10/3/2017 17:00,20.234,150.7,
2159,10/3/2017 18:00,20.043,86.1,
2160,10/3/2017 19:00,19.853,10.8,
2161,10/3/2017 20:00,19.758,0,
2162,10/3/2017 21:00,19.567,0,
2163,10/3/2017 22:00,19.377,0,
2164,10/3/2017 23:00,19.377,0,
2165,10/4/2017 0:00,19.282,0,
2166,10/4/2017 1:00,18.996,0,
2167,10/4/2017 2:00,18.901,0,
2168,10/4/2017 3:00,18.901,0,
2169,10/4/2017 4:00,18.901,0,
2170,10/4/2017 5:00,19.282,0,
2171,10/4/2017 6:00,18.996,0,
2172,10/4/2017 7:00,19.377,0,
2173,10/4/2017 8:00,19.472,107.6,
2174,10/4/2017 9:00,19.567,3961.1,
2175,10/4/2017 10:00,19.853,5166.7,
2176,10/4/2017 11:00,21.378,8266.7,
2177,10/4/2017 12:00,22.812,8266.7,340.834
2178,10/4/2017 13:00,23.1,5511.1,
2179,10/4/2017 14:00,24.158,13777.9,
2180,10/4/2017 15:00,27.468,23422.4,
2181,10/4/2017 16:00,27.567,96.9,
2182,10/4/2017 17:00,27.173,32.3,
2183,10/4/2017 18:00,27.173,0,
2184,10/4/2017 19:00,24.738,107.6,
2185,10/4/2017 20:00,20.901,0,
2186,10/4/2017 21:00,20.234,0,
2187,10/4/2017 22:00,19.948,0,
2188,10/4/2017 23:00,20.138,0,
2189,10/5/2017 0:00,20.234,0,
2190,10/5/2017 1:00,20.043,0,
2191,10/5/2017 2:00,20.329,0,
2192,10/5/2017 3:00,20.329,0,
2193,10/5/2017 4:00,20.424,0,
2194,10/5/2017 5:00,20.329,0,
2195,10/5/2017 6:00,20.234,0,
2196,10/5/2017 7:00,20.138,0,
2197,10/5/2017 8:00,20.043,0,
2198,10/5/2017 9:00,20.234,0,
2199,10/5/2017 10:00,20.805,0,
2200,10/5/2017 11:00,20.996,0,
2201,10/5/2017 12:00,20.901,0,341.467
2202,10/5/2017 13:00,21.187,0,
2203,10/5/2017 14:00,21.091,0,
2204,10/5/2017 15:00,20.901,0,
2205,10/5/2017 16:00,20.71,0,
2206,10/5/2017 17:00,20.615,0,
2207,10/5/2017 18:00,20.615,0,
2208,10/5/2017 19:00,20.424,0,
2209,10/5/2017 20:00,20.234,0,
2210,10/5/2017 21:00,19.758,0,
2211,10/5/2017 22:00,20.138,0,
2212,10/5/2017 23:00,19.948,0,
2213,10/6/2017 0:00,19.948,0,
2214,10/6/2017 1:00,20.234,0,
2215,10/6/2017 2:00,21.091,0,
2216,10/6/2017 3:00,22.046,0,
2217,10/6/2017 4:00,22.333,0,
2218,10/6/2017 5:00,22.429,0,
2219,10/6/2017 6:00,22.429,0,
2220,10/6/2017 7:00,22.333,0,
2221,10/6/2017 8:00,22.238,0,
2222,10/6/2017 9:00,22.142,0,
2223,10/6/2017 10:00,22.046,0,
2224,10/6/2017 11:00,22.046,0,
2225,10/6/2017 12:00,21.473,0,342.94
2226,10/6/2017 13:00,21.569,0,
2227,10/6/2017 14:00,21.282,0,
2228,10/6/2017 15:00,20.805,0,
2229,10/6/2017 16:00,20.71,0,
2230,10/6/2017 17:00,21.187,312.2,
2231,10/6/2017 18:00,20.996,312.2,
2232,10/6/2017 19:00,20.901,312.2,
2233,10/6/2017 20:00,20.71,0,
2234,10/6/2017 21:00,20.424,0,
2235,10/6/2017 22:00,20.424,0,
2236,10/6/2017 23:00,20.519,0,
2237,10/7/2017 0:00,20.424,0,
2238,10/7/2017 1:00,20.043,0,
2239,10/7/2017 2:00,20.329,0,
2240,10/7/2017 3:00,20.329,0,
2241,10/7/2017 4:00,20.329,0,
2242,10/7/2017 5:00,20.329,0,
2243,10/7/2017 6:00,20.234,0,
2244,10/7/2017 7:00,20.329,0,
2245,10/7/2017 8:00,20.234,0,
2246,10/7/2017 9:00,20.71,0,
2247,10/7/2017 10:00,20.234,0,
2248,10/7/2017 11:00,20.234,0,
2249,10/7/2017 12:00,20.234,0,345.548
2250,10/7/2017 13:00,20.043,0,
2251,10/7/2017 14:00,23.869,64.6,
2252,10/7/2017 15:00,23.677,0,
2253,10/7/2017 16:00,24.158,10.8,
2254,10/7/2017 17:00,23.677,0,
2255,10/7/2017 18:00,23.004,0,
2256,10/7/2017 19:00,21.282,0,
2257,10/7/2017 20:00,20.234,0,
2258,10/7/2017 21:00,20.901,0,
2259,10/7/2017 22:00,20.901,0,
2260,10/7/2017 23:00,20.71,0,
2261,10/8/2017 0:00,20.519,0,
2262,10/8/2017 1:00,20.519,0,
2263,10/8/2017 2:00,20.615,0,
2264,10/8/2017 3:00,20.615,0,
2265,10/8/2017 4:00,20.615,0,
2266,10/8/2017 5:00,20.615,0,
2267,10/8/2017 6:00,20.615,0,
2268,10/8/2017 7:00,20.519,0,
2269,10/8/2017 8:00,20.519,0,
2270,10/8/2017 9:00,20.424,0,
2271,10/8/2017 10:00,20.519,0,
2272,10/8/2017 11:00,20.901,0,
2273,10/8/2017 12:00,20.615,0,347.559
2274,10/8/2017 13:00,21.664,0,
2275,10/8/2017 14:00,23.004,0,
2276,10/8/2017 15:00,21.855,0,
2277,10/8/2017 16:00,22.238,0,
2278,10/8/2017 17:00,21.76,0,
2279,10/8/2017 18:00,20.901,0,
2280,10/8/2017 19:00,21.664,0,
2281,10/8/2017 20:00,21.951,0,
2282,10/8/2017 21:00,21.569,0,
2283,10/8/2017 22:00,21.473,0,
2284,10/8/2017 23:00,21.664,0,
2285,10/9/2017 0:00,21.664,0,
2286,10/9/2017 1:00,21.664,0,
2287,10/9/2017 2:00,21.664,0,
2288,10/9/2017 3:00,21.569,0,
2289,10/9/2017 4:00,21.473,0,
2290,10/9/2017 5:00,21.473,0,
2291,10/9/2017 6:00,21.378,0,
2292,10/9/2017 7:00,21.187,0,
2293,10/9/2017 8:00,21.091,0,
2294,10/9/2017 9:00,20.424,0,
2295,10/9/2017 10:00,20.138,0,
2296,10/9/2017 11:00,20.234,0,
2297,10/9/2017 12:00,20.901,0,351.029
2298,10/9/2017 13:00,20.996,0,
2299,10/9/2017 14:00,23.1,0,
2300,10/9/2017 15:00,25.513,0,
2301,10/9/2017 16:00,23.869,0,
2302,10/9/2017 17:00,24.545,0,
2303,10/9/2017 18:00,23.773,0,
2304,10/9/2017 19:00,22.717,0,
2305,10/9/2017 20:00,22.142,0,
2306,10/9/2017 21:00,20.615,0,
2307,10/9/2017 22:00,20.043,0,
2308,10/9/2017 23:00,20.424,0,
2309,10/10/2017 0:00,21.187,0,
2310,10/10/2017 1:00,21.76,0,
2311,10/10/2017 2:00,21.855,0,
2312,10/10/2017 3:00,21.855,0,
2313,10/10/2017 4:00,21.855,0,
2314,10/10/2017 5:00,21.76,0,
2315,10/10/2017 6:00,21.76,0,
2316,10/10/2017 7:00,21.664,0,
2317,10/10/2017 8:00,21.664,0,
2318,10/10/2017 9:00,21.569,0,
2319,10/10/2017 10:00,21.282,0,
2320,10/10/2017 11:00,20.71,0,
2321,10/10/2017 12:00,20.615,0,351.988
2322,10/10/2017 13:00,20.615,0,
2323,10/10/2017 14:00,20.615,0,
2324,10/10/2017 15:00,20.519,0,
2325,10/10/2017 16:00,20.424,0,
2326,10/10/2017 17:00,20.424,0,
2327,10/10/2017 18:00,20.424,0,
2328,10/10/2017 19:00,20.329,0,
2329,10/10/2017 20:00,19.377,0,
2330,10/10/2017 21:00,21.091,0,
2331,10/10/2017 22:00,21.664,0,
2332,10/10/2017 23:00,21.76,0,
2333,10/11/2017 0:00,21.76,0,
2334,10/11/2017 1:00,21.76,0,
2335,10/11/2017 2:00,21.76,0,
2336,10/11/2017 3:00,21.664,0,
2337,10/11/2017 4:00,22.429,0,
2338,10/11/2017 5:00,21.569,0,
2339,10/11/2017 6:00,21.187,0,
2340,10/11/2017 7:00,20.996,0,
2341,10/11/2017 8:00,20.71,0,
2342,10/11/2017 9:00,20.519,0,
2343,10/11/2017 10:00,20.424,0,
2344,10/11/2017 11:00,20.234,10.8,
2345,10/11/2017 12:00,20.138,10.8,353.529
2346,10/11/2017 13:00,20.234,0,
2347,10/11/2017 14:00,20.901,0,
2348,10/11/2017 15:00,21.187,0,
2349,10/11/2017 16:00,21.282,0,
2350,10/11/2017 17:00,21.282,0,
2351,10/11/2017 18:00,21.282,0,
2352,10/11/2017 19:00,21.187,0,
2353,10/11/2017 20:00,21.187,0,
2354,10/11/2017 21:00,21.091,0,
2355,10/11/2017 22:00,21.091,0,
2356,10/11/2017 23:00,21.091,0,
2357,10/12/2017 0:00,21.091,0,
2358,10/12/2017 1:00,20.996,0,
2359,10/12/2017 2:00,20.805,0,
2360,10/12/2017 3:00,20.329,0,
2361,10/12/2017 4:00,19.853,0,
2362,10/12/2017 5:00,19.662,0,
2363,10/12/2017 6:00,19.472,0,
2364,10/12/2017 7:00,19.377,0,
2365,10/12/2017 8:00,19.282,0,
2366,10/12/2017 9:00,19.187,0,
2367,10/12/2017 10:00,19.187,0,
2368,10/12/2017 11:00,19.472,0,
2369,10/12/2017 12:00,19.758,10.8,354.002
2370,10/12/2017 13:00,19.377,21.5,
2371,10/12/2017 14:00,19.377,10.8,
2372,10/12/2017 15:00,19.472,193.8,
2373,10/12/2017 16:00,19.472,204.5,
2374,10/12/2017 17:00,19.472,96.9,
2375,10/12/2017 18:00,19.472,32.3,
2376,10/12/2017 19:00,19.377,0,
2377,10/12/2017 20:00,19.853,0,
2378,10/12/2017 21:00,19.948,0,
2379,10/12/2017 22:00,19.662,0,
2380,10/12/2017 23:00,19.758,0,
2381,10/13/2017 0:00,19.948,0,
2382,10/13/2017 1:00,19.853,0,
2383,10/13/2017 2:00,19.853,0,
2384,10/13/2017 3:00,19.853,0,
2385,10/13/2017 4:00,19.853,0,
2386,10/13/2017 5:00,19.853,0,
2387,10/13/2017 6:00,19.758,0,
2388,10/13/2017 7:00,19.758,0,
2389,10/13/2017 8:00,19.662,0,
2390,10/13/2017 9:00,19.853,43.1,
2391,10/13/2017 10:00,20.71,161.5,
2392,10/13/2017 11:00,20.329,301.4,
2393,10/13/2017 12:00,20.329,484.4,356.421
2394,10/13/2017 13:00,21.282,1980.6,
2395,10/13/2017 14:00,22.333,344.4,
2396,10/13/2017 15:00,23.292,86.1,
2397,10/13/2017 16:00,23.677,53.8,
2398,10/13/2017 17:00,24.062,183,
2399,10/13/2017 18:00,23.869,0,
2400,10/13/2017 19:00,23.677,0,
2401,10/13/2017 20:00,23.484,0,
2402,10/13/2017 21:00,23.388,0,
2403,10/13/2017 22:00,23.292,0,
2404,10/13/2017 23:00,23.292,0,
2405,10/14/2017 0:00,23.196,0,
2406,10/14/2017 1:00,23.196,0,
2407,10/14/2017 2:00,23.1,0,
2408,10/14/2017 3:00,22.717,0,
2409,10/14/2017 4:00,22.429,0,
2410,10/14/2017 5:00,22.142,0,
2411,10/14/2017 6:00,21.855,0,
2412,10/14/2017 7:00,21.76,0,
2413,10/14/2017 8:00,21.569,0,
2414,10/14/2017 9:00,21.473,0,
2415,10/14/2017 10:00,21.378,0,
2416,10/14/2017 11:00,21.187,10.8,
2417,10/14/2017 12:00,21.091,10.8,358.555
2418,10/14/2017 13:00,20.996,0,
2419,10/14/2017 14:00,20.901,0,
2420,10/14/2017 15:00,20.901,0,
2421,10/14/2017 16:00,20.901,0,
2422,10/14/2017 17:00,20.805,0,
2423,10/14/2017 18:00,20.71,0,
2424,10/14/2017 19:00,20.71,0,
2425,10/14/2017 20:00,20.615,0,
2426,10/14/2017 21:00,20.615,0,
2427,10/14/2017 22:00,20.519,0,
2428,10/14/2017 23:00,20.424,0,
2429,10/15/2017 0:00,20.424,0,
2430,10/15/2017 1:00,20.329,0,
2431,10/15/2017 2:00,20.329,0,
2432,10/15/2017 3:00,20.234,0,
2433,10/15/2017 4:00,20.615,0,
2434,10/15/2017 5:00,20.901,0,
2435,10/15/2017 6:00,21.187,0,
2436,10/15/2017 7:00,21.091,0,
2437,10/15/2017 8:00,20.901,0,
2438,10/15/2017 9:00,20.901,0,
2439,10/15/2017 10:00,21.091,0,
2440,10/15/2017 11:00,21.282,0,
2441,10/15/2017 12:00,22.046,10.8,360.131
2442,10/15/2017 13:00,22.429,53.8,
2443,10/15/2017 14:00,22.142,21.5,
2444,10/15/2017 15:00,22.046,10.8,
2445,10/15/2017 16:00,22.333,96.9,
2446,10/15/2017 17:00,22.333,129.2,
2447,10/15/2017 18:00,21.855,10.8,
2448,10/15/2017 19:00,21.378,0,
2449,10/15/2017 20:00,20.901,0,
2450,10/15/2017 21:00,20.996,0,
2451,10/15/2017 22:00,20.996,0,
2452,10/15/2017 23:00,20.329,0,
2453,10/16/2017 0:00,20.519,0,
2454,10/16/2017 1:00,20.234,0,
2455,10/16/2017 2:00,19.948,0,
2456,10/16/2017 3:00,19.282,0,
2457,10/16/2017 4:00,18.806,0,
2458,10/16/2017 5:00,18.426,0,
2459,10/16/2017 6:00,18.236,0,
2460,10/16/2017 7:00,17.95,0,
2461,10/16/2017 8:00,18.14,0,
2462,10/16/2017 9:00,17.855,10.8,
2463,10/16/2017 10:00,17.76,21.5,
2464,10/16/2017 11:00,17.76,21.5,
2465,10/16/2017 12:00,19.092,462.9,360.765
2466,10/16/2017 13:00,20.424,344.4,
2467,10/16/2017 14:00,20.996,344.4,
2468,10/16/2017 15:00,21.664,312.2,
2469,10/16/2017 16:00,21.473,387.5,
2470,10/16/2017 17:00,21.282,21.5,
2471,10/16/2017 18:00,20.615,0,
2472,10/16/2017 19:00,20.138,0,
2473,10/16/2017 20:00,20.329,0,
2474,10/16/2017 21:00,20.043,0,
2475,10/16/2017 22:00,19.853,0,
2476,10/16/2017 23:00,19.662,0,
2477,10/17/2017 0:00,18.996,0,
2478,10/17/2017 1:00,18.616,0,
2479,10/17/2017 2:00,18.236,0,
2480,10/17/2017 3:00,18.045,0,
2481,10/17/2017 4:00,17.76,0,
2482,10/17/2017 5:00,17.57,0,
2483,10/17/2017 6:00,17.284,0,
2484,10/17/2017 7:00,17.189,0,
2485,10/17/2017 8:00,16.999,0,
2486,10/17/2017 9:00,16.999,10.8,
2487,10/17/2017 10:00,16.999,10.8,
2488,10/17/2017 11:00,17.855,21.5,
2489,10/17/2017 12:00,19.282,473.6,361.531
2490,10/17/2017 13:00,20.329,247.6,
2491,10/17/2017 14:00,20.615,398.3,
2492,10/17/2017 15:00,21.569,376.7,
2493,10/17/2017 16:00,22.046,344.4,
2494,10/17/2017 17:00,21.855,172.2,
2495,10/17/2017 18:00,21.091,0,
2496,10/17/2017 19:00,20.615,0,
2497,10/17/2017 20:00,20.329,0,
2498,10/17/2017 21:00,20.329,0,
2499,10/17/2017 22:00,20.71,0,
2500,10/17/2017 23:00,20.805,0,
2501,10/18/2017 0:00,20.615,0,
2502,10/18/2017 1:00,20.329,0,
2503,10/18/2017 2:00,19.853,0,
2504,10/18/2017 3:00,19.567,0,
2505,10/18/2017 4:00,19.282,0,
2506,10/18/2017 5:00,18.996,0,
2507,10/18/2017 6:00,18.711,0,
2508,10/18/2017 7:00,18.426,0,
2509,10/18/2017 8:00,18.14,0,
2510,10/18/2017 9:00,17.95,21.5,
2511,10/18/2017 10:00,18.045,32.3,
2512,10/18/2017 11:00,17.855,21.5,
2513,10/18/2017 12:00,19.377,527.4,
2514,10/18/2017 13:00,21.282,376.7,
2515,10/18/2017 14:00,21.664,452.1,
2516,10/18/2017 15:00,23.004,505.9,
2517,10/18/2017 16:00,23.773,753.5,
