#,"Date Time, GMT-04:00",Temp,Intensity,Coupler Attached (LGR S/N: 20019436),Host Connected (LGR S/N: 20019436),Coupler Detached (LGR S/N: 20019436),End Of File (LGR S/N: 20019436)
1,7/4/2017 20:00,86.823,0,,,,
2,7/4/2017 21:00,85.194,0,,,,
3,7/4/2017 22:00,83.043,0,,,,
4,7/4/2017 23:00,80.559,0,,,,
5,7/5/2017 0:00,78.274,0,,,,
6,7/5/2017 1:00,76.006,0,,,,
7,7/5/2017 2:00,73.926,0,,,,
8,7/5/2017 3:00,72.028,0,,,,
9,7/5/2017 4:00,70.137,0,,,,
10,7/5/2017 5:00,68.421,0,,,,
11,7/5/2017 6:00,66.879,0,,,,
12,7/5/2017 7:00,65.68,0,,,,
13,7/5/2017 8:00,68.763,0,,,,
14,7/5/2017 9:00,71.856,0,,,,
15,7/5/2017 10:00,72.718,0,,,,
16,7/5/2017 11:00,77.4,0,,,,
17,7/5/2017 12:00,86.459,0,,,,
18,7/5/2017 13:00,87.915,0,,,,
19,7/5/2017 14:00,88.099,0,,,,
20,7/5/2017 15:00,97.72,0,,,,
21,7/5/2017 16:00,102.493,0,,,,
22,7/5/2017 17:00,102.493,0,,,,
23,7/5/2017 18:00,99.687,0,,,,
24,7/5/2017 19:00,95.976,0,,,,
25,7/5/2017 20:00,92.55,0,,,,
26,7/5/2017 21:00,89.017,0,,,,
27,7/5/2017 22:00,85.554,0,,,,
28,7/5/2017 23:00,82.508,0,,,,
29,7/6/2017 0:00,79.853,0,,,,
30,7/6/2017 1:00,77.574,0,,,,
31,7/6/2017 2:00,75.484,0,,,,
32,7/6/2017 3:00,73.58,0,,,,
33,7/6/2017 4:00,71.683,0,,,,
34,7/6/2017 5:00,70.137,0,,,,
35,7/6/2017 6:00,68.592,0,,,,
36,7/6/2017 7:00,71.683,0,,,,
37,7/6/2017 8:00,73.58,0,,,,
38,7/6/2017 9:00,75.659,0,,,,
39,7/6/2017 10:00,80.559,0,,,,
40,7/6/2017 11:00,83.399,0,,,,
41,7/6/2017 12:00,92.926,0,,,,
42,7/6/2017 13:00,93.682,0,,,,
43,7/6/2017 14:00,99.489,0,,,,
44,7/6/2017 15:00,94.633,1920,,,,
45,7/6/2017 16:00,82.33,90,,,,
46,7/6/2017 17:00,81.09,17,,,,
47,7/6/2017 18:00,80.382,12,,,,
48,7/6/2017 19:00,78.975,10,,,,
49,7/6/2017 20:00,78.8,4,,,,
50,7/6/2017 21:00,78.449,0,,,,
51,7/6/2017 22:00,78.624,0,,,,
52,7/6/2017 23:00,79.151,0,,,,
53,7/7/2017 0:00,79.502,0,,,,
54,7/7/2017 1:00,79.326,0,,,,
55,7/7/2017 2:00,79.326,0,,,,
56,7/7/2017 3:00,78.975,0,,,,
57,7/7/2017 4:00,78.975,0,,,,
58,7/7/2017 5:00,78.975,0,,,,
59,7/7/2017 6:00,78.975,0,,,,
60,7/7/2017 7:00,78.8,1,,,,
61,7/7/2017 8:00,78.624,13,,,,
62,7/7/2017 9:00,78.8,95,,,,
63,7/7/2017 10:00,79.678,128,,,,
64,7/7/2017 11:00,79.853,144,,,,
65,7/7/2017 12:00,79.853,168,,,,
66,7/7/2017 13:00,80.559,119,,,,
67,7/7/2017 14:00,80.559,136,,,,
68,7/7/2017 15:00,80.911,128,,,,
69,7/7/2017 16:00,80.911,136,,,,
70,7/7/2017 17:00,81.797,44,,,,
71,7/7/2017 18:00,81.621,26,,,,
72,7/7/2017 19:00,81.442,18,,,,
73,7/7/2017 20:00,81.266,1,,,,
74,7/7/2017 21:00,81.09,4,,,,
75,7/7/2017 22:00,80.911,0,,,,
76,7/7/2017 23:00,80.911,0,,,,
77,7/8/2017 0:00,80.911,0,,,,
78,7/8/2017 1:00,80.735,0,,,,
79,7/8/2017 2:00,80.735,0,,,,
80,7/8/2017 3:00,80.559,0,,,,
81,7/8/2017 4:00,80.559,0,,,,
82,7/8/2017 5:00,80.382,0,,,,
83,7/8/2017 6:00,80.206,0,,,,
84,7/8/2017 7:00,80.029,4,,,,
85,7/8/2017 8:00,80.029,33,,,,
86,7/8/2017 9:00,80.029,34,,,,
87,7/8/2017 10:00,80.206,117,,,,
88,7/8/2017 11:00,80.206,25,,,,
89,7/8/2017 12:00,81.09,200,,,,
90,7/8/2017 13:00,81.797,47,,,,
91,7/8/2017 14:00,81.797,57,,,,
92,7/8/2017 15:00,81.975,320,,,,
93,7/8/2017 16:00,81.621,160,,,,
94,7/8/2017 17:00,80.735,26,,,,
95,7/8/2017 18:00,80.559,13,,,,
96,7/8/2017 19:00,80.559,8,,,,
97,7/8/2017 20:00,80.559,2,,,,
98,7/8/2017 21:00,80.382,0,,,,
99,7/8/2017 22:00,80.382,0,,,,
100,7/8/2017 23:00,80.029,0,,,,
101,7/9/2017 0:00,80.029,0,,,,
102,7/9/2017 1:00,79.853,0,,,,
103,7/9/2017 2:00,79.853,0,,,,
104,7/9/2017 3:00,79.678,0,,,,
105,7/9/2017 4:00,79.502,0,,,,
106,7/9/2017 5:00,79.502,0,,,,
107,7/9/2017 6:00,79.326,0,,,,
108,7/9/2017 7:00,79.151,11,,,,
109,7/9/2017 8:00,79.326,21,,,,
110,7/9/2017 9:00,79.326,65,,,,
111,7/9/2017 10:00,79.678,118,,,,
112,7/9/2017 11:00,80.029,144,,,,
113,7/9/2017 12:00,80.559,176,,,,
114,7/9/2017 13:00,80.382,232,,,,
115,7/9/2017 14:00,80.559,272,,,,
116,7/9/2017 15:00,80.559,256,,,,
117,7/9/2017 16:00,79.853,51,,,,
118,7/9/2017 17:00,80.382,18,,,,
119,7/9/2017 18:00,79.502,20,,,,
120,7/9/2017 19:00,79.678,7,,,,
121,7/9/2017 20:00,80.029,4,,,,
122,7/9/2017 21:00,79.853,0,,,,
123,7/9/2017 22:00,79.853,0,,,,
124,7/9/2017 23:00,79.853,0,,,,
125,7/10/2017 0:00,79.853,0,,,,
126,7/10/2017 1:00,79.853,0,,,,
127,7/10/2017 2:00,79.678,0,,,,
128,7/10/2017 3:00,79.502,0,,,,
129,7/10/2017 4:00,79.502,0,,,,
130,7/10/2017 5:00,79.326,0,,,,
131,7/10/2017 6:00,79.151,0,,,,
132,7/10/2017 7:00,79.151,2,,,,
133,7/10/2017 8:00,78.975,9,,,,
134,7/10/2017 9:00,78.8,4,,,,
135,7/10/2017 10:00,78.8,0,,,,
136,7/10/2017 11:00,78.624,2,,,,
137,7/10/2017 12:00,78.624,12,,,,
138,7/10/2017 13:00,78.624,11,,,,
139,7/10/2017 14:00,78.624,6,,,,
140,7/10/2017 15:00,78.624,19,,,,
141,7/10/2017 16:00,78.8,101,,,,
142,7/10/2017 17:00,78.975,25,,,,
143,7/10/2017 18:00,78.975,10,,,,
144,7/10/2017 19:00,78.975,3,,,,
145,7/10/2017 20:00,78.8,1,,,,
146,7/10/2017 21:00,78.624,0,,,,
147,7/10/2017 22:00,78.624,0,,,,
148,7/10/2017 23:00,78.449,0,,,,
149,7/11/2017 0:00,78.449,0,,,,
150,7/11/2017 1:00,78.274,0,,,,
151,7/11/2017 2:00,78.274,0,,,,
152,7/11/2017 3:00,78.274,0,,,,
153,7/11/2017 4:00,78.098,0,,,,
154,7/11/2017 5:00,78.098,0,,,,
155,7/11/2017 6:00,78.098,0,,,,
156,7/11/2017 7:00,78.098,1,,,,
157,7/11/2017 8:00,78.098,2,,,,
158,7/11/2017 9:00,78.274,30,,,,
159,7/11/2017 10:00,78.975,53,,,,
160,7/11/2017 11:00,79.151,43,,,,
161,7/11/2017 12:00,79.678,25,,,,
162,7/11/2017 13:00,81.09,23,,,,
163,7/11/2017 14:00,81.266,63,,,,
164,7/11/2017 15:00,80.559,126,,,,
165,7/11/2017 16:00,79.853,32,,,,
166,7/11/2017 17:00,79.678,19,,,,
167,7/11/2017 18:00,80.029,20,,,,
168,7/11/2017 19:00,79.853,13,,,,
169,7/11/2017 20:00,80.735,7,,,,
170,7/11/2017 21:00,81.266,0,,,,
171,7/11/2017 22:00,81.09,0,,,,
172,7/11/2017 23:00,81.09,0,,,,
173,7/12/2017 0:00,81.09,0,,,,
174,7/12/2017 1:00,80.911,0,,,,
175,7/12/2017 2:00,80.911,0,,,,
176,7/12/2017 3:00,80.559,0,,,,
177,7/12/2017 4:00,80.559,0,,,,
178,7/12/2017 5:00,80.206,0,,,,
179,7/12/2017 6:00,80.206,0,,,,
180,7/12/2017 7:00,80.029,0,,,,
181,7/12/2017 8:00,80.029,2,,,,
182,7/12/2017 9:00,80.029,12,,,,
183,7/12/2017 10:00,80.029,47,,,,
184,7/12/2017 11:00,79.853,49,,,,
185,7/12/2017 12:00,79.502,50,,,,
186,7/12/2017 13:00,79.326,28,,,,
187,7/12/2017 14:00,79.502,16,,,,
188,7/12/2017 15:00,79.853,17,,,,
189,7/12/2017 16:00,80.382,51,,,,
190,7/12/2017 17:00,80.559,25,,,,
191,7/12/2017 18:00,80.559,17,,,,
192,7/12/2017 19:00,80.382,7,,,,
193,7/12/2017 20:00,80.206,9,,,,
194,7/12/2017 21:00,80.206,0,,,,
195,7/12/2017 22:00,80.382,0,,,,
196,7/12/2017 23:00,80.382,0,,,,
197,7/13/2017 0:00,80.206,0,,,,
198,7/13/2017 1:00,80.206,0,,,,
199,7/13/2017 2:00,80.206,0,,,,
200,7/13/2017 3:00,80.206,0,,,,
201,7/13/2017 4:00,80.206,0,,,,
202,7/13/2017 5:00,80.029,0,,,,
203,7/13/2017 6:00,79.853,0,,,,
204,7/13/2017 7:00,79.678,0,,,,
205,7/13/2017 8:00,79.678,6,,,,
206,7/13/2017 9:00,79.853,26,,,,
207,7/13/2017 10:00,79.853,22,,,,
208,7/13/2017 11:00,79.678,38,,,,
209,7/13/2017 12:00,80.029,32,,,,
210,7/13/2017 13:00,80.206,51,,,,
211,7/13/2017 14:00,80.206,44,,,,
212,7/13/2017 15:00,80.206,27,,,,
213,7/13/2017 16:00,80.382,26,,,,
214,7/13/2017 17:00,80.559,28,,,,
215,7/13/2017 18:00,80.382,16,,,,
216,7/13/2017 19:00,80.559,14,,,,
217,7/13/2017 20:00,80.382,3,,,,
218,7/13/2017 21:00,80.382,0,,,,
219,7/13/2017 22:00,80.206,0,,,,
220,7/13/2017 23:00,80.029,0,,,,
221,7/14/2017 0:00,80.029,0,,,,
222,7/14/2017 1:00,80.029,0,,,,
223,7/14/2017 2:00,79.853,0,,,,
224,7/14/2017 3:00,79.678,0,,,,
225,7/14/2017 4:00,79.678,0,,,,
226,7/14/2017 5:00,79.502,0,,,,
227,7/14/2017 6:00,79.502,0,,,,
228,7/14/2017 7:00,79.502,7,,,,
229,7/14/2017 8:00,79.502,26,,,,
230,7/14/2017 9:00,79.678,51,,,,
231,7/14/2017 10:00,80.029,102,,,,
232,7/14/2017 11:00,81.09,113,,,,
233,7/14/2017 12:00,80.559,168,,,,
234,7/14/2017 13:00,81.797,208,,,,
235,7/14/2017 14:00,81.621,232,,,,
236,7/14/2017 15:00,81.621,22,,,,
237,7/14/2017 16:00,81.797,104,,,,
238,7/14/2017 17:00,81.797,27,,,,
239,7/14/2017 18:00,81.621,19,,,,
240,7/14/2017 19:00,80.911,4,,,,
241,7/14/2017 20:00,80.382,1,,,,
242,7/14/2017 21:00,80.206,0,,,,
243,7/14/2017 22:00,80.206,0,,,,
244,7/14/2017 23:00,80.206,0,,,,
245,7/15/2017 0:00,79.853,0,,,,
246,7/15/2017 1:00,79.678,0,,,,
247,7/15/2017 2:00,79.502,0,,,,
248,7/15/2017 3:00,79.502,0,,,,
249,7/15/2017 4:00,79.326,0,,,,
250,7/15/2017 5:00,79.326,0,,,,
251,7/15/2017 6:00,79.151,0,,,,
252,7/15/2017 7:00,79.151,8,,,,
253,7/15/2017 8:00,79.151,18,,,,
254,7/15/2017 9:00,79.326,25,,,,
255,7/15/2017 10:00,79.502,81,,,,
256,7/15/2017 11:00,80.029,69,,,,
257,7/15/2017 12:00,80.382,50,,,,
258,7/15/2017 13:00,81.975,168,,,,
259,7/15/2017 14:00,81.797,43,,,,
260,7/15/2017 15:00,81.621,200,,,,
261,7/15/2017 16:00,81.797,70,,,,
262,7/15/2017 17:00,81.09,4,,,,
263,7/15/2017 18:00,81.09,3,,,,
264,7/15/2017 19:00,80.559,3,,,,
265,7/15/2017 20:00,80.029,1,,,,
266,7/15/2017 21:00,80.206,0,,,,
267,7/15/2017 22:00,80.206,0,,,,
268,7/15/2017 23:00,80.206,0,,,,
269,7/16/2017 0:00,80.559,0,,,,
270,7/16/2017 1:00,80.382,0,,,,
271,7/16/2017 2:00,80.382,0,,,,
272,7/16/2017 3:00,80.206,0,,,,
273,7/16/2017 4:00,80.029,0,,,,
274,7/16/2017 5:00,79.853,0,,,,
275,7/16/2017 6:00,79.678,0,,,,
276,7/16/2017 7:00,79.502,3,,,,
277,7/16/2017 8:00,79.326,13,,,,
278,7/16/2017 9:00,79.502,41,,,,
279,7/16/2017 10:00,80.029,65,,,,
280,7/16/2017 11:00,80.559,70,,,,
281,7/16/2017 12:00,80.559,128,,,,
282,7/16/2017 13:00,80.559,184,,,,
283,7/16/2017 14:00,79.853,29,,,,
284,7/16/2017 15:00,81.975,256,,,,
285,7/16/2017 16:00,81.266,33,,,,
286,7/16/2017 17:00,81.09,18,,,,
287,7/16/2017 18:00,80.911,12,,,,
288,7/16/2017 19:00,80.559,5,,,,
289,7/16/2017 20:00,80.559,1,,,,
290,7/16/2017 21:00,80.559,0,,,,
291,7/16/2017 22:00,80.206,0,,,,
292,7/16/2017 23:00,80.206,0,,,,
293,7/17/2017 0:00,79.853,0,,,,
294,7/17/2017 1:00,79.853,0,,,,
295,7/17/2017 2:00,79.678,0,,,,
296,7/17/2017 3:00,79.678,0,,,,
297,7/17/2017 4:00,79.502,0,,,,
298,7/17/2017 5:00,79.326,0,,,,
299,7/17/2017 6:00,79.326,0,,,,
300,7/17/2017 7:00,79.151,2,,,,
301,7/17/2017 8:00,79.151,13,,,,
302,7/17/2017 9:00,79.151,19,,,,
303,7/17/2017 10:00,79.678,68,,,,
304,7/17/2017 11:00,80.382,105,,,,
305,7/17/2017 12:00,81.621,128,,,,
306,7/17/2017 13:00,83.221,160,,,,
307,7/17/2017 14:00,83.935,192,,,,
308,7/17/2017 15:00,84.115,288,,,,
309,7/17/2017 16:00,84.295,30,,,,
310,7/17/2017 17:00,83.935,10,,,,
311,7/17/2017 18:00,84.295,6,,,,
312,7/17/2017 19:00,84.295,3,,,,
313,7/17/2017 20:00,83.935,2,,,,
314,7/17/2017 21:00,83.399,0,,,,
315,7/17/2017 22:00,83.043,0,,,,
316,7/17/2017 23:00,82.686,0,,,,
317,7/18/2017 0:00,82.508,0,,,,
318,7/18/2017 1:00,82.152,0,,,,
319,7/18/2017 2:00,81.975,0,,,,
320,7/18/2017 3:00,81.621,0,,,,
321,7/18/2017 4:00,81.266,0,,,,
322,7/18/2017 5:00,80.911,0,,,,
323,7/18/2017 6:00,80.382,0,,,,
324,7/18/2017 7:00,80.206,6,,,,
325,7/18/2017 8:00,80.206,14,,,,
326,7/18/2017 9:00,80.382,29,,,,
327,7/18/2017 10:00,80.735,55,,,,
328,7/18/2017 11:00,81.266,81,,,,
329,7/18/2017 12:00,82.508,92,,,,
330,7/18/2017 13:00,82.508,136,,,,
331,7/18/2017 14:00,81.442,28,,,,
332,7/18/2017 15:00,83.221,136,,,,
333,7/18/2017 16:00,83.221,168,,,,
334,7/18/2017 17:00,83.043,9,,,,
335,7/18/2017 18:00,83.043,4,,,,
336,7/18/2017 19:00,81.266,3,,,,
337,7/18/2017 20:00,81.09,2,,,,
338,7/18/2017 21:00,80.911,0,,,,
339,7/18/2017 22:00,80.559,0,,,,
340,7/18/2017 23:00,80.382,0,,,,
341,7/19/2017 0:00,80.206,0,,,,
342,7/19/2017 1:00,80.206,0,,,,
343,7/19/2017 2:00,80.206,0,,,,
344,7/19/2017 3:00,80.029,0,,,,
345,7/19/2017 4:00,79.853,0,,,,
346,7/19/2017 5:00,79.678,0,,,,
347,7/19/2017 6:00,79.678,0,,,,
348,7/19/2017 7:00,79.502,4,,,,
349,7/19/2017 8:00,79.502,5,,,,
350,7/19/2017 9:00,79.853,38,,,,
351,7/19/2017 10:00,80.735,64,,,,
352,7/19/2017 11:00,81.442,98,,,,
353,7/19/2017 12:00,83.399,136,,,,
354,7/19/2017 13:00,82.864,33,,,,
355,7/19/2017 14:00,83.043,176,,,,
356,7/19/2017 15:00,84.115,15,,,,
357,7/19/2017 16:00,83.935,192,,,,
358,7/19/2017 17:00,83.757,30,,,,
359,7/19/2017 18:00,83.221,15,,,,
360,7/19/2017 19:00,82.864,5,,,,
361,7/19/2017 20:00,81.797,2,,,,
362,7/19/2017 21:00,81.621,0,,,,
363,7/19/2017 22:00,81.442,0,,,,
364,7/19/2017 23:00,81.975,0,,,,
365,7/20/2017 0:00,81.797,0,,,,
366,7/20/2017 1:00,81.621,0,,,,
367,7/20/2017 2:00,81.621,0,,,,
368,7/20/2017 3:00,81.442,0,,,,
369,7/20/2017 4:00,81.621,0,,,,
370,7/20/2017 5:00,81.442,0,,,,
371,7/20/2017 6:00,81.442,0,,,,
372,7/20/2017 7:00,81.266,5,,,,
373,7/20/2017 8:00,81.266,16,,,,
374,7/20/2017 9:00,81.266,28,,,,
375,7/20/2017 10:00,81.621,50,,,,
376,7/20/2017 11:00,81.266,23,,,,
377,7/20/2017 12:00,82.686,96,,,,
378,7/20/2017 13:00,82.152,109,,,,
379,7/20/2017 14:00,83.757,136,,,,
380,7/20/2017 15:00,82.33,16,,,,
381,7/20/2017 16:00,82.686,216,,,,
382,7/20/2017 17:00,83.579,14,,,,
383,7/20/2017 18:00,83.757,16,,,,
384,7/20/2017 19:00,83.579,8,,,,
385,7/20/2017 20:00,83.399,1,,,,
386,7/20/2017 21:00,83.399,0,,,,
387,7/20/2017 22:00,83.221,0,,,,
388,7/20/2017 23:00,83.043,0,,,,
389,7/21/2017 0:00,83.221,0,,,,
390,7/21/2017 1:00,83.043,0,,,,
391,7/21/2017 2:00,83.043,0,,,,
392,7/21/2017 3:00,82.864,0,,,,
393,7/21/2017 4:00,82.686,0,,,,
394,7/21/2017 5:00,82.686,0,,,,
395,7/21/2017 6:00,82.508,0,,,,
396,7/21/2017 7:00,82.33,7,,,,
397,7/21/2017 8:00,82.33,12,,,,
398,7/21/2017 9:00,82.33,16,,,,
399,7/21/2017 10:00,82.33,21,,,,
400,7/21/2017 11:00,82.864,88,,,,
401,7/21/2017 12:00,84.474,92,,,,
402,7/21/2017 13:00,85.554,128,,,,
403,7/21/2017 14:00,86.459,160,,,,
404,7/21/2017 15:00,88.099,83,,,,
405,7/21/2017 16:00,87.368,124,,,,
406,7/21/2017 17:00,87.368,19,,,,
407,7/21/2017 18:00,86.459,16,,,,
408,7/21/2017 19:00,84.474,11,,,,
409,7/21/2017 20:00,84.474,3,,,,
410,7/21/2017 21:00,83.757,0,,,,
411,7/21/2017 22:00,83.399,0,,,,
412,7/21/2017 23:00,83.221,0,,,,
413,7/22/2017 0:00,83.579,0,,,,
414,7/22/2017 1:00,83.399,0,,,,
415,7/22/2017 2:00,83.221,0,,,,
416,7/22/2017 3:00,83.221,0,,,,
417,7/22/2017 4:00,83.043,0,,,,
418,7/22/2017 5:00,82.686,0,,,,
419,7/22/2017 6:00,82.508,0,,,,
420,7/22/2017 7:00,82.152,0,,,,
421,7/22/2017 8:00,81.975,5,,,,
422,7/22/2017 9:00,81.797,7,,,,
423,7/22/2017 10:00,81.797,15,,,,
424,7/22/2017 11:00,81.975,21,,,,
425,7/22/2017 12:00,82.152,34,,,,
426,7/22/2017 13:00,83.221,109,,,,
427,7/22/2017 14:00,82.864,18,,,,
428,7/22/2017 15:00,83.043,5,,,,
429,7/22/2017 16:00,83.221,288,,,,
430,7/22/2017 17:00,83.221,12,,,,
431,7/22/2017 18:00,84.115,6,,,,
432,7/22/2017 19:00,84.115,7,,,,
433,7/22/2017 20:00,83.935,1,,,,
434,7/22/2017 21:00,83.579,0,,,,
435,7/22/2017 22:00,83.399,0,,,,
436,7/22/2017 23:00,83.221,0,,,,
437,7/23/2017 0:00,83.043,0,,,,
438,7/23/2017 1:00,83.043,0,,,,
439,7/23/2017 2:00,82.864,0,,,,
440,7/23/2017 3:00,82.686,0,,,,
441,7/23/2017 4:00,82.686,0,,,,
442,7/23/2017 5:00,82.508,0,,,,
443,7/23/2017 6:00,82.508,0,,,,
444,7/23/2017 7:00,82.33,4,,,,
445,7/23/2017 8:00,82.33,9,,,,
446,7/23/2017 9:00,82.33,26,,,,
447,7/23/2017 10:00,82.864,55,,,,
448,7/23/2017 11:00,82.864,53,,,,
449,7/23/2017 12:00,83.757,117,,,,
450,7/23/2017 13:00,84.115,39,,,,
451,7/23/2017 14:00,84.115,18,,,,
452,7/23/2017 15:00,83.757,3,,,,
453,7/23/2017 16:00,83.579,4,,,,
454,7/23/2017 17:00,83.579,10,,,,
455,7/23/2017 18:00,84.295,4,,,,
456,7/23/2017 19:00,84.295,8,,,,
457,7/23/2017 20:00,83.757,9,,,,
458,7/23/2017 21:00,83.399,0,,,,
459,7/23/2017 22:00,83.221,0,,,,
460,7/23/2017 23:00,83.043,0,,,,
461,7/24/2017 0:00,82.864,0,,,,
462,7/24/2017 1:00,82.686,0,,,,
463,7/24/2017 2:00,82.508,0,,,,
464,7/24/2017 3:00,82.152,0,,,,
465,7/24/2017 4:00,82.152,0,,,,
466,7/24/2017 5:00,81.975,0,,,,
467,7/24/2017 6:00,81.797,0,,,,
468,7/24/2017 7:00,81.797,2,,,,
469,7/24/2017 8:00,81.621,3,,,,
470,7/24/2017 9:00,81.442,6,,,,
471,7/24/2017 10:00,81.442,11,,,,
472,7/24/2017 11:00,81.442,20,,,,
473,7/24/2017 12:00,81.266,27,,,,
474,7/24/2017 13:00,81.266,24,,,,
475,7/24/2017 14:00,81.09,5,,,,
476,7/24/2017 15:00,81.09,9,,,,
477,7/24/2017 16:00,81.09,17,,,,
478,7/24/2017 17:00,81.09,5,,,,
479,7/24/2017 18:00,80.911,4,,,,
480,7/24/2017 19:00,80.735,2,,,,
481,7/24/2017 20:00,80.735,1,,,,
482,7/24/2017 21:00,80.735,0,,,,
483,7/24/2017 22:00,80.559,0,,,,
484,7/24/2017 23:00,80.382,0,,,,
485,7/25/2017 0:00,80.382,0,,,,
486,7/25/2017 1:00,80.206,0,,,,
487,7/25/2017 2:00,80.029,0,,,,
488,7/25/2017 3:00,80.029,0,,,,
489,7/25/2017 4:00,79.853,0,,,,
490,7/25/2017 5:00,79.678,0,,,,
491,7/25/2017 6:00,79.678,0,,,,
492,7/25/2017 7:00,79.502,5,,,,
493,7/25/2017 8:00,79.502,12,,,,
494,7/25/2017 9:00,79.678,30,,,,
495,7/25/2017 10:00,79.853,58,,,,
496,7/25/2017 11:00,80.382,76,,,,
497,7/25/2017 12:00,81.621,91,,,,
498,7/25/2017 13:00,82.33,110,,,,
499,7/25/2017 14:00,82.152,85,,,,
500,7/25/2017 15:00,82.33,184,,,,
501,7/25/2017 16:00,82.864,160,,,,
502,7/25/2017 17:00,82.33,10,,,,
503,7/25/2017 18:00,82.33,11,,,,
504,7/25/2017 19:00,82.152,3,,,,
505,7/25/2017 20:00,81.797,1,,,,
506,7/25/2017 21:00,81.442,0,,,,
507,7/25/2017 22:00,81.09,0,,,,
508,7/25/2017 23:00,80.559,0,,,,
509,7/26/2017 0:00,80.382,0,,,,
510,7/26/2017 1:00,80.029,0,,,,
511,7/26/2017 2:00,79.853,0,,,,
512,7/26/2017 3:00,79.502,0,,,,
513,7/26/2017 4:00,79.326,0,,,,
514,7/26/2017 5:00,79.151,0,,,,
515,7/26/2017 6:00,79.151,0,,,,
516,7/26/2017 7:00,78.975,1,,,,
517,7/26/2017 8:00,78.975,8,,,,
518,7/26/2017 9:00,78.975,8,,,,
519,7/26/2017 10:00,79.326,19,,,,
520,7/26/2017 11:00,79.502,29,,,,
521,7/26/2017 12:00,79.678,47,,,,
522,7/26/2017 13:00,80.029,77,,,,
523,7/26/2017 14:00,80.735,85,,,,
524,7/26/2017 15:00,79.678,21,,,,
525,7/26/2017 16:00,79.678,67,,,,
526,7/26/2017 17:00,79.502,14,,,,
527,7/26/2017 18:00,79.502,10,,,,
528,7/26/2017 19:00,79.678,11,,,,
529,7/26/2017 20:00,79.853,1,,,,
530,7/26/2017 21:00,79.853,0,,,,
531,7/26/2017 22:00,79.678,0,,,,
532,7/26/2017 23:00,79.678,0,,,,
533,7/27/2017 0:00,79.502,0,,,,
534,7/27/2017 1:00,79.502,0,,,,
535,7/27/2017 2:00,79.502,0,,,,
536,7/27/2017 3:00,79.326,0,,,,
537,7/27/2017 4:00,79.326,0,,,,
538,7/27/2017 5:00,79.326,0,,,,
539,7/27/2017 6:00,79.151,0,,,,
540,7/27/2017 7:00,79.151,0,,,,
541,7/27/2017 8:00,79.151,5,,,,
542,7/27/2017 9:00,79.326,6,,,,
543,7/27/2017 10:00,79.502,40,,,,
544,7/27/2017 11:00,80.559,57,,,,
545,7/27/2017 12:00,83.043,82,,,,
546,7/27/2017 13:00,82.864,13,,,,
547,7/27/2017 14:00,83.935,102,,,,
548,7/27/2017 15:00,83.935,20,,,,
549,7/27/2017 16:00,83.935,12,,,,
550,7/27/2017 17:00,82.864,6,,,,
551,7/27/2017 18:00,83.043,2,,,,
552,7/27/2017 19:00,82.864,5,,,,
553,7/27/2017 20:00,82.508,0,,,,
554,7/27/2017 21:00,81.975,0,,,,
555,7/27/2017 22:00,81.266,0,,,,
556,7/27/2017 23:00,80.911,0,,,,
557,7/28/2017 0:00,80.382,0,,,,
558,7/28/2017 1:00,80.206,0,,,,
559,7/28/2017 2:00,80.029,0,,,,
560,7/28/2017 3:00,79.853,0,,,,
561,7/28/2017 4:00,79.678,0,,,,
562,7/28/2017 5:00,79.502,0,,,,
563,7/28/2017 6:00,79.326,0,,,,
564,7/28/2017 7:00,79.151,0,,,,
565,7/28/2017 8:00,79.151,3,,,,
566,7/28/2017 9:00,78.975,8,,,,
567,7/28/2017 10:00,78.8,12,,,,
568,7/28/2017 11:00,79.326,49,,,,
569,7/28/2017 12:00,80.029,81,,,,
570,7/28/2017 13:00,80.029,92,,,,
571,7/28/2017 14:00,80.029,15,,,,
572,7/28/2017 15:00,79.678,12,,,,
573,7/28/2017 16:00,79.678,51,,,,
574,7/28/2017 17:00,79.326,2,,,,
575,7/28/2017 18:00,79.151,1,,,,
576,7/28/2017 19:00,78.975,1,,,,
577,7/28/2017 20:00,78.975,0,,,,
578,7/28/2017 21:00,78.975,0,,,,
579,7/28/2017 22:00,78.624,0,,,,
580,7/28/2017 23:00,78.449,0,,,,
581,7/29/2017 0:00,78.449,0,,,,
582,7/29/2017 1:00,78.449,0,,,,
583,7/29/2017 2:00,78.274,0,,,,
584,7/29/2017 3:00,78.098,0,,,,
585,7/29/2017 4:00,78.098,0,,,,
586,7/29/2017 5:00,77.923,0,,,,
587,7/29/2017 6:00,77.749,0,,,,
588,7/29/2017 7:00,77.749,4,,,,
589,7/29/2017 8:00,77.749,10,,,,
590,7/29/2017 9:00,77.749,20,,,,
591,7/29/2017 10:00,77.923,41,,,,
592,7/29/2017 11:00,78.449,44,,,,
593,7/29/2017 12:00,79.678,47,,,,
594,7/29/2017 13:00,79.326,90,,,,
595,7/29/2017 14:00,79.502,90,,,,
596,7/29/2017 15:00,79.678,176,,,,
597,7/29/2017 16:00,79.678,248,,,,
598,7/29/2017 17:00,79.326,5,,,,
599,7/29/2017 18:00,79.326,2,,,,
600,7/29/2017 19:00,79.326,1,,,,
601,7/29/2017 20:00,79.151,0,,,,
602,7/29/2017 21:00,78.975,0,,,,
603,7/29/2017 22:00,78.975,0,,,,
604,7/29/2017 23:00,78.8,0,,,,
605,7/30/2017 0:00,78.624,0,,,,
606,7/30/2017 1:00,78.624,0,,,,
607,7/30/2017 2:00,78.449,0,,,,
608,7/30/2017 3:00,78.274,0,,,,
609,7/30/2017 4:00,78.098,0,,,,
610,7/30/2017 5:00,77.923,0,,,,
611,7/30/2017 6:00,77.923,0,,,,
612,7/30/2017 7:00,77.923,2,,,,
613,7/30/2017 8:00,77.923,6,,,,
614,7/30/2017 9:00,78.098,15,,,,
615,7/30/2017 10:00,78.274,37,,,,
616,7/30/2017 11:00,78.975,49,,,,
617,7/30/2017 12:00,80.559,71,,,,
618,7/30/2017 13:00,80.911,61,,,,
619,7/30/2017 14:00,80.911,93,,,,
620,7/30/2017 15:00,81.621,87,,,,
621,7/30/2017 16:00,81.797,41,,,,
622,7/30/2017 17:00,81.266,4,,,,
623,7/30/2017 18:00,81.09,4,,,,
624,7/30/2017 19:00,81.266,4,,,,
625,7/30/2017 20:00,80.911,0,,,,
626,7/30/2017 21:00,80.559,0,,,,
627,7/30/2017 22:00,80.382,0,,,,
628,7/30/2017 23:00,80.029,0,,,,
629,7/31/2017 0:00,80.029,0,,,,
630,7/31/2017 1:00,79.853,0,,,,
631,7/31/2017 2:00,79.678,0,,,,
632,7/31/2017 3:00,79.678,0,,,,
633,7/31/2017 4:00,79.502,0,,,,
634,7/31/2017 5:00,79.326,0,,,,
635,7/31/2017 6:00,79.151,0,,,,
636,7/31/2017 7:00,79.151,2,,,,
637,7/31/2017 8:00,79.151,6,,,,
638,7/31/2017 9:00,79.151,18,,,,
639,7/31/2017 10:00,79.502,35,,,,
640,7/31/2017 11:00,80.029,45,,,,
641,7/31/2017 12:00,81.797,65,,,,
642,7/31/2017 13:00,81.442,72,,,,
643,7/31/2017 14:00,82.152,90,,,,
644,7/31/2017 15:00,81.797,128,,,,
645,7/31/2017 16:00,82.152,248,,,,
646,7/31/2017 17:00,82.33,3,,,,
647,7/31/2017 18:00,82.508,2,,,,
648,7/31/2017 19:00,81.975,1,,,,
649,7/31/2017 20:00,81.975,0,,,,
650,7/31/2017 21:00,81.621,0,,,,
651,7/31/2017 22:00,81.442,0,,,,
652,7/31/2017 23:00,81.266,0,,,,
653,8/1/2017 0:00,81.09,0,,,,
654,8/1/2017 1:00,80.911,0,,,,
655,8/1/2017 2:00,80.735,0,,,,
656,8/1/2017 3:00,80.735,0,,,,
657,8/1/2017 4:00,80.559,0,,,,
658,8/1/2017 5:00,80.382,0,,,,
659,8/1/2017 6:00,80.206,0,,,,
660,8/1/2017 7:00,80.206,2,,,,
661,8/1/2017 8:00,80.206,7,,,,
662,8/1/2017 9:00,80.206,16,,,,
663,8/1/2017 10:00,80.559,28,,,,
664,8/1/2017 11:00,81.09,38,,,,
665,8/1/2017 12:00,82.686,55,,,,
666,8/1/2017 13:00,82.152,73,,,,
667,8/1/2017 14:00,81.797,16,,,,
668,8/1/2017 15:00,81.621,89,,,,
669,8/1/2017 16:00,82.33,12,,,,
670,8/1/2017 17:00,81.442,3,,,,
671,8/1/2017 18:00,81.621,3,,,,
672,8/1/2017 19:00,81.621,1,,,,
673,8/1/2017 20:00,81.266,0,,,,
674,8/1/2017 21:00,80.911,0,,,,
675,8/1/2017 22:00,80.735,0,,,,
676,8/1/2017 23:00,80.735,0,,,,
677,8/2/2017 0:00,80.559,0,,,,
678,8/2/2017 1:00,80.559,0,,,,
679,8/2/2017 2:00,80.559,0,,,,
680,8/2/2017 3:00,80.382,0,,,,
681,8/2/2017 4:00,80.382,0,,,,
682,8/2/2017 5:00,80.206,0,,,,
683,8/2/2017 6:00,80.029,0,,,,
684,8/2/2017 7:00,80.029,2,,,,
685,8/2/2017 8:00,80.029,9,,,,
686,8/2/2017 9:00,80.029,19,,,,
687,8/2/2017 10:00,80.382,36,,,,
688,8/2/2017 11:00,81.266,55,,,,
689,8/2/2017 12:00,81.975,69,,,,
690,8/2/2017 13:00,81.621,72,,,,
691,8/2/2017 14:00,81.266,13,,,,
692,8/2/2017 15:00,81.09,176,,,,
693,8/2/2017 16:00,80.911,128,,,,
694,8/2/2017 17:00,80.735,8,,,,
695,8/2/2017 18:00,80.911,6,,,,
696,8/2/2017 19:00,81.621,5,,,,
697,8/2/2017 20:00,81.621,1,,,,
698,8/2/2017 21:00,81.442,0,,,,
699,8/2/2017 22:00,81.266,0,,,,
700,8/2/2017 23:00,81.09,0,,,,
701,8/3/2017 0:00,80.911,0,,,,
702,8/3/2017 1:00,80.735,0,,,,
703,8/3/2017 2:00,80.559,0,,,,
704,8/3/2017 3:00,80.382,0,,,,
705,8/3/2017 4:00,80.206,0,,,,
706,8/3/2017 5:00,80.029,0,,,,
707,8/3/2017 6:00,79.853,0,,,,
708,8/3/2017 7:00,79.853,1,,,,
709,8/3/2017 8:00,79.853,9,,,,
710,8/3/2017 9:00,80.029,17,,,,
711,8/3/2017 10:00,80.559,35,,,,
712,8/3/2017 11:00,81.266,59,,,,
713,8/3/2017 12:00,82.33,84,,,,
714,8/3/2017 13:00,82.686,89,,,,
715,8/3/2017 14:00,81.442,110,,,,
716,8/3/2017 14:26,,,Logged,Logged,,
717,8/3/2017 14:27,,,,,Logged,
718,8/3/2017 15:00,83.935,102,,,,
719,8/3/2017 16:00,83.221,69,,,,
720,8/3/2017 17:00,81.975,14,,,,
721,8/3/2017 18:00,81.442,6,,,,
722,8/3/2017 19:00,81.266,9,,,,
723,8/3/2017 20:00,81.266,2,,,,
724,8/3/2017 21:00,81.266,0,,,,
725,8/3/2017 22:00,81.266,0,,,,
726,8/3/2017 23:00,80.911,0,,,,
727,8/4/2017 0:00,80.735,0,,,,
728,8/4/2017 1:00,80.559,0,,,,
729,8/4/2017 2:00,80.382,0,,,,
730,8/4/2017 3:00,80.029,0,,,,
731,8/4/2017 4:00,79.853,0,,,,
732,8/4/2017 5:00,79.678,0,,,,
733,8/4/2017 6:00,79.502,0,,,,
734,8/4/2017 7:00,79.326,1,,,,
735,8/4/2017 8:00,79.151,8,,,,
736,8/4/2017 9:00,79.151,8,,,,
737,8/4/2017 10:00,79.151,20,,,,
738,8/4/2017 11:00,79.326,45,,,,
739,8/4/2017 12:00,79.853,100,,,,
740,8/4/2017 13:00,80.559,320,,,,
741,8/4/2017 14:00,80.382,224,,,,
742,8/4/2017 15:00,80.029,54,,,,
743,8/4/2017 16:00,79.678,36,,,,
744,8/4/2017 17:00,79.502,23,,,,
745,8/4/2017 18:00,79.326,14,,,,
746,8/4/2017 19:00,79.151,8,,,,
747,8/4/2017 20:00,78.975,1,,,,
748,8/4/2017 21:00,78.8,0,,,,
749,8/4/2017 22:00,78.624,0,,,,
750,8/4/2017 23:00,78.449,0,,,,
751,8/5/2017 0:00,78.449,0,,,,
752,8/5/2017 1:00,78.274,0,,,,
753,8/5/2017 2:00,78.098,0,,,,
754,8/5/2017 3:00,77.923,0,,,,
755,8/5/2017 4:00,77.923,0,,,,
756,8/5/2017 5:00,77.749,0,,,,
757,8/5/2017 6:00,77.574,0,,,,
758,8/5/2017 7:00,77.574,4,,,,
759,8/5/2017 8:00,77.574,12,,,,
760,8/5/2017 9:00,77.749,17,,,,
761,8/5/2017 10:00,78.098,34,,,,
762,8/5/2017 11:00,78.8,52,,,,
763,8/5/2017 12:00,80.559,176,,,,
764,8/5/2017 13:00,80.029,256,,,,
765,8/5/2017 14:00,80.206,208,,,,
766,8/5/2017 15:00,80.382,23,,,,
767,8/5/2017 16:00,79.151,55,,,,
768,8/5/2017 17:00,78.8,34,,,,
769,8/5/2017 18:00,78.624,23,,,,
770,8/5/2017 19:00,78.274,21,,,,
771,8/5/2017 20:00,78.098,0,,,,
772,8/5/2017 21:00,77.749,0,,,,
773,8/5/2017 22:00,77.749,0,,,,
774,8/5/2017 23:00,77.574,0,,,,
775,8/6/2017 0:00,77.574,0,,,,
776,8/6/2017 1:00,77.4,0,,,,
777,8/6/2017 2:00,77.225,0,,,,
778,8/6/2017 3:00,77.225,0,,,,
779,8/6/2017 4:00,77.225,0,,,,
780,8/6/2017 5:00,77.225,0,,,,
781,8/6/2017 6:00,77.05,0,,,,
782,8/6/2017 7:00,77.05,3,,,,
783,8/6/2017 8:00,77.225,11,,,,
784,8/6/2017 9:00,77.4,25,,,,
785,8/6/2017 10:00,77.225,18,,,,
786,8/6/2017 11:00,77.225,12,,,,
787,8/6/2017 12:00,77.225,23,,,,
788,8/6/2017 13:00,77.4,38,,,,
789,8/6/2017 14:00,77.574,63,,,,
790,8/6/2017 15:00,77.923,40,,,,
791,8/6/2017 16:00,77.923,61,,,,
792,8/6/2017 17:00,77.749,16,,,,
793,8/6/2017 18:00,77.574,8,,,,
794,8/6/2017 19:00,77.574,9,,,,
795,8/6/2017 20:00,77.225,5,,,,
796,8/6/2017 21:00,77.05,0,,,,
797,8/6/2017 22:00,76.876,0,,,,
798,8/6/2017 23:00,77.05,0,,,,
799,8/7/2017 0:00,77.05,0,,,,
800,8/7/2017 1:00,77.05,0,,,,
801,8/7/2017 2:00,77.05,0,,,,
802,8/7/2017 3:00,76.876,0,,,,
803,8/7/2017 4:00,76.876,0,,,,
804,8/7/2017 5:00,76.876,0,,,,
805,8/7/2017 6:00,76.703,0,,,,
806,8/7/2017 7:00,76.703,1,,,,
807,8/7/2017 8:00,76.703,7,,,,
808,8/7/2017 9:00,76.876,28,,,,
809,8/7/2017 10:00,77.225,23,,,,
810,8/7/2017 11:00,78.449,61,,,,
811,8/7/2017 12:00,77.923,17,,,,
812,8/7/2017 13:00,78.098,23,,,,
813,8/7/2017 14:00,78.098,31,,,,
814,8/7/2017 15:00,78.449,98,,,,
815,8/7/2017 16:00,78.274,13,,,,
816,8/7/2017 17:00,78.098,6,,,,
817,8/7/2017 18:00,77.923,3,,,,
818,8/7/2017 19:00,77.923,4,,,,
819,8/7/2017 20:00,77.749,0,,,,
820,8/7/2017 21:00,77.574,0,,,,
821,8/7/2017 22:00,77.4,0,,,,
822,8/7/2017 23:00,77.4,0,,,,
823,8/8/2017 0:00,77.225,0,,,,
824,8/8/2017 1:00,77.05,0,,,,
825,8/8/2017 2:00,76.876,0,,,,
826,8/8/2017 3:00,76.876,0,,,,
827,8/8/2017 4:00,76.876,0,,,,
828,8/8/2017 5:00,76.703,0,,,,
829,8/8/2017 6:00,76.703,0,,,,
830,8/8/2017 7:00,76.528,2,,,,
831,8/8/2017 8:00,76.703,8,,,,
832,8/8/2017 9:00,76.876,13,,,,
833,8/8/2017 10:00,77.05,21,,,,
834,8/8/2017 11:00,78.449,50,,,,
835,8/8/2017 12:00,79.151,136,,,,
836,8/8/2017 13:00,79.678,168,,,,
837,8/8/2017 14:00,80.382,160,,,,
838,8/8/2017 15:00,80.029,92,,,,
839,8/8/2017 16:00,79.326,15,,,,
840,8/8/2017 17:00,79.678,11,,,,
841,8/8/2017 18:00,79.502,5,,,,
842,8/8/2017 19:00,79.151,4,,,,
843,8/8/2017 20:00,78.624,1,,,,
844,8/8/2017 21:00,78.449,0,,,,
845,8/8/2017 22:00,78.098,0,,,,
846,8/8/2017 23:00,77.923,0,,,,
847,8/9/2017 0:00,77.749,0,,,,
848,8/9/2017 1:00,77.749,0,,,,
849,8/9/2017 2:00,77.749,0,,,,
850,8/9/2017 3:00,77.574,0,,,,
851,8/9/2017 4:00,77.4,0,,,,
852,8/9/2017 5:00,77.4,0,,,,
853,8/9/2017 6:00,77.225,0,,,,
854,8/9/2017 7:00,77.225,1,,,,
855,8/9/2017 8:00,77.225,9,,,,
856,8/9/2017 9:00,77.225,13,,,,
857,8/9/2017 10:00,77.749,20,,,,
858,8/9/2017 11:00,78.8,89,,,,
859,8/9/2017 12:00,79.326,122,,,,
860,8/9/2017 13:00,79.853,44,,,,
861,8/9/2017 14:00,79.853,125,,,,
862,8/9/2017 15:00,80.559,136,,,,
863,8/9/2017 16:00,79.326,108,,,,
864,8/9/2017 17:00,78.624,10,,,,
865,8/9/2017 18:00,78.975,4,,,,
866,8/9/2017 19:00,77.749,4,,,,
867,8/9/2017 20:00,77.574,0,,,,
868,8/9/2017 21:00,77.4,0,,,,
869,8/9/2017 22:00,78.449,0,,,,
870,8/9/2017 23:00,78.449,0,,,,
871,8/10/2017 0:00,78.274,0,,,,
872,8/10/2017 1:00,78.098,0,,,,
873,8/10/2017 2:00,77.923,0,,,,
874,8/10/2017 3:00,77.749,0,,,,
875,8/10/2017 4:00,77.574,0,,,,
876,8/10/2017 5:00,77.225,0,,,,
877,8/10/2017 6:00,77.225,0,,,,
878,8/10/2017 7:00,77.05,1,,,,
879,8/10/2017 8:00,77.05,7,,,,
880,8/10/2017 9:00,77.225,15,,,,
881,8/10/2017 10:00,77.574,14,,,,
882,8/10/2017 11:00,78.624,46,,,,
883,8/10/2017 12:00,80.382,102,,,,
884,8/10/2017 13:00,79.853,123,,,,
885,8/10/2017 14:00,80.559,109,,,,
886,8/10/2017 15:00,81.266,125,,,,
887,8/10/2017 16:00,80.735,34,,,,
888,8/10/2017 17:00,80.206,6,,,,
889,8/10/2017 18:00,79.151,10,,,,
890,8/10/2017 19:00,78.624,4,,,,
891,8/10/2017 20:00,77.923,1,,,,
892,8/10/2017 21:00,77.923,0,,,,
893,8/10/2017 22:00,78.449,0,,,,
894,8/10/2017 23:00,78.274,0,,,,
895,8/11/2017 0:00,77.923,0,,,,
896,8/11/2017 1:00,77.749,0,,,,
897,8/11/2017 2:00,77.4,0,,,,
898,8/11/2017 3:00,77.225,0,,,,
899,8/11/2017 4:00,77.05,0,,,,
900,8/11/2017 5:00,76.703,0,,,,
901,8/11/2017 6:00,76.528,0,,,,
902,8/11/2017 7:00,76.354,0,,,,
903,8/11/2017 8:00,76.354,8,,,,
904,8/11/2017 9:00,76.354,25,,,,
905,8/11/2017 10:00,76.354,12,,,,
906,8/11/2017 11:00,76.876,63,,,,
907,8/11/2017 12:00,76.876,56,,,,
908,8/11/2017 13:00,77.05,64,,,,
909,8/11/2017 14:00,78.449,992,,,,
910,8/11/2017 15:00,77.05,9,,,,
911,8/11/2017 16:00,77.749,144,,,,
912,8/11/2017 17:00,76.703,19,,,,
913,8/11/2017 18:00,77.574,20,,,,
914,8/11/2017 19:00,78.098,18,,,,
915,8/11/2017 20:00,77.923,5,,,,
916,8/11/2017 21:00,77.923,0,,,,
917,8/11/2017 22:00,77.749,0,,,,
918,8/11/2017 23:00,77.749,0,,,,
919,8/12/2017 0:00,77.574,0,,,,
920,8/12/2017 1:00,77.574,0,,,,
921,8/12/2017 2:00,77.4,0,,,,
922,8/12/2017 3:00,77.4,0,,,,
923,8/12/2017 4:00,77.225,0,,,,
924,8/12/2017 5:00,77.225,0,,,,
925,8/12/2017 6:00,77.05,0,,,,
926,8/12/2017 7:00,76.876,2,,,,
927,8/12/2017 8:00,76.876,28,,,,
928,8/12/2017 9:00,77.05,57,,,,
929,8/12/2017 10:00,76.876,53,,,,
930,8/12/2017 11:00,77.225,46,,,,
931,8/12/2017 12:00,78.274,272,,,,
932,8/12/2017 13:00,78.274,672,,,,
933,8/12/2017 14:00,79.678,2688,,,,
934,8/12/2017 15:00,78.624,82,,,,
935,8/12/2017 16:00,78.8,89,,,,
936,8/12/2017 17:00,78.624,23,,,,
937,8/12/2017 18:00,78.449,30,,,,
938,8/12/2017 19:00,78.098,10,,,,
939,8/12/2017 20:00,77.749,3,,,,
940,8/12/2017 21:00,77.574,0,,,,
941,8/12/2017 22:00,77.4,0,,,,
942,8/12/2017 23:00,77.225,0,,,,
943,8/13/2017 0:00,77.05,0,,,,
944,8/13/2017 1:00,76.876,0,,,,
945,8/13/2017 2:00,76.876,0,,,,
946,8/13/2017 3:00,76.876,0,,,,
947,8/13/2017 4:00,76.876,0,,,,
948,8/13/2017 5:00,76.703,0,,,,
949,8/13/2017 6:00,76.703,0,,,,
950,8/13/2017 7:00,76.703,5,,,,
951,8/13/2017 8:00,76.703,13,,,,
952,8/13/2017 9:00,76.703,31,,,,
953,8/13/2017 10:00,77.4,61,,,,
954,8/13/2017 11:00,78.274,176,,,,
955,8/13/2017 12:00,78.8,400,,,,
956,8/13/2017 13:00,78.975,55,,,,
957,8/13/2017 14:00,79.326,66,,,,
958,8/13/2017 15:00,78.975,106,,,,
959,8/13/2017 16:00,78.449,37,,,,
960,8/13/2017 17:00,78.274,34,,,,
961,8/13/2017 18:00,78.098,57,,,,
962,8/13/2017 19:00,77.749,10,,,,
963,8/13/2017 20:00,77.574,4,,,,
964,8/13/2017 21:00,77.4,0,,,,
965,8/13/2017 22:00,77.225,0,,,,
966,8/13/2017 23:00,77.05,0,,,,
967,8/14/2017 0:00,76.876,0,,,,
968,8/14/2017 1:00,76.703,0,,,,
969,8/14/2017 2:00,76.703,0,,,,
970,8/14/2017 3:00,76.528,0,,,,
971,8/14/2017 4:00,76.528,0,,,,
972,8/14/2017 5:00,76.354,0,,,,
973,8/14/2017 6:00,76.181,0,,,,
974,8/14/2017 7:00,76.181,3,,,,
975,8/14/2017 8:00,76.181,37,,,,
976,8/14/2017 9:00,76.354,61,,,,
977,8/14/2017 10:00,76.876,107,,,,
978,8/14/2017 11:00,77.749,256,,,,
979,8/14/2017 12:00,78.624,512,,,,
980,8/14/2017 13:00,78.8,75,,,,
981,8/14/2017 14:00,79.678,800,,,,
982,8/14/2017 15:00,80.029,184,,,,
983,8/14/2017 16:00,78.449,200,,,,
984,8/14/2017 17:00,78.8,83,,,,
985,8/14/2017 18:00,78.624,18,,,,
986,8/14/2017 19:00,78.274,16,,,,
987,8/14/2017 20:00,77.749,3,,,,
988,8/14/2017 21:00,77.574,0,,,,
989,8/14/2017 22:00,77.225,0,,,,
990,8/14/2017 23:00,77.225,0,,,,
991,8/15/2017 0:00,77.225,0,,,,
992,8/15/2017 1:00,77.05,0,,,,
993,8/15/2017 2:00,76.876,0,,,,
994,8/15/2017 3:00,76.703,0,,,,
995,8/15/2017 4:00,76.528,0,,,,
996,8/15/2017 5:00,76.354,0,,,,
997,8/15/2017 6:00,76.181,0,,,,
998,8/15/2017 7:00,76.181,1,,,,
999,8/15/2017 8:00,76.006,1,,,,
1000,8/15/2017 9:00,76.006,2,,,,
1001,8/15/2017 10:00,76.181,16,,,,
1002,8/15/2017 11:00,76.528,125,,,,
1003,8/15/2017 12:00,77.4,57,,,,
1004,8/15/2017 13:00,78.975,352,,,,
1005,8/15/2017 14:00,79.853,272,,,,
1006,8/15/2017 15:00,80.029,39,,,,
1007,8/15/2017 16:00,80.382,98,,,,
1008,8/15/2017 17:00,79.678,13,,,,
1009,8/15/2017 18:00,79.502,9,,,,
1010,8/15/2017 19:00,79.151,5,,,,
1011,8/15/2017 20:00,78.975,1,,,,
1012,8/15/2017 21:00,78.8,0,,,,
1013,8/15/2017 22:00,78.624,0,,,,
1014,8/15/2017 23:00,78.624,0,,,,
1015,8/16/2017 0:00,78.624,0,,,,
1016,8/16/2017 1:00,78.449,0,,,,
1017,8/16/2017 2:00,78.274,0,,,,
1018,8/16/2017 3:00,78.098,0,,,,
1019,8/16/2017 4:00,77.923,0,,,,
1020,8/16/2017 5:00,77.923,0,,,,
1021,8/16/2017 6:00,77.749,0,,,,
1022,8/16/2017 7:00,77.749,1,,,,
1023,8/16/2017 8:00,77.574,6,,,,
1024,8/16/2017 9:00,77.749,36,,,,
1025,8/16/2017 10:00,77.749,46,,,,
1026,8/16/2017 11:00,78.624,152,,,,
1027,8/16/2017 12:00,79.502,320,,,,
1028,8/16/2017 13:00,80.559,512,,,,
1029,8/16/2017 14:00,81.266,1152,,,,
1030,8/16/2017 15:00,81.621,400,,,,
1031,8/16/2017 16:00,81.797,272,,,,
1032,8/16/2017 17:00,81.442,16,,,,
1033,8/16/2017 18:00,81.266,17,,,,
1034,8/16/2017 19:00,80.735,8,,,,
1035,8/16/2017 20:00,80.206,3,,,,
1036,8/16/2017 21:00,79.853,0,,,,
1037,8/16/2017 22:00,79.502,0,,,,
1038,8/16/2017 23:00,79.151,0,,,,
1039,8/17/2017 0:00,78.8,0,,,,
1040,8/17/2017 1:00,78.449,0,,,,
1041,8/17/2017 2:00,77.923,0,,,,
1042,8/17/2017 3:00,77.574,0,,,,
1043,8/17/2017 4:00,77.4,0,,,,
1044,8/17/2017 5:00,77.4,0,,,,
1045,8/17/2017 6:00,77.225,0,,,,
1046,8/17/2017 7:00,77.225,0,,,,
1047,8/17/2017 8:00,77.05,3,,,,
1048,8/17/2017 9:00,77.05,8,,,,
1049,8/17/2017 10:00,77.225,18,,,,
1050,8/17/2017 11:00,77.574,19,,,,
1051,8/17/2017 12:00,77.574,13,,,,
1052,8/17/2017 13:00,77.05,2,,,,
1053,8/17/2017 14:00,77.05,7,,,,
1054,8/17/2017 15:00,77.574,168,,,,
1055,8/17/2017 16:00,77.749,27,,,,
1056,8/17/2017 17:00,78.098,22,,,,
1057,8/17/2017 18:00,78.098,10,,,,
1058,8/17/2017 19:00,77.749,7,,,,
1059,8/17/2017 20:00,77.749,0,,,,
1060,8/17/2017 21:00,77.574,0,,,,
1061,8/17/2017 22:00,77.225,0,,,,
1062,8/17/2017 23:00,77.4,0,,,,
1063,8/18/2017 0:00,77.4,0,,,,
1064,8/18/2017 1:00,77.4,0,,,,
1065,8/18/2017 2:00,77.574,0,,,,
1066,8/18/2017 3:00,77.574,0,,,,
1067,8/18/2017 4:00,77.574,0,,,,
1068,8/18/2017 5:00,77.4,0,,,,
1069,8/18/2017 6:00,77.4,0,,,,
1070,8/18/2017 7:00,77.4,2,,,,
1071,8/18/2017 8:00,77.574,9,,,,
1072,8/18/2017 9:00,77.574,43,,,,
1073,8/18/2017 10:00,77.749,31,,,,
1074,8/18/2017 11:00,77.574,11,,,,
1075,8/18/2017 12:00,77.574,31,,,,
1076,8/18/2017 13:00,78.274,59,,,,
1077,8/18/2017 14:00,77.749,18,,,,
1078,8/18/2017 15:00,78.975,44,,,,
1079,8/18/2017 16:00,77.923,34,,,,
1080,8/18/2017 17:00,78.274,30,,,,
1081,8/18/2017 18:00,78.098,18,,,,
1082,8/18/2017 19:00,78.098,8,,,,
1083,8/18/2017 20:00,77.574,2,,,,
1084,8/18/2017 21:00,77.4,0,,,,
1085,8/18/2017 22:00,77.225,0,,,,
1086,8/18/2017 23:00,77.225,0,,,,
1087,8/19/2017 0:00,77.05,0,,,,
1088,8/19/2017 1:00,76.876,0,,,,
1089,8/19/2017 2:00,76.876,0,,,,
1090,8/19/2017 3:00,76.703,0,,,,
1091,8/19/2017 4:00,76.703,0,,,,
1092,8/19/2017 5:00,76.703,0,,,,
1093,8/19/2017 6:00,76.703,0,,,,
1094,8/19/2017 7:00,76.528,0,,,,
1095,8/19/2017 8:00,76.528,3,,,,
1096,8/19/2017 9:00,76.703,10,,,,
1097,8/19/2017 10:00,76.876,26,,,,
1098,8/19/2017 11:00,77.749,98,,,,
1099,8/19/2017 12:00,77.749,16,,,,
1100,8/19/2017 13:00,79.502,192,,,,
1101,8/19/2017 14:00,79.151,168,,,,
1102,8/19/2017 15:00,79.502,115,,,,
1103,8/19/2017 16:00,79.853,50,,,,
1104,8/19/2017 17:00,79.326,5,,,,
1105,8/19/2017 18:00,78.975,4,,,,
1106,8/19/2017 19:00,78.8,2,,,,
1107,8/19/2017 20:00,78.098,0,,,,
1108,8/19/2017 21:00,78.098,0,,,,
1109,8/19/2017 22:00,77.923,0,,,,
1110,8/19/2017 23:00,77.923,0,,,,
1111,8/20/2017 0:00,77.749,0,,,,
1112,8/20/2017 1:00,77.574,0,,,,
1113,8/20/2017 2:00,77.4,0,,,,
1114,8/20/2017 3:00,77.4,0,,,,
1115,8/20/2017 4:00,77.4,0,,,,
1116,8/20/2017 5:00,77.225,0,,,,
1117,8/20/2017 6:00,77.225,0,,,,
1118,8/20/2017 7:00,77.05,0,,,,
1119,8/20/2017 8:00,77.05,4,,,,
1120,8/20/2017 9:00,77.225,11,,,,
1121,8/20/2017 10:00,77.574,32,,,,
1122,8/20/2017 11:00,78.098,82,,,,
1123,8/20/2017 12:00,78.624,136,,,,
1124,8/20/2017 13:00,78.624,160,,,,
1125,8/20/2017 14:00,79.326,108,,,,
1126,8/20/2017 15:00,78.975,152,,,,
1127,8/20/2017 16:00,80.206,57,,,,
1128,8/20/2017 17:00,78.975,5,,,,
1129,8/20/2017 18:00,78.624,10,,,,
1130,8/20/2017 19:00,78.8,1,,,,
1131,8/20/2017 20:00,78.449,0,,,,
1132,8/20/2017 21:00,78.274,0,,,,
1133,8/20/2017 22:00,78.975,0,,,,
1134,8/20/2017 23:00,78.975,0,,,,
1135,8/21/2017 0:00,78.975,0,,,,
1136,8/21/2017 1:00,78.8,0,,,,
1137,8/21/2017 2:00,78.624,0,,,,
1138,8/21/2017 3:00,78.449,0,,,,
1139,8/21/2017 4:00,78.274,0,,,,
1140,8/21/2017 5:00,78.098,0,,,,
1141,8/21/2017 6:00,77.749,0,,,,
1142,8/21/2017 7:00,77.574,0,,,,
1143,8/21/2017 8:00,77.574,5,,,,
1144,8/21/2017 9:00,77.749,11,,,,
1145,8/21/2017 10:00,77.923,26,,,,
1146,8/21/2017 11:00,78.975,85,,,,
1147,8/21/2017 12:00,79.853,123,,,,
1148,8/21/2017 13:00,81.266,152,,,,
1149,8/21/2017 14:00,81.09,72,,,,
1150,8/21/2017 15:00,79.151,4,,,,
1151,8/21/2017 16:00,79.151,38,,,,
1152,8/21/2017 17:00,80.735,14,,,,
1153,8/21/2017 18:00,80.206,4,,,,
1154,8/21/2017 19:00,78.449,2,,,,
1155,8/21/2017 20:00,77.749,0,,,,
1156,8/21/2017 21:00,77.749,0,,,,
1157,8/21/2017 22:00,77.923,0,,,,
1158,8/21/2017 23:00,78.098,0,,,,
1159,8/22/2017 0:00,78.098,0,,,,
1160,8/22/2017 1:00,78.274,0,,,,
1161,8/22/2017 2:00,78.098,0,,,,
1162,8/22/2017 3:00,77.923,0,,,,
1163,8/22/2017 4:00,77.923,0,,,,
1164,8/22/2017 5:00,77.749,0,,,,
1165,8/22/2017 6:00,77.923,0,,,,
1166,8/22/2017 7:00,77.923,0,,,,
1167,8/22/2017 8:00,77.749,1,,,,
1168,8/22/2017 9:00,77.749,3,,,,
1169,8/22/2017 10:00,77.923,10,,,,
1170,8/22/2017 11:00,78.274,9,,,,
1171,8/22/2017 12:00,78.449,10,,,,
1172,8/22/2017 13:00,78.449,22,,,,
1173,8/22/2017 14:00,78.8,47,,,,
1174,8/22/2017 15:00,78.624,25,,,,
1175,8/22/2017 16:00,79.326,56,,,,
1176,8/22/2017 17:00,78.8,4,,,,
1177,8/22/2017 18:00,78.624,2,,,,
1178,8/22/2017 19:00,78.449,1,,,,
1179,8/22/2017 20:00,78.274,0,,,,
1180,8/22/2017 21:00,77.923,0,,,,
1181,8/22/2017 22:00,77.574,0,,,,
1182,8/22/2017 23:00,77.4,0,,,,
1183,8/23/2017 0:00,77.4,0,,,,
1184,8/23/2017 1:00,77.225,0,,,,
1185,8/23/2017 2:00,77.05,0,,,,
1186,8/23/2017 3:00,76.876,0,,,,
1187,8/23/2017 4:00,76.876,0,,,,
1188,8/23/2017 5:00,76.876,0,,,,
1189,8/23/2017 6:00,76.703,0,,,,
1190,8/23/2017 7:00,76.528,0,,,,
1191,8/23/2017 8:00,76.703,3,,,,
1192,8/23/2017 9:00,76.703,8,,,,
1193,8/23/2017 10:00,76.876,18,,,,
1194,8/23/2017 11:00,77.749,64,,,,
1195,8/23/2017 12:00,78.098,96,,,,
1196,8/23/2017 13:00,78.274,21,,,,
1197,8/23/2017 14:00,78.449,23,,,,
1198,8/23/2017 15:00,79.502,92,,,,
1199,8/23/2017 16:00,78.8,76,,,,
1200,8/23/2017 17:00,78.274,7,,,,
1201,8/23/2017 18:00,77.923,4,,,,
1202,8/23/2017 19:00,77.574,0,,,,
1203,8/23/2017 20:00,77.225,0,,,,
1204,8/23/2017 21:00,76.876,0,,,,
1205,8/23/2017 22:00,76.876,0,,,,
1206,8/23/2017 23:00,76.703,0,,,,
1207,8/24/2017 0:00,76.528,0,,,,
1208,8/24/2017 1:00,76.528,0,,,,
1209,8/24/2017 2:00,76.528,0,,,,
1210,8/24/2017 3:00,76.354,0,,,,
1211,8/24/2017 4:00,76.354,0,,,,
1212,8/24/2017 5:00,76.181,0,,,,
1213,8/24/2017 6:00,76.006,0,,,,
1214,8/24/2017 7:00,76.006,0,,,,
1215,8/24/2017 8:00,76.006,2,,,,
1216,8/24/2017 9:00,76.006,5,,,,
1217,8/24/2017 10:00,76.181,21,,,,
1218,8/24/2017 11:00,76.528,23,,,,
1219,8/24/2017 12:00,77.05,36,,,,
1220,8/24/2017 13:00,77.574,14,,,,
1221,8/24/2017 14:00,76.876,11,,,,
1222,8/24/2017 15:00,76.703,7,,,,
1223,8/24/2017 16:00,76.528,8,,,,
1224,8/24/2017 17:00,76.181,5,,,,
1225,8/24/2017 18:00,76.181,3,,,,
1226,8/24/2017 19:00,76.181,2,,,,
1227,8/24/2017 20:00,76.181,0,,,,
1228,8/24/2017 21:00,76.006,0,,,,
1229,8/24/2017 22:00,76.006,0,,,,
1230,8/24/2017 23:00,75.832,0,,,,
1231,8/25/2017 0:00,75.832,0,,,,
1232,8/25/2017 1:00,75.832,0,,,,
1233,8/25/2017 2:00,75.659,0,,,,
1234,8/25/2017 3:00,75.484,0,,,,
1235,8/25/2017 4:00,75.484,0,,,,
1236,8/25/2017 5:00,75.484,0,,,,
1237,8/25/2017 6:00,75.484,0,,,,
1238,8/25/2017 7:00,75.312,0,,,,
1239,8/25/2017 8:00,75.312,2,,,,
1240,8/25/2017 9:00,75.312,5,,,,
1241,8/25/2017 10:00,75.484,16,,,,
1242,8/25/2017 11:00,76.006,46,,,,
1243,8/25/2017 12:00,76.876,60,,,,
1244,8/25/2017 13:00,77.4,78,,,,
1245,8/25/2017 14:00,77.749,88,,,,
1246,8/25/2017 15:00,78.098,8,,,,
1247,8/25/2017 16:00,78.624,1,,,,
1248,8/25/2017 17:00,78.8,0,,,,
1249,8/25/2017 18:00,78.449,0,,,,
1250,8/25/2017 19:00,78.098,0,,,,
1251,8/25/2017 20:00,77.749,0,,,,
1252,8/25/2017 21:00,77.05,0,,,,
1253,8/25/2017 22:00,76.354,0,,,,
1254,8/25/2017 23:00,75.659,0,,,,
1255,8/26/2017 0:00,75.312,0,,,,
1256,8/26/2017 1:00,75.312,0,,,,
1257,8/26/2017 2:00,75.139,0,,,,
1258,8/26/2017 3:00,74.964,0,,,,
1259,8/26/2017 4:00,74.964,0,,,,
1260,8/26/2017 5:00,74.791,0,,,,
1261,8/26/2017 6:00,74.619,0,,,,
1262,8/26/2017 7:00,74.446,0,,,,
1263,8/26/2017 8:00,74.446,1,,,,
1264,8/26/2017 9:00,74.446,3,,,,
1265,8/26/2017 10:00,74.964,11,,,,
1266,8/26/2017 11:00,75.659,41,,,,
1267,8/26/2017 12:00,76.528,3,,,,
1268,8/26/2017 13:00,77.4,22,,,,
1269,8/26/2017 14:00,78.098,35,,,,
1270,8/26/2017 15:00,78.624,19,,,,
1271,8/26/2017 16:00,77.923,6,,,,
1272,8/26/2017 17:00,78.449,1,,,,
1273,8/26/2017 18:00,78.098,2,,,,
1274,8/26/2017 19:00,77.574,0,,,,
1275,8/26/2017 20:00,77.05,0,,,,
1276,8/26/2017 21:00,76.354,0,,,,
1277,8/26/2017 22:00,75.484,0,,,,
1278,8/26/2017 23:00,75.139,0,,,,
1279,8/27/2017 0:00,74.964,0,,,,
1280,8/27/2017 1:00,74.964,0,,,,
1281,8/27/2017 2:00,74.791,0,,,,
1282,8/27/2017 3:00,74.791,0,,,,
1283,8/27/2017 4:00,74.619,0,,,,
1284,8/27/2017 5:00,74.446,0,,,,
1285,8/27/2017 6:00,74.271,0,,,,
1286,8/27/2017 7:00,74.271,0,,,,
1287,8/27/2017 8:00,74.098,0,,,,
1288,8/27/2017 9:00,74.098,7,,,,
1289,8/27/2017 10:00,74.271,42,,,,
1290,8/27/2017 11:00,74.964,94,,,,
1291,8/27/2017 12:00,75.484,144,,,,
1292,8/27/2017 13:00,75.659,108,,,,
1293,8/27/2017 14:00,76.528,96,,,,
1294,8/27/2017 15:00,77.225,272,,,,
1295,8/27/2017 16:00,76.703,136,,,,
1296,8/27/2017 17:00,76.528,25,,,,
1297,8/27/2017 18:00,76.354,26,,,,
1298,8/27/2017 19:00,75.832,11,,,,
1299,8/27/2017 20:00,75.659,0,,,,
1300,8/27/2017 21:00,75.484,0,,,,
1301,8/27/2017 22:00,75.312,0,,,,
1302,8/27/2017 23:00,75.139,0,,,,
1303,8/28/2017 0:00,74.964,0,,,,
1304,8/28/2017 1:00,74.619,0,,,,
1305,8/28/2017 2:00,74.446,0,,,,
1306,8/28/2017 3:00,74.271,0,,,,
1307,8/28/2017 4:00,74.271,0,,,,
1308,8/28/2017 5:00,74.098,0,,,,
1309,8/28/2017 6:00,74.098,0,,,,
1310,8/28/2017 7:00,73.926,0,,,,
1311,8/28/2017 8:00,73.926,6,,,,
1312,8/28/2017 9:00,73.926,7,,,,
1313,8/28/2017 10:00,73.926,15,,,,
1314,8/28/2017 11:00,73.926,14,,,,
1315,8/28/2017 12:00,73.926,16,,,,
1316,8/28/2017 13:00,74.098,25,,,,
1317,8/28/2017 14:00,74.098,74,,,,
1318,8/28/2017 15:00,74.098,15,,,,
1319,8/28/2017 16:00,74.098,2,,,,
1320,8/28/2017 17:00,73.926,3,,,,
1321,8/28/2017 18:00,73.926,9,,,,
1322,8/28/2017 19:00,73.926,6,,,,
1323,8/28/2017 20:00,73.926,1,,,,
1324,8/28/2017 21:00,73.753,0,,,,
1325,8/28/2017 22:00,73.753,0,,,,
1326,8/28/2017 23:00,73.753,0,,,,
1327,8/29/2017 0:00,73.753,0,,,,
1328,8/29/2017 1:00,73.58,0,,,,
1329,8/29/2017 2:00,73.58,0,,,,
1330,8/29/2017 3:00,73.58,0,,,,
1331,8/29/2017 4:00,73.58,0,,,,
1332,8/29/2017 5:00,73.407,0,,,,
1333,8/29/2017 6:00,73.407,0,,,,
1334,8/29/2017 7:00,73.407,0,,,,
1335,8/29/2017 8:00,73.407,1,,,,
1336,8/29/2017 9:00,73.407,15,,,,
1337,8/29/2017 10:00,73.58,18,,,,
1338,8/29/2017 11:00,73.753,14,,,,
1339,8/29/2017 12:00,74.098,12,,,,
1340,8/29/2017 13:00,74.964,23,,,,
1341,8/29/2017 14:00,75.484,30,,,,
1342,8/29/2017 15:00,75.139,0,,,,
1343,8/29/2017 16:00,74.791,2,,,,
1344,8/29/2017 17:00,74.098,2,,,,
1345,8/29/2017 18:00,73.926,3,,,,
1346,8/29/2017 19:00,74.098,4,,,,
1347,8/29/2017 20:00,73.926,1,,,,
1348,8/29/2017 21:00,73.753,0,,,,
1349,8/29/2017 22:00,73.753,0,,,,
1350,8/29/2017 23:00,73.58,0,,,,
1351,8/30/2017 0:00,73.58,0,,,,
1352,8/30/2017 1:00,73.58,0,,,,
1353,8/30/2017 2:00,73.58,0,,,,
1354,8/30/2017 3:00,73.58,0,,,,
1355,8/30/2017 4:00,73.407,0,,,,
1356,8/30/2017 5:00,73.407,0,,,,
1357,8/30/2017 6:00,73.407,0,,,,
1358,8/30/2017 7:00,73.234,0,,,,
1359,8/30/2017 8:00,73.234,8,,,,
1360,8/30/2017 9:00,73.407,22,,,,
1361,8/30/2017 10:00,73.58,64,,,,
1362,8/30/2017 11:00,74.791,208,,,,
1363,8/30/2017 12:00,75.312,352,,,,
1364,8/30/2017 13:00,75.659,480,,,,
1365,8/30/2017 14:00,77.574,152,,,,
1366,8/30/2017 15:00,77.4,200,,,,
1367,8/30/2017 16:00,78.098,29,,,,
1368,8/30/2017 17:00,78.274,17,,,,
1369,8/30/2017 18:00,77.923,11,,,,
1370,8/30/2017 19:00,78.098,3,,,,
1371,8/30/2017 20:00,77.749,0,,,,
1372,8/30/2017 21:00,77.749,0,,,,
1373,8/30/2017 22:00,77.225,0,,,,
1374,8/30/2017 23:00,76.876,0,,,,
1375,8/31/2017 0:00,76.703,0,,,,
1376,8/31/2017 1:00,76.354,0,,,,
1377,8/31/2017 2:00,76.181,0,,,,
1378,8/31/2017 3:00,76.006,0,,,,
1379,8/31/2017 4:00,75.832,0,,,,
1380,8/31/2017 5:00,75.659,0,,,,
1381,8/31/2017 6:00,75.484,0,,,,
1382,8/31/2017 7:00,75.312,0,,,,
1383,8/31/2017 8:00,75.139,10,,,,
1384,8/31/2017 9:00,75.139,15,,,,
1385,8/31/2017 10:00,75.312,50,,,,
1386,8/31/2017 11:00,75.312,52,,,,
1387,8/31/2017 12:00,75.484,35,,,,
1388,8/31/2017 13:00,75.832,136,,,,
1389,8/31/2017 14:00,75.659,51,,,,
1390,8/31/2017 15:00,76.006,113,,,,
1391,8/31/2017 16:00,75.659,24,,,,
1392,8/31/2017 17:00,75.484,10,,,,
1393,8/31/2017 18:00,75.484,6,,,,
1394,8/31/2017 19:00,75.312,4,,,,
1395,8/31/2017 20:00,75.139,0,,,,
1396,8/31/2017 21:00,74.964,0,,,,
1397,8/31/2017 22:00,74.619,0,,,,
1398,8/31/2017 23:00,74.619,0,,,,
1399,9/1/2017 0:00,74.271,0,,,,
1400,9/1/2017 1:00,74.098,0,,,,
1401,9/1/2017 2:00,73.926,0,,,,
1402,9/1/2017 3:00,73.926,0,,,,
1403,9/1/2017 4:00,73.58,0,,,,
1404,9/1/2017 5:00,73.407,0,,,,
1405,9/1/2017 6:00,73.234,0,,,,
1406,9/1/2017 7:00,73.234,0,,,,
1407,9/1/2017 8:00,73.234,9,,,,
1408,9/1/2017 9:00,73.062,22,,,,
1409,9/1/2017 10:00,73.407,107,,,,
1410,9/1/2017 11:00,73.234,82,,,,
1411,9/1/2017 12:00,73.407,97,,,,
1412,9/1/2017 13:00,73.753,672,,,,
1413,9/1/2017 14:00,74.271,464,,,,
1414,9/1/2017 15:00,73.926,128,,,,
1415,9/1/2017 16:00,73.753,51,,,,
1416,9/1/2017 17:00,73.407,24,,,,
1417,9/1/2017 18:00,73.062,9,,,,
1418,9/1/2017 19:00,73.062,6,,,,
1419,9/1/2017 20:00,72.891,0,,,,
1420,9/1/2017 21:00,72.718,0,,,,
1421,9/1/2017 22:00,72.545,0,,,,
1422,9/1/2017 23:00,72.545,0,,,,
1423,9/2/2017 0:00,72.372,0,,,,
1424,9/2/2017 1:00,72.372,0,,,,
1425,9/2/2017 2:00,72.199,0,,,,
1426,9/2/2017 3:00,72.199,0,,,,
1427,9/2/2017 4:00,72.028,0,,,,
1428,9/2/2017 5:00,72.028,0,,,,
1429,9/2/2017 6:00,71.856,0,,,,
1430,9/2/2017 7:00,71.683,0,,,,
1431,9/2/2017 8:00,71.683,8,,,,
1432,9/2/2017 9:00,71.683,22,,,,
1433,9/2/2017 10:00,72.028,78,,,,
1434,9/2/2017 11:00,72.545,160,,,,
1435,9/2/2017 12:00,73.234,208,,,,
1436,9/2/2017 13:00,74.098,400,,,,
1437,9/2/2017 14:00,73.234,44,,,,
1438,9/2/2017 15:00,73.062,30,,,,
1439,9/2/2017 16:00,72.891,42,,,,
1440,9/2/2017 17:00,72.891,24,,,,
1441,9/2/2017 18:00,72.891,12,,,,
1442,9/2/2017 19:00,72.718,5,,,,
1443,9/2/2017 20:00,72.545,0,,,,
1444,9/2/2017 21:00,72.372,0,,,,
1445,9/2/2017 22:00,72.372,0,,,,
1446,9/2/2017 23:00,72.199,0,,,,
1447,9/3/2017 0:00,72.028,0,,,,
1448,9/3/2017 1:00,72.028,0,,,,
1449,9/3/2017 2:00,71.856,0,,,,
1450,9/3/2017 3:00,71.856,0,,,,
1451,9/3/2017 4:00,71.683,0,,,,
1452,9/3/2017 5:00,71.512,0,,,,
1453,9/3/2017 6:00,71.512,0,,,,
1454,9/3/2017 7:00,71.512,0,,,,
1455,9/3/2017 8:00,71.512,0,,,,
1456,9/3/2017 9:00,71.512,37,,,,
1457,9/3/2017 10:00,72.199,100,,,,
1458,9/3/2017 11:00,72.545,208,,,,
1459,9/3/2017 12:00,72.199,50,,,,
1460,9/3/2017 13:00,72.372,160,,,,
1461,9/3/2017 14:00,73.753,176,,,,
1462,9/3/2017 15:00,74.098,512,,,,
1463,9/3/2017 16:00,72.891,30,,,,
1464,9/3/2017 17:00,73.407,11,,,,
1465,9/3/2017 18:00,73.062,12,,,,
1466,9/3/2017 19:00,72.718,7,,,,
1467,9/3/2017 20:00,72.372,0,,,,
1468,9/3/2017 21:00,72.199,0,,,,
1469,9/3/2017 22:00,72.199,0,,,,
1470,9/3/2017 23:00,72.028,0,,,,
1471,9/4/2017 0:00,72.028,0,,,,
1472,9/4/2017 1:00,71.856,0,,,,
1473,9/4/2017 2:00,71.856,0,,,,
1474,9/4/2017 3:00,71.683,0,,,,
1475,9/4/2017 4:00,71.683,0,,,,
1476,9/4/2017 5:00,71.512,0,,,,
1477,9/4/2017 6:00,71.512,0,,,,
1478,9/4/2017 7:00,71.339,0,,,,
1479,9/4/2017 8:00,71.512,14,,,,
1480,9/4/2017 9:00,71.512,24,,,,
1481,9/4/2017 10:00,71.512,42,,,,
1482,9/4/2017 11:00,71.683,152,,,,
1483,9/4/2017 12:00,72.028,208,,,,
1484,9/4/2017 13:00,72.028,168,,,,
1485,9/4/2017 14:00,72.028,512,,,,
1486,9/4/2017 15:00,72.199,144,,,,
1487,9/4/2017 16:00,71.683,62,,,,
1488,9/4/2017 17:00,71.683,31,,,,
1489,9/4/2017 18:00,71.856,0,,,,
1490,9/4/2017 19:00,71.856,0,,,,
1491,9/4/2017 20:00,71.856,0,,,,
1492,9/4/2017 21:00,71.856,0,,,,
1493,9/4/2017 22:00,71.683,0,,,,
1494,9/4/2017 23:00,71.683,0,,,,
1495,9/5/2017 0:00,71.683,0,,,,
1496,9/5/2017 1:00,71.512,0,,,,
1497,9/5/2017 2:00,71.512,0,,,,
1498,9/5/2017 3:00,71.512,0,,,,
1499,9/5/2017 4:00,71.339,0,,,,
1500,9/5/2017 5:00,71.339,0,,,,
1501,9/5/2017 6:00,71.339,0,,,,
1502,9/5/2017 7:00,71.339,0,,,,
1503,9/5/2017 8:00,71.339,15,,,,
1504,9/5/2017 9:00,71.339,22,,,,
1505,9/5/2017 10:00,71.512,136,,,,
1506,9/5/2017 11:00,72.028,288,,,,
1507,9/5/2017 12:00,72.718,480,,,,
1508,9/5/2017 13:00,72.718,96,,,,
1509,9/5/2017 14:00,73.58,1472,,,,
1510,9/5/2017 15:00,73.926,104,,,,
1511,9/5/2017 16:00,72.028,79,,,,
1512,9/5/2017 17:00,72.028,52,,,,
1513,9/5/2017 18:00,72.199,17,,,,
1514,9/5/2017 19:00,72.199,8,,,,
1515,9/5/2017 20:00,71.856,0,,,,
1516,9/5/2017 21:00,71.683,0,,,,
1517,9/5/2017 22:00,71.683,0,,,,
1518,9/5/2017 23:00,71.512,0,,,,
1519,9/6/2017 0:00,71.339,0,,,,
1520,9/6/2017 1:00,71.339,0,,,,
1521,9/6/2017 2:00,71.168,0,,,,
1522,9/6/2017 3:00,71.168,0,,,,
1523,9/6/2017 4:00,71.168,0,,,,
1524,9/6/2017 5:00,70.995,0,,,,
1525,9/6/2017 6:00,70.824,0,,,,
1526,9/6/2017 7:00,70.824,0,,,,
1527,9/6/2017 8:00,70.824,11,,,,
1528,9/6/2017 9:00,70.824,21,,,,
1529,9/6/2017 10:00,71.339,128,,,,
1530,9/6/2017 11:00,72.028,248,,,,
1531,9/6/2017 12:00,72.199,20,,,,
1532,9/6/2017 13:00,72.891,672,,,,
1533,9/6/2017 14:00,72.891,1344,,,,
1534,9/6/2017 15:00,72.891,272,,,,
1535,9/6/2017 16:00,72.028,42,,,,
1536,9/6/2017 17:00,72.199,26,,,,
1537,9/6/2017 18:00,71.856,32,,,,
1538,9/6/2017 19:00,71.683,11,,,,
1539,9/6/2017 20:00,71.512,0,,,,
1540,9/6/2017 21:00,71.512,0,,,,
1541,9/6/2017 22:00,71.339,0,,,,
1542,9/6/2017 23:00,71.339,0,,,,
1543,9/7/2017 0:00,70.995,0,,,,
1544,9/7/2017 1:00,70.995,0,,,,
1545,9/7/2017 2:00,70.824,0,,,,
1546,9/7/2017 3:00,70.824,0,,,,
1547,9/7/2017 4:00,70.651,0,,,,
1548,9/7/2017 5:00,70.48,0,,,,
1549,9/7/2017 6:00,70.48,0,,,,
1550,9/7/2017 7:00,70.308,0,,,,
1551,9/7/2017 8:00,70.308,5,,,,
1552,9/7/2017 9:00,70.308,19,,,,
1553,9/7/2017 10:00,70.824,97,,,,
1554,9/7/2017 11:00,71.168,168,,,,
1555,9/7/2017 12:00,71.168,304,,,,
1556,9/7/2017 13:00,71.856,368,,,,
1557,9/7/2017 14:00,72.028,304,,,,
1558,9/7/2017 15:00,72.891,200,,,,
1559,9/7/2017 16:00,71.512,10,,,,
1560,9/7/2017 17:00,71.168,24,,,,
1561,9/7/2017 18:00,70.651,21,,,,
1562,9/7/2017 19:00,70.48,6,,,,
1563,9/7/2017 20:00,70.651,0,,,,
1564,9/7/2017 21:00,70.48,0,,,,
1565,9/7/2017 22:00,70.137,0,,,,
1566,9/7/2017 23:00,70.137,0,,,,
1567,9/8/2017 0:00,70.137,0,,,,
1568,9/8/2017 1:00,69.964,0,,,,
1569,9/8/2017 2:00,70.137,0,,,,
1570,9/8/2017 3:00,69.964,0,,,,
1571,9/8/2017 4:00,69.793,0,,,,
1572,9/8/2017 5:00,69.793,0,,,,
1573,9/8/2017 6:00,69.793,0,,,,
1574,9/8/2017 7:00,69.793,0,,,,
1575,9/8/2017 8:00,69.793,4,,,,
1576,9/8/2017 9:00,69.622,10,,,,
1577,9/8/2017 10:00,69.964,100,,,,
1578,9/8/2017 11:00,70.651,232,,,,
1579,9/8/2017 12:00,71.856,448,,,,
1580,9/8/2017 13:00,72.199,480,,,,
1581,9/8/2017 13:18,,,Logged,,,
1582,9/8/2017 13:18,,,,,Logged,
1583,9/8/2017 13:18,,,Logged,,,
1584,9/8/2017 13:19,,,,Logged,,
1585,9/8/2017 13:19,,,,,Logged,
1586,9/8/2017 14:00,72.028,416,,,,
1587,9/8/2017 15:00,72.028,81,,,,
1588,9/8/2017 16:00,71.683,8,,,,
1589,9/8/2017 17:00,71.168,5,,,,
1590,9/8/2017 18:00,70.824,4,,,,
1591,9/8/2017 19:00,70.48,1,,,,
1592,9/8/2017 20:00,70.308,0,,,,
1593,9/8/2017 21:00,70.651,0,,,,
1594,9/8/2017 22:00,70.651,0,,,,
1595,9/8/2017 23:00,70.308,0,,,,
1596,9/9/2017 0:00,70.137,0,,,,
1597,9/9/2017 1:00,69.964,0,,,,
1598,9/9/2017 2:00,69.793,0,,,,
1599,9/9/2017 3:00,69.622,0,,,,
1600,9/9/2017 4:00,69.622,0,,,,
1601,9/9/2017 5:00,69.449,0,,,,
1602,9/9/2017 6:00,69.278,0,,,,
1603,9/9/2017 7:00,69.278,0,,,,
1604,9/9/2017 8:00,69.278,5,,,,
1605,9/9/2017 9:00,69.278,14,,,,
1606,9/9/2017 10:00,69.964,47,,,,
1607,9/9/2017 11:00,70.137,54,,,,
1608,9/9/2017 12:00,70.48,56,,,,
1609,9/9/2017 13:00,71.339,127,,,,
1610,9/9/2017 14:00,71.168,120,,,,
1611,9/9/2017 15:00,71.683,152,,,,
1612,9/9/2017 16:00,71.168,16,,,,
1613,9/9/2017 17:00,71.168,9,,,,
1614,9/9/2017 18:00,70.995,3,,,,
1615,9/9/2017 19:00,70.824,1,,,,
1616,9/9/2017 20:00,70.651,0,,,,
1617,9/9/2017 21:00,70.308,0,,,,
1618,9/9/2017 22:00,70.137,0,,,,
1619,9/9/2017 23:00,69.964,0,,,,
1620,9/10/2017 0:00,69.793,0,,,,
1621,9/10/2017 1:00,69.622,0,,,,
1622,9/10/2017 2:00,69.449,0,,,,
1623,9/10/2017 3:00,69.278,0,,,,
1624,9/10/2017 4:00,69.107,0,,,,
1625,9/10/2017 5:00,69.107,0,,,,
1626,9/10/2017 6:00,68.934,0,,,,
1627,9/10/2017 7:00,68.763,0,,,,
1628,9/10/2017 8:00,68.763,3,,,,
1629,9/10/2017 9:00,68.592,14,,,,
1630,9/10/2017 10:00,68.763,17,,,,
1631,9/10/2017 11:00,69.449,51,,,,
1632,9/10/2017 12:00,69.964,43,,,,
1633,9/10/2017 13:00,70.48,144,,,,
1634,9/10/2017 14:00,70.137,8,,,,
1635,9/10/2017 15:00,69.964,10,,,,
1636,9/10/2017 16:00,70.137,11,,,,
1637,9/10/2017 17:00,70.137,5,,,,
1638,9/10/2017 18:00,69.793,3,,,,
1639,9/10/2017 19:00,69.793,1,,,,
1640,9/10/2017 20:00,69.622,0,,,,
1641,9/10/2017 21:00,69.449,0,,,,
1642,9/10/2017 22:00,69.107,0,,,,
1643,9/10/2017 23:00,68.934,0,,,,
1644,9/11/2017 0:00,68.763,0,,,,
1645,9/11/2017 1:00,68.592,0,,,,
1646,9/11/2017 2:00,68.592,0,,,,
1647,9/11/2017 3:00,68.421,0,,,,
1648,9/11/2017 4:00,68.248,0,,,,
1649,9/11/2017 5:00,68.077,0,,,,
1650,9/11/2017 6:00,68.077,0,,,,
1651,9/11/2017 7:00,67.906,0,,,,
1652,9/11/2017 8:00,67.906,4,,,,
1653,9/11/2017 9:00,67.906,9,,,,
1654,9/11/2017 10:00,68.077,8,,,,
1655,9/11/2017 11:00,69.278,71,,,,
1656,9/11/2017 12:00,69.964,54,,,,
1657,9/11/2017 13:00,70.48,76,,,,
1658,9/11/2017 14:00,71.339,100,,,,
1659,9/11/2017 15:00,71.856,68,,,,
1660,9/11/2017 16:00,71.512,12,,,,
1661,9/11/2017 17:00,71.339,8,,,,
1662,9/11/2017 18:00,71.168,5,,,,
1663,9/11/2017 19:00,71.168,2,,,,
1664,9/11/2017 20:00,70.995,0,,,,
1665,9/11/2017 21:00,70.48,0,,,,
1666,9/11/2017 22:00,69.107,0,,,,
1667,9/11/2017 23:00,68.934,0,,,,
1668,9/12/2017 0:00,68.763,0,,,,
1669,9/12/2017 1:00,68.763,0,,,,
1670,9/12/2017 2:00,68.592,0,,,,
1671,9/12/2017 3:00,68.421,0,,,,
1672,9/12/2017 4:00,68.248,0,,,,
1673,9/12/2017 5:00,68.077,0,,,,
1674,9/12/2017 6:00,68.077,0,,,,
1675,9/12/2017 7:00,67.906,0,,,,
1676,9/12/2017 8:00,67.735,5,,,,
1677,9/12/2017 9:00,67.906,12,,,,
1678,9/12/2017 10:00,68.077,16,,,,
1679,9/12/2017 11:00,68.421,27,,,,
1680,9/12/2017 12:00,69.793,61,,,,
1681,9/12/2017 13:00,69.793,40,,,,
1682,9/12/2017 14:00,70.308,136,,,,
1683,9/12/2017 15:00,70.308,32,,,,
1684,9/12/2017 16:00,70.308,15,,,,
1685,9/12/2017 17:00,69.964,13,,,,
1686,9/12/2017 18:00,69.964,3,,,,
1687,9/12/2017 19:00,69.622,3,,,,
1688,9/12/2017 20:00,69.449,0,,,,
1689,9/12/2017 21:00,69.278,0,,,,
1690,9/12/2017 22:00,69.278,0,,,,
1691,9/12/2017 23:00,68.934,0,,,,
1692,9/13/2017 0:00,68.763,0,,,,
1693,9/13/2017 1:00,68.592,0,,,,
1694,9/13/2017 2:00,68.421,0,,,,
1695,9/13/2017 3:00,68.421,0,,,,
1696,9/13/2017 4:00,68.077,0,,,,
1697,9/13/2017 5:00,68.077,0,,,,
1698,9/13/2017 6:00,67.906,0,,,,
1699,9/13/2017 7:00,67.906,0,,,,
1700,9/13/2017 8:00,67.906,0,,,,
1701,9/13/2017 9:00,67.906,0,,,,
1702,9/13/2017 10:00,68.077,1,,,,
1703,9/13/2017 11:00,68.763,3,,,,
1704,9/13/2017 12:00,69.107,1,,,,
1705,9/13/2017 13:00,69.622,9,,,,
1706,9/13/2017 14:00,69.107,5,,,,
1707,9/13/2017 15:00,68.592,5,,,,
1708,9/13/2017 16:00,68.592,7,,,,
1709,9/13/2017 17:00,68.421,6,,,,
1710,9/13/2017 18:00,68.421,3,,,,
1711,9/13/2017 19:00,68.763,0,,,,
1712,9/13/2017 20:00,69.107,0,,,,
1713,9/13/2017 21:00,69.107,0,,,,
1714,9/13/2017 22:00,69.107,0,,,,
1715,9/13/2017 23:00,69.107,0,,,,
1716,9/14/2017 0:00,69.107,0,,,,
1717,9/14/2017 1:00,69.107,0,,,,
1718,9/14/2017 2:00,69.107,0,,,,
1719,9/14/2017 3:00,68.934,0,,,,
1720,9/14/2017 4:00,68.934,0,,,,
1721,9/14/2017 5:00,68.763,0,,,,
1722,9/14/2017 6:00,68.763,0,,,,
1723,9/14/2017 7:00,68.763,0,,,,
1724,9/14/2017 8:00,68.763,0,,,,
1725,9/14/2017 9:00,68.763,14,,,,
1726,9/14/2017 10:00,69.278,34,,,,
1727,9/14/2017 11:00,69.964,13,,,,
1728,9/14/2017 12:00,70.995,19,,,,
1729,9/14/2017 13:00,70.48,3,,,,
1730,9/14/2017 14:00,73.58,20,,,,
1731,9/14/2017 15:00,73.234,10,,,,
1732,9/14/2017 16:00,73.753,5,,,,
1733,9/14/2017 17:00,72.891,3,,,,
1734,9/14/2017 18:00,72.891,0,,,,
1735,9/14/2017 19:00,73.58,0,,,,
1736,9/14/2017 20:00,72.372,0,,,,
1737,9/14/2017 21:00,71.856,0,,,,
1738,9/14/2017 22:00,71.168,0,,,,
1739,9/14/2017 23:00,70.995,0,,,,
1740,9/15/2017 0:00,70.824,0,,,,
1741,9/15/2017 1:00,70.48,0,,,,
1742,9/15/2017 2:00,70.308,0,,,,
1743,9/15/2017 3:00,70.137,0,,,,
1744,9/15/2017 4:00,69.964,0,,,,
1745,9/15/2017 5:00,69.793,0,,,,
1746,9/15/2017 6:00,69.622,0,,,,
1747,9/15/2017 7:00,69.449,0,,,,
1748,9/15/2017 8:00,69.107,4,,,,
1749,9/15/2017 9:00,69.278,33,,,,
1750,9/15/2017 10:00,70.137,60,,,,
1751,9/15/2017 11:00,70.995,87,,,,
1752,9/15/2017 12:00,71.512,110,,,,
1753,9/15/2017 13:00,69.793,20,,,,
1754,9/15/2017 14:00,70.308,176,,,,
1755,9/15/2017 15:00,70.824,94,,,,
1756,9/15/2017 16:00,69.793,17,,,,
1757,9/15/2017 17:00,69.964,7,,,,
1758,9/15/2017 18:00,70.651,6,,,,
1759,9/15/2017 19:00,70.824,1,,,,
1760,9/15/2017 20:00,70.48,0,,,,
1761,9/15/2017 21:00,70.824,0,,,,
1762,9/15/2017 22:00,70.824,0,,,,
1763,9/15/2017 23:00,70.651,0,,,,
1764,9/16/2017 0:00,70.48,0,,,,
1765,9/16/2017 1:00,70.308,0,,,,
1766,9/16/2017 2:00,70.308,0,,,,
1767,9/16/2017 3:00,70.137,0,,,,
1768,9/16/2017 4:00,69.964,0,,,,
1769,9/16/2017 5:00,69.964,0,,,,
1770,9/16/2017 6:00,69.793,0,,,,
1771,9/16/2017 7:00,69.793,0,,,,
1772,9/16/2017 8:00,69.793,2,,,,
1773,9/16/2017 9:00,69.793,11,,,,
1774,9/16/2017 10:00,69.964,16,,,,
1775,9/16/2017 11:00,70.651,19,,,,
1776,9/16/2017 12:00,71.339,60,,,,
1777,9/16/2017 13:00,70.824,113,,,,
1778,9/16/2017 14:00,71.512,144,,,,
1779,9/16/2017 15:00,72.372,160,,,,
1780,9/16/2017 16:00,71.856,6,,,,
1781,9/16/2017 17:00,71.512,6,,,,
1782,9/16/2017 18:00,72.199,2,,,,
1783,9/16/2017 19:00,72.028,0,,,,
1784,9/16/2017 20:00,71.339,0,,,,
1785,9/16/2017 21:00,71.168,0,,,,
1786,9/16/2017 22:00,70.995,0,,,,
1787,9/16/2017 23:00,71.512,0,,,,
1788,9/17/2017 0:00,71.339,0,,,,
1789,9/17/2017 1:00,71.168,0,,,,
1790,9/17/2017 2:00,70.824,0,,,,
1791,9/17/2017 3:00,70.651,0,,,,
1792,9/17/2017 4:00,70.48,0,,,,
1793,9/17/2017 5:00,70.48,0,,,,
1794,9/17/2017 6:00,70.308,0,,,,
1795,9/17/2017 7:00,70.308,0,,,,
1796,9/17/2017 8:00,70.137,2,,,,
1797,9/17/2017 9:00,70.137,19,,,,
1798,9/17/2017 10:00,70.48,46,,,,
1799,9/17/2017 11:00,70.995,72,,,,
1800,9/17/2017 12:00,70.651,53,,,,
1801,9/17/2017 13:00,70.824,91,,,,
1802,9/17/2017 14:00,70.308,128,,,,
1803,9/17/2017 15:00,70.48,70,,,,
1804,9/17/2017 16:00,69.964,8,,,,
1805,9/17/2017 17:00,69.964,5,,,,
1806,9/17/2017 18:00,72.199,3,,,,
1807,9/17/2017 19:00,71.683,0,,,,
1808,9/17/2017 20:00,71.683,0,,,,
1809,9/17/2017 21:00,71.856,0,,,,
1810,9/17/2017 22:00,71.683,0,,,,
1811,9/17/2017 23:00,71.856,0,,,,
1812,9/18/2017 0:00,71.856,0,,,,
1813,9/18/2017 1:00,71.339,0,,,,
1814,9/18/2017 2:00,71.339,0,,,,
1815,9/18/2017 3:00,71.339,0,,,,
1816,9/18/2017 4:00,71.339,0,,,,
1817,9/18/2017 5:00,71.512,0,,,,
1818,9/18/2017 6:00,71.856,0,,,,
1819,9/18/2017 7:00,71.856,0,,,,
1820,9/18/2017 8:00,71.856,0,,,,
1821,9/18/2017 9:00,72.199,1,,,,
1822,9/18/2017 10:00,72.372,16,,,,
1823,9/18/2017 11:00,72.545,24,,,,
1824,9/18/2017 12:00,72.891,16,,,,
1825,9/18/2017 13:00,72.891,16,,,,
1826,9/18/2017 14:00,73.234,26,,,,
1827,9/18/2017 15:00,73.926,15,,,,
1828,9/18/2017 16:00,73.926,11,,,,
1829,9/18/2017 17:00,73.926,5,,,,
1830,9/18/2017 18:00,73.753,7,,,,
1831,9/18/2017 19:00,73.58,3,,,,
1832,9/18/2017 20:00,73.58,0,,,,
1833,9/18/2017 21:00,73.407,0,,,,
1834,9/18/2017 22:00,73.234,0,,,,
1835,9/18/2017 23:00,73.062,0,,,,
1836,9/19/2017 0:00,73.062,0,,,,
1837,9/19/2017 1:00,72.891,0,,,,
1838,9/19/2017 2:00,72.718,0,,,,
1839,9/19/2017 3:00,72.545,0,,,,
1840,9/19/2017 4:00,72.372,0,,,,
1841,9/19/2017 5:00,72.372,0,,,,
1842,9/19/2017 6:00,72.199,0,,,,
1843,9/19/2017 7:00,72.028,0,,,,
1844,9/19/2017 8:00,72.028,3,,,,
1845,9/19/2017 9:00,71.856,8,,,,
1846,9/19/2017 10:00,72.028,5,,,,
1847,9/19/2017 11:00,71.856,2,,,,
1848,9/19/2017 12:00,71.856,2,,,,
1849,9/19/2017 13:00,71.856,14,,,,
1850,9/19/2017 14:00,72.028,18,,,,
1851,9/19/2017 15:00,72.372,18,,,,
1852,9/19/2017 16:00,72.372,21,,,,
1853,9/19/2017 17:00,72.545,11,,,,
1854,9/19/2017 18:00,72.372,3,,,,
1855,9/19/2017 19:00,72.372,0,,,,
1856,9/19/2017 20:00,72.372,0,,,,
1857,9/19/2017 21:00,72.372,0,,,,
1858,9/19/2017 22:00,72.199,0,,,,
1859,9/19/2017 23:00,72.199,0,,,,
1860,9/20/2017 0:00,72.028,0,,,,
1861,9/20/2017 1:00,71.683,0,,,,
1862,9/20/2017 2:00,71.683,0,,,,
1863,9/20/2017 3:00,71.512,0,,,,
1864,9/20/2017 4:00,71.512,0,,,,
1865,9/20/2017 5:00,71.512,0,,,,
1866,9/20/2017 6:00,71.339,0,,,,
1867,9/20/2017 7:00,71.339,0,,,,
1868,9/20/2017 8:00,71.339,0,,,,
1869,9/20/2017 9:00,71.339,2,,,,
1870,9/20/2017 10:00,71.339,10,,,,
1871,9/20/2017 11:00,72.372,12,,,,
1872,9/20/2017 12:00,72.891,38,,,,
1873,9/20/2017 13:00,73.58,144,,,,
1874,9/20/2017 14:00,73.58,41,,,,
1875,9/20/2017 15:00,73.407,16,,,,
1876,9/20/2017 16:00,74.446,8,,,,
1877,9/20/2017 17:00,72.891,6,,,,
1878,9/20/2017 18:00,73.58,2,,,,
1879,9/20/2017 19:00,73.926,0,,,,
1880,9/20/2017 20:00,72.891,0,,,,
1881,9/20/2017 21:00,74.271,0,,,,
1882,9/20/2017 22:00,74.098,0,,,,
1883,9/20/2017 23:00,74.271,0,,,,
1884,9/21/2017 0:00,74.098,0,,,,
1885,9/21/2017 1:00,73.926,0,,,,
1886,9/21/2017 2:00,73.753,0,,,,
1887,9/21/2017 3:00,73.58,0,,,,
1888,9/21/2017 4:00,73.234,0,,,,
1889,9/21/2017 5:00,73.062,0,,,,
1890,9/21/2017 6:00,72.891,0,,,,
1891,9/21/2017 7:00,72.718,0,,,,
1892,9/21/2017 8:00,72.718,2,,,,
1893,9/21/2017 9:00,72.891,30,,,,
1894,9/21/2017 10:00,73.407,45,,,,
1895,9/21/2017 11:00,73.926,44,,,,
1896,9/21/2017 12:00,73.753,89,,,,
1897,9/21/2017 13:00,73.58,168,,,,
1898,9/21/2017 14:00,73.753,168,,,,
1899,9/21/2017 15:00,73.753,18,,,,
1900,9/21/2017 16:00,73.753,11,,,,
1901,9/21/2017 17:00,74.619,8,,,,
1902,9/21/2017 18:00,75.312,3,,,,
1903,9/21/2017 19:00,75.139,0,,,,
1904,9/21/2017 20:00,74.964,0,,,,
1905,9/21/2017 21:00,75.832,0,,,,
1906,9/21/2017 22:00,76.006,0,,,,
1907,9/21/2017 23:00,76.006,0,,,,
1908,9/22/2017 0:00,75.832,0,,,,
1909,9/22/2017 1:00,75.484,0,,,,
1910,9/22/2017 2:00,75.312,0,,,,
1911,9/22/2017 3:00,74.964,0,,,,
1912,9/22/2017 4:00,74.791,0,,,,
1913,9/22/2017 5:00,74.446,0,,,,
1914,9/22/2017 6:00,74.446,0,,,,
1915,9/22/2017 7:00,74.271,0,,,,
1916,9/22/2017 8:00,74.098,2,,,,
1917,9/22/2017 9:00,74.271,24,,,,
1918,9/22/2017 10:00,74.619,39,,,,
1919,9/22/2017 11:00,75.832,75,,,,
1920,9/22/2017 12:00,76.354,113,,,,
1921,9/22/2017 13:00,76.528,128,,,,
1922,9/22/2017 14:00,77.4,144,,,,
1923,9/22/2017 15:00,81.09,136,,,,
1924,9/22/2017 16:00,80.735,13,,,,
1925,9/22/2017 17:00,81.797,4,,,,
1926,9/22/2017 18:00,81.442,3,,,,
1927,9/22/2017 19:00,78.975,0,,,,
1928,9/22/2017 20:00,78.274,0,,,,
1929,9/22/2017 21:00,77.749,0,,,,
1930,9/22/2017 22:00,77.225,0,,,,
1931,9/22/2017 23:00,76.703,0,,,,
1932,9/23/2017 0:00,76.006,0,,,,
1933,9/23/2017 1:00,76.181,0,,,,
1934,9/23/2017 2:00,76.006,0,,,,
1935,9/23/2017 3:00,75.659,0,,,,
1936,9/23/2017 4:00,75.312,0,,,,
1937,9/23/2017 5:00,75.312,0,,,,
1938,9/23/2017 6:00,74.964,0,,,,
1939,9/23/2017 7:00,74.791,0,,,,
1940,9/23/2017 8:00,74.791,3,,,,
1941,9/23/2017 9:00,74.964,19,,,,
1942,9/23/2017 10:00,75.139,71,,,,
1943,9/23/2017 11:00,75.659,46,,,,
1944,9/23/2017 12:00,76.006,48,,,,
1945,9/23/2017 13:00,75.832,60,,,,
1946,9/23/2017 14:00,75.659,123,,,,
1947,9/23/2017 15:00,76.528,53,,,,
1948,9/23/2017 16:00,77.923,12,,,,
1949,9/23/2017 17:00,78.098,2,,,,
1950,9/23/2017 18:00,77.05,2,,,,
1951,9/23/2017 19:00,76.006,0,,,,
1952,9/23/2017 20:00,75.659,0,,,,
1953,9/23/2017 21:00,75.659,0,,,,
1954,9/23/2017 22:00,74.964,0,,,,
1955,9/23/2017 23:00,74.964,0,,,,
1956,9/24/2017 0:00,75.484,0,,,,
1957,9/24/2017 1:00,75.484,0,,,,
1958,9/24/2017 2:00,74.964,0,,,,
1959,9/24/2017 3:00,75.312,0,,,,
1960,9/24/2017 4:00,75.484,0,,,,
1961,9/24/2017 5:00,75.312,0,,,,
1962,9/24/2017 6:00,75.484,0,,,,
1963,9/24/2017 7:00,75.484,0,,,,
1964,9/24/2017 8:00,75.484,3,,,,
1965,9/24/2017 9:00,75.659,11,,,,
1966,9/24/2017 10:00,76.181,37,,,,
1967,9/24/2017 11:00,76.528,65,,,,
1968,9/24/2017 12:00,76.703,109,,,,
1969,9/24/2017 13:00,76.876,103,,,,
1970,9/24/2017 14:00,76.703,95,,,,
1971,9/24/2017 15:00,76.703,31,,,,
1972,9/24/2017 16:00,76.876,7,,,,
1973,9/24/2017 17:00,78.975,1,,,,
1974,9/24/2017 18:00,78.449,1,,,,
1975,9/24/2017 19:00,78.098,0,,,,
1976,9/24/2017 20:00,77.749,0,,,,
1977,9/24/2017 21:00,77.4,0,,,,
1978,9/24/2017 22:00,77.225,0,,,,
1979,9/24/2017 23:00,76.876,0,,,,
1980,9/25/2017 0:00,76.703,0,,,,
1981,9/25/2017 1:00,76.528,0,,,,
1982,9/25/2017 2:00,76.354,0,,,,
1983,9/25/2017 3:00,76.181,0,,,,
1984,9/25/2017 4:00,76.006,0,,,,
1985,9/25/2017 5:00,76.006,0,,,,
1986,9/25/2017 6:00,75.832,0,,,,
1987,9/25/2017 7:00,75.832,0,,,,
1988,9/25/2017 8:00,75.832,3,,,,
1989,9/25/2017 9:00,76.006,25,,,,
1990,9/25/2017 10:00,76.181,31,,,,
1991,9/25/2017 11:00,77.574,67,,,,
1992,9/25/2017 12:00,78.449,97,,,,
1993,9/25/2017 13:00,79.151,63,,,,
1994,9/25/2017 14:00,78.8,19,,,,
1995,9/25/2017 15:00,79.151,47,,,,
1996,9/25/2017 16:00,80.559,10,,,,
1997,9/25/2017 17:00,80.029,4,,,,
1998,9/25/2017 18:00,79.502,3,,,,
1999,9/25/2017 19:00,78.975,0,,,,
2000,9/25/2017 20:00,78.624,0,,,,
2001,9/25/2017 21:00,78.449,0,,,,
2002,9/25/2017 22:00,77.923,0,,,,
2003,9/25/2017 23:00,77.923,0,,,,
2004,9/26/2017 0:00,77.749,0,,,,
2005,9/26/2017 1:00,77.4,0,,,,
2006,9/26/2017 2:00,77.225,0,,,,
2007,9/26/2017 3:00,77.225,0,,,,
2008,9/26/2017 4:00,77.05,0,,,,
2009,9/26/2017 5:00,76.876,0,,,,
2010,9/26/2017 6:00,76.703,0,,,,
2011,9/26/2017 7:00,76.528,0,,,,
2012,9/26/2017 8:00,76.528,2,,,,
2013,9/26/2017 9:00,76.876,22,,,,
2014,9/26/2017 10:00,77.749,48,,,,
2015,9/26/2017 11:00,78.274,64,,,,
2016,9/26/2017 12:00,78.624,83,,,,
2017,9/26/2017 13:00,78.274,96,,,,
2018,9/26/2017 14:00,78.449,100,,,,
2019,9/26/2017 15:00,78.449,73,,,,
2020,9/26/2017 16:00,79.151,4,,,,
2021,9/26/2017 17:00,79.151,4,,,,
2022,9/26/2017 18:00,79.678,2,,,,
2023,9/26/2017 19:00,79.853,0,,,,
2024,9/26/2017 20:00,80.206,0,,,,
2025,9/26/2017 21:00,80.029,0,,,,
2026,9/26/2017 22:00,80.029,0,,,,
2027,9/26/2017 23:00,79.853,0,,,,
2028,9/27/2017 0:00,79.678,0,,,,
2029,9/27/2017 1:00,79.326,0,,,,
2030,9/27/2017 2:00,78.975,0,,,,
2031,9/27/2017 3:00,78.624,0,,,,
2032,9/27/2017 4:00,78.449,0,,,,
2033,9/27/2017 5:00,78.274,0,,,,
2034,9/27/2017 6:00,78.098,0,,,,
2035,9/27/2017 7:00,77.923,0,,,,
2036,9/27/2017 8:00,77.749,0,,,,
2037,9/27/2017 9:00,77.749,1,,,,
2038,9/27/2017 10:00,77.749,18,,,,
2039,9/27/2017 11:00,77.749,2,,,,
2040,9/27/2017 12:00,77.749,8,,,,
2041,9/27/2017 13:00,78.449,72,,,,
2042,9/27/2017 14:00,78.8,105,,,,
2043,9/27/2017 15:00,79.326,91,,,,
2044,9/27/2017 16:00,78.975,7,,,,
2045,9/27/2017 17:00,78.624,6,,,,
2046,9/27/2017 18:00,78.624,3,,,,
2047,9/27/2017 19:00,78.274,0,,,,
2048,9/27/2017 20:00,77.923,0,,,,
2049,9/27/2017 21:00,77.574,0,,,,
2050,9/27/2017 22:00,77.4,0,,,,
2051,9/27/2017 23:00,77.225,0,,,,
2052,9/28/2017 0:00,77.05,0,,,,
2053,9/28/2017 1:00,76.876,0,,,,
2054,9/28/2017 2:00,76.703,0,,,,
2055,9/28/2017 3:00,76.528,0,,,,
2056,9/28/2017 4:00,76.354,0,,,,
2057,9/28/2017 5:00,76.181,0,,,,
2058,9/28/2017 6:00,76.006,0,,,,
2059,9/28/2017 7:00,75.832,0,,,,
2060,9/28/2017 8:00,75.659,2,,,,
2061,9/28/2017 9:00,75.659,12,,,,
2062,9/28/2017 10:00,75.659,35,,,,
2063,9/28/2017 11:00,75.484,13,,,,
2064,9/28/2017 12:00,75.484,21,,,,
2065,9/28/2017 13:00,75.312,7,,,,
2066,9/28/2017 14:00,75.312,11,,,,
2067,9/28/2017 15:00,75.312,15,,,,
2068,9/28/2017 16:00,75.312,4,,,,
2069,9/28/2017 17:00,75.139,2,,,,
2070,9/28/2017 18:00,75.139,0,,,,
2071,9/28/2017 19:00,74.964,0,,,,
2072,9/28/2017 20:00,74.964,0,,,,
2073,9/28/2017 21:00,74.964,0,,,,
2074,9/28/2017 22:00,74.791,0,,,,
2075,9/28/2017 23:00,74.791,0,,,,
2076,9/29/2017 0:00,74.619,0,,,,
2077,9/29/2017 1:00,74.446,0,,,,
2078,9/29/2017 2:00,74.271,0,,,,
2079,9/29/2017 3:00,74.098,0,,,,
2080,9/29/2017 4:00,74.098,0,,,,
2081,9/29/2017 5:00,73.753,0,,,,
2082,9/29/2017 6:00,73.753,0,,,,
2083,9/29/2017 7:00,73.58,0,,,,
2084,9/29/2017 8:00,73.407,0,,,,
2085,9/29/2017 9:00,73.234,1,,,,
2086,9/29/2017 10:00,73.407,10,,,,
2087,9/29/2017 11:00,73.58,32,,,,
2088,9/29/2017 12:00,74.271,10,,,,
2089,9/29/2017 13:00,74.098,53,,,,
2090,9/29/2017 14:00,74.098,4,,,,
2091,9/29/2017 15:00,73.753,8,,,,
2092,9/29/2017 16:00,73.407,5,,,,
2093,9/29/2017 17:00,73.234,5,,,,
2094,9/29/2017 18:00,72.891,1,,,,
2095,9/29/2017 19:00,72.718,0,,,,
2096,9/29/2017 20:00,72.545,0,,,,
2097,9/29/2017 21:00,72.545,0,,,,
2098,9/29/2017 22:00,72.372,0,,,,
2099,9/29/2017 23:00,72.199,0,,,,
2100,9/30/2017 0:00,72.028,0,,,,
2101,9/30/2017 1:00,72.028,0,,,,
2102,9/30/2017 2:00,71.856,0,,,,
2103,9/30/2017 3:00,71.683,0,,,,
2104,9/30/2017 4:00,71.512,0,,,,
2105,9/30/2017 5:00,71.512,0,,,,
2106,9/30/2017 6:00,71.339,0,,,,
2107,9/30/2017 7:00,71.168,0,,,,
2108,9/30/2017 8:00,71.168,3,,,,
2109,9/30/2017 9:00,70.995,11,,,,
2110,9/30/2017 10:00,71.168,27,,,,
2111,9/30/2017 11:00,71.512,35,,,,
2112,9/30/2017 12:00,72.199,40,,,,
2113,9/30/2017 13:00,72.545,48,,,,
2114,9/30/2017 14:00,72.891,54,,,,
2115,9/30/2017 15:00,72.718,40,,,,
2116,9/30/2017 16:00,72.718,1,,,,
2117,9/30/2017 17:00,72.718,1,,,,
2118,9/30/2017 18:00,72.545,1,,,,
2119,9/30/2017 19:00,72.199,0,,,,
2120,9/30/2017 20:00,72.199,0,,,,
2121,9/30/2017 21:00,72.028,0,,,,
2122,9/30/2017 22:00,71.856,0,,,,
2123,9/30/2017 23:00,71.512,0,,,,
2124,10/1/2017 0:00,71.339,0,,,,
2125,10/1/2017 1:00,70.995,0,,,,
2126,10/1/2017 2:00,70.651,0,,,,
2127,10/1/2017 3:00,70.48,0,,,,
2128,10/1/2017 4:00,70.308,0,,,,
2129,10/1/2017 5:00,70.137,0,,,,
2130,10/1/2017 6:00,69.964,0,,,,
2131,10/1/2017 7:00,69.793,0,,,,
2132,10/1/2017 8:00,69.622,2,,,,
2133,10/1/2017 9:00,69.622,9,,,,
2134,10/1/2017 10:00,69.964,22,,,,
2135,10/1/2017 11:00,70.48,30,,,,
2136,10/1/2017 12:00,70.651,41,,,,
2137,10/1/2017 13:00,71.168,36,,,,
2138,10/1/2017 14:00,71.339,33,,,,
2139,10/1/2017 15:00,71.339,30,,,,
2140,10/1/2017 16:00,71.168,3,,,,
2141,10/1/2017 17:00,71.168,2,,,,
2142,10/1/2017 18:00,70.824,2,,,,
2143,10/1/2017 19:00,70.651,0,,,,
2144,10/1/2017 20:00,70.48,0,,,,
2145,10/1/2017 21:00,70.137,0,,,,
2146,10/1/2017 22:00,70.137,0,,,,
2147,10/1/2017 23:00,69.793,0,,,,
2148,10/2/2017 0:00,69.622,0,,,,
2149,10/2/2017 1:00,69.449,0,,,,
2150,10/2/2017 2:00,69.449,0,,,,
2151,10/2/2017 3:00,69.278,0,,,,
2152,10/2/2017 4:00,69.107,0,,,,
2153,10/2/2017 5:00,68.934,0,,,,
2154,10/2/2017 6:00,68.934,0,,,,
2155,10/2/2017 7:00,68.934,0,,,,
2156,10/2/2017 8:00,68.763,3,,,,
2157,10/2/2017 9:00,68.763,8,,,,
2158,10/2/2017 10:00,69.107,20,,,,
2159,10/2/2017 11:00,69.622,28,,,,
2160,10/2/2017 12:00,70.308,34,,,,
2161,10/2/2017 13:00,70.651,30,,,,
2162,10/2/2017 14:00,70.995,34,,,,
2163,10/2/2017 15:00,70.995,17,,,,
2164,10/2/2017 16:00,70.824,4,,,,
2165,10/2/2017 17:00,70.824,2,,,,
2166,10/2/2017 18:00,70.651,0,,,,
2167,10/2/2017 19:00,70.308,0,,,,
2168,10/2/2017 20:00,69.964,0,,,,
2169,10/2/2017 21:00,69.793,0,,,,
2170,10/2/2017 22:00,69.793,0,,,,
2171,10/2/2017 23:00,69.622,0,,,,
2172,10/3/2017 0:00,69.449,0,,,,
2173,10/3/2017 1:00,69.278,0,,,,
2174,10/3/2017 2:00,69.107,0,,,,
2175,10/3/2017 3:00,69.107,0,,,,
2176,10/3/2017 4:00,68.763,0,,,,
2177,10/3/2017 5:00,68.763,0,,,,
2178,10/3/2017 6:00,68.592,0,,,,
2179,10/3/2017 7:00,68.421,0,,,,
2180,10/3/2017 8:00,68.421,2,,,,
2181,10/3/2017 9:00,68.421,7,,,,
2182,10/3/2017 10:00,68.592,8,,,,
2183,10/3/2017 11:00,68.934,26,,,,
2184,10/3/2017 12:00,69.964,28,,,,
2185,10/3/2017 13:00,69.964,28,,,,
2186,10/3/2017 14:00,69.793,34,,,,
2187,10/3/2017 15:00,70.48,24,,,,
2188,10/3/2017 16:00,69.278,1,,,,
2189,10/3/2017 17:00,69.964,0,,,,
2190,10/3/2017 18:00,68.592,2,,,,
2191,10/3/2017 19:00,68.421,0,,,,
2192,10/3/2017 20:00,68.592,0,,,,
2193,10/3/2017 21:00,69.278,0,,,,
2194,10/3/2017 22:00,69.793,0,,,,
2195,10/3/2017 23:00,69.622,0,,,,
2196,10/4/2017 0:00,69.622,0,,,,
2197,10/4/2017 1:00,69.449,0,,,,
2198,10/4/2017 2:00,69.278,0,,,,
2199,10/4/2017 3:00,69.107,0,,,,
2200,10/4/2017 4:00,68.934,0,,,,
2201,10/4/2017 5:00,68.934,0,,,,
2202,10/4/2017 6:00,68.763,0,,,,
2203,10/4/2017 7:00,68.763,0,,,,
2204,10/4/2017 8:00,68.763,0,,,,
2205,10/4/2017 9:00,68.934,10,,,,
2206,10/4/2017 10:00,69.107,2,,,,
2207,10/4/2017 11:00,69.449,11,,,,
2208,10/4/2017 12:00,69.107,5,,,,
2209,10/4/2017 13:00,69.107,3,,,,
2210,10/4/2017 14:00,69.278,9,,,,
2211,10/4/2017 15:00,69.278,5,,,,
2212,10/4/2017 16:00,69.449,5,,,,
2213,10/4/2017 17:00,70.651,2,,,,
2214,10/4/2017 18:00,70.137,1,,,,
2215,10/4/2017 19:00,69.964,0,,,,
2216,10/4/2017 20:00,69.964,0,,,,
2217,10/4/2017 21:00,69.964,0,,,,
2218,10/4/2017 22:00,69.964,0,,,,
2219,10/4/2017 23:00,69.793,0,,,,
2220,10/5/2017 0:00,69.793,0,,,,
2221,10/5/2017 1:00,69.622,0,,,,
2222,10/5/2017 2:00,69.449,0,,,,
2223,10/5/2017 3:00,69.449,0,,,,
2224,10/5/2017 4:00,69.278,0,,,,
2225,10/5/2017 5:00,69.278,0,,,,
2226,10/5/2017 6:00,69.107,0,,,,
2227,10/5/2017 7:00,69.107,0,,,,
2228,10/5/2017 8:00,68.934,1,,,,
2229,10/5/2017 9:00,69.107,10,,,,
2230,10/5/2017 10:00,69.278,16,,,,
2231,10/5/2017 11:00,69.622,25,,,,
2232,10/5/2017 12:00,70.48,31,,,,
2233,10/5/2017 13:00,70.48,32,,,,
2234,10/5/2017 13:51,,,Logged,Logged,,Logged
