#,"Date Time, GMT-04:00",Temp,Intensity,Coupler Attached (LGR S/N: 20019432),Host Connected (LGR S/N: 20019432),Coupler Detached (LGR S/N: 20019432),End Of File (LGR S/N: 20019432)
1,7/4/2017 20:00,86.097,0,,,,
2,7/4/2017 21:00,84.474,0,,,,
3,7/4/2017 22:00,82.33,0,,,,
4,7/4/2017 23:00,80.029,0,,,,
5,7/5/2017 0:00,77.574,0,,,,
6,7/5/2017 1:00,75.484,0,,,,
7,7/5/2017 2:00,73.407,0,,,,
8,7/5/2017 3:00,71.512,0,,,,
9,7/5/2017 4:00,69.622,0,,,,
10,7/5/2017 5:00,67.906,0,,,,
11,7/5/2017 6:00,66.537,0,,,,
12,7/5/2017 7:00,65.338,0,,,,
13,7/5/2017 8:00,68.421,0,,,,
14,7/5/2017 9:00,71.683,0,,,,
15,7/5/2017 10:00,72.545,0,,,,
16,7/5/2017 11:00,77.225,0,,,,
17,7/5/2017 12:00,84.115,0,,,,
18,7/5/2017 13:00,87.368,0,,,,
19,7/5/2017 14:00,88.282,0,,,,
20,7/5/2017 15:00,98.503,0,,,,
21,7/5/2017 16:00,103.923,0,,,,
22,7/5/2017 17:00,102.697,0,,,,
23,7/5/2017 18:00,99.489,0,,,,
24,7/5/2017 19:00,95.59,0,,,,
25,7/5/2017 20:00,92.174,0,,,,
26,7/5/2017 21:00,88.65,0,,,,
27,7/5/2017 22:00,85.014,0,,,,
28,7/5/2017 23:00,81.975,0,,,,
29,7/6/2017 0:00,79.502,0,,,,
30,7/6/2017 1:00,77.4,0,,,,
31,7/6/2017 2:00,75.139,0,,,,
32,7/6/2017 3:00,73.234,0,,,,
33,7/6/2017 4:00,71.512,0,,,,
34,7/6/2017 5:00,69.964,0,,,,
35,7/6/2017 6:00,68.592,0,,,,
36,7/6/2017 7:00,72.199,0,,,,
37,7/6/2017 8:00,73.407,0,,,,
38,7/6/2017 9:00,75.484,0,,,,
39,7/6/2017 10:00,80.206,8,,,,
40,7/6/2017 11:00,78.975,336,,,,
41,7/6/2017 12:00,80.559,576,,,,
42,7/6/2017 13:00,83.043,480,,,,
43,7/6/2017 14:00,83.757,416,,,,
44,7/6/2017 15:00,84.474,5120,,,,
45,7/6/2017 16:00,84.834,576,,,,
46,7/6/2017 17:00,87.004,480,,,,
47,7/6/2017 18:00,86.823,288,,,,
48,7/6/2017 19:00,86.459,192,,,,
49,7/6/2017 20:00,85.194,896,,,,
50,7/6/2017 21:00,84.295,7,,,,
51,7/6/2017 22:00,83.579,0,,,,
52,7/6/2017 23:00,82.864,0,,,,
53,7/7/2017 0:00,82.508,0,,,,
54,7/7/2017 1:00,82.152,0,,,,
55,7/7/2017 2:00,81.621,0,,,,
56,7/7/2017 3:00,81.442,0,,,,
57,7/7/2017 4:00,81.266,0,,,,
58,7/7/2017 5:00,80.911,0,,,,
59,7/7/2017 6:00,80.735,0,,,,
60,7/7/2017 7:00,80.735,9,,,,
61,7/7/2017 8:00,80.735,34,,,,
62,7/7/2017 9:00,80.382,152,,,,
63,7/7/2017 10:00,81.09,480,,,,
64,7/7/2017 11:00,80.735,224,,,,
65,7/7/2017 12:00,80.559,109,,,,
66,7/7/2017 13:00,80.735,224,,,,
67,7/7/2017 14:00,81.09,368,,,,
68,7/7/2017 15:00,81.266,352,,,,
69,7/7/2017 16:00,81.621,496,,,,
70,7/7/2017 17:00,81.442,368,,,,
71,7/7/2017 18:00,82.508,256,,,,
72,7/7/2017 19:00,81.975,464,,,,
73,7/7/2017 20:00,81.621,256,,,,
74,7/7/2017 21:00,81.09,16,,,,
75,7/7/2017 22:00,80.559,0,,,,
76,7/7/2017 23:00,80.382,0,,,,
77,7/8/2017 0:00,80.029,0,,,,
78,7/8/2017 1:00,79.853,0,,,,
79,7/8/2017 2:00,79.502,0,,,,
80,7/8/2017 3:00,79.151,0,,,,
81,7/8/2017 4:00,78.975,0,,,,
82,7/8/2017 5:00,78.449,0,,,,
83,7/8/2017 6:00,78.274,0,,,,
84,7/8/2017 7:00,78.098,21,,,,
85,7/8/2017 8:00,77.923,33,,,,
86,7/8/2017 9:00,77.923,45,,,,
87,7/8/2017 10:00,78.975,128,,,,
88,7/8/2017 11:00,80.382,960,,,,
89,7/8/2017 12:00,80.911,480,,,,
90,7/8/2017 13:00,81.621,384,,,,
91,7/8/2017 14:00,82.152,432,,,,
92,7/8/2017 15:00,82.864,216,,,,
93,7/8/2017 16:00,82.686,1152,,,,
94,7/8/2017 17:00,83.757,768,,,,
95,7/8/2017 18:00,82.33,1024,,,,
96,7/8/2017 19:00,81.975,608,,,,
97,7/8/2017 20:00,80.911,200,,,,
98,7/8/2017 21:00,80.382,21,,,,
99,7/8/2017 22:00,80.029,0,,,,
100,7/8/2017 23:00,79.502,0,,,,
101,7/9/2017 0:00,79.151,0,,,,
102,7/9/2017 1:00,78.8,0,,,,
103,7/9/2017 2:00,78.274,0,,,,
104,7/9/2017 3:00,78.098,0,,,,
105,7/9/2017 4:00,77.749,0,,,,
106,7/9/2017 5:00,77.749,0,,,,
107,7/9/2017 6:00,77.4,0,,,,
108,7/9/2017 7:00,77.225,14,,,,
109,7/9/2017 8:00,77.225,30,,,,
110,7/9/2017 9:00,77.574,40,,,,
111,7/9/2017 10:00,78.449,240,,,,
112,7/9/2017 11:00,79.678,384,,,,
113,7/9/2017 12:00,80.559,352,,,,
114,7/9/2017 13:00,81.266,160,,,,
115,7/9/2017 14:00,81.797,184,,,,
116,7/9/2017 15:00,83.757,704,,,,
117,7/9/2017 16:00,84.295,288,,,,
118,7/9/2017 17:00,84.115,480,,,,
119,7/9/2017 18:00,83.579,248,,,,
120,7/9/2017 19:00,83.221,176,,,,
121,7/9/2017 20:00,81.975,61,,,,
122,7/9/2017 21:00,80.911,4,,,,
123,7/9/2017 22:00,80.382,0,,,,
124,7/9/2017 23:00,80.029,0,,,,
125,7/10/2017 0:00,79.678,0,,,,
126,7/10/2017 1:00,79.326,0,,,,
127,7/10/2017 2:00,78.975,0,,,,
128,7/10/2017 3:00,78.8,0,,,,
129,7/10/2017 4:00,78.274,0,,,,
130,7/10/2017 5:00,77.923,0,,,,
131,7/10/2017 6:00,77.923,0,,,,
132,7/10/2017 7:00,77.574,6,,,,
133,7/10/2017 8:00,77.749,45,,,,
134,7/10/2017 9:00,77.4,2,,,,
135,7/10/2017 10:00,77.225,8,,,,
136,7/10/2017 11:00,77.05,29,,,,
137,7/10/2017 12:00,77.4,22,,,,
138,7/10/2017 13:00,77.749,99,,,,
139,7/10/2017 14:00,77.749,93,,,,
140,7/10/2017 15:00,78.098,232,,,,
141,7/10/2017 16:00,78.624,98,,,,
142,7/10/2017 17:00,79.326,232,,,,
143,7/10/2017 18:00,80.029,480,,,,
144,7/10/2017 19:00,80.029,110,,,,
145,7/10/2017 20:00,79.502,29,,,,
146,7/10/2017 21:00,79.151,5,,,,
147,7/10/2017 22:00,78.8,0,,,,
148,7/10/2017 23:00,78.274,0,,,,
149,7/11/2017 0:00,77.923,0,,,,
150,7/11/2017 1:00,77.574,0,,,,
151,7/11/2017 2:00,77.4,0,,,,
152,7/11/2017 3:00,77.225,0,,,,
153,7/11/2017 4:00,77.574,0,,,,
154,7/11/2017 5:00,77.574,0,,,,
155,7/11/2017 6:00,77.4,0,,,,
156,7/11/2017 7:00,77.4,10,,,,
157,7/11/2017 8:00,77.4,66,,,,
158,7/11/2017 9:00,77.749,97,,,,
159,7/11/2017 10:00,78.449,176,,,,
160,7/11/2017 11:00,79.151,416,,,,
161,7/11/2017 12:00,80.029,184,,,,
162,7/11/2017 13:00,81.442,304,,,,
163,7/11/2017 14:00,82.33,240,,,,
164,7/11/2017 15:00,83.221,352,,,,
165,7/11/2017 16:00,83.757,336,,,,
166,7/11/2017 17:00,84.115,480,,,,
167,7/11/2017 18:00,85.374,496,,,,
168,7/11/2017 19:00,85.554,496,,,,
169,7/11/2017 20:00,85.374,15,,,,
170,7/11/2017 21:00,83.935,0,,,,
171,7/11/2017 22:00,82.686,0,,,,
172,7/11/2017 23:00,82.152,0,,,,
173,7/12/2017 0:00,81.797,0,,,,
174,7/12/2017 1:00,81.442,0,,,,
175,7/12/2017 2:00,81.09,0,,,,
176,7/12/2017 3:00,80.911,0,,,,
177,7/12/2017 4:00,80.382,0,,,,
178,7/12/2017 5:00,80.029,0,,,,
179,7/12/2017 6:00,79.678,0,,,,
180,7/12/2017 7:00,79.678,10,,,,
181,7/12/2017 8:00,79.502,32,,,,
182,7/12/2017 9:00,79.502,62,,,,
183,7/12/2017 10:00,79.678,192,,,,
184,7/12/2017 11:00,80.206,256,,,,
185,7/12/2017 12:00,80.206,208,,,,
186,7/12/2017 13:00,80.206,107,,,,
187,7/12/2017 14:00,80.206,84,,,,
188,7/12/2017 15:00,80.382,128,,,,
189,7/12/2017 16:00,80.911,1024,,,,
190,7/12/2017 17:00,81.09,480,,,,
191,7/12/2017 18:00,81.266,448,,,,
192,7/12/2017 19:00,81.266,59,,,,
193,7/12/2017 20:00,81.442,64,,,,
194,7/12/2017 21:00,80.735,4,,,,
195,7/12/2017 22:00,80.559,0,,,,
196,7/12/2017 23:00,80.382,0,,,,
197,7/13/2017 0:00,80.029,0,,,,
198,7/13/2017 1:00,79.678,0,,,,
199,7/13/2017 2:00,79.502,0,,,,
200,7/13/2017 3:00,79.502,0,,,,
201,7/13/2017 4:00,79.151,0,,,,
202,7/13/2017 5:00,78.975,0,,,,
203,7/13/2017 6:00,78.975,0,,,,
204,7/13/2017 7:00,78.975,10,,,,
205,7/13/2017 8:00,78.975,46,,,,
206,7/13/2017 9:00,78.975,152,,,,
207,7/13/2017 10:00,78.975,86,,,,
208,7/13/2017 11:00,78.975,114,,,,
209,7/13/2017 12:00,79.326,224,,,,
210,7/13/2017 13:00,80.206,216,,,,
211,7/13/2017 14:00,80.206,144,,,,
212,7/13/2017 15:00,80.206,368,,,,
213,7/13/2017 16:00,81.621,960,,,,
214,7/13/2017 17:00,80.911,128,,,,
215,7/13/2017 18:00,81.09,320,,,,
216,7/13/2017 19:00,81.442,89,,,,
217,7/13/2017 20:00,80.911,94,,,,
218,7/13/2017 21:00,79.502,13,,,,
219,7/13/2017 22:00,79.326,0,,,,
220,7/13/2017 23:00,79.502,0,,,,
221,7/14/2017 0:00,79.326,0,,,,
222,7/14/2017 1:00,79.151,0,,,,
223,7/14/2017 2:00,78.975,0,,,,
224,7/14/2017 3:00,78.8,0,,,,
225,7/14/2017 4:00,78.624,0,,,,
226,7/14/2017 5:00,78.449,0,,,,
227,7/14/2017 6:00,78.274,0,,,,
228,7/14/2017 7:00,78.098,17,,,,
229,7/14/2017 8:00,78.098,41,,,,
230,7/14/2017 9:00,78.274,90,,,,
231,7/14/2017 10:00,78.8,224,,,,
232,7/14/2017 11:00,80.911,352,,,,
233,7/14/2017 12:00,80.911,160,,,,
234,7/14/2017 13:00,81.266,512,,,,
235,7/14/2017 14:00,81.975,608,,,,
236,7/14/2017 15:00,82.686,512,,,,
237,7/14/2017 16:00,83.043,800,,,,
238,7/14/2017 17:00,82.508,704,,,,
239,7/14/2017 18:00,82.152,1088,,,,
240,7/14/2017 19:00,82.152,464,,,,
241,7/14/2017 20:00,81.266,62,,,,
242,7/14/2017 21:00,80.911,8,,,,
243,7/14/2017 22:00,80.559,0,,,,
244,7/14/2017 23:00,80.206,0,,,,
245,7/15/2017 0:00,79.678,0,,,,
246,7/15/2017 1:00,79.502,0,,,,
247,7/15/2017 2:00,79.151,0,,,,
248,7/15/2017 3:00,78.975,0,,,,
249,7/15/2017 4:00,78.8,0,,,,
250,7/15/2017 5:00,78.624,0,,,,
251,7/15/2017 6:00,78.274,0,,,,
252,7/15/2017 7:00,78.098,20,,,,
253,7/15/2017 8:00,77.923,60,,,,
254,7/15/2017 9:00,77.923,64,,,,
255,7/15/2017 10:00,78.624,232,,,,
256,7/15/2017 11:00,80.206,384,,,,
257,7/15/2017 12:00,80.735,480,,,,
258,7/15/2017 13:00,82.33,512,,,,
259,7/15/2017 14:00,84.474,576,,,,
260,7/15/2017 15:00,86.277,1024,,,,
261,7/15/2017 16:00,87.552,1216,,,,
262,7/15/2017 17:00,87.186,168,,,,
263,7/15/2017 18:00,87.915,4864,,,,
264,7/15/2017 19:00,87.186,304,,,,
265,7/15/2017 20:00,85.735,160,,,,
266,7/15/2017 21:00,84.474,10,,,,
267,7/15/2017 22:00,83.399,0,,,,
268,7/15/2017 23:00,82.152,0,,,,
269,7/16/2017 0:00,81.442,0,,,,
270,7/16/2017 1:00,81.266,0,,,,
271,7/16/2017 2:00,80.911,0,,,,
272,7/16/2017 3:00,80.559,0,,,,
273,7/16/2017 4:00,80.382,0,,,,
274,7/16/2017 5:00,80.206,0,,,,
275,7/16/2017 6:00,79.853,0,,,,
276,7/16/2017 7:00,79.502,27,,,,
277,7/16/2017 8:00,79.151,66,,,,
278,7/16/2017 9:00,79.502,78,,,,
279,7/16/2017 10:00,80.382,320,,,,
280,7/16/2017 11:00,80.735,256,,,,
281,7/16/2017 12:00,81.797,896,,,,
282,7/16/2017 13:00,82.152,352,,,,
283,7/16/2017 14:00,82.864,320,,,,
284,7/16/2017 15:00,83.043,288,,,,
285,7/16/2017 16:00,84.295,672,,,,
286,7/16/2017 17:00,84.834,512,,,,
287,7/16/2017 18:00,83.579,448,,,,
288,7/16/2017 19:00,83.221,464,,,,
289,7/16/2017 20:00,82.686,192,,,,
290,7/16/2017 21:00,81.797,12,,,,
291,7/16/2017 22:00,81.442,0,,,,
292,7/16/2017 23:00,81.09,0,,,,
293,7/17/2017 0:00,80.559,0,,,,
294,7/17/2017 1:00,80.382,0,,,,
295,7/17/2017 2:00,80.206,0,,,,
296,7/17/2017 3:00,79.853,0,,,,
297,7/17/2017 4:00,79.151,0,,,,
298,7/17/2017 5:00,78.8,0,,,,
299,7/17/2017 6:00,78.8,0,,,,
300,7/17/2017 7:00,78.449,24,,,,
301,7/17/2017 8:00,78.274,42,,,,
302,7/17/2017 9:00,78.624,144,,,,
303,7/17/2017 10:00,79.151,336,,,,
304,7/17/2017 11:00,80.559,400,,,,
305,7/17/2017 12:00,81.266,432,,,,
306,7/17/2017 13:00,82.33,896,,,,
307,7/17/2017 14:00,82.508,480,,,,
308,7/17/2017 15:00,83.399,896,,,,
309,7/17/2017 16:00,86.823,704,,,,
310,7/17/2017 17:00,87.368,672,,,,
311,7/17/2017 18:00,88.099,480,,,,
312,7/17/2017 19:00,86.641,368,,,,
313,7/17/2017 20:00,86.459,136,,,,
314,7/17/2017 21:00,84.654,9,,,,
315,7/17/2017 22:00,83.043,0,,,,
316,7/17/2017 23:00,81.797,0,,,,
317,7/18/2017 0:00,80.911,0,,,,
318,7/18/2017 1:00,80.911,0,,,,
319,7/18/2017 2:00,80.382,0,,,,
320,7/18/2017 3:00,80.029,0,,,,
321,7/18/2017 4:00,79.853,0,,,,
322,7/18/2017 5:00,79.678,0,,,,
323,7/18/2017 6:00,79.502,0,,,,
324,7/18/2017 7:00,79.502,21,,,,
325,7/18/2017 8:00,79.326,38,,,,
326,7/18/2017 9:00,79.326,48,,,,
327,7/18/2017 10:00,80.559,184,,,,
328,7/18/2017 11:00,81.797,400,,,,
329,7/18/2017 12:00,82.686,320,,,,
330,7/18/2017 13:00,85.014,608,,,,
331,7/18/2017 14:00,85.014,288,,,,
332,7/18/2017 15:00,87.186,992,,,,
333,7/18/2017 16:00,87.552,768,,,,
334,7/18/2017 17:00,89.017,864,,,,
335,7/18/2017 18:00,88.833,992,,,,
336,7/18/2017 19:00,87.915,864,,,,
337,7/18/2017 20:00,86.823,176,,,,
338,7/18/2017 21:00,86.277,6,,,,
339,7/18/2017 22:00,85.735,0,,,,
340,7/18/2017 23:00,85.014,0,,,,
341,7/19/2017 0:00,84.474,0,,,,
342,7/19/2017 1:00,84.295,0,,,,
343,7/19/2017 2:00,83.579,0,,,,
344,7/19/2017 3:00,83.221,0,,,,
345,7/19/2017 4:00,82.864,0,,,,
346,7/19/2017 5:00,82.33,0,,,,
347,7/19/2017 6:00,82.152,0,,,,
348,7/19/2017 7:00,81.797,11,,,,
349,7/19/2017 8:00,81.797,51,,,,
350,7/19/2017 9:00,81.621,93,,,,
351,7/19/2017 10:00,82.152,128,,,,
352,7/19/2017 11:00,83.579,704,,,,
353,7/19/2017 12:00,84.834,864,,,,
354,7/19/2017 13:00,86.459,960,,,,
355,7/19/2017 14:00,86.459,768,,,,
356,7/19/2017 15:00,87.552,160,,,,
357,7/19/2017 16:00,89.2,768,,,,
358,7/19/2017 17:00,89.938,320,,,,
359,7/19/2017 18:00,87.733,152,,,,
360,7/19/2017 19:00,87.186,115,,,,
361,7/19/2017 20:00,86.641,320,,,,
362,7/19/2017 21:00,86.097,3,,,,
363,7/19/2017 22:00,85.014,0,,,,
364,7/19/2017 23:00,84.654,0,,,,
365,7/20/2017 0:00,84.474,0,,,,
366,7/20/2017 1:00,84.474,0,,,,
367,7/20/2017 2:00,84.115,0,,,,
368,7/20/2017 3:00,83.757,0,,,,
369,7/20/2017 4:00,83.757,0,,,,
370,7/20/2017 5:00,83.579,0,,,,
371,7/20/2017 6:00,83.399,0,,,,
372,7/20/2017 7:00,83.221,25,,,,
373,7/20/2017 8:00,83.221,82,,,,
374,7/20/2017 9:00,83.221,128,,,,
375,7/20/2017 10:00,83.399,384,,,,
376,7/20/2017 11:00,83.757,432,,,,
377,7/20/2017 12:00,84.474,480,,,,
378,7/20/2017 13:00,85.014,672,,,,
379,7/20/2017 14:00,85.374,400,,,,
380,7/20/2017 15:00,85.554,672,,,,
381,7/20/2017 16:00,86.277,480,,,,
382,7/20/2017 17:00,86.641,256,,,,
383,7/20/2017 18:00,87.186,800,,,,
384,7/20/2017 19:00,87.368,272,,,,
385,7/20/2017 20:00,87.004,123,,,,
386,7/20/2017 21:00,86.277,11,,,,
387,7/20/2017 22:00,85.735,0,,,,
388,7/20/2017 23:00,85.194,0,,,,
389,7/21/2017 0:00,84.834,0,,,,
390,7/21/2017 1:00,84.654,0,,,,
391,7/21/2017 2:00,84.295,0,,,,
392,7/21/2017 3:00,84.115,0,,,,
393,7/21/2017 4:00,83.757,0,,,,
394,7/21/2017 5:00,83.579,0,,,,
395,7/21/2017 6:00,83.399,0,,,,
396,7/21/2017 7:00,83.043,18,,,,
397,7/21/2017 8:00,83.043,64,,,,
398,7/21/2017 9:00,83.221,128,,,,
399,7/21/2017 10:00,83.579,184,,,,
400,7/21/2017 11:00,83.579,152,,,,
401,7/21/2017 12:00,85.014,464,,,,
402,7/21/2017 13:00,85.374,416,,,,
403,7/21/2017 14:00,86.097,768,,,,
404,7/21/2017 15:00,86.823,672,,,,
405,7/21/2017 16:00,90.68,960,,,,
406,7/21/2017 17:00,89.017,480,,,,
407,7/21/2017 18:00,89.569,464,,,,
408,7/21/2017 19:00,89.384,114,,,,
409,7/21/2017 20:00,88.282,53,,,,
410,7/21/2017 21:00,87.733,1,,,,
411,7/21/2017 22:00,87.368,0,,,,
412,7/21/2017 23:00,87.004,0,,,,
413,7/22/2017 0:00,86.459,0,,,,
414,7/22/2017 1:00,85.915,0,,,,
415,7/22/2017 2:00,85.554,0,,,,
416,7/22/2017 3:00,85.194,0,,,,
417,7/22/2017 4:00,84.834,0,,,,
418,7/22/2017 5:00,84.474,0,,,,
419,7/22/2017 6:00,84.295,0,,,,
420,7/22/2017 7:00,84.115,8,,,,
421,7/22/2017 8:00,84.115,51,,,,
422,7/22/2017 9:00,84.115,94,,,,
423,7/22/2017 10:00,84.474,336,,,,
424,7/22/2017 11:00,85.735,1152,,,,
425,7/22/2017 12:00,85.374,272,,,,
426,7/22/2017 13:00,85.915,768,,,,
427,7/22/2017 14:00,87.552,1280,,,,
428,7/22/2017 15:00,88.65,512,,,,
429,7/22/2017 16:00,87.733,272,,,,
430,7/22/2017 17:00,87.552,384,,,,
431,7/22/2017 18:00,87.552,496,,,,
432,7/22/2017 19:00,86.097,119,,,,
433,7/22/2017 20:00,85.915,53,,,,
434,7/22/2017 21:00,85.554,5,,,,
435,7/22/2017 22:00,85.014,0,,,,
436,7/22/2017 23:00,85.014,0,,,,
437,7/23/2017 0:00,85.014,0,,,,
438,7/23/2017 1:00,84.654,0,,,,
439,7/23/2017 2:00,84.474,0,,,,
440,7/23/2017 3:00,84.295,0,,,,
441,7/23/2017 4:00,84.115,0,,,,
442,7/23/2017 5:00,83.935,0,,,,
443,7/23/2017 6:00,83.579,0,,,,
444,7/23/2017 7:00,83.399,10,,,,
445,7/23/2017 8:00,83.399,56,,,,
446,7/23/2017 9:00,83.399,72,,,,
447,7/23/2017 10:00,83.757,192,,,,
448,7/23/2017 11:00,84.834,248,,,,
449,7/23/2017 12:00,85.554,1152,,,,
450,7/23/2017 13:00,86.097,368,,,,
451,7/23/2017 14:00,86.277,216,,,,
452,7/23/2017 15:00,85.014,123,,,,
453,7/23/2017 16:00,85.374,56,,,,
454,7/23/2017 17:00,85.554,416,,,,
455,7/23/2017 18:00,85.554,160,,,,
456,7/23/2017 19:00,85.374,54,,,,
457,7/23/2017 20:00,85.194,86,,,,
458,7/23/2017 21:00,84.474,2,,,,
459,7/23/2017 22:00,84.115,0,,,,
460,7/23/2017 23:00,83.757,0,,,,
461,7/24/2017 0:00,83.579,0,,,,
462,7/24/2017 1:00,83.399,0,,,,
463,7/24/2017 2:00,83.043,0,,,,
464,7/24/2017 3:00,82.686,0,,,,
465,7/24/2017 4:00,82.508,0,,,,
466,7/24/2017 5:00,82.152,0,,,,
467,7/24/2017 6:00,81.975,0,,,,
468,7/24/2017 7:00,81.797,16,,,,
469,7/24/2017 8:00,81.797,70,,,,
470,7/24/2017 9:00,81.797,98,,,,
471,7/24/2017 10:00,81.797,152,,,,
472,7/24/2017 11:00,81.975,144,,,,
473,7/24/2017 12:00,81.975,232,,,,
474,7/24/2017 13:00,81.975,184,,,,
475,7/24/2017 14:00,82.152,272,,,,
476,7/24/2017 15:00,82.508,304,,,,
477,7/24/2017 16:00,81.975,144,,,,
478,7/24/2017 17:00,82.686,368,,,,
479,7/24/2017 18:00,83.221,272,,,,
480,7/24/2017 19:00,82.686,168,,,,
481,7/24/2017 20:00,81.797,64,,,,
482,7/24/2017 21:00,81.266,2,,,,
483,7/24/2017 22:00,80.911,0,,,,
484,7/24/2017 23:00,80.382,0,,,,
485,7/25/2017 0:00,80.029,0,,,,
486,7/25/2017 1:00,79.853,0,,,,
487,7/25/2017 2:00,79.502,0,,,,
488,7/25/2017 3:00,79.151,0,,,,
489,7/25/2017 4:00,79.151,0,,,,
490,7/25/2017 5:00,78.975,0,,,,
491,7/25/2017 6:00,78.624,0,,,,
492,7/25/2017 7:00,78.624,9,,,,
493,7/25/2017 8:00,78.449,19,,,,
494,7/25/2017 9:00,78.8,29,,,,
495,7/25/2017 10:00,79.853,464,,,,
496,7/25/2017 11:00,81.09,224,,,,
497,7/25/2017 12:00,81.442,672,,,,
498,7/25/2017 13:00,81.797,576,,,,
499,7/25/2017 14:00,82.152,480,,,,
500,7/25/2017 15:00,83.043,480,,,,
501,7/25/2017 16:00,82.152,432,,,,
502,7/25/2017 17:00,82.508,288,,,,
503,7/25/2017 18:00,82.686,256,,,,
504,7/25/2017 19:00,81.621,144,,,,
505,7/25/2017 20:00,81.09,58,,,,
506,7/25/2017 21:00,80.206,0,,,,
507,7/25/2017 22:00,79.678,0,,,,
508,7/25/2017 23:00,79.326,0,,,,
509,7/26/2017 0:00,79.326,0,,,,
510,7/26/2017 1:00,79.151,0,,,,
511,7/26/2017 2:00,78.975,0,,,,
512,7/26/2017 3:00,78.8,0,,,,
513,7/26/2017 4:00,78.8,0,,,,
514,7/26/2017 5:00,78.624,0,,,,
515,7/26/2017 6:00,78.274,0,,,,
516,7/26/2017 7:00,77.923,13,,,,
517,7/26/2017 8:00,78.449,32,,,,
518,7/26/2017 9:00,78.8,91,,,,
519,7/26/2017 10:00,79.502,200,,,,
520,7/26/2017 11:00,79.678,256,,,,
521,7/26/2017 12:00,80.559,432,,,,
522,7/26/2017 13:00,81.621,480,,,,
523,7/26/2017 14:00,82.686,496,,,,
524,7/26/2017 15:00,82.864,448,,,,
525,7/26/2017 16:00,83.221,144,,,,
526,7/26/2017 17:00,84.115,304,,,,
527,7/26/2017 18:00,83.757,272,,,,
528,7/26/2017 19:00,82.864,152,,,,
529,7/26/2017 20:00,82.33,29,,,,
530,7/26/2017 21:00,81.975,0,,,,
531,7/26/2017 22:00,81.797,0,,,,
532,7/26/2017 23:00,81.621,0,,,,
533,7/27/2017 0:00,81.266,0,,,,
534,7/27/2017 1:00,81.09,0,,,,
535,7/27/2017 2:00,80.911,0,,,,
536,7/27/2017 3:00,80.735,0,,,,
537,7/27/2017 4:00,80.559,0,,,,
538,7/27/2017 5:00,80.382,0,,,,
539,7/27/2017 6:00,80.206,0,,,,
540,7/27/2017 7:00,80.029,15,,,,
541,7/27/2017 8:00,80.206,96,,,,
542,7/27/2017 9:00,80.559,168,,,,
543,7/27/2017 10:00,80.911,304,,,,
544,7/27/2017 11:00,81.797,608,,,,
545,7/27/2017 12:00,82.508,416,,,,
546,7/27/2017 13:00,82.686,248,,,,
547,7/27/2017 14:00,84.654,352,,,,
548,7/27/2017 15:00,84.474,432,,,,
549,7/27/2017 16:00,85.374,608,,,,
550,7/27/2017 17:00,84.115,800,,,,
551,7/27/2017 18:00,82.686,304,,,,
552,7/27/2017 19:00,81.975,144,,,,
553,7/27/2017 20:00,81.266,45,,,,
554,7/27/2017 21:00,80.735,0,,,,
555,7/27/2017 22:00,80.382,0,,,,
556,7/27/2017 23:00,80.206,0,,,,
557,7/28/2017 0:00,79.853,0,,,,
558,7/28/2017 1:00,79.678,0,,,,
559,7/28/2017 2:00,79.326,0,,,,
560,7/28/2017 3:00,79.151,0,,,,
561,7/28/2017 4:00,78.975,0,,,,
562,7/28/2017 5:00,78.624,0,,,,
563,7/28/2017 6:00,78.624,0,,,,
564,7/28/2017 7:00,78.449,10,,,,
565,7/28/2017 8:00,78.449,32,,,,
566,7/28/2017 9:00,78.449,53,,,,
567,7/28/2017 10:00,78.8,61,,,,
568,7/28/2017 11:00,78.975,102,,,,
569,7/28/2017 12:00,80.382,432,,,,
570,7/28/2017 13:00,79.502,128,,,,
571,7/28/2017 14:00,80.206,208,,,,
572,7/28/2017 15:00,80.735,184,,,,
573,7/28/2017 16:00,80.911,288,,,,
574,7/28/2017 17:00,81.266,336,,,,
575,7/28/2017 18:00,80.911,480,,,,
576,7/28/2017 19:00,79.853,304,,,,
577,7/28/2017 20:00,79.502,114,,,,
578,7/28/2017 21:00,78.975,1,,,,
579,7/28/2017 22:00,78.449,0,,,,
580,7/28/2017 23:00,77.923,0,,,,
581,7/29/2017 0:00,77.574,0,,,,
582,7/29/2017 1:00,77.225,0,,,,
583,7/29/2017 2:00,77.225,0,,,,
584,7/29/2017 3:00,76.876,0,,,,
585,7/29/2017 4:00,76.703,0,,,,
586,7/29/2017 5:00,76.876,0,,,,
587,7/29/2017 6:00,76.528,0,,,,
588,7/29/2017 7:00,76.181,9,,,,
589,7/29/2017 8:00,76.181,15,,,,
590,7/29/2017 9:00,76.006,18,,,,
591,7/29/2017 10:00,76.876,39,,,,
592,7/29/2017 11:00,77.923,304,,,,
593,7/29/2017 12:00,78.8,480,,,,
594,7/29/2017 13:00,79.151,768,,,,
595,7/29/2017 14:00,78.8,144,,,,
596,7/29/2017 15:00,79.326,704,,,,
597,7/29/2017 16:00,79.502,800,,,,
598,7/29/2017 17:00,79.151,192,,,,
599,7/29/2017 18:00,78.975,432,,,,
600,7/29/2017 19:00,78.8,352,,,,
601,7/29/2017 20:00,78.274,55,,,,
602,7/29/2017 21:00,78.098,1,,,,
603,7/29/2017 22:00,77.574,0,,,,
604,7/29/2017 23:00,77.225,0,,,,
605,7/30/2017 0:00,76.703,0,,,,
606,7/30/2017 1:00,76.354,0,,,,
607,7/30/2017 2:00,77.05,0,,,,
608,7/30/2017 3:00,76.703,0,,,,
609,7/30/2017 4:00,76.703,0,,,,
610,7/30/2017 5:00,76.528,0,,,,
611,7/30/2017 6:00,76.354,0,,,,
612,7/30/2017 7:00,76.354,9,,,,
613,7/30/2017 8:00,76.181,17,,,,
614,7/30/2017 9:00,76.703,24,,,,
615,7/30/2017 10:00,77.574,33,,,,
616,7/30/2017 11:00,78.975,176,,,,
617,7/30/2017 12:00,79.853,304,,,,
618,7/30/2017 13:00,80.382,416,,,,
619,7/30/2017 14:00,82.864,512,,,,
620,7/30/2017 15:00,83.399,608,,,,
621,7/30/2017 16:00,86.097,704,,,,
622,7/30/2017 17:00,86.277,672,,,,
623,7/30/2017 18:00,87.186,1664,,,,
624,7/30/2017 19:00,86.277,576,,,,
625,7/30/2017 20:00,85.194,128,,,,
626,7/30/2017 21:00,86.277,0,,,,
627,7/30/2017 22:00,84.295,0,,,,
628,7/30/2017 23:00,83.399,0,,,,
629,7/31/2017 0:00,82.152,0,,,,
630,7/31/2017 1:00,81.266,0,,,,
631,7/31/2017 2:00,80.911,0,,,,
632,7/31/2017 3:00,80.559,0,,,,
633,7/31/2017 4:00,79.853,0,,,,
634,7/31/2017 5:00,79.853,0,,,,
635,7/31/2017 6:00,79.326,0,,,,
636,7/31/2017 7:00,78.975,9,,,,
637,7/31/2017 8:00,78.624,14,,,,
638,7/31/2017 9:00,78.624,22,,,,
639,7/31/2017 10:00,79.151,36,,,,
640,7/31/2017 11:00,81.442,83,,,,
641,7/31/2017 12:00,83.043,208,,,,
642,7/31/2017 13:00,84.115,136,,,,
643,7/31/2017 14:00,85.014,512,,,,
644,7/31/2017 15:00,86.641,608,,,,
645,7/31/2017 16:00,88.099,464,,,,
646,7/31/2017 17:00,88.282,800,,,,
647,7/31/2017 18:00,88.099,1536,,,,
648,7/31/2017 19:00,87.368,864,,,,
649,7/31/2017 20:00,86.277,108,,,,
650,7/31/2017 21:00,84.295,0,,,,
651,7/31/2017 22:00,83.043,0,,,,
652,7/31/2017 23:00,82.152,0,,,,
653,8/1/2017 0:00,81.975,0,,,,
654,8/1/2017 1:00,81.09,0,,,,
655,8/1/2017 2:00,80.911,0,,,,
656,8/1/2017 3:00,80.382,0,,,,
657,8/1/2017 4:00,80.206,0,,,,
658,8/1/2017 5:00,80.029,0,,,,
659,8/1/2017 6:00,79.678,0,,,,
660,8/1/2017 7:00,79.326,17,,,,
661,8/1/2017 8:00,79.326,38,,,,
662,8/1/2017 9:00,79.678,31,,,,
663,8/1/2017 10:00,80.029,22,,,,
664,8/1/2017 11:00,81.442,71,,,,
665,8/1/2017 12:00,83.935,400,,,,
666,8/1/2017 13:00,85.194,384,,,,
667,8/1/2017 14:00,85.374,352,,,,
668,8/1/2017 15:00,87.186,672,,,,
669,8/1/2017 16:00,87.368,432,,,,
670,8/1/2017 17:00,87.004,608,,,,
671,8/1/2017 18:00,87.186,152,,,,
672,8/1/2017 19:00,85.735,57,,,,
673,8/1/2017 20:00,85.194,144,,,,
674,8/1/2017 21:00,84.115,0,,,,
675,8/1/2017 22:00,83.579,0,,,,
676,8/1/2017 23:00,83.579,0,,,,
677,8/2/2017 0:00,82.864,0,,,,
678,8/2/2017 1:00,82.33,0,,,,
679,8/2/2017 2:00,82.508,0,,,,
680,8/2/2017 3:00,81.975,0,,,,
681,8/2/2017 4:00,81.621,0,,,,
682,8/2/2017 5:00,81.621,0,,,,
683,8/2/2017 6:00,81.266,0,,,,
684,8/2/2017 7:00,80.911,7,,,,
685,8/2/2017 8:00,80.735,16,,,,
686,8/2/2017 9:00,80.735,23,,,,
687,8/2/2017 10:00,81.09,37,,,,
688,8/2/2017 11:00,82.33,136,,,,
689,8/2/2017 12:00,84.115,432,,,,
690,8/2/2017 13:00,85.014,256,,,,
691,8/2/2017 14:00,85.915,800,,,,
692,8/2/2017 15:00,87.733,1216,,,,
693,8/2/2017 16:00,87.915,864,,,,
694,8/2/2017 17:00,87.733,288,,,,
695,8/2/2017 18:00,87.368,35,,,,
696,8/2/2017 19:00,85.915,53,,,,
697,8/2/2017 20:00,84.295,30,,,,
698,8/2/2017 21:00,83.579,0,,,,
699,8/2/2017 22:00,83.043,0,,,,
700,8/2/2017 23:00,82.864,0,,,,
701,8/3/2017 0:00,82.508,0,,,,
702,8/3/2017 1:00,82.33,0,,,,
703,8/3/2017 2:00,82.152,0,,,,
704,8/3/2017 3:00,81.621,0,,,,
705,8/3/2017 4:00,81.442,0,,,,
706,8/3/2017 5:00,81.09,0,,,,
707,8/3/2017 6:00,80.911,0,,,,
708,8/3/2017 7:00,80.911,8,,,,
709,8/3/2017 8:00,80.735,21,,,,
710,8/3/2017 9:00,80.559,37,,,,
711,8/3/2017 9:42,,,Logged,,,
712,8/3/2017 9:42,,,,Logged,,
713,8/3/2017 9:42,,,,,Logged,
714,8/3/2017 10:00,82.152,352,,,,
715,8/3/2017 11:00,83.935,608,,,,
716,8/3/2017 12:00,84.115,200,,,,
717,8/3/2017 13:00,85.735,1024,,,,
718,8/3/2017 14:00,85.735,304,,,,
719,8/3/2017 15:00,87.368,768,,,,
720,8/3/2017 16:00,87.186,496,,,,
721,8/3/2017 17:00,85.735,184,,,,
722,8/3/2017 18:00,85.374,96,,,,
723,8/3/2017 19:00,84.654,43,,,,
724,8/3/2017 20:00,83.579,13,,,,
725,8/3/2017 21:00,83.399,0,,,,
726,8/3/2017 22:00,82.864,0,,,,
727,8/3/2017 23:00,82.33,0,,,,
728,8/4/2017 0:00,82.152,0,,,,
729,8/4/2017 1:00,81.797,0,,,,
730,8/4/2017 2:00,81.442,0,,,,
731,8/4/2017 3:00,80.911,0,,,,
732,8/4/2017 4:00,80.735,0,,,,
733,8/4/2017 5:00,80.735,0,,,,
734,8/4/2017 6:00,80.735,0,,,,
735,8/4/2017 7:00,80.382,11,,,,
736,8/4/2017 8:00,80.206,17,,,,
737,8/4/2017 9:00,80.382,176,,,,
738,8/4/2017 10:00,80.911,336,,,,
739,8/4/2017 11:00,81.09,704,,,,
740,8/4/2017 12:00,81.621,432,,,,
741,8/4/2017 13:00,80.911,768,,,,
742,8/4/2017 14:00,81.09,1536,,,,
743,8/4/2017 15:00,79.678,208,,,,
744,8/4/2017 16:00,79.326,176,,,,
745,8/4/2017 17:00,78.624,72,,,,
746,8/4/2017 18:00,77.749,106,,,,
747,8/4/2017 19:00,77.923,60,,,,
748,8/4/2017 20:00,77.4,8,,,,
749,8/4/2017 21:00,76.703,0,,,,
750,8/4/2017 22:00,76.528,0,,,,
751,8/4/2017 23:00,76.181,0,,,,
752,8/5/2017 0:00,76.354,0,,,,
753,8/5/2017 1:00,76.354,0,,,,
754,8/5/2017 2:00,75.832,0,,,,
755,8/5/2017 3:00,75.484,0,,,,
756,8/5/2017 4:00,75.312,0,,,,
757,8/5/2017 5:00,75.139,0,,,,
758,8/5/2017 6:00,75.139,0,,,,
759,8/5/2017 7:00,74.964,14,,,,
760,8/5/2017 8:00,74.791,27,,,,
761,8/5/2017 9:00,75.139,56,,,,
762,8/5/2017 10:00,76.528,352,,,,
763,8/5/2017 11:00,78.274,320,,,,
764,8/5/2017 12:00,78.274,672,,,,
765,8/5/2017 13:00,79.678,432,,,,
766,8/5/2017 14:00,79.853,1152,,,,
767,8/5/2017 15:00,79.151,120,,,,
768,8/5/2017 16:00,79.678,216,,,,
769,8/5/2017 17:00,78.449,128,,,,
770,8/5/2017 18:00,79.326,496,,,,
771,8/5/2017 19:00,79.151,192,,,,
772,8/5/2017 20:00,78.449,45,,,,
773,8/5/2017 21:00,77.749,0,,,,
774,8/5/2017 22:00,77.574,0,,,,
775,8/5/2017 23:00,77.05,0,,,,
776,8/6/2017 0:00,77.05,0,,,,
777,8/6/2017 1:00,76.703,0,,,,
778,8/6/2017 2:00,76.354,0,,,,
779,8/6/2017 3:00,76.354,0,,,,
780,8/6/2017 4:00,76.181,0,,,,
781,8/6/2017 5:00,76.006,0,,,,
782,8/6/2017 6:00,75.832,0,,,,
783,8/6/2017 7:00,75.832,4,,,,
784,8/6/2017 8:00,75.659,31,,,,
785,8/6/2017 9:00,75.832,75,,,,
786,8/6/2017 10:00,75.832,63,,,,
787,8/6/2017 11:00,76.006,184,,,,
788,8/6/2017 12:00,76.354,160,,,,
789,8/6/2017 13:00,77.225,432,,,,
790,8/6/2017 14:00,77.923,416,,,,
791,8/6/2017 15:00,77.923,240,,,,
792,8/6/2017 16:00,78.8,496,,,,
793,8/6/2017 17:00,79.326,320,,,,
794,8/6/2017 18:00,78.975,168,,,,
795,8/6/2017 19:00,78.449,152,,,,
796,8/6/2017 20:00,77.749,25,,,,
797,8/6/2017 21:00,77.225,0,,,,
798,8/6/2017 22:00,77.05,0,,,,
799,8/6/2017 23:00,76.703,0,,,,
800,8/7/2017 0:00,76.354,0,,,,
801,8/7/2017 1:00,76.006,0,,,,
802,8/7/2017 2:00,75.832,0,,,,
803,8/7/2017 3:00,75.832,0,,,,
804,8/7/2017 4:00,75.659,0,,,,
805,8/7/2017 5:00,75.484,0,,,,
806,8/7/2017 6:00,75.312,0,,,,
807,8/7/2017 7:00,75.139,6,,,,
808,8/7/2017 8:00,75.139,42,,,,
809,8/7/2017 9:00,75.139,55,,,,
810,8/7/2017 10:00,76.181,176,,,,
811,8/7/2017 11:00,77.574,384,,,,
812,8/7/2017 12:00,78.098,448,,,,
813,8/7/2017 13:00,77.574,176,,,,
814,8/7/2017 14:00,77.923,432,,,,
815,8/7/2017 15:00,77.923,864,,,,
816,8/7/2017 16:00,78.449,704,,,,
817,8/7/2017 17:00,78.975,480,,,,
818,8/7/2017 18:00,79.326,576,,,,
819,8/7/2017 19:00,78.274,106,,,,
820,8/7/2017 20:00,77.749,47,,,,
821,8/7/2017 21:00,77.4,0,,,,
822,8/7/2017 22:00,76.876,0,,,,
823,8/7/2017 23:00,76.703,0,,,,
824,8/8/2017 0:00,76.181,0,,,,
825,8/8/2017 1:00,75.659,0,,,,
826,8/8/2017 2:00,75.659,0,,,,
827,8/8/2017 3:00,75.139,0,,,,
828,8/8/2017 4:00,75.312,0,,,,
829,8/8/2017 5:00,75.139,0,,,,
830,8/8/2017 6:00,74.791,0,,,,
831,8/8/2017 7:00,74.619,9,,,,
832,8/8/2017 8:00,74.446,26,,,,
833,8/8/2017 9:00,74.791,39,,,,
834,8/8/2017 10:00,76.181,384,,,,
835,8/8/2017 11:00,77.4,768,,,,
836,8/8/2017 12:00,78.975,672,,,,
837,8/8/2017 13:00,80.029,608,,,,
838,8/8/2017 14:00,81.09,960,,,,
839,8/8/2017 15:00,82.33,512,,,,
840,8/8/2017 16:00,81.797,336,,,,
841,8/8/2017 17:00,81.797,1024,,,,
842,8/8/2017 18:00,84.654,240,,,,
843,8/8/2017 19:00,84.474,128,,,,
844,8/8/2017 20:00,82.33,31,,,,
845,8/8/2017 21:00,79.326,0,,,,
846,8/8/2017 22:00,78.449,0,,,,
847,8/8/2017 23:00,77.923,0,,,,
848,8/9/2017 0:00,77.749,0,,,,
849,8/9/2017 1:00,77.4,0,,,,
850,8/9/2017 2:00,76.876,0,,,,
851,8/9/2017 3:00,76.703,0,,,,
852,8/9/2017 4:00,76.528,0,,,,
853,8/9/2017 5:00,76.181,0,,,,
854,8/9/2017 6:00,75.832,0,,,,
855,8/9/2017 7:00,75.832,4,,,,
856,8/9/2017 8:00,75.659,18,,,,
857,8/9/2017 9:00,75.832,18,,,,
858,8/9/2017 10:00,77.05,184,,,,
859,8/9/2017 11:00,78.449,672,,,,
860,8/9/2017 12:00,79.853,448,,,,
861,8/9/2017 13:00,79.678,168,,,,
862,8/9/2017 14:00,81.442,480,,,,
863,8/9/2017 15:00,82.508,400,,,,
864,8/9/2017 16:00,83.043,336,,,,
865,8/9/2017 17:00,83.757,232,,,,
866,8/9/2017 18:00,83.579,272,,,,
867,8/9/2017 19:00,82.508,95,,,,
868,8/9/2017 20:00,81.09,24,,,,
869,8/9/2017 21:00,80.382,0,,,,
870,8/9/2017 22:00,80.206,0,,,,
871,8/9/2017 23:00,79.853,0,,,,
872,8/10/2017 0:00,79.326,0,,,,
873,8/10/2017 1:00,78.975,0,,,,
874,8/10/2017 2:00,78.624,0,,,,
875,8/10/2017 3:00,78.274,0,,,,
876,8/10/2017 4:00,77.923,0,,,,
877,8/10/2017 5:00,77.574,0,,,,
878,8/10/2017 6:00,77.225,0,,,,
879,8/10/2017 7:00,76.703,4,,,,
880,8/10/2017 8:00,76.528,38,,,,
881,8/10/2017 9:00,76.528,53,,,,
882,8/10/2017 10:00,77.923,576,,,,
883,8/10/2017 11:00,79.151,272,,,,
884,8/10/2017 12:00,80.559,176,,,,
885,8/10/2017 13:00,81.09,240,,,,
886,8/10/2017 14:00,83.043,608,,,,
887,8/10/2017 15:00,83.757,864,,,,
888,8/10/2017 16:00,84.115,160,,,,
889,8/10/2017 17:00,84.295,960,,,,
890,8/10/2017 18:00,84.295,232,,,,
891,8/10/2017 19:00,83.579,160,,,,
892,8/10/2017 20:00,82.864,25,,,,
893,8/10/2017 21:00,82.33,0,,,,
894,8/10/2017 22:00,81.797,0,,,,
895,8/10/2017 23:00,81.266,0,,,,
896,8/11/2017 0:00,80.735,0,,,,
897,8/11/2017 1:00,80.206,0,,,,
898,8/11/2017 2:00,79.678,0,,,,
899,8/11/2017 3:00,79.502,0,,,,
900,8/11/2017 4:00,78.975,0,,,,
901,8/11/2017 5:00,78.449,0,,,,
902,8/11/2017 6:00,78.449,0,,,,
903,8/11/2017 7:00,78.274,2,,,,
904,8/11/2017 8:00,77.923,17,,,,
905,8/11/2017 9:00,78.098,92,,,,
906,8/11/2017 10:00,78.098,102,,,,
907,8/11/2017 11:00,78.449,272,,,,
908,8/11/2017 12:00,79.326,400,,,,
909,8/11/2017 13:00,80.029,416,,,,
910,8/11/2017 14:00,81.621,288,,,,
911,8/11/2017 15:00,82.686,768,,,,
912,8/11/2017 16:00,82.686,176,,,,
913,8/11/2017 17:00,82.864,96,,,,
914,8/11/2017 18:00,82.864,400,,,,
915,8/11/2017 19:00,82.152,200,,,,
916,8/11/2017 20:00,81.09,38,,,,
917,8/11/2017 21:00,80.206,0,,,,
918,8/11/2017 22:00,79.326,0,,,,
919,8/11/2017 23:00,78.975,0,,,,
920,8/12/2017 0:00,78.624,0,,,,
921,8/12/2017 1:00,78.274,0,,,,
922,8/12/2017 2:00,78.098,0,,,,
923,8/12/2017 3:00,77.749,0,,,,
924,8/12/2017 4:00,77.225,0,,,,
925,8/12/2017 5:00,76.876,0,,,,
926,8/12/2017 6:00,76.876,0,,,,
927,8/12/2017 7:00,76.528,7,,,,
928,8/12/2017 8:00,76.354,31,,,,
929,8/12/2017 9:00,76.528,35,,,,
930,8/12/2017 10:00,76.876,60,,,,
931,8/12/2017 11:00,78.098,512,,,,
932,8/12/2017 12:00,79.151,416,,,,
933,8/12/2017 13:00,79.502,512,,,,
934,8/12/2017 14:00,80.382,480,,,,
935,8/12/2017 15:00,79.678,512,,,,
936,8/12/2017 16:00,81.797,512,,,,
937,8/12/2017 17:00,80.206,672,,,,
938,8/12/2017 18:00,80.382,320,,,,
939,8/12/2017 19:00,79.326,39,,,,
940,8/12/2017 20:00,79.151,68,,,,
941,8/12/2017 21:00,78.624,0,,,,
942,8/12/2017 22:00,78.274,0,,,,
943,8/12/2017 23:00,78.098,0,,,,
944,8/13/2017 0:00,77.749,0,,,,
945,8/13/2017 1:00,77.574,0,,,,
946,8/13/2017 2:00,77.225,0,,,,
947,8/13/2017 3:00,76.876,0,,,,
948,8/13/2017 4:00,76.703,0,,,,
949,8/13/2017 5:00,76.354,0,,,,
950,8/13/2017 6:00,76.181,0,,,,
951,8/13/2017 7:00,76.006,8,,,,
952,8/13/2017 8:00,76.006,29,,,,
953,8/13/2017 9:00,76.181,64,,,,
954,8/13/2017 10:00,77.225,304,,,,
955,8/13/2017 11:00,79.678,480,,,,
956,8/13/2017 12:00,80.382,480,,,,
957,8/13/2017 13:00,81.797,800,,,,
958,8/13/2017 14:00,81.266,256,,,,
959,8/13/2017 15:00,82.152,272,,,,
960,8/13/2017 16:00,83.579,800,,,,
961,8/13/2017 17:00,83.221,168,,,,
962,8/13/2017 18:00,83.935,352,,,,
963,8/13/2017 19:00,83.579,127,,,,
964,8/13/2017 20:00,82.686,55,,,,
965,8/13/2017 21:00,81.797,0,,,,
966,8/13/2017 22:00,80.911,0,,,,
967,8/13/2017 23:00,80.206,0,,,,
968,8/14/2017 0:00,79.853,0,,,,
969,8/14/2017 1:00,79.326,0,,,,
970,8/14/2017 2:00,78.8,0,,,,
971,8/14/2017 3:00,78.274,0,,,,
972,8/14/2017 4:00,77.749,0,,,,
973,8/14/2017 5:00,77.05,0,,,,
974,8/14/2017 6:00,76.703,0,,,,
975,8/14/2017 7:00,76.181,8,,,,
976,8/14/2017 8:00,76.181,38,,,,
977,8/14/2017 9:00,76.181,80,,,,
978,8/14/2017 10:00,77.4,320,,,,
979,8/14/2017 11:00,78.975,336,,,,
980,8/14/2017 12:00,80.206,608,,,,
981,8/14/2017 13:00,81.09,496,,,,
982,8/14/2017 14:00,82.508,208,,,,
983,8/14/2017 15:00,83.043,224,,,,
984,8/14/2017 16:00,82.864,200,,,,
985,8/14/2017 17:00,82.686,352,,,,
986,8/14/2017 18:00,83.221,960,,,,
987,8/14/2017 19:00,82.508,256,,,,
988,8/14/2017 20:00,81.797,37,,,,
989,8/14/2017 21:00,81.442,0,,,,
990,8/14/2017 22:00,80.735,0,,,,
991,8/14/2017 23:00,80.206,0,,,,
992,8/15/2017 0:00,79.678,0,,,,
993,8/15/2017 1:00,79.326,0,,,,
994,8/15/2017 2:00,78.975,0,,,,
995,8/15/2017 3:00,78.8,0,,,,
996,8/15/2017 4:00,78.449,0,,,,
997,8/15/2017 5:00,78.274,0,,,,
998,8/15/2017 6:00,78.098,0,,,,
999,8/15/2017 7:00,77.749,4,,,,
1000,8/15/2017 8:00,77.574,31,,,,
1001,8/15/2017 9:00,77.923,97,,,,
1002,8/15/2017 10:00,78.274,256,,,,
1003,8/15/2017 11:00,79.502,272,,,,
1004,8/15/2017 12:00,82.152,496,,,,
1005,8/15/2017 13:00,83.221,480,,,,
1006,8/15/2017 14:00,83.221,256,,,,
1007,8/15/2017 15:00,82.152,136,,,,
1008,8/15/2017 16:00,83.399,496,,,,
1009,8/15/2017 17:00,84.474,336,,,,
1010,8/15/2017 18:00,83.579,304,,,,
1011,8/15/2017 19:00,81.797,144,,,,
1012,8/15/2017 20:00,80.911,37,,,,
1013,8/15/2017 21:00,80.559,0,,,,
1014,8/15/2017 22:00,80.029,0,,,,
1015,8/15/2017 23:00,78.8,0,,,,
1016,8/16/2017 0:00,78.624,0,,,,
1017,8/16/2017 1:00,78.449,0,,,,
1018,8/16/2017 2:00,78.274,0,,,,
1019,8/16/2017 3:00,77.923,0,,,,
1020,8/16/2017 4:00,77.4,0,,,,
1021,8/16/2017 5:00,77.05,0,,,,
1022,8/16/2017 6:00,76.703,0,,,,
1023,8/16/2017 7:00,76.354,5,,,,
1024,8/16/2017 8:00,76.354,40,,,,
1025,8/16/2017 9:00,76.181,112,,,,
1026,8/16/2017 10:00,77.4,248,,,,
1027,8/16/2017 11:00,78.274,304,,,,
1028,8/16/2017 12:00,80.029,512,,,,
1029,8/16/2017 13:00,81.797,512,,,,
1030,8/16/2017 14:00,80.206,704,,,,
1031,8/16/2017 15:00,82.33,1152,,,,
1032,8/16/2017 16:00,82.686,672,,,,
1033,8/16/2017 17:00,84.115,496,,,,
1034,8/16/2017 18:00,83.399,200,,,,
1035,8/16/2017 19:00,82.33,208,,,,
1036,8/16/2017 20:00,79.853,39,,,,
1037,8/16/2017 21:00,78.274,0,,,,
1038,8/16/2017 22:00,77.749,0,,,,
1039,8/16/2017 23:00,77.4,0,,,,
1040,8/17/2017 0:00,76.876,0,,,,
1041,8/17/2017 1:00,76.181,0,,,,
1042,8/17/2017 2:00,76.354,0,,,,
1043,8/17/2017 3:00,76.528,0,,,,
1044,8/17/2017 4:00,76.876,0,,,,
1045,8/17/2017 5:00,76.703,0,,,,
1046,8/17/2017 6:00,76.528,0,,,,
1047,8/17/2017 7:00,77.05,0,,,,
1048,8/17/2017 8:00,77.05,42,,,,
1049,8/17/2017 9:00,77.225,56,,,,
1050,8/17/2017 10:00,77.574,160,,,,
1051,8/17/2017 11:00,78.624,152,,,,
1052,8/17/2017 12:00,78.274,18,,,,
1053,8/17/2017 13:00,78.098,29,,,,
1054,8/17/2017 14:00,78.8,464,,,,
1055,8/17/2017 15:00,79.678,512,,,,
1056,8/17/2017 16:00,81.442,2048,,,,
1057,8/17/2017 17:00,81.621,70,,,,
1058,8/17/2017 18:00,82.152,152,,,,
1059,8/17/2017 19:00,81.442,304,,,,
1060,8/17/2017 20:00,80.559,2,,,,
1061,8/17/2017 21:00,80.559,0,,,,
1062,8/17/2017 22:00,79.853,0,,,,
1063,8/17/2017 23:00,79.151,0,,,,
1064,8/18/2017 0:00,78.8,0,,,,
1065,8/18/2017 1:00,78.624,0,,,,
1066,8/18/2017 2:00,78.098,0,,,,
1067,8/18/2017 3:00,77.749,0,,,,
1068,8/18/2017 4:00,77.574,0,,,,
1069,8/18/2017 5:00,77.4,0,,,,
1070,8/18/2017 6:00,77.225,0,,,,
1071,8/18/2017 7:00,77.05,13,,,,
1072,8/18/2017 8:00,76.876,12,,,,
1073,8/18/2017 9:00,76.876,46,,,,
1074,8/18/2017 10:00,77.574,608,,,,
1075,8/18/2017 11:00,77.749,224,,,,
1076,8/18/2017 12:00,77.923,208,,,,
1077,8/18/2017 13:00,78.274,256,,,,
1078,8/18/2017 14:00,78.624,192,,,,
1079,8/18/2017 15:00,79.326,768,,,,
1080,8/18/2017 16:00,79.151,480,,,,
1081,8/18/2017 17:00,78.975,256,,,,
1082,8/18/2017 18:00,78.624,496,,,,
1083,8/18/2017 19:00,79.502,152,,,,
1084,8/18/2017 20:00,78.624,26,,,,
1085,8/18/2017 21:00,78.098,0,,,,
1086,8/18/2017 22:00,77.749,0,,,,
1087,8/18/2017 23:00,77.574,0,,,,
1088,8/19/2017 0:00,77.225,0,,,,
1089,8/19/2017 1:00,77.225,0,,,,
1090,8/19/2017 2:00,77.05,0,,,,
1091,8/19/2017 3:00,76.876,0,,,,
1092,8/19/2017 4:00,76.703,0,,,,
1093,8/19/2017 5:00,76.354,0,,,,
1094,8/19/2017 6:00,76.181,0,,,,
1095,8/19/2017 7:00,76.006,3,,,,
1096,8/19/2017 8:00,75.832,30,,,,
1097,8/19/2017 9:00,75.832,53,,,,
1098,8/19/2017 10:00,77.574,168,,,,
1099,8/19/2017 11:00,77.923,480,,,,
1100,8/19/2017 12:00,79.151,288,,,,
1101,8/19/2017 13:00,79.853,240,,,,
1102,8/19/2017 14:00,80.735,512,,,,
1103,8/19/2017 15:00,81.442,336,,,,
1104,8/19/2017 16:00,81.975,384,,,,
1105,8/19/2017 17:00,82.33,480,,,,
1106,8/19/2017 18:00,81.621,512,,,,
1107,8/19/2017 19:00,81.09,208,,,,
1108,8/19/2017 20:00,80.559,35,,,,
1109,8/19/2017 21:00,80.911,0,,,,
1110,8/19/2017 22:00,80.029,0,,,,
1111,8/19/2017 23:00,79.502,0,,,,
1112,8/20/2017 0:00,79.326,0,,,,
1113,8/20/2017 1:00,78.8,0,,,,
1114,8/20/2017 2:00,78.624,0,,,,
1115,8/20/2017 3:00,78.098,0,,,,
1116,8/20/2017 4:00,77.923,0,,,,
1117,8/20/2017 5:00,77.574,0,,,,
1118,8/20/2017 6:00,77.225,0,,,,
1119,8/20/2017 7:00,77.05,5,,,,
1120,8/20/2017 8:00,76.876,39,,,,
1121,8/20/2017 9:00,76.876,49,,,,
1122,8/20/2017 10:00,78.098,176,,,,
1123,8/20/2017 11:00,79.502,368,,,,
1124,8/20/2017 12:00,80.735,400,,,,
1125,8/20/2017 13:00,81.975,464,,,,
1126,8/20/2017 14:00,83.935,768,,,,
1127,8/20/2017 15:00,85.014,1024,,,,
1128,8/20/2017 16:00,85.554,1152,,,,
1129,8/20/2017 17:00,85.374,288,,,,
1130,8/20/2017 18:00,85.014,400,,,,
1131,8/20/2017 19:00,84.654,72,,,,
1132,8/20/2017 20:00,83.221,10,,,,
1133,8/20/2017 21:00,82.864,0,,,,
1134,8/20/2017 22:00,82.152,0,,,,
1135,8/20/2017 23:00,81.797,0,,,,
1136,8/21/2017 0:00,81.621,0,,,,
1137,8/21/2017 1:00,81.09,0,,,,
1138,8/21/2017 2:00,80.735,0,,,,
1139,8/21/2017 3:00,80.382,0,,,,
1140,8/21/2017 4:00,80.029,0,,,,
1141,8/21/2017 5:00,79.678,0,,,,
1142,8/21/2017 6:00,79.502,0,,,,
1143,8/21/2017 7:00,79.326,2,,,,
1144,8/21/2017 8:00,79.151,47,,,,
1145,8/21/2017 9:00,79.326,88,,,,
1146,8/21/2017 10:00,79.853,144,,,,
1147,8/21/2017 11:00,81.621,432,,,,
1148,8/21/2017 12:00,81.975,176,,,,
1149,8/21/2017 13:00,84.115,608,,,,
1150,8/21/2017 14:00,84.834,216,,,,
1151,8/21/2017 15:00,84.115,336,,,,
1152,8/21/2017 16:00,85.014,864,,,,
1153,8/21/2017 17:00,85.194,576,,,,
1154,8/21/2017 18:00,85.554,336,,,,
1155,8/21/2017 19:00,85.014,208,,,,
1156,8/21/2017 20:00,84.115,21,,,,
1157,8/21/2017 21:00,82.686,0,,,,
1158,8/21/2017 22:00,81.975,0,,,,
1159,8/21/2017 23:00,81.797,0,,,,
1160,8/22/2017 0:00,81.442,0,,,,
1161,8/22/2017 1:00,81.442,0,,,,
1162,8/22/2017 2:00,81.266,0,,,,
1163,8/22/2017 3:00,81.09,0,,,,
1164,8/22/2017 4:00,80.911,0,,,,
1165,8/22/2017 5:00,80.559,0,,,,
1166,8/22/2017 6:00,80.382,0,,,,
1167,8/22/2017 7:00,80.029,0,,,,
1168,8/22/2017 8:00,79.678,15,,,,
1169,8/22/2017 9:00,79.502,53,,,,
1170,8/22/2017 10:00,79.678,152,,,,
1171,8/22/2017 11:00,80.029,152,,,,
1172,8/22/2017 12:00,80.206,144,,,,
1173,8/22/2017 13:00,80.206,512,,,,
1174,8/22/2017 14:00,80.559,960,,,,
1175,8/22/2017 15:00,80.206,480,,,,
1176,8/22/2017 16:00,80.382,432,,,,
1177,8/22/2017 17:00,80.735,248,,,,
1178,8/22/2017 18:00,80.206,576,,,,
1179,8/22/2017 19:00,80.029,128,,,,
1180,8/22/2017 20:00,79.502,14,,,,
1181,8/22/2017 21:00,78.975,0,,,,
1182,8/22/2017 22:00,78.449,0,,,,
1183,8/22/2017 23:00,78.098,0,,,,
1184,8/23/2017 0:00,77.923,0,,,,
1185,8/23/2017 1:00,77.4,0,,,,
1186,8/23/2017 2:00,77.225,0,,,,
1187,8/23/2017 3:00,77.225,0,,,,
1188,8/23/2017 4:00,76.876,0,,,,
1189,8/23/2017 5:00,76.876,0,,,,
1190,8/23/2017 6:00,76.528,0,,,,
1191,8/23/2017 7:00,76.528,3,,,,
1192,8/23/2017 8:00,76.528,19,,,,
1193,8/23/2017 9:00,76.528,45,,,,
1194,8/23/2017 10:00,77.225,272,,,,
1195,8/23/2017 11:00,77.923,480,,,,
1196,8/23/2017 12:00,78.449,320,,,,
1197,8/23/2017 13:00,78.624,512,,,,
1198,8/23/2017 14:00,78.624,160,,,,
1199,8/23/2017 15:00,79.151,576,,,,
1200,8/23/2017 16:00,79.853,304,,,,
1201,8/23/2017 17:00,78.975,117,,,,
1202,8/23/2017 18:00,79.326,896,,,,
1203,8/23/2017 19:00,78.274,168,,,,
1204,8/23/2017 20:00,77.574,21,,,,
1205,8/23/2017 21:00,77.225,0,,,,
1206,8/23/2017 22:00,77.05,0,,,,
1207,8/23/2017 23:00,76.528,0,,,,
1208,8/24/2017 0:00,76.181,0,,,,
1209,8/24/2017 1:00,76.181,0,,,,
1210,8/24/2017 2:00,76.006,0,,,,
1211,8/24/2017 3:00,76.006,0,,,,
1212,8/24/2017 4:00,76.006,0,,,,
1213,8/24/2017 5:00,75.832,0,,,,
1214,8/24/2017 6:00,75.659,0,,,,
1215,8/24/2017 7:00,75.484,3,,,,
1216,8/24/2017 8:00,75.312,22,,,,
1217,8/24/2017 9:00,75.484,36,,,,
1218,8/24/2017 10:00,76.006,136,,,,
1219,8/24/2017 11:00,76.528,168,,,,
1220,8/24/2017 12:00,77.225,232,,,,
1221,8/24/2017 13:00,77.574,224,,,,
1222,8/24/2017 14:00,76.703,128,,,,
1223,8/24/2017 15:00,76.528,136,,,,
1224,8/24/2017 16:00,76.354,160,,,,
1225,8/24/2017 17:00,76.006,91,,,,
1226,8/24/2017 18:00,75.832,76,,,,
1227,8/24/2017 19:00,75.832,144,,,,
1228,8/24/2017 20:00,75.484,14,,,,
1229,8/24/2017 21:00,75.139,0,,,,
1230,8/24/2017 22:00,74.964,0,,,,
1231,8/24/2017 23:00,74.791,0,,,,
1232,8/25/2017 0:00,74.446,0,,,,
1233,8/25/2017 1:00,74.271,0,,,,
1234,8/25/2017 2:00,74.271,0,,,,
1235,8/25/2017 3:00,74.098,0,,,,
1236,8/25/2017 4:00,73.926,0,,,,
1237,8/25/2017 5:00,73.753,0,,,,
1238,8/25/2017 6:00,73.753,0,,,,
1239,8/25/2017 7:00,73.753,1,,,,
1240,8/25/2017 8:00,73.58,23,,,,
1241,8/25/2017 9:00,73.407,37,,,,
1242,8/25/2017 10:00,74.446,126,,,,
1243,8/25/2017 11:00,75.139,232,,,,
1244,8/25/2017 12:00,75.484,304,,,,
1245,8/25/2017 13:00,76.181,576,,,,
1246,8/25/2017 14:00,76.181,576,,,,
1247,8/25/2017 15:00,76.528,672,,,,
1248,8/25/2017 16:00,75.659,512,,,,
1249,8/25/2017 17:00,77.923,864,,,,
1250,8/25/2017 18:00,76.876,512,,,,
1251,8/25/2017 19:00,75.139,168,,,,
1252,8/25/2017 20:00,74.446,21,,,,
1253,8/25/2017 21:00,74.098,0,,,,
1254,8/25/2017 22:00,73.58,0,,,,
1255,8/25/2017 23:00,73.753,0,,,,
1256,8/26/2017 0:00,73.234,0,,,,
1257,8/26/2017 1:00,72.718,0,,,,
1258,8/26/2017 2:00,72.891,0,,,,
1259,8/26/2017 3:00,72.545,0,,,,
1260,8/26/2017 4:00,72.199,0,,,,
1261,8/26/2017 5:00,72.545,0,,,,
1262,8/26/2017 6:00,72.545,0,,,,
1263,8/26/2017 7:00,72.372,2,,,,
1264,8/26/2017 8:00,72.545,25,,,,
1265,8/26/2017 9:00,72.545,50,,,,
1266,8/26/2017 10:00,73.062,200,,,,
1267,8/26/2017 11:00,74.446,368,,,,
1268,8/26/2017 12:00,75.484,232,,,,
1269,8/26/2017 13:00,77.225,672,,,,
1270,8/26/2017 14:00,78.274,800,,,,
1271,8/26/2017 15:00,77.574,512,,,,
1272,8/26/2017 16:00,79.151,672,,,,
1273,8/26/2017 17:00,78.098,512,,,,
1274,8/26/2017 18:00,76.528,240,,,,
1275,8/26/2017 19:00,74.619,71,,,,
1276,8/26/2017 20:00,75.139,7,,,,
1277,8/26/2017 21:00,75.659,0,,,,
1278,8/26/2017 22:00,74.619,0,,,,
1279,8/26/2017 23:00,73.753,0,,,,
1280,8/27/2017 0:00,73.407,0,,,,
1281,8/27/2017 1:00,73.234,0,,,,
1282,8/27/2017 2:00,72.891,0,,,,
1283,8/27/2017 3:00,73.234,0,,,,
1284,8/27/2017 4:00,73.062,0,,,,
1285,8/27/2017 5:00,73.062,0,,,,
1286,8/27/2017 6:00,72.891,0,,,,
1287,8/27/2017 7:00,72.718,0,,,,
1288,8/27/2017 8:00,72.718,23,,,,
1289,8/27/2017 9:00,72.891,58,,,,
1290,8/27/2017 10:00,73.407,208,,,,
1291,8/27/2017 11:00,74.791,448,,,,
1292,8/27/2017 12:00,75.312,272,,,,
1293,8/27/2017 13:00,76.703,864,,,,
1294,8/27/2017 14:00,77.574,480,,,,
1295,8/27/2017 15:00,77.749,608,,,,
1296,8/27/2017 16:00,77.749,368,,,,
1297,8/27/2017 17:00,76.528,256,,,,
1298,8/27/2017 18:00,74.964,116,,,,
1299,8/27/2017 19:00,74.271,36,,,,
1300,8/27/2017 20:00,73.753,5,,,,
1301,8/27/2017 21:00,73.234,0,,,,
1302,8/27/2017 22:00,73.062,0,,,,
1303,8/27/2017 23:00,72.718,0,,,,
1304,8/28/2017 0:00,72.545,0,,,,
1305,8/28/2017 1:00,72.372,0,,,,
1306,8/28/2017 2:00,72.199,0,,,,
1307,8/28/2017 3:00,72.199,0,,,,
1308,8/28/2017 4:00,72.545,0,,,,
1309,8/28/2017 5:00,72.718,0,,,,
1310,8/28/2017 6:00,72.718,0,,,,
1311,8/28/2017 7:00,72.545,0,,,,
1312,8/28/2017 8:00,72.545,10,,,,
1313,8/28/2017 9:00,72.545,26,,,,
1314,8/28/2017 10:00,72.718,37,,,,
1315,8/28/2017 11:00,72.718,69,,,,
1316,8/28/2017 12:00,72.891,99,,,,
1317,8/28/2017 13:00,73.062,75,,,,
1318,8/28/2017 14:00,73.062,108,,,,
1319,8/28/2017 15:00,73.58,176,,,,
1320,8/28/2017 16:00,73.753,216,,,,
1321,8/28/2017 17:00,73.58,136,,,,
1322,8/28/2017 18:00,73.753,123,,,,
1323,8/28/2017 19:00,73.753,90,,,,
1324,8/28/2017 20:00,73.407,10,,,,
1325,8/28/2017 21:00,73.062,0,,,,
1326,8/28/2017 22:00,72.891,0,,,,
1327,8/28/2017 23:00,72.718,0,,,,
1328,8/29/2017 0:00,72.545,0,,,,
1329,8/29/2017 1:00,72.545,0,,,,
1330,8/29/2017 2:00,72.372,0,,,,
1331,8/29/2017 3:00,72.199,0,,,,
1332,8/29/2017 4:00,72.028,0,,,,
1333,8/29/2017 5:00,72.199,0,,,,
1334,8/29/2017 6:00,72.199,0,,,,
1335,8/29/2017 7:00,72.028,0,,,,
1336,8/29/2017 8:00,72.028,16,,,,
1337,8/29/2017 9:00,72.372,46,,,,
1338,8/29/2017 10:00,72.372,53,,,,
1339,8/29/2017 11:00,72.718,101,,,,
1340,8/29/2017 12:00,72.891,32,,,,
1341,8/29/2017 13:00,73.58,256,,,,
1342,8/29/2017 14:00,75.139,272,,,,
1343,8/29/2017 15:00,76.703,168,,,,
1344,8/29/2017 16:00,76.181,60,,,,
1345,8/29/2017 17:00,76.181,53,,,,
1346,8/29/2017 18:00,73.407,78,,,,
1347,8/29/2017 19:00,73.407,38,,,,
1348,8/29/2017 20:00,73.234,15,,,,
1349,8/29/2017 21:00,72.891,0,,,,
1350,8/29/2017 22:00,72.718,0,,,,
1351,8/29/2017 23:00,73.234,0,,,,
1352,8/30/2017 0:00,73.062,0,,,,
1353,8/30/2017 1:00,72.545,0,,,,
1354,8/30/2017 2:00,72.372,0,,,,
1355,8/30/2017 3:00,72.199,0,,,,
1356,8/30/2017 4:00,72.028,0,,,,
1357,8/30/2017 5:00,72.028,0,,,,
1358,8/30/2017 6:00,71.856,0,,,,
1359,8/30/2017 7:00,71.683,0,,,,
1360,8/30/2017 8:00,71.683,15,,,,
1361,8/30/2017 9:00,71.683,19,,,,
1362,8/30/2017 10:00,72.891,24,,,,
1363,8/30/2017 11:00,74.619,136,,,,
1364,8/30/2017 12:00,76.703,78,,,,
1365,8/30/2017 13:00,78.624,41,,,,
1366,8/30/2017 14:00,80.559,46,,,,
1367,8/30/2017 15:00,83.043,232,,,,
1368,8/30/2017 16:00,82.686,304,,,,
1369,8/30/2017 17:00,83.579,576,,,,
1370,8/30/2017 18:00,83.579,45,,,,
1371,8/30/2017 19:00,82.864,38,,,,
1372,8/30/2017 20:00,81.266,7,,,,
1373,8/30/2017 21:00,80.206,0,,,,
1374,8/30/2017 22:00,79.151,0,,,,
1375,8/30/2017 23:00,78.449,0,,,,
1376,8/31/2017 0:00,78.274,0,,,,
1377,8/31/2017 1:00,76.876,0,,,,
1378,8/31/2017 2:00,75.659,0,,,,
1379,8/31/2017 3:00,75.139,0,,,,
1380,8/31/2017 4:00,74.964,0,,,,
1381,8/31/2017 5:00,74.791,0,,,,
1382,8/31/2017 6:00,74.446,0,,,,
1383,8/31/2017 7:00,74.098,0,,,,
1384,8/31/2017 8:00,74.098,16,,,,
1385,8/31/2017 9:00,73.926,44,,,,
1386,8/31/2017 10:00,74.098,49,,,,
1387,8/31/2017 11:00,74.446,144,,,,
1388,8/31/2017 12:00,73.58,41,,,,
1389,8/31/2017 13:00,74.098,272,,,,
1390,8/31/2017 14:00,73.234,128,,,,
1391,8/31/2017 15:00,73.58,432,,,,
1392,8/31/2017 16:00,74.271,576,,,,
1393,8/31/2017 17:00,73.58,88,,,,
1394,8/31/2017 18:00,73.58,82,,,,
1395,8/31/2017 19:00,73.407,48,,,,
1396,8/31/2017 20:00,73.062,5,,,,
1397,8/31/2017 21:00,72.718,0,,,,
1398,8/31/2017 22:00,72.372,0,,,,
1399,8/31/2017 23:00,72.028,0,,,,
1400,9/1/2017 0:00,71.512,0,,,,
1401,9/1/2017 1:00,71.512,0,,,,
1402,9/1/2017 2:00,71.683,0,,,,
1403,9/1/2017 3:00,71.512,0,,,,
1404,9/1/2017 4:00,71.339,0,,,,
1405,9/1/2017 5:00,70.824,0,,,,
1406,9/1/2017 6:00,70.824,0,,,,
1407,9/1/2017 7:00,70.651,0,,,,
1408,9/1/2017 8:00,70.651,33,,,,
1409,9/1/2017 9:00,70.824,136,,,,
1410,9/1/2017 10:00,71.168,128,,,,
1411,9/1/2017 11:00,71.683,224,,,,
1412,9/1/2017 12:00,72.199,400,,,,
1413,9/1/2017 13:00,72.199,336,,,,
1414,9/1/2017 14:00,72.545,216,,,,
1415,9/1/2017 15:00,72.199,208,,,,
1416,9/1/2017 16:00,72.199,480,,,,
1417,9/1/2017 17:00,72.199,136,,,,
1418,9/1/2017 18:00,72.028,78,,,,
1419,9/1/2017 19:00,71.683,36,,,,
1420,9/1/2017 20:00,71.512,1,,,,
1421,9/1/2017 21:00,71.168,0,,,,
1422,9/1/2017 22:00,70.48,0,,,,
1423,9/1/2017 23:00,70.48,0,,,,
1424,9/2/2017 0:00,70.48,0,,,,
1425,9/2/2017 1:00,70.137,0,,,,
1426,9/2/2017 2:00,69.793,0,,,,
1427,9/2/2017 3:00,69.964,0,,,,
1428,9/2/2017 4:00,69.964,0,,,,
1429,9/2/2017 5:00,69.964,0,,,,
1430,9/2/2017 6:00,69.793,0,,,,
1431,9/2/2017 7:00,69.622,0,,,,
1432,9/2/2017 8:00,69.278,17,,,,
1433,9/2/2017 9:00,69.278,57,,,,
1434,9/2/2017 10:00,69.793,288,,,,
1435,9/2/2017 11:00,70.651,216,,,,
1436,9/2/2017 12:00,71.512,480,,,,
1437,9/2/2017 13:00,70.995,128,,,,
1438,9/2/2017 14:00,70.995,168,,,,
1439,9/2/2017 15:00,70.824,152,,,,
1440,9/2/2017 16:00,71.168,76,,,,
1441,9/2/2017 17:00,70.651,66,,,,
1442,9/2/2017 18:00,70.651,42,,,,
1443,9/2/2017 19:00,70.824,62,,,,
1444,9/2/2017 20:00,70.651,2,,,,
1445,9/2/2017 21:00,70.137,0,,,,
1446,9/2/2017 22:00,69.793,0,,,,
1447,9/2/2017 23:00,69.622,0,,,,
1448,9/3/2017 0:00,69.449,0,,,,
1449,9/3/2017 1:00,69.278,0,,,,
1450,9/3/2017 2:00,69.107,0,,,,
1451,9/3/2017 3:00,68.934,0,,,,
1452,9/3/2017 4:00,68.763,0,,,,
1453,9/3/2017 5:00,68.592,0,,,,
1454,9/3/2017 6:00,68.592,0,,,,
1455,9/3/2017 7:00,68.592,0,,,,
1456,9/3/2017 8:00,68.592,10,,,,
1457,9/3/2017 9:00,68.421,32,,,,
1458,9/3/2017 10:00,68.934,82,,,,
1459,9/3/2017 11:00,69.964,216,,,,
1460,9/3/2017 12:00,70.824,119,,,,
1461,9/3/2017 13:00,72.545,116,,,,
1462,9/3/2017 14:00,74.098,1088,,,,
1463,9/3/2017 15:00,74.098,114,,,,
1464,9/3/2017 16:00,73.753,232,,,,
1465,9/3/2017 17:00,73.58,216,,,,
1466,9/3/2017 18:00,73.234,67,,,,
1467,9/3/2017 19:00,72.891,29,,,,
1468,9/3/2017 20:00,74.791,3,,,,
1469,9/3/2017 21:00,72.718,0,,,,
1470,9/3/2017 22:00,72.199,0,,,,
1471,9/3/2017 23:00,71.512,0,,,,
1472,9/4/2017 0:00,71.339,0,,,,
1473,9/4/2017 1:00,70.824,0,,,,
1474,9/4/2017 2:00,70.651,0,,,,
1475,9/4/2017 3:00,70.308,0,,,,
1476,9/4/2017 4:00,70.137,0,,,,
1477,9/4/2017 5:00,69.964,0,,,,
1478,9/4/2017 6:00,69.793,0,,,,
1479,9/4/2017 7:00,69.793,0,,,,
1480,9/4/2017 8:00,69.622,17,,,,
1481,9/4/2017 9:00,69.793,63,,,,
1482,9/4/2017 10:00,69.964,40,,,,
1483,9/4/2017 11:00,70.308,112,,,,
1484,9/4/2017 12:00,71.168,256,,,,
1485,9/4/2017 13:00,72.372,240,,,,
1486,9/4/2017 14:00,73.58,272,,,,
1487,9/4/2017 15:00,74.271,64,,,,
1488,9/4/2017 16:00,74.446,94,,,,
1489,9/4/2017 17:00,73.926,200,,,,
1490,9/4/2017 18:00,72.891,1,,,,
1491,9/4/2017 19:00,73.062,4,,,,
1492,9/4/2017 20:00,72.199,0,,,,
1493,9/4/2017 21:00,72.199,0,,,,
1494,9/4/2017 22:00,71.512,0,,,,
1495,9/4/2017 23:00,70.995,0,,,,
1496,9/5/2017 0:00,70.995,0,,,,
1497,9/5/2017 1:00,70.651,0,,,,
1498,9/5/2017 2:00,70.651,0,,,,
1499,9/5/2017 3:00,70.651,0,,,,
1500,9/5/2017 4:00,70.48,0,,,,
1501,9/5/2017 5:00,70.137,0,,,,
1502,9/5/2017 6:00,69.964,0,,,,
1503,9/5/2017 7:00,69.793,0,,,,
1504,9/5/2017 8:00,69.793,13,,,,
1505,9/5/2017 9:00,69.449,19,,,,
1506,9/5/2017 10:00,69.964,91,,,,
1507,9/5/2017 11:00,70.651,216,,,,
1508,9/5/2017 12:00,71.339,101,,,,
1509,9/5/2017 13:00,71.856,75,,,,
1510,9/5/2017 14:00,72.891,464,,,,
1511,9/5/2017 15:00,72.545,128,,,,
1512,9/5/2017 16:00,73.753,368,,,,
1513,9/5/2017 17:00,75.312,144,,,,
1514,9/5/2017 18:00,73.926,256,,,,
1515,9/5/2017 19:00,72.545,67,,,,
1516,9/5/2017 20:00,71.512,2,,,,
1517,9/5/2017 21:00,70.995,0,,,,
1518,9/5/2017 22:00,70.824,0,,,,
1519,9/5/2017 23:00,70.48,0,,,,
1520,9/6/2017 0:00,70.137,0,,,,
1521,9/6/2017 1:00,69.793,0,,,,
1522,9/6/2017 2:00,69.622,0,,,,
1523,9/6/2017 3:00,69.449,0,,,,
1524,9/6/2017 4:00,69.278,0,,,,
1525,9/6/2017 5:00,69.278,0,,,,
1526,9/6/2017 6:00,68.763,0,,,,
1527,9/6/2017 7:00,68.763,0,,,,
1528,9/6/2017 8:00,68.934,7,,,,
1529,9/6/2017 9:00,69.107,28,,,,
1530,9/6/2017 10:00,68.934,51,,,,
1531,9/6/2017 11:00,69.449,65,,,,
1532,9/6/2017 12:00,71.339,160,,,,
1533,9/6/2017 13:00,71.856,66,,,,
1534,9/6/2017 14:00,73.58,200,,,,
1535,9/6/2017 15:00,73.926,114,,,,
1536,9/6/2017 16:00,73.753,72,,,,
1537,9/6/2017 17:00,73.58,136,,,,
1538,9/6/2017 18:00,72.372,39,,,,
1539,9/6/2017 19:00,71.856,15,,,,
1540,9/6/2017 20:00,71.512,0,,,,
1541,9/6/2017 21:00,70.995,0,,,,
1542,9/6/2017 22:00,70.48,0,,,,
1543,9/6/2017 23:00,70.137,0,,,,
1544,9/7/2017 0:00,70.137,0,,,,
1545,9/7/2017 1:00,69.964,0,,,,
1546,9/7/2017 2:00,69.622,0,,,,
1547,9/7/2017 3:00,69.278,0,,,,
1548,9/7/2017 4:00,68.934,0,,,,
1549,9/7/2017 5:00,68.421,0,,,,
1550,9/7/2017 6:00,68.248,0,,,,
1551,9/7/2017 7:00,68.077,0,,,,
1552,9/7/2017 8:00,68.077,24,,,,
1553,9/7/2017 9:00,68.248,38,,,,
1554,9/7/2017 10:00,68.763,192,,,,
1555,9/7/2017 11:00,69.278,110,,,,
1556,9/7/2017 12:00,69.622,83,,,,
1557,9/7/2017 13:00,70.137,240,,,,
1558,9/7/2017 14:00,71.683,232,,,,
1559,9/7/2017 15:00,72.372,17,,,,
1560,9/7/2017 16:00,69.964,86,,,,
1561,9/7/2017 17:00,69.964,62,,,,
1562,9/7/2017 18:00,69.964,52,,,,
1563,9/7/2017 19:00,69.622,11,,,,
1564,9/7/2017 20:00,69.278,0,,,,
1565,9/7/2017 21:00,68.934,0,,,,
1566,9/7/2017 22:00,68.592,0,,,,
1567,9/7/2017 23:00,68.421,0,,,,
1568,9/8/2017 0:00,68.077,0,,,,
1569,9/8/2017 1:00,67.906,0,,,,
1570,9/8/2017 2:00,67.735,0,,,,
1571,9/8/2017 3:00,67.564,0,,,,
1572,9/8/2017 4:00,67.564,0,,,,
1573,9/8/2017 5:00,67.564,0,,,,
1574,9/8/2017 6:00,67.392,0,,,,
1575,9/8/2017 7:00,67.221,0,,,,
1576,9/8/2017 8:00,67.221,10,,,,
1577,9/8/2017 9:00,67.564,44,,,,
1578,9/8/2017 9:35,,,Logged,Logged,,
1579,9/8/2017 9:36,,,,,Logged,
1580,9/8/2017 10:00,68.077,368,,,,
1581,9/8/2017 11:00,68.248,136,,,,
1582,9/8/2017 12:00,69.793,1024,,,,
1583,9/8/2017 13:00,70.308,960,,,,
1584,9/8/2017 14:00,70.995,608,,,,
1585,9/8/2017 15:00,69.964,160,,,,
1586,9/8/2017 16:00,71.168,224,,,,
1587,9/8/2017 17:00,70.651,416,,,,
1588,9/8/2017 18:00,70.308,232,,,,
1589,9/8/2017 19:00,69.622,67,,,,
1590,9/8/2017 20:00,69.278,1,,,,
1591,9/8/2017 21:00,69.107,0,,,,
1592,9/8/2017 22:00,68.934,0,,,,
1593,9/8/2017 23:00,68.592,0,,,,
1594,9/9/2017 0:00,68.248,0,,,,
1595,9/9/2017 1:00,67.906,0,,,,
1596,9/9/2017 2:00,67.564,0,,,,
1597,9/9/2017 3:00,67.392,0,,,,
1598,9/9/2017 4:00,66.879,0,,,,
1599,9/9/2017 5:00,66.537,0,,,,
1600,9/9/2017 6:00,66.708,0,,,,
1601,9/9/2017 7:00,66.366,0,,,,
1602,9/9/2017 8:00,66.022,23,,,,
1603,9/9/2017 9:00,66.366,192,,,,
1604,9/9/2017 10:00,67.221,576,,,,
1605,9/9/2017 11:00,68.077,800,,,,
1606,9/9/2017 12:00,69.107,320,,,,
1607,9/9/2017 13:00,69.107,512,,,,
1608,9/9/2017 14:00,69.622,288,,,,
1609,9/9/2017 15:00,69.278,288,,,,
1610,9/9/2017 16:00,69.964,400,,,,
1611,9/9/2017 17:00,68.934,60,,,,
1612,9/9/2017 18:00,68.763,160,,,,
1613,9/9/2017 19:00,68.248,80,,,,
1614,9/9/2017 20:00,67.735,2,,,,
1615,9/9/2017 21:00,67.392,0,,,,
1616,9/9/2017 22:00,67.05,0,,,,
1617,9/9/2017 23:00,66.879,0,,,,
1618,9/10/2017 0:00,66.537,0,,,,
1619,9/10/2017 1:00,66.537,0,,,,
1620,9/10/2017 2:00,66.537,0,,,,
1621,9/10/2017 3:00,66.193,0,,,,
1622,9/10/2017 4:00,66.193,0,,,,
1623,9/10/2017 5:00,66.193,0,,,,
1624,9/10/2017 6:00,66.193,0,,,,
1625,9/10/2017 7:00,66.193,0,,,,
1626,9/10/2017 8:00,66.366,21,,,,
1627,9/10/2017 9:00,66.537,66,,,,
1628,9/10/2017 10:00,66.879,144,,,,
1629,9/10/2017 11:00,68.077,224,,,,
1630,9/10/2017 12:00,68.592,384,,,,
1631,9/10/2017 13:00,69.278,480,,,,
1632,9/10/2017 14:00,71.168,384,,,,
1633,9/10/2017 15:00,69.793,480,,,,
1634,9/10/2017 16:00,71.168,336,,,,
1635,9/10/2017 17:00,70.824,272,,,,
1636,9/10/2017 18:00,69.793,368,,,,
1637,9/10/2017 19:00,68.421,75,,,,
1638,9/10/2017 20:00,67.392,0,,,,
1639,9/10/2017 21:00,66.879,0,,,,
1640,9/10/2017 22:00,66.708,0,,,,
1641,9/10/2017 23:00,66.366,0,,,,
1642,9/11/2017 0:00,66.879,0,,,,
1643,9/11/2017 1:00,66.879,0,,,,
1644,9/11/2017 2:00,66.366,0,,,,
1645,9/11/2017 3:00,66.193,0,,,,
1646,9/11/2017 4:00,66.193,0,,,,
1647,9/11/2017 5:00,66.366,0,,,,
1648,9/11/2017 6:00,66.193,0,,,,
1649,9/11/2017 7:00,66.022,0,,,,
1650,9/11/2017 8:00,65.68,22,,,,
1651,9/11/2017 9:00,66.193,51,,,,
1652,9/11/2017 10:00,66.879,152,,,,
1653,9/11/2017 11:00,67.735,224,,,,
1654,9/11/2017 12:00,68.421,288,,,,
1655,9/11/2017 13:00,70.824,304,,,,
1656,9/11/2017 14:00,71.168,288,,,,
1657,9/11/2017 15:00,69.622,480,,,,
1658,9/11/2017 16:00,70.137,272,,,,
1659,9/11/2017 17:00,69.622,248,,,,
1660,9/11/2017 18:00,68.763,168,,,,
1661,9/11/2017 19:00,68.077,36,,,,
1662,9/11/2017 20:00,67.221,0,,,,
1663,9/11/2017 21:00,66.879,0,,,,
1664,9/11/2017 22:00,66.708,0,,,,
1665,9/11/2017 23:00,66.537,0,,,,
1666,9/12/2017 0:00,66.022,0,,,,
1667,9/12/2017 1:00,66.022,0,,,,
1668,9/12/2017 2:00,66.022,0,,,,
1669,9/12/2017 3:00,66.537,0,,,,
1670,9/12/2017 4:00,66.537,0,,,,
1671,9/12/2017 5:00,66.537,0,,,,
1672,9/12/2017 6:00,66.366,0,,,,
1673,9/12/2017 7:00,66.366,0,,,,
1674,9/12/2017 8:00,66.193,18,,,,
1675,9/12/2017 9:00,66.366,53,,,,
1676,9/12/2017 10:00,67.05,117,,,,
1677,9/12/2017 11:00,68.248,144,,,,
1678,9/12/2017 12:00,69.107,320,,,,
1679,9/12/2017 13:00,69.278,352,,,,
1680,9/12/2017 14:00,68.934,432,,,,
1681,9/12/2017 15:00,69.107,704,,,,
1682,9/12/2017 16:00,68.421,512,,,,
1683,9/12/2017 17:00,68.077,256,,,,
1684,9/12/2017 18:00,67.221,128,,,,
1685,9/12/2017 19:00,67.05,27,,,,
1686,9/12/2017 20:00,67.05,0,,,,
1687,9/12/2017 21:00,67.221,0,,,,
1688,9/12/2017 22:00,67.564,0,,,,
1689,9/12/2017 23:00,67.392,0,,,,
1690,9/13/2017 0:00,67.392,0,,,,
1691,9/13/2017 1:00,67.392,0,,,,
1692,9/13/2017 2:00,67.392,0,,,,
1693,9/13/2017 3:00,67.392,0,,,,
1694,9/13/2017 4:00,67.392,0,,,,
1695,9/13/2017 5:00,67.221,0,,,,
1696,9/13/2017 6:00,67.221,0,,,,
1697,9/13/2017 7:00,67.221,0,,,,
1698,9/13/2017 8:00,67.221,17,,,,
1699,9/13/2017 9:00,67.564,45,,,,
1700,9/13/2017 10:00,67.735,106,,,,
1701,9/13/2017 11:00,68.421,112,,,,
1702,9/13/2017 12:00,68.421,68,,,,
1703,9/13/2017 13:00,68.421,43,,,,
1704,9/13/2017 14:00,68.763,55,,,,
1705,9/13/2017 15:00,69.622,144,,,,
1706,9/13/2017 16:00,70.308,128,,,,
1707,9/13/2017 17:00,70.137,160,,,,
1708,9/13/2017 18:00,70.137,55,,,,
1709,9/13/2017 19:00,69.449,20,,,,
1710,9/13/2017 20:00,69.278,0,,,,
1711,9/13/2017 21:00,69.107,0,,,,
1712,9/13/2017 22:00,68.934,0,,,,
1713,9/13/2017 23:00,68.763,0,,,,
1714,9/14/2017 0:00,68.592,0,,,,
1715,9/14/2017 1:00,68.421,0,,,,
1716,9/14/2017 2:00,68.248,0,,,,
1717,9/14/2017 3:00,68.077,0,,,,
1718,9/14/2017 4:00,67.906,0,,,,
1719,9/14/2017 5:00,67.735,0,,,,
1720,9/14/2017 6:00,67.564,0,,,,
1721,9/14/2017 7:00,67.564,0,,,,
1722,9/14/2017 8:00,67.564,29,,,,
1723,9/14/2017 9:00,67.735,91,,,,
1724,9/14/2017 10:00,68.421,216,,,,
1725,9/14/2017 11:00,70.308,368,,,,
1726,9/14/2017 12:00,70.48,75,,,,
1727,9/14/2017 13:00,70.995,248,,,,
1728,9/14/2017 14:00,73.753,432,,,,
1729,9/14/2017 15:00,73.58,152,,,,
1730,9/14/2017 16:00,77.05,272,,,,
1731,9/14/2017 17:00,76.528,496,,,,
1732,9/14/2017 18:00,77.05,248,,,,
1733,9/14/2017 19:00,76.354,53,,,,
1734,9/14/2017 20:00,75.832,0,,,,
1735,9/14/2017 21:00,74.964,0,,,,
1736,9/14/2017 22:00,74.271,0,,,,
1737,9/14/2017 23:00,73.753,0,,,,
1738,9/15/2017 0:00,73.062,0,,,,
1739,9/15/2017 1:00,72.718,0,,,,
1740,9/15/2017 2:00,72.372,0,,,,
1741,9/15/2017 3:00,71.856,0,,,,
1742,9/15/2017 4:00,71.339,0,,,,
1743,9/15/2017 5:00,70.651,0,,,,
1744,9/15/2017 6:00,70.137,0,,,,
1745,9/15/2017 7:00,69.622,0,,,,
1746,9/15/2017 8:00,69.622,19,,,,
1747,9/15/2017 9:00,69.449,109,,,,
1748,9/15/2017 10:00,70.308,512,,,,
1749,9/15/2017 11:00,72.028,184,,,,
1750,9/15/2017 12:00,73.234,232,,,,
1751,9/15/2017 13:00,73.926,176,,,,
1752,9/15/2017 14:00,75.139,216,,,,
1753,9/15/2017 15:00,75.312,320,,,,
1754,9/15/2017 16:00,75.832,128,,,,
1755,9/15/2017 17:00,77.225,115,,,,
1756,9/15/2017 18:00,77.225,104,,,,
1757,9/15/2017 19:00,76.006,34,,,,
1758,9/15/2017 20:00,75.139,0,,,,
1759,9/15/2017 21:00,74.791,0,,,,
1760,9/15/2017 22:00,74.446,0,,,,
1761,9/15/2017 23:00,74.098,0,,,,
1762,9/16/2017 0:00,73.753,0,,,,
1763,9/16/2017 1:00,73.234,0,,,,
1764,9/16/2017 2:00,72.718,0,,,,
1765,9/16/2017 3:00,72.372,0,,,,
1766,9/16/2017 4:00,72.028,0,,,,
1767,9/16/2017 5:00,71.683,0,,,,
1768,9/16/2017 6:00,71.339,0,,,,
1769,9/16/2017 7:00,70.824,0,,,,
1770,9/16/2017 8:00,70.308,21,,,,
1771,9/16/2017 9:00,70.308,73,,,,
1772,9/16/2017 10:00,70.651,184,,,,
1773,9/16/2017 11:00,71.512,288,,,,
1774,9/16/2017 12:00,73.753,336,,,,
1775,9/16/2017 13:00,75.139,320,,,,
1776,9/16/2017 14:00,76.181,320,,,,
1777,9/16/2017 15:00,77.225,136,,,,
1778,9/16/2017 16:00,79.151,216,,,,
1779,9/16/2017 17:00,78.8,200,,,,
1780,9/16/2017 18:00,78.624,115,,,,
1781,9/16/2017 19:00,77.4,58,,,,
1782,9/16/2017 20:00,76.528,0,,,,
1783,9/16/2017 21:00,75.832,0,,,,
1784,9/16/2017 22:00,75.312,0,,,,
1785,9/16/2017 23:00,74.964,0,,,,
1786,9/17/2017 0:00,74.446,0,,,,
1787,9/17/2017 1:00,73.58,0,,,,
1788,9/17/2017 2:00,73.062,0,,,,
1789,9/17/2017 3:00,72.718,0,,,,
1790,9/17/2017 4:00,72.372,0,,,,
1791,9/17/2017 5:00,72.372,0,,,,
1792,9/17/2017 6:00,71.856,0,,,,
1793,9/17/2017 7:00,71.339,0,,,,
1794,9/17/2017 8:00,70.824,20,,,,
1795,9/17/2017 9:00,70.824,68,,,,
1796,9/17/2017 10:00,71.512,176,,,,
1797,9/17/2017 11:00,73.234,368,,,,
1798,9/17/2017 12:00,74.098,320,,,,
1799,9/17/2017 13:00,75.139,480,,,,
1800,9/17/2017 14:00,76.528,576,,,,
1801,9/17/2017 15:00,77.225,240,,,,
1802,9/17/2017 16:00,78.624,384,,,,
1803,9/17/2017 17:00,78.449,1216,,,,
1804,9/17/2017 18:00,78.098,144,,,,
1805,9/17/2017 19:00,76.876,17,,,,
1806,9/17/2017 20:00,76.006,0,,,,
1807,9/17/2017 21:00,75.659,0,,,,
1808,9/17/2017 22:00,75.832,0,,,,
1809,9/17/2017 23:00,75.484,0,,,,
1810,9/18/2017 0:00,75.312,0,,,,
1811,9/18/2017 1:00,75.139,0,,,,
1812,9/18/2017 2:00,74.964,0,,,,
1813,9/18/2017 3:00,74.619,0,,,,
1814,9/18/2017 4:00,74.271,0,,,,
1815,9/18/2017 5:00,74.098,0,,,,
1816,9/18/2017 6:00,74.098,0,,,,
1817,9/18/2017 7:00,73.926,0,,,,
1818,9/18/2017 8:00,73.926,15,,,,
1819,9/18/2017 9:00,73.926,33,,,,
1820,9/18/2017 10:00,74.098,110,,,,
1821,9/18/2017 11:00,74.271,112,,,,
1822,9/18/2017 12:00,74.791,152,,,,
1823,9/18/2017 13:00,75.659,1344,,,,
1824,9/18/2017 14:00,76.181,432,,,,
1825,9/18/2017 15:00,77.923,117,,,,
1826,9/18/2017 16:00,78.274,256,,,,
1827,9/18/2017 17:00,76.181,118,,,,
1828,9/18/2017 18:00,76.006,176,,,,
1829,9/18/2017 19:00,76.528,25,,,,
1830,9/18/2017 20:00,76.354,0,,,,
1831,9/18/2017 21:00,75.139,0,,,,
1832,9/18/2017 22:00,74.098,0,,,,
1833,9/18/2017 23:00,73.062,0,,,,
1834,9/19/2017 0:00,70.995,0,,,,
1835,9/19/2017 1:00,70.824,0,,,,
1836,9/19/2017 2:00,70.651,0,,,,
1837,9/19/2017 3:00,69.107,0,,,,
1838,9/19/2017 4:00,68.592,0,,,,
1839,9/19/2017 5:00,69.622,0,,,,
1840,9/19/2017 6:00,69.278,0,,,,
1841,9/19/2017 7:00,69.449,0,,,,
1842,9/19/2017 8:00,69.449,26,,,,
1843,9/19/2017 9:00,69.793,8,,,,
1844,9/19/2017 10:00,69.622,2,,,,
1845,9/19/2017 11:00,69.622,56,,,,
1846,9/19/2017 12:00,69.964,125,,,,
1847,9/19/2017 13:00,70.995,256,,,,
1848,9/19/2017 14:00,70.651,43,,,,
1849,9/19/2017 15:00,69.964,66,,,,
1850,9/19/2017 16:00,69.622,39,,,,
1851,9/19/2017 17:00,69.964,89,,,,
1852,9/19/2017 18:00,69.622,31,,,,
1853,9/19/2017 19:00,69.278,9,,,,
1854,9/19/2017 20:00,69.964,0,,,,
1855,9/19/2017 21:00,69.964,0,,,,
1856,9/19/2017 22:00,70.137,0,,,,
1857,9/19/2017 23:00,70.137,0,,,,
1858,9/20/2017 0:00,70.137,0,,,,
1859,9/20/2017 1:00,70.137,0,,,,
1860,9/20/2017 2:00,70.137,0,,,,
1861,9/20/2017 3:00,69.964,0,,,,
1862,9/20/2017 4:00,69.964,0,,,,
1863,9/20/2017 5:00,69.964,0,,,,
1864,9/20/2017 6:00,70.48,0,,,,
1865,9/20/2017 7:00,70.48,0,,,,
1866,9/20/2017 8:00,70.48,19,,,,
1867,9/20/2017 9:00,70.651,82,,,,
1868,9/20/2017 10:00,71.339,76,,,,
1869,9/20/2017 11:00,73.58,480,,,,
1870,9/20/2017 12:00,75.139,384,,,,
1871,9/20/2017 13:00,77.574,496,,,,
1872,9/20/2017 14:00,78.8,336,,,,
1873,9/20/2017 15:00,79.502,256,,,,
1874,9/20/2017 16:00,80.911,256,,,,
1875,9/20/2017 17:00,79.502,192,,,,
1876,9/20/2017 18:00,79.502,103,,,,
1877,9/20/2017 19:00,78.624,30,,,,
1878,9/20/2017 20:00,77.4,0,,,,
1879,9/20/2017 21:00,77.4,0,,,,
1880,9/20/2017 22:00,76.876,0,,,,
1881,9/20/2017 23:00,76.528,0,,,,
1882,9/21/2017 0:00,76.354,0,,,,
1883,9/21/2017 1:00,76.006,0,,,,
1884,9/21/2017 2:00,75.832,0,,,,
1885,9/21/2017 3:00,75.484,0,,,,
1886,9/21/2017 4:00,75.312,0,,,,
1887,9/21/2017 5:00,75.139,0,,,,
1888,9/21/2017 6:00,74.964,0,,,,
1889,9/21/2017 7:00,74.791,0,,,,
1890,9/21/2017 8:00,74.791,4,,,,
1891,9/21/2017 9:00,74.619,16,,,,
1892,9/21/2017 10:00,75.484,448,,,,
1893,9/21/2017 11:00,76.876,1536,,,,
1894,9/21/2017 12:00,78.8,608,,,,
1895,9/21/2017 13:00,83.221,1536,,,,
1896,9/21/2017 14:00,83.935,768,,,,
1897,9/21/2017 15:00,86.823,480,,,,
1898,9/21/2017 16:00,87.733,216,,,,
1899,9/21/2017 17:00,83.935,200,,,,
1900,9/21/2017 18:00,84.654,120,,,,
1901,9/21/2017 19:00,83.043,16,,,,
1902,9/21/2017 20:00,81.621,0,,,,
1903,9/21/2017 21:00,80.911,0,,,,
1904,9/21/2017 22:00,80.206,0,,,,
1905,9/21/2017 23:00,79.502,0,,,,
1906,9/22/2017 0:00,79.151,0,,,,
1907,9/22/2017 1:00,78.624,0,,,,
1908,9/22/2017 2:00,78.274,0,,,,
1909,9/22/2017 3:00,77.923,0,,,,
1910,9/22/2017 4:00,77.574,0,,,,
1911,9/22/2017 5:00,76.876,0,,,,
1912,9/22/2017 6:00,76.703,0,,,,
1913,9/22/2017 7:00,76.528,0,,,,
1914,9/22/2017 8:00,76.354,15,,,,
1915,9/22/2017 9:00,76.354,70,,,,
1916,9/22/2017 10:00,77.05,256,,,,
1917,9/22/2017 11:00,78.975,336,,,,
1918,9/22/2017 12:00,80.735,248,,,,
1919,9/22/2017 13:00,83.579,304,,,,
1920,9/22/2017 14:00,87.552,320,,,,
1921,9/22/2017 15:00,89.017,992,,,,
1922,9/22/2017 16:00,87.552,288,,,,
1923,9/22/2017 17:00,87.552,248,,,,
1924,9/22/2017 18:00,83.399,43,,,,
1925,9/22/2017 19:00,83.221,21,,,,
1926,9/22/2017 20:00,78.449,0,,,,
1927,9/22/2017 21:00,78.8,0,,,,
1928,9/22/2017 22:00,78.274,0,,,,
1929,9/22/2017 23:00,77.749,0,,,,
1930,9/23/2017 0:00,77.225,0,,,,
1931,9/23/2017 1:00,76.876,0,,,,
1932,9/23/2017 2:00,76.528,0,,,,
1933,9/23/2017 3:00,76.876,0,,,,
1934,9/23/2017 4:00,76.181,0,,,,
1935,9/23/2017 5:00,76.006,0,,,,
1936,9/23/2017 6:00,76.006,0,,,,
1937,9/23/2017 7:00,75.832,0,,,,
1938,9/23/2017 8:00,75.484,20,,,,
1939,9/23/2017 9:00,75.659,67,,,,
1940,9/23/2017 10:00,76.528,800,,,,
1941,9/23/2017 11:00,78.274,448,,,,
1942,9/23/2017 12:00,80.382,480,,,,
1943,9/23/2017 13:00,82.686,304,,,,
1944,9/23/2017 14:00,84.115,288,,,,
1945,9/23/2017 15:00,86.277,272,,,,
1946,9/23/2017 16:00,86.823,288,,,,
1947,9/23/2017 17:00,82.33,122,,,,
1948,9/23/2017 18:00,79.502,63,,,,
1949,9/23/2017 19:00,77.4,30,,,,
1950,9/23/2017 20:00,79.678,0,,,,
1951,9/23/2017 21:00,77.574,0,,,,
1952,9/23/2017 22:00,76.354,0,,,,
1953,9/23/2017 23:00,76.703,0,,,,
1954,9/24/2017 0:00,76.181,0,,,,
1955,9/24/2017 1:00,75.484,0,,,,
1956,9/24/2017 2:00,75.832,0,,,,
1957,9/24/2017 3:00,75.832,0,,,,
1958,9/24/2017 4:00,75.832,0,,,,
1959,9/24/2017 5:00,75.832,0,,,,
1960,9/24/2017 6:00,75.832,0,,,,
1961,9/24/2017 7:00,75.832,0,,,,
1962,9/24/2017 8:00,75.484,7,,,,
1963,9/24/2017 9:00,75.484,16,,,,
1964,9/24/2017 10:00,76.006,192,,,,
1965,9/24/2017 11:00,77.574,232,,,,
1966,9/24/2017 12:00,79.502,248,,,,
1967,9/24/2017 13:00,79.678,400,,,,
1968,9/24/2017 14:00,79.678,336,,,,
1969,9/24/2017 15:00,81.09,272,,,,
1970,9/24/2017 16:00,80.559,400,,,,
1971,9/24/2017 17:00,81.442,176,,,,
1972,9/24/2017 18:00,81.266,120,,,,
1973,9/24/2017 19:00,81.09,45,,,,
1974,9/24/2017 20:00,80.559,0,,,,
1975,9/24/2017 21:00,80.029,0,,,,
1976,9/24/2017 22:00,79.326,0,,,,
1977,9/24/2017 23:00,78.274,0,,,,
1978,9/25/2017 0:00,77.574,0,,,,
1979,9/25/2017 1:00,77.225,0,,,,
1980,9/25/2017 2:00,76.703,0,,,,
1981,9/25/2017 3:00,76.181,0,,,,
1982,9/25/2017 4:00,75.832,0,,,,
1983,9/25/2017 5:00,75.832,0,,,,
1984,9/25/2017 6:00,75.659,0,,,,
1985,9/25/2017 7:00,75.659,0,,,,
1986,9/25/2017 8:00,75.659,13,,,,
1987,9/25/2017 9:00,75.832,45,,,,
1988,9/25/2017 10:00,76.528,136,,,,
1989,9/25/2017 11:00,78.098,320,,,,
1990,9/25/2017 12:00,80.382,368,,,,
1991,9/25/2017 13:00,84.654,1152,,,,
1992,9/25/2017 14:00,83.757,288,,,,
1993,9/25/2017 15:00,85.915,352,,,,
1994,9/25/2017 16:00,85.915,352,,,,
1995,9/25/2017 17:00,89.938,208,,,,
1996,9/25/2017 18:00,86.641,119,,,,
1997,9/25/2017 19:00,85.735,33,,,,
1998,9/25/2017 20:00,84.834,0,,,,
1999,9/25/2017 21:00,83.935,0,,,,
2000,9/25/2017 22:00,83.221,0,,,,
2001,9/25/2017 23:00,82.508,0,,,,
2002,9/26/2017 0:00,81.621,0,,,,
2003,9/26/2017 1:00,80.911,0,,,,
2004,9/26/2017 2:00,80.735,0,,,,
2005,9/26/2017 3:00,80.206,0,,,,
2006,9/26/2017 4:00,79.678,0,,,,
2007,9/26/2017 5:00,79.151,0,,,,
2008,9/26/2017 6:00,78.8,0,,,,
2009,9/26/2017 7:00,78.449,0,,,,
2010,9/26/2017 8:00,78.098,13,,,,
2011,9/26/2017 9:00,77.749,37,,,,
2012,9/26/2017 10:00,78.624,672,,,,
2013,9/26/2017 11:00,79.678,704,,,,
2014,9/26/2017 12:00,80.735,704,,,,
2015,9/26/2017 13:00,81.975,496,,,,
2016,9/26/2017 14:00,83.935,496,,,,
2017,9/26/2017 15:00,85.014,512,,,,
2018,9/26/2017 16:00,85.194,336,,,,
2019,9/26/2017 17:00,84.654,248,,,,
2020,9/26/2017 18:00,83.579,115,,,,
2021,9/26/2017 19:00,83.043,23,,,,
2022,9/26/2017 20:00,81.797,0,,,,
2023,9/26/2017 21:00,81.266,0,,,,
2024,9/26/2017 22:00,80.911,0,,,,
2025,9/26/2017 23:00,80.559,0,,,,
2026,9/27/2017 0:00,80.206,0,,,,
2027,9/27/2017 1:00,79.853,0,,,,
2028,9/27/2017 2:00,79.678,0,,,,
2029,9/27/2017 3:00,79.502,0,,,,
2030,9/27/2017 4:00,79.151,0,,,,
2031,9/27/2017 5:00,78.975,0,,,,
2032,9/27/2017 6:00,78.8,0,,,,
2033,9/27/2017 7:00,78.624,0,,,,
2034,9/27/2017 8:00,78.274,7,,,,
2035,9/27/2017 9:00,78.098,68,,,,
2036,9/27/2017 10:00,77.923,56,,,,
2037,9/27/2017 11:00,77.749,82,,,,
2038,9/27/2017 12:00,78.098,192,,,,
2039,9/27/2017 13:00,79.151,400,,,,
2040,9/27/2017 14:00,79.853,352,,,,
2041,9/27/2017 15:00,80.206,864,,,,
2042,9/27/2017 16:00,79.678,200,,,,
2043,9/27/2017 17:00,79.151,68,,,,
2044,9/27/2017 18:00,78.8,97,,,,
2045,9/27/2017 19:00,78.098,13,,,,
2046,9/27/2017 20:00,77.225,0,,,,
2047,9/27/2017 21:00,76.876,0,,,,
2048,9/27/2017 22:00,76.528,0,,,,
2049,9/27/2017 23:00,76.006,0,,,,
2050,9/28/2017 0:00,75.659,0,,,,
2051,9/28/2017 1:00,75.484,0,,,,
2052,9/28/2017 2:00,75.139,0,,,,
2053,9/28/2017 3:00,74.791,0,,,,
2054,9/28/2017 4:00,74.271,0,,,,
2055,9/28/2017 5:00,74.098,0,,,,
2056,9/28/2017 6:00,73.407,0,,,,
2057,9/28/2017 7:00,73.062,0,,,,
2058,9/28/2017 8:00,72.891,17,,,,
2059,9/28/2017 9:00,72.718,32,,,,
2060,9/28/2017 10:00,73.407,512,,,,
2061,9/28/2017 11:00,74.098,512,,,,
2062,9/28/2017 12:00,73.753,336,,,,
2063,9/28/2017 13:00,74.271,176,,,,
2064,9/28/2017 14:00,74.791,192,,,,
2065,9/28/2017 15:00,74.791,248,,,,
2066,9/28/2017 16:00,74.964,496,,,,
2067,9/28/2017 17:00,74.964,480,,,,
2068,9/28/2017 18:00,74.619,99,,,,
2069,9/28/2017 19:00,73.753,19,,,,
2070,9/28/2017 20:00,73.234,0,,,,
2071,9/28/2017 21:00,72.891,0,,,,
2072,9/28/2017 22:00,72.199,0,,,,
2073,9/28/2017 23:00,72.199,0,,,,
2074,9/29/2017 0:00,72.028,0,,,,
2075,9/29/2017 1:00,71.683,0,,,,
2076,9/29/2017 2:00,71.339,0,,,,
2077,9/29/2017 3:00,70.995,0,,,,
2078,9/29/2017 4:00,70.651,0,,,,
2079,9/29/2017 5:00,70.308,0,,,,
2080,9/29/2017 6:00,70.137,0,,,,
2081,9/29/2017 7:00,70.137,0,,,,
2082,9/29/2017 8:00,69.793,25,,,,
2083,9/29/2017 9:00,69.449,31,,,,
2084,9/29/2017 10:00,70.137,512,,,,
2085,9/29/2017 11:00,70.48,192,,,,
2086,9/29/2017 12:00,70.995,208,,,,
2087,9/29/2017 13:00,71.856,768,,,,
2088,9/29/2017 14:00,72.028,1088,,,,
2089,9/29/2017 15:00,71.856,368,,,,
2090,9/29/2017 16:00,72.199,512,,,,
2091,9/29/2017 17:00,71.512,208,,,,
2092,9/29/2017 18:00,71.339,39,,,,
2093,9/29/2017 19:00,70.824,9,,,,
2094,9/29/2017 20:00,70.48,0,,,,
2095,9/29/2017 21:00,69.964,0,,,,
2096,9/29/2017 22:00,69.793,0,,,,
2097,9/29/2017 23:00,69.793,0,,,,
2098,9/30/2017 0:00,69.449,0,,,,
2099,9/30/2017 1:00,69.278,0,,,,
2100,9/30/2017 2:00,69.278,0,,,,
2101,9/30/2017 3:00,69.107,0,,,,
2102,9/30/2017 4:00,68.934,0,,,,
2103,9/30/2017 5:00,68.763,0,,,,
2104,9/30/2017 6:00,68.421,0,,,,
2105,9/30/2017 7:00,68.421,0,,,,
2106,9/30/2017 8:00,68.248,11,,,,
2107,9/30/2017 9:00,68.248,30,,,,
2108,9/30/2017 10:00,68.934,320,,,,
2109,9/30/2017 11:00,69.449,480,,,,
2110,9/30/2017 12:00,70.48,1088,,,,
2111,9/30/2017 13:00,70.824,704,,,,
2112,9/30/2017 14:00,70.995,216,,,,
2113,9/30/2017 15:00,72.028,304,,,,
2114,9/30/2017 16:00,71.683,216,,,,
2115,9/30/2017 17:00,70.48,160,,,,
2116,9/30/2017 18:00,69.964,115,,,,
2117,9/30/2017 19:00,69.107,16,,,,
2118,9/30/2017 20:00,68.592,0,,,,
2119,9/30/2017 21:00,68.248,0,,,,
2120,9/30/2017 22:00,67.906,0,,,,
2121,9/30/2017 23:00,67.735,0,,,,
2122,10/1/2017 0:00,67.564,0,,,,
2123,10/1/2017 1:00,67.221,0,,,,
2124,10/1/2017 2:00,67.05,0,,,,
2125,10/1/2017 3:00,67.05,0,,,,
2126,10/1/2017 4:00,66.879,0,,,,
2127,10/1/2017 5:00,66.708,0,,,,
2128,10/1/2017 6:00,66.537,0,,,,
2129,10/1/2017 7:00,66.366,0,,,,
2130,10/1/2017 8:00,66.022,8,,,,
2131,10/1/2017 9:00,66.366,20,,,,
2132,10/1/2017 10:00,67.05,272,,,,
2133,10/1/2017 11:00,67.564,416,,,,
2134,10/1/2017 12:00,68.248,288,,,,
2135,10/1/2017 13:00,68.934,208,,,,
2136,10/1/2017 14:00,69.964,200,,,,
2137,10/1/2017 15:00,70.995,114,,,,
2138,10/1/2017 16:00,70.308,102,,,,
2139,10/1/2017 17:00,69.793,107,,,,
2140,10/1/2017 18:00,69.793,87,,,,
2141,10/1/2017 19:00,69.107,7,,,,
2142,10/1/2017 20:00,68.592,0,,,,
2143,10/1/2017 21:00,68.077,0,,,,
2144,10/1/2017 22:00,67.564,0,,,,
2145,10/1/2017 23:00,67.221,0,,,,
2146,10/2/2017 0:00,67.05,0,,,,
2147,10/2/2017 1:00,66.708,0,,,,
2148,10/2/2017 2:00,66.537,0,,,,
2149,10/2/2017 3:00,66.537,0,,,,
2150,10/2/2017 4:00,66.193,0,,,,
2151,10/2/2017 5:00,65.851,0,,,,
2152,10/2/2017 6:00,65.68,0,,,,
2153,10/2/2017 7:00,65.851,0,,,,
2154,10/2/2017 8:00,66.022,10,,,,
2155,10/2/2017 9:00,66.193,32,,,,
2156,10/2/2017 10:00,66.708,224,,,,
2157,10/2/2017 11:00,67.392,72,,,,
2158,10/2/2017 12:00,68.248,92,,,,
2159,10/2/2017 13:00,69.622,116,,,,
2160,10/2/2017 14:00,70.995,111,,,,
2161,10/2/2017 15:00,71.512,103,,,,
2162,10/2/2017 16:00,72.028,115,,,,
2163,10/2/2017 17:00,70.824,84,,,,
2164,10/2/2017 18:00,70.651,53,,,,
2165,10/2/2017 19:00,69.964,11,,,,
2166,10/2/2017 20:00,69.622,0,,,,
2167,10/2/2017 21:00,68.934,0,,,,
2168,10/2/2017 22:00,68.592,0,,,,
2169,10/2/2017 23:00,67.735,0,,,,
2170,10/3/2017 0:00,67.05,0,,,,
2171,10/3/2017 1:00,66.879,0,,,,
2172,10/3/2017 2:00,66.708,0,,,,
2173,10/3/2017 3:00,66.879,0,,,,
2174,10/3/2017 4:00,66.879,0,,,,
2175,10/3/2017 5:00,66.708,0,,,,
2176,10/3/2017 6:00,66.537,0,,,,
2177,10/3/2017 7:00,66.366,0,,,,
2178,10/3/2017 8:00,66.193,6,,,,
2179,10/3/2017 9:00,66.193,20,,,,
2180,10/3/2017 10:00,66.708,109,,,,
2181,10/3/2017 11:00,67.221,184,,,,
2182,10/3/2017 12:00,68.421,368,,,,
2183,10/3/2017 13:00,69.449,992,,,,
2184,10/3/2017 14:00,70.308,192,,,,
2185,10/3/2017 15:00,70.995,672,,,,
2186,10/3/2017 16:00,70.995,240,,,,
2187,10/3/2017 17:00,70.651,121,,,,
2188,10/3/2017 18:00,69.964,54,,,,
2189,10/3/2017 19:00,69.622,8,,,,
2190,10/3/2017 20:00,69.449,0,,,,
2191,10/3/2017 21:00,69.278,0,,,,
2192,10/3/2017 22:00,69.278,0,,,,
2193,10/3/2017 23:00,69.107,0,,,,
2194,10/4/2017 0:00,68.934,0,,,,
2195,10/4/2017 1:00,68.934,0,,,,
2196,10/4/2017 2:00,68.763,0,,,,
2197,10/4/2017 3:00,68.763,0,,,,
2198,10/4/2017 4:00,68.592,0,,,,
2199,10/4/2017 5:00,68.592,0,,,,
2200,10/4/2017 6:00,68.421,0,,,,
2201,10/4/2017 7:00,68.421,0,,,,
2202,10/4/2017 8:00,68.421,21,,,,
2203,10/4/2017 9:00,68.421,20,,,,
2204,10/4/2017 10:00,68.592,100,,,,
2205,10/4/2017 11:00,68.592,67,,,,
2206,10/4/2017 12:00,68.934,72,,,,
2207,10/4/2017 13:00,70.137,512,,,,
2208,10/4/2017 14:00,71.856,105,,,,
2209,10/4/2017 15:00,72.372,136,,,,
2210,10/4/2017 16:00,71.683,43,,,,
2211,10/4/2017 17:00,72.199,20,,,,
2212,10/4/2017 18:00,72.372,176,,,,
2213,10/4/2017 19:00,71.856,2,,,,
2214,10/4/2017 20:00,71.168,0,,,,
2215,10/4/2017 21:00,69.278,0,,,,
2216,10/4/2017 22:00,69.278,0,,,,
2217,10/4/2017 23:00,69.278,0,,,,
2218,10/5/2017 0:00,69.107,0,,,,
2219,10/5/2017 1:00,68.763,0,,,,
2220,10/5/2017 2:00,68.763,0,,,,
2221,10/5/2017 3:00,68.592,0,,,,
2222,10/5/2017 4:00,68.763,0,,,,
2223,10/5/2017 5:00,68.763,0,,,,
2224,10/5/2017 6:00,68.592,0,,,,
2225,10/5/2017 7:00,68.421,0,,,,
2226,10/5/2017 8:00,68.248,14,,,,
2227,10/5/2017 9:00,68.421,48,,,,
2228,10/5/2017 10:00,68.592,136,,,,
2229,10/5/2017 10:20,,,Logged,,,
2230,10/5/2017 10:20,,,,Logged,,Logged
