#,"Date Time, GMT-04:00",Temp,Intensity,"GDD, DDc (LGR S/N: 10957594)"
1,7/4/2017 20:00,27.567,0,
2,7/4/2017 21:00,26.977,0,
3,7/4/2017 22:00,26.292,0,
4,7/4/2017 23:00,25.708,0,
5,7/5/2017 0:00,25.028,0,
6,7/5/2017 1:00,24.545,0,
7,7/5/2017 2:00,23.966,0,
8,7/5/2017 3:00,23.292,0,
9,7/5/2017 4:00,22.717,0,
10,7/5/2017 5:00,22.046,0,
11,7/5/2017 6:00,21.569,0,
12,7/5/2017 7:00,19.853,0,
13,7/5/2017 8:00,20.615,0,
14,7/5/2017 9:00,22.621,0,
15,7/5/2017 10:00,23.484,0,
16,7/5/2017 11:00,23.292,0,
17,7/5/2017 12:00,24.158,0,11.519
18,7/5/2017 13:00,26.39,0,
19,7/5/2017 14:00,35.864,0,
20,7/5/2017 15:00,36.511,0,
21,7/5/2017 16:00,39.389,0,
22,7/5/2017 17:00,34.903,0,
23,7/5/2017 18:00,34.479,0,
24,7/5/2017 19:00,32.394,0,
25,7/5/2017 20:00,28.258,0,
26,7/5/2017 21:00,25.61,0,
27,7/5/2017 22:00,24.351,0,
28,7/5/2017 23:00,23.388,0,
29,7/6/2017 0:00,21.951,0,
30,7/6/2017 1:00,20.996,0,
31,7/6/2017 2:00,19.662,0,
32,7/6/2017 3:00,18.616,0,
33,7/6/2017 4:00,17.95,0,
34,7/6/2017 5:00,17.57,0,
35,7/6/2017 6:00,16.999,0,
36,7/6/2017 7:00,16.618,0,
37,7/6/2017 8:00,19.092,0,
38,7/6/2017 9:00,22.908,0,
39,7/6/2017 10:00,24.062,0,
40,7/6/2017 11:00,27.272,0,
41,7/6/2017 12:00,35.649,21.5,21.441
42,7/6/2017 13:00,37.604,0,
43,7/6/2017 14:00,32.188,0,
44,7/6/2017 15:00,36.728,0,
45,7/6/2017 16:00,35.971,0,
46,7/6/2017 17:00,27.862,0,
47,7/6/2017 18:00,26.097,0,
48,7/6/2017 19:00,25.708,1550,
49,7/6/2017 20:00,25.805,193.8,
50,7/6/2017 21:00,25.708,75.3,
51,7/6/2017 22:00,25.513,0,
52,7/6/2017 23:00,25.222,0,
53,7/7/2017 0:00,24.641,0,
54,7/7/2017 1:00,24.255,0,
55,7/7/2017 2:00,24.062,0,
56,7/7/2017 3:00,23.773,0,
57,7/7/2017 4:00,23.581,0,
58,7/7/2017 5:00,23.292,0,
59,7/7/2017 6:00,22.812,0,
60,7/7/2017 7:00,22.621,247.6,
61,7/7/2017 8:00,22.525,958,
62,7/7/2017 9:00,22.621,1808.3,
63,7/7/2017 10:00,23.388,2927.8,
64,7/7/2017 11:00,23.292,3272.2,
65,7/7/2017 12:00,23.966,4133.4,26.933
66,7/7/2017 13:00,24.738,6544.5,
67,7/7/2017 14:00,25.902,16533.4,
68,7/7/2017 15:00,27.075,12400.1,
69,7/7/2017 16:00,27.272,34444.7,
70,7/7/2017 17:00,26.39,3272.2,
71,7/7/2017 18:00,26.39,1980.6,
72,7/7/2017 19:00,26.292,1334.7,
73,7/7/2017 20:00,26.097,850.4,
74,7/7/2017 21:00,25.805,559.7,
75,7/7/2017 22:00,25.319,0,
76,7/7/2017 23:00,24.835,0,
77,7/8/2017 0:00,24.545,0,
78,7/8/2017 1:00,24.255,0,
79,7/8/2017 2:00,23.869,0,
80,7/8/2017 3:00,23.484,0,
81,7/8/2017 4:00,23.581,0,
82,7/8/2017 5:00,23.196,0,
83,7/8/2017 6:00,23.004,21.5,
84,7/8/2017 7:00,23.004,419.8,
85,7/8/2017 8:00,23.004,1194.8,
86,7/8/2017 9:00,22.908,1808.3,
87,7/8/2017 10:00,22.812,2755.6,
88,7/8/2017 11:00,23.292,6200,
89,7/8/2017 12:00,24.062,44089.2,32.39
90,7/8/2017 13:00,25.416,11022.3,
91,7/8/2017 14:00,26.879,4477.8,
92,7/8/2017 15:00,27.272,5511.1,
93,7/8/2017 16:00,27.272,18600.1,
94,7/8/2017 17:00,26.292,4133.4,
95,7/8/2017 18:00,26.097,1162.5,
96,7/8/2017 19:00,25.708,990.3,
97,7/8/2017 20:00,25.222,656.6,
98,7/8/2017 21:00,24.545,172.2,
99,7/8/2017 22:00,24.158,0,
100,7/8/2017 23:00,22.429,0,
101,7/9/2017 0:00,22.429,0,
102,7/9/2017 1:00,22.429,0,
103,7/9/2017 2:00,21.76,0,
104,7/9/2017 3:00,20.901,0,
105,7/9/2017 4:00,20.901,0,
106,7/9/2017 5:00,20.901,0,
107,7/9/2017 6:00,20.901,0,
108,7/9/2017 7:00,21.187,215.3,
109,7/9/2017 8:00,21.378,312.2,
110,7/9/2017 9:00,21.187,1463.9,
111,7/9/2017 10:00,21.569,2497.2,
112,7/9/2017 11:00,22.333,2927.8,
113,7/9/2017 12:00,23.388,34444.7,36.234
114,7/9/2017 13:00,24.835,5511.1,
115,7/9/2017 14:00,24.545,2755.6,
116,7/9/2017 15:00,25.61,4650,
117,7/9/2017 16:00,25.222,968.8,
118,7/9/2017 17:00,24.931,1367,
119,7/9/2017 18:00,24.545,419.8,
120,7/9/2017 19:00,24.255,301.4,
121,7/9/2017 20:00,23.966,183,
122,7/9/2017 21:00,23.773,0,
123,7/9/2017 22:00,23.773,0,
124,7/9/2017 23:00,23.677,0,
125,7/10/2017 0:00,23.484,0,
126,7/10/2017 1:00,23.388,0,
127,7/10/2017 2:00,23.196,0,
128,7/10/2017 3:00,22.717,0,
129,7/10/2017 4:00,22.812,0,
130,7/10/2017 5:00,22.908,0,
131,7/10/2017 6:00,22.908,10.8,
132,7/10/2017 7:00,22.717,269.1,
133,7/10/2017 8:00,22.717,710.4,
134,7/10/2017 9:00,22.621,1334.7,
135,7/10/2017 10:00,23.1,2066.7,
136,7/10/2017 11:00,23.581,4133.4,
137,7/10/2017 12:00,25.028,4305.6,41.137
138,7/10/2017 13:00,25.902,6544.5,
139,7/10/2017 14:00,25.513,9300.1,
140,7/10/2017 15:00,25.319,7577.8,
141,7/10/2017 16:00,26.097,6544.5,
142,7/10/2017 17:00,26.195,1636.1,
143,7/10/2017 18:00,25.708,1151.7,
144,7/10/2017 19:00,26.097,936.5,
145,7/10/2017 20:00,26.292,419.8,
146,7/10/2017 21:00,26.292,75.3,
147,7/10/2017 22:00,26.195,0,
148,7/10/2017 23:00,26,0,
149,7/11/2017 0:00,25.61,0,
150,7/11/2017 1:00,25.513,0,
151,7/11/2017 2:00,25.222,0,
152,7/11/2017 3:00,24.931,0,
153,7/11/2017 4:00,24.738,0,
154,7/11/2017 5:00,24.545,0,
155,7/11/2017 6:00,24.351,0,
156,7/11/2017 7:00,24.255,107.6,
157,7/11/2017 8:00,24.255,452.1,
158,7/11/2017 9:00,24.545,1011.8,
159,7/11/2017 10:00,24.835,1636.1,
160,7/11/2017 11:00,25.416,2325,
161,7/11/2017 12:00,26.097,5166.7,48.964
162,7/11/2017 13:00,26.781,11711.2,
163,7/11/2017 14:00,27.665,16533.4,
164,7/11/2017 15:00,29.552,132267.5,
165,7/11/2017 16:00,29.953,110223,
166,7/11/2017 17:00,28.555,4305.6,
167,7/11/2017 18:00,28.655,2238.9,
168,7/11/2017 19:00,28.953,828.8,
169,7/11/2017 20:00,28.555,409,
170,7/11/2017 21:00,28.06,32.3,
171,7/11/2017 22:00,27.665,0,
172,7/11/2017 23:00,27.37,0,
173,7/12/2017 0:00,27.075,0,
174,7/12/2017 1:00,26.488,0,
175,7/12/2017 2:00,26.097,0,
176,7/12/2017 3:00,25.805,0,
177,7/12/2017 4:00,25.708,0,
178,7/12/2017 5:00,25.513,0,
179,7/12/2017 6:00,25.319,0,
180,7/12/2017 7:00,25.125,86.1,
181,7/12/2017 8:00,25.028,118.4,
182,7/12/2017 9:00,24.835,86.1,
183,7/12/2017 10:00,24.545,118.4,
184,7/12/2017 11:00,24.448,613.5,
185,7/12/2017 12:00,25.319,2583.4,55.593
186,7/12/2017 13:00,25.222,1087.2,
187,7/12/2017 14:00,25.708,1636.1,
188,7/12/2017 15:00,26.977,6200,
189,7/12/2017 16:00,27.665,2497.2,
190,7/12/2017 17:00,27.862,3444.5,
191,7/12/2017 18:00,27.961,2755.6,
192,7/12/2017 19:00,27.665,699.7,
193,7/12/2017 20:00,27.567,839.6,
194,7/12/2017 21:00,27.37,64.6,
195,7/12/2017 22:00,27.173,0,
196,7/12/2017 23:00,26.879,0,
197,7/13/2017 0:00,26.488,0,
198,7/13/2017 1:00,26.195,0,
199,7/13/2017 2:00,26,0,
200,7/13/2017 3:00,25.708,0,
201,7/13/2017 4:00,25.513,0,
202,7/13/2017 5:00,25.513,0,
203,7/13/2017 6:00,25.319,0,
204,7/13/2017 7:00,25.222,32.3,
205,7/13/2017 8:00,25.222,215.3,
206,7/13/2017 9:00,25.222,355.2,
207,7/13/2017 10:00,25.319,1636.1,
208,7/13/2017 11:00,25.416,990.3,
209,7/13/2017 12:00,25.61,3100,61.32
210,7/13/2017 13:00,25.805,2927.8,
211,7/13/2017 14:00,25.902,1550,
212,7/13/2017 15:00,26,2066.7,
213,7/13/2017 16:00,26,839.6,
214,7/13/2017 17:00,25.805,785.8,
215,7/13/2017 18:00,25.61,495.1,
216,7/13/2017 19:00,25.61,301.4,
217,7/13/2017 20:00,25.513,355.2,
218,7/13/2017 21:00,25.125,21.5,
219,7/13/2017 22:00,25.028,0,
220,7/13/2017 23:00,24.738,0,
221,7/14/2017 0:00,24.545,0,
222,7/14/2017 1:00,24.255,0,
223,7/14/2017 2:00,24.158,0,
224,7/14/2017 3:00,23.869,0,
225,7/14/2017 4:00,23.773,0,
226,7/14/2017 5:00,23.484,0,
227,7/14/2017 6:00,23.196,0,
228,7/14/2017 7:00,23.004,75.3,
229,7/14/2017 8:00,22.812,107.6,
230,7/14/2017 9:00,22.812,409,
231,7/14/2017 10:00,22.621,635.1,
232,7/14/2017 11:00,22.429,581.3,
233,7/14/2017 12:00,22.525,1033.3,65.041
234,7/14/2017 13:00,22.429,581.3,
235,7/14/2017 14:00,22.812,5338.9,
236,7/14/2017 15:00,23.388,4822.3,
237,7/14/2017 16:00,23.196,6200,
238,7/14/2017 17:00,23.677,1894.5,
239,7/14/2017 18:00,23.869,516.7,
240,7/14/2017 19:00,23.966,1302.4,
241,7/14/2017 20:00,23.966,624.3,
242,7/14/2017 21:00,23.677,183,
243,7/14/2017 22:00,23.292,0,
244,7/14/2017 23:00,23.004,0,
245,7/15/2017 0:00,22.717,0,
246,7/15/2017 1:00,22.717,0,
247,7/15/2017 2:00,22.429,0,
248,7/15/2017 3:00,22.525,0,
249,7/15/2017 4:00,22.238,0,
250,7/15/2017 5:00,21.76,0,
251,7/15/2017 6:00,21.569,0,
252,7/15/2017 7:00,21.855,279.9,
253,7/15/2017 8:00,21.855,1184,
254,7/15/2017 9:00,22.812,2411.1,
255,7/15/2017 10:00,22.908,3616.7,
256,7/15/2017 11:00,23.484,3444.5,
257,7/15/2017 12:00,24.545,4477.8,70.435
258,7/15/2017 13:00,25.805,7233.4,
259,7/15/2017 14:00,26.781,12400.1,
260,7/15/2017 15:00,26.977,8266.7,
261,7/15/2017 16:00,27.665,7577.8,
262,7/15/2017 17:00,27.075,3100,
263,7/15/2017 18:00,26,1550,
264,7/15/2017 19:00,26.195,1334.7,
265,7/15/2017 20:00,25.125,215.3,
266,7/15/2017 21:00,25.708,43.1,
267,7/15/2017 22:00,24.255,0,
268,7/15/2017 23:00,24.062,0,
269,7/16/2017 0:00,24.255,0,
270,7/16/2017 1:00,24.062,0,
271,7/16/2017 2:00,23.869,0,
272,7/16/2017 3:00,23.773,0,
273,7/16/2017 4:00,23.869,0,
274,7/16/2017 5:00,23.292,0,
275,7/16/2017 6:00,23.388,0,
276,7/16/2017 7:00,23.196,21.5,
277,7/16/2017 8:00,23.004,161.5,
278,7/16/2017 9:00,22.717,387.5,
279,7/16/2017 10:00,22.621,958,
280,7/16/2017 11:00,22.525,1227.1,
281,7/16/2017 12:00,22.429,1194.8,74.525
282,7/16/2017 13:00,22.908,2238.9,
283,7/16/2017 14:00,23.292,4477.8,
284,7/16/2017 15:00,23.484,1463.9,
285,7/16/2017 16:00,23.677,2152.8,
286,7/16/2017 17:00,24.255,5511.1,
287,7/16/2017 18:00,25.125,7233.4,
288,7/16/2017 19:00,24.351,1130.2,
289,7/16/2017 20:00,23.966,667.4,
290,7/16/2017 21:00,23.966,172.2,
291,7/16/2017 22:00,23.581,0,
292,7/16/2017 23:00,23.196,0,
293,7/17/2017 0:00,22.908,0,
294,7/17/2017 1:00,22.717,0,
295,7/17/2017 2:00,22.525,0,
296,7/17/2017 3:00,22.621,0,
297,7/17/2017 4:00,22.429,0,
298,7/17/2017 5:00,22.333,0,
299,7/17/2017 6:00,22.238,0,
300,7/17/2017 7:00,22.238,344.4,
301,7/17/2017 8:00,22.142,1151.7,
302,7/17/2017 9:00,22.238,1216.3,
303,7/17/2017 10:00,22.525,2755.6,
304,7/17/2017 11:00,23.388,3444.5,
305,7/17/2017 12:00,23.869,4477.8,79.878
306,7/17/2017 13:00,24.835,8611.2,
307,7/17/2017 14:00,25.319,18600.1,
308,7/17/2017 15:00,26.195,74400.5,
309,7/17/2017 16:00,27.272,82667.2,
310,7/17/2017 17:00,26.585,2755.6,
311,7/17/2017 18:00,26.977,3788.9,
312,7/17/2017 19:00,26.781,3272.2,
313,7/17/2017 20:00,26.488,990.3,
314,7/17/2017 21:00,26.097,204.5,
315,7/17/2017 22:00,25.708,0,
316,7/17/2017 23:00,25.416,0,
317,7/18/2017 0:00,25.028,0,
318,7/18/2017 1:00,24.835,0,
319,7/18/2017 2:00,24.545,0,
320,7/18/2017 3:00,24.351,0,
321,7/18/2017 4:00,24.158,0,
322,7/18/2017 5:00,23.869,0,
323,7/18/2017 6:00,23.1,0,
324,7/18/2017 7:00,23.004,355.2,
325,7/18/2017 8:00,22.908,990.3,
326,7/18/2017 9:00,22.812,2411.1,
327,7/18/2017 10:00,22.717,3788.9,
328,7/18/2017 11:00,23.388,4994.5,
329,7/18/2017 12:00,24.835,3788.9,86.257
330,7/18/2017 13:00,25.708,22044.6,
331,7/18/2017 14:00,26.585,37200.2,
332,7/18/2017 15:00,27.764,33066.9,
333,7/18/2017 16:00,28.555,33066.9,
334,7/18/2017 17:00,27.567,4305.6,
335,7/18/2017 18:00,28.159,1194.8,
336,7/18/2017 19:00,27.665,1636.1,
337,7/18/2017 20:00,27.173,376.7,
338,7/18/2017 21:00,26.683,32.3,
339,7/18/2017 22:00,25.708,0,
340,7/18/2017 23:00,25.513,0,
341,7/19/2017 0:00,25.416,0,
342,7/19/2017 1:00,25.222,0,
343,7/19/2017 2:00,25.028,0,
344,7/19/2017 3:00,24.835,0,
345,7/19/2017 4:00,24.448,0,
346,7/19/2017 5:00,24.062,0,
347,7/19/2017 6:00,23.869,0,
348,7/19/2017 7:00,23.773,64.6,
349,7/19/2017 8:00,23.966,538.2,
350,7/19/2017 9:00,24.062,1550,
351,7/19/2017 10:00,24.351,2411.1,
352,7/19/2017 11:00,24.931,3444.5,
353,7/19/2017 12:00,25.902,4650,92.703
354,7/19/2017 13:00,26.585,5511.1,
355,7/19/2017 14:00,26.781,5338.9,
356,7/19/2017 15:00,27.665,7577.8,
357,7/19/2017 16:00,27.764,6544.5,
358,7/19/2017 17:00,27.567,2927.8,
359,7/19/2017 18:00,28.06,1636.1,
360,7/19/2017 19:00,27.468,1130.2,
361,7/19/2017 20:00,27.37,312.2,
362,7/19/2017 21:00,26.781,43.1,
363,7/19/2017 22:00,26.39,0,
364,7/19/2017 23:00,26.195,0,
365,7/20/2017 0:00,25.902,0,
366,7/20/2017 1:00,25.61,0,
367,7/20/2017 2:00,25.513,0,
368,7/20/2017 3:00,25.319,0,
369,7/20/2017 4:00,25.125,0,
370,7/20/2017 5:00,24.835,0,
371,7/20/2017 6:00,24.448,0,
372,7/20/2017 7:00,24.351,226,
373,7/20/2017 8:00,23.869,2066.7,
374,7/20/2017 9:00,23.677,419.8,
375,7/20/2017 10:00,24.062,2669.5,
376,7/20/2017 11:00,24.158,5166.7,
377,7/20/2017 12:00,24.738,2755.6,98.927
378,7/20/2017 13:00,25.125,4822.3,
379,7/20/2017 14:00,25.902,5511.1,
380,7/20/2017 15:00,26.879,15155.7,
381,7/20/2017 16:00,27.272,8266.7,
382,7/20/2017 17:00,27.272,2583.4,
383,7/20/2017 18:00,27.468,1894.5,
384,7/20/2017 19:00,27.567,1194.8,
385,7/20/2017 20:00,27.764,549,
386,7/20/2017 21:00,27.468,86.1,
387,7/20/2017 22:00,27.173,0,
388,7/20/2017 23:00,26.879,0,
389,7/21/2017 0:00,26.585,0,
390,7/21/2017 1:00,26.292,0,
391,7/21/2017 2:00,26,0,
392,7/21/2017 3:00,25.805,0,
393,7/21/2017 4:00,25.708,0,
394,7/21/2017 5:00,25.513,0,
395,7/21/2017 6:00,25.222,0,
396,7/21/2017 7:00,25.028,139.9,
397,7/21/2017 8:00,25.222,495.1,
398,7/21/2017 9:00,25.416,1151.7,
399,7/21/2017 10:00,25.61,1808.3,
400,7/21/2017 11:00,26.097,2583.4,
401,7/21/2017 12:00,27.173,4133.4,106.145
402,7/21/2017 13:00,27.665,3100,
403,7/21/2017 14:00,27.862,2755.6,
404,7/21/2017 15:00,28.456,5511.1,
405,7/21/2017 16:00,28.357,3616.7,
406,7/21/2017 17:00,28.555,7233.4,
407,7/21/2017 18:00,28.258,667.4,
408,7/21/2017 19:00,28.258,549,
409,7/21/2017 20:00,28.06,279.9,
410,7/21/2017 21:00,27.764,53.8,
411,7/21/2017 22:00,27.37,0,
412,7/21/2017 23:00,27.075,0,
413,7/22/2017 0:00,26.683,0,
414,7/22/2017 1:00,26.488,0,
415,7/22/2017 2:00,26.292,0,
416,7/22/2017 3:00,26,0,
417,7/22/2017 4:00,25.805,0,
418,7/22/2017 5:00,25.708,0,
419,7/22/2017 6:00,25.61,0,
420,7/22/2017 7:00,25.61,118.4,
421,7/22/2017 8:00,25.61,86.1,
422,7/22/2017 9:00,25.902,613.5,
423,7/22/2017 10:00,26,1313.2,
424,7/22/2017 11:00,26.097,1377.8,
425,7/22/2017 12:00,26.488,2755.6,113.386
426,7/22/2017 13:00,26.683,1324,
427,7/22/2017 14:00,26.977,3444.5,
428,7/22/2017 15:00,28.258,17222.3,
429,7/22/2017 16:00,27.37,1108.7,
430,7/22/2017 17:00,27.37,1356.3,
431,7/22/2017 18:00,27.468,7233.4,
432,7/22/2017 19:00,27.468,5338.9,
433,7/22/2017 20:00,27.173,376.7,
434,7/22/2017 21:00,27.075,10.8,
435,7/22/2017 22:00,26.585,0,
436,7/22/2017 23:00,26.195,0,
437,7/23/2017 0:00,26.097,0,
438,7/23/2017 1:00,26,0,
439,7/23/2017 2:00,25.805,0,
440,7/23/2017 3:00,25.805,0,
441,7/23/2017 4:00,25.61,0,
442,7/23/2017 5:00,25.513,0,
443,7/23/2017 6:00,25.319,0,
444,7/23/2017 7:00,24.835,161.5,
445,7/23/2017 8:00,24.738,473.6,
446,7/23/2017 9:00,24.738,1001,
447,7/23/2017 10:00,24.641,1022.6,
448,7/23/2017 11:00,24.835,1808.3,
449,7/23/2017 12:00,25.028,7577.8,118.953
450,7/23/2017 13:00,24.738,559.7,
451,7/23/2017 14:00,25.61,3961.1,
452,7/23/2017 15:00,25.028,549,
453,7/23/2017 16:00,25.416,958,
454,7/23/2017 17:00,26.292,12400.1,
455,7/23/2017 18:00,26,3100,
456,7/23/2017 19:00,26,516.7,
457,7/23/2017 20:00,25.708,139.9,
458,7/23/2017 21:00,25.513,10.8,
459,7/23/2017 22:00,25.125,0,
460,7/23/2017 23:00,24.738,0,
461,7/24/2017 0:00,24.448,0,
462,7/24/2017 1:00,24.158,0,
463,7/24/2017 2:00,23.773,0,
464,7/24/2017 3:00,23.677,0,
465,7/24/2017 4:00,23.484,0,
466,7/24/2017 5:00,23.388,0,
467,7/24/2017 6:00,23.292,0,
468,7/24/2017 7:00,23.484,75.3,
469,7/24/2017 8:00,23.484,290.6,
470,7/24/2017 9:00,23.292,290.6,
471,7/24/2017 10:00,22.621,1270.1,
472,7/24/2017 11:00,23.773,2152.8,
473,7/24/2017 12:00,25.028,5166.7,124.604
474,7/24/2017 13:00,25.805,5166.7,
475,7/24/2017 14:00,26.977,3961.1,
476,7/24/2017 15:00,27.173,4994.5,
477,7/24/2017 16:00,27.468,4822.3,
478,7/24/2017 17:00,27.075,1722.2,
479,7/24/2017 18:00,26.977,1184,
480,7/24/2017 19:00,26.879,893.4,
481,7/24/2017 20:00,26.683,484.4,
482,7/24/2017 21:00,26.195,53.8,
483,7/24/2017 22:00,25.708,0,
484,7/24/2017 23:00,25.416,0,
485,7/25/2017 0:00,25.222,0,
486,7/25/2017 1:00,24.931,0,
487,7/25/2017 2:00,24.931,0,
488,7/25/2017 3:00,24.738,0,
489,7/25/2017 4:00,24.641,0,
490,7/25/2017 5:00,24.448,0,
491,7/25/2017 6:00,24.351,0,
492,7/25/2017 7:00,24.158,193.8,
493,7/25/2017 8:00,24.062,731.9,
494,7/25/2017 9:00,23.966,1463.9,
495,7/25/2017 10:00,23.966,4477.8,
496,7/25/2017 11:00,25.028,3616.7,
497,7/25/2017 12:00,25.805,5166.7,131.31
498,7/25/2017 13:00,26.683,4822.3,
499,7/25/2017 14:00,26.879,6544.5,
500,7/25/2017 15:00,28.357,30311.3,
501,7/25/2017 16:00,27.764,6544.5,
502,7/25/2017 17:00,27.37,2325,
503,7/25/2017 18:00,27.37,592,
504,7/25/2017 19:00,27.272,505.9,
505,7/25/2017 20:00,26.879,269.1,
506,7/25/2017 21:00,26.39,21.5,
507,7/25/2017 22:00,26,0,
508,7/25/2017 23:00,25.708,0,
509,7/26/2017 0:00,25.222,0,
510,7/26/2017 1:00,25.319,0,
511,7/26/2017 2:00,24.835,0,
512,7/26/2017 3:00,24.255,0,
513,7/26/2017 4:00,24.062,0,
514,7/26/2017 5:00,24.062,0,
515,7/26/2017 6:00,23.869,0,
516,7/26/2017 7:00,23.677,21.5,
517,7/26/2017 8:00,23.484,107.6,
518,7/26/2017 9:00,23.004,3444.5,
519,7/26/2017 10:00,23.677,5166.7,
520,7/26/2017 11:00,23.484,8611.2,
521,7/26/2017 12:00,23.869,968.8,135.594
522,7/26/2017 13:00,23.388,86.1,
523,7/26/2017 14:00,23.484,731.9,
524,7/26/2017 15:00,23.869,613.5,
525,7/26/2017 16:00,23.966,1550,
526,7/26/2017 17:00,23.773,1808.3,
527,7/26/2017 18:00,23.677,602.8,
528,7/26/2017 19:00,23.581,344.4,
529,7/26/2017 20:00,23.388,387.5,
530,7/26/2017 21:00,23.004,43.1,
531,7/26/2017 22:00,22.908,0,
532,7/26/2017 23:00,23.1,0,
533,7/27/2017 0:00,22.621,0,
534,7/27/2017 1:00,22.429,0,
535,7/27/2017 2:00,22.717,0,
536,7/27/2017 3:00,22.621,0,
537,7/27/2017 4:00,23.1,0,
538,7/27/2017 5:00,22.908,0,
539,7/27/2017 6:00,22.908,0,
540,7/27/2017 7:00,22.812,64.6,
541,7/27/2017 8:00,22.621,355.2,
542,7/27/2017 9:00,22.908,882.6,
543,7/27/2017 10:00,23.196,1463.9,
544,7/27/2017 11:00,23.677,3788.9,
545,7/27/2017 12:00,24.545,7233.4,140.427
546,7/27/2017 13:00,25.805,5166.7,
547,7/27/2017 14:00,26.097,4305.6,
548,7/27/2017 15:00,26.097,10333.4,
549,7/27/2017 16:00,26.292,5166.7,
550,7/27/2017 17:00,25.805,2238.9,
551,7/27/2017 18:00,25.805,1216.3,
552,7/27/2017 19:00,25.805,775,
553,7/27/2017 20:00,25.708,419.8,
554,7/27/2017 21:00,25.416,258.3,
555,7/27/2017 22:00,25.028,0,
556,7/27/2017 23:00,24.738,0,
557,7/28/2017 0:00,24.351,0,
558,7/28/2017 1:00,24.255,0,
559,7/28/2017 2:00,24.158,0,
560,7/28/2017 3:00,24.062,0,
561,7/28/2017 4:00,24.062,0,
562,7/28/2017 5:00,23.773,0,
563,7/28/2017 6:00,23.677,0,
564,7/28/2017 7:00,23.677,86.1,
565,7/28/2017 8:00,23.581,193.8,
566,7/28/2017 9:00,23.869,1011.8,
567,7/28/2017 10:00,24.062,1722.2,
568,7/28/2017 11:00,24.641,2669.5,
569,7/28/2017 12:00,25.902,3788.9,146.365
570,7/28/2017 13:00,26.683,4477.8,
571,7/28/2017 14:00,26.195,6544.5,
572,7/28/2017 15:00,26.781,10333.4,
573,7/28/2017 16:00,27.37,8266.7,
574,7/28/2017 17:00,27.272,5166.7,
575,7/28/2017 18:00,26.879,4822.3,
576,7/28/2017 19:00,26.097,850.4,
577,7/28/2017 20:00,26,376.7,
578,7/28/2017 21:00,25.805,43.1,
579,7/28/2017 22:00,25.319,0,
580,7/28/2017 23:00,24.835,0,
581,7/29/2017 0:00,24.545,0,
582,7/29/2017 1:00,24.448,0,
583,7/29/2017 2:00,24.351,0,
584,7/29/2017 3:00,24.255,0,
585,7/29/2017 4:00,24.255,0,
586,7/29/2017 5:00,24.158,0,
587,7/29/2017 6:00,24.062,0,
588,7/29/2017 7:00,23.966,96.9,
589,7/29/2017 8:00,23.966,430.6,
590,7/29/2017 9:00,24.158,1097.9,
591,7/29/2017 10:00,24.351,1722.2,
592,7/29/2017 11:00,24.835,2669.5,
593,7/29/2017 12:00,26,4994.5,152.882
594,7/29/2017 13:00,26.683,4305.6,
595,7/29/2017 14:00,27.075,6544.5,
596,7/29/2017 15:00,27.764,6200,
597,7/29/2017 16:00,28.06,9300.1,
598,7/29/2017 17:00,27.764,10333.4,
599,7/29/2017 18:00,27.075,1291.7,
600,7/29/2017 19:00,27.075,1087.2,
601,7/29/2017 20:00,26.879,419.8,
602,7/29/2017 21:00,26.585,43.1,
603,7/29/2017 22:00,26,0,
604,7/29/2017 23:00,25.708,0,
605,7/30/2017 0:00,25.416,0,
606,7/30/2017 1:00,25.319,0,
607,7/30/2017 2:00,25.222,0,
608,7/30/2017 3:00,25.028,0,
609,7/30/2017 4:00,24.931,0,
610,7/30/2017 5:00,24.738,0,
611,7/30/2017 6:00,24.351,0,
612,7/30/2017 7:00,23.966,86.1,
613,7/30/2017 8:00,23.773,430.6,
614,7/30/2017 9:00,23.677,1184,
615,7/30/2017 10:00,23.869,1722.2,
616,7/30/2017 11:00,24.255,3961.1,
617,7/30/2017 12:00,26.097,7233.4,158.98
618,7/30/2017 13:00,26.097,9644.5,
619,7/30/2017 14:00,26.879,12400.1,
620,7/30/2017 15:00,27.567,15844.5,
621,7/30/2017 16:00,27.567,5166.7,
622,7/30/2017 17:00,27.468,12400.1,
623,7/30/2017 18:00,27.37,2927.8,
624,7/30/2017 19:00,27.173,1636.1,
625,7/30/2017 20:00,26.879,1377.8,
626,7/30/2017 21:00,26.488,118.4,
627,7/30/2017 22:00,26,0,
628,7/30/2017 23:00,25.513,0,
629,7/31/2017 0:00,25.222,0,
630,7/31/2017 1:00,24.931,0,
631,7/31/2017 2:00,24.545,0,
632,7/31/2017 3:00,24.545,0,
633,7/31/2017 4:00,24.351,0,
634,7/31/2017 5:00,24.255,0,
635,7/31/2017 6:00,23.966,0,
636,7/31/2017 7:00,24.255,366,
637,7/31/2017 8:00,24.158,1108.7,
638,7/31/2017 9:00,24.158,1636.1,
639,7/31/2017 10:00,24.931,2927.8,
640,7/31/2017 11:00,25.61,10333.4,
641,7/31/2017 12:00,26.39,5511.1,166.767
642,7/31/2017 13:00,27.37,9644.5,
643,7/31/2017 14:00,28.555,23422.4,
644,7/31/2017 15:00,28.953,13089,
645,7/31/2017 16:00,29.452,57867,
646,7/31/2017 17:00,30.054,24800.2,
647,7/31/2017 18:00,29.552,68889.3,
648,7/31/2017 19:00,29.053,1722.2,
649,7/31/2017 20:00,28.953,785.8,
650,7/31/2017 21:00,28.655,161.5,
651,7/31/2017 22:00,28.258,0,
652,7/31/2017 23:00,27.665,0,
653,8/1/2017 0:00,27.37,0,
654,8/1/2017 1:00,26.977,0,
655,8/1/2017 2:00,26.097,0,
656,8/1/2017 3:00,26,0,
657,8/1/2017 4:00,24.738,0,
658,8/1/2017 5:00,25.125,0,
659,8/1/2017 6:00,24.931,0,
660,8/1/2017 7:00,24.931,366,
661,8/1/2017 8:00,24.641,1463.9,
662,8/1/2017 9:00,24.158,2755.6,
663,8/1/2017 10:00,24.351,2497.2,
664,8/1/2017 11:00,25.125,8266.7,
665,8/1/2017 12:00,26.585,6200,174.367
666,8/1/2017 13:00,28.159,9644.5,
667,8/1/2017 14:00,28.754,9300.1,
668,8/1/2017 15:00,29.053,6544.5,
669,8/1/2017 16:00,29.652,6544.5,
670,8/1/2017 17:00,29.152,4822.3,
671,8/1/2017 18:00,28.754,2238.9,
672,8/1/2017 19:00,28.853,1722.2,
673,8/1/2017 20:00,27.961,1087.2,
674,8/1/2017 21:00,27.37,269.1,
675,8/1/2017 22:00,26.781,0,
676,8/1/2017 23:00,26,0,
677,8/2/2017 0:00,24.931,0,
678,8/2/2017 1:00,24.641,0,
679,8/2/2017 2:00,24.641,0,
680,8/2/2017 3:00,24.641,0,
681,8/2/2017 4:00,24.545,0,
682,8/2/2017 5:00,25.028,0,
683,8/2/2017 6:00,24.738,0,
684,8/2/2017 7:00,24.448,64.6,
685,8/2/2017 8:00,24.641,505.9,
686,8/2/2017 9:00,24.931,581.3,
687,8/2/2017 10:00,25.028,796.5,
688,8/2/2017 11:00,24.931,1722.2,
689,8/2/2017 12:00,24.931,1280.9,179.996
690,8/2/2017 13:00,25.125,2066.7,
691,8/2/2017 14:00,25.319,3444.5,
692,8/2/2017 15:00,25.513,3100,
693,8/2/2017 16:00,26.292,12400.1,
694,8/2/2017 17:00,26.292,4133.4,
695,8/2/2017 18:00,26.39,2238.9,
696,8/2/2017 19:00,26.39,1280.9,
697,8/2/2017 20:00,26.195,753.5,
698,8/2/2017 21:00,25.902,32.3,
699,8/2/2017 22:00,25.61,0,
700,8/2/2017 23:00,25.416,0,
701,8/3/2017 0:00,24.931,0,
702,8/3/2017 1:00,24.738,0,
703,8/3/2017 2:00,24.738,0,
704,8/3/2017 3:00,24.641,0,
705,8/3/2017 4:00,24.351,0,
706,8/3/2017 5:00,24.255,0,
707,8/3/2017 6:00,24.062,0,
708,8/3/2017 7:00,23.869,43.1,
709,8/3/2017 8:00,23.773,226,
710,8/3/2017 9:00,23.869,538.2,
711,8/3/2017 10:00,23.966,775,
712,8/3/2017 11:00,24.158,904.2,
713,8/3/2017 12:00,24.351,1722.2,184.54
714,8/3/2017 13:00,24.545,2152.8,
715,8/3/2017 14:00,24.448,1302.4,
716,8/3/2017 15:00,24.448,645.8,
717,8/3/2017 16:00,25.125,129.2,
718,8/3/2017 17:00,24.448,667.4,
719,8/3/2017 18:00,24.255,64.6,
720,8/3/2017 19:00,24.158,53.8,
721,8/3/2017 20:00,24.158,118.4,
722,8/3/2017 21:00,24.062,75.3,
723,8/3/2017 22:00,23.773,0,
724,8/3/2017 23:00,23.773,0,
725,8/4/2017 0:00,23.677,0,
726,8/4/2017 1:00,23.581,0,
727,8/4/2017 2:00,23.581,0,
728,8/4/2017 3:00,23.196,0,
729,8/4/2017 4:00,23.388,0,
730,8/4/2017 5:00,23.292,0,
731,8/4/2017 6:00,23.1,0,
732,8/4/2017 7:00,21.951,96.9,
733,8/4/2017 8:00,22.621,1162.5,
734,8/4/2017 9:00,22.621,2669.5,
735,8/4/2017 10:00,22.238,1550,
736,8/4/2017 11:00,22.046,3788.9,
737,8/4/2017 12:00,22.142,3272.2,186.808
738,8/4/2017 13:00,21.378,1980.6,
739,8/4/2017 14:00,21.855,1550,
740,8/4/2017 15:00,21.855,1194.8,
741,8/4/2017 16:00,21.664,387.5,
742,8/4/2017 17:00,21.569,333.7,
743,8/4/2017 18:00,21.569,107.6,
744,8/4/2017 19:00,21.473,279.9,
745,8/4/2017 20:00,21.378,64.6,
746,8/4/2017 21:00,20.805,0,
747,8/4/2017 22:00,20.71,0,
748,8/4/2017 23:00,19.948,0,
749,8/5/2017 0:00,20.043,0,
750,8/5/2017 1:00,19.853,0,
751,8/5/2017 2:00,19.948,0,
752,8/5/2017 3:00,20.043,0,
753,8/5/2017 4:00,19.567,0,
754,8/5/2017 5:00,19.282,0,
755,8/5/2017 6:00,19.187,0,
756,8/5/2017 7:00,18.901,183,
757,8/5/2017 8:00,19.662,1345.5,
758,8/5/2017 9:00,19.567,2669.5,
759,8/5/2017 10:00,19.758,3788.9,
760,8/5/2017 11:00,20.138,4477.8,
761,8/5/2017 12:00,20.71,12400.1,188.664
762,8/5/2017 13:00,21.664,8611.2,
763,8/5/2017 14:00,22.046,6544.5,
764,8/5/2017 15:00,23.484,220445.9,
765,8/5/2017 16:00,23.484,9300.1,
766,8/5/2017 17:00,23.196,4133.4,
767,8/5/2017 18:00,23.196,1636.1,
768,8/5/2017 19:00,23.388,979.5,
769,8/5/2017 20:00,23.196,527.4,
770,8/5/2017 21:00,22.812,21.5,
771,8/5/2017 22:00,22.525,0,
772,8/5/2017 23:00,22.333,0,
773,8/6/2017 0:00,22.238,0,
774,8/6/2017 1:00,21.855,0,
775,8/6/2017 2:00,21.569,0,
776,8/6/2017 3:00,21.378,0,
777,8/6/2017 4:00,21.282,0,
778,8/6/2017 5:00,21.091,0,
779,8/6/2017 6:00,20.996,0,
780,8/6/2017 7:00,21.187,129.2,
781,8/6/2017 8:00,20.901,828.8,
782,8/6/2017 9:00,21.091,2411.1,
783,8/6/2017 10:00,21.569,2411.1,
784,8/6/2017 11:00,21.951,3616.7,
785,8/6/2017 12:00,23.581,42711.4,192.756
786,8/6/2017 13:00,24.931,28933.5,
787,8/6/2017 14:00,24.545,12400.1,
788,8/6/2017 15:00,25.513,17222.3,
789,8/6/2017 16:00,26,93689.5,
790,8/6/2017 17:00,25.902,3961.1,
791,8/6/2017 18:00,25.902,4305.6,
792,8/6/2017 19:00,25.61,1463.9,
793,8/6/2017 20:00,25.319,764.2,
794,8/6/2017 21:00,25.125,21.5,
795,8/6/2017 22:00,24.835,0,
796,8/6/2017 23:00,24.351,0,
797,8/7/2017 0:00,24.062,0,
798,8/7/2017 1:00,23.966,0,
799,8/7/2017 2:00,23.677,0,
800,8/7/2017 3:00,23.484,0,
801,8/7/2017 4:00,23.388,0,
802,8/7/2017 5:00,23.196,0,
803,8/7/2017 6:00,22.812,0,
804,8/7/2017 7:00,22.621,183,
805,8/7/2017 8:00,22.525,850.4,
806,8/7/2017 9:00,22.525,1550,
807,8/7/2017 10:00,22.908,2325,
808,8/7/2017 11:00,23.196,3616.7,
809,8/7/2017 12:00,23.773,10333.4,197.687
810,8/7/2017 13:00,24.835,63378.2,
811,8/7/2017 14:00,25.125,14466.8,
812,8/7/2017 15:00,26.292,14466.8,
813,8/7/2017 16:00,26.39,10677.8,
814,8/7/2017 17:00,26,2927.8,
815,8/7/2017 18:00,26,1377.8,
816,8/7/2017 19:00,25.708,807.3,
817,8/7/2017 20:00,25.513,678.1,
818,8/7/2017 21:00,25.125,43.1,
819,8/7/2017 22:00,24.641,0,
820,8/7/2017 23:00,24.448,0,
821,8/8/2017 0:00,24.255,0,
822,8/8/2017 1:00,23.869,0,
823,8/8/2017 2:00,23.677,0,
824,8/8/2017 3:00,23.004,0,
825,8/8/2017 4:00,22.812,0,
826,8/8/2017 5:00,22.429,0,
827,8/8/2017 6:00,22.333,0,
828,8/8/2017 7:00,22.046,183,
829,8/8/2017 8:00,22.046,1722.2,
830,8/8/2017 9:00,22.429,2497.2,
831,8/8/2017 10:00,22.525,9300.1,
832,8/8/2017 11:00,22.908,5166.7,
833,8/8/2017 12:00,23.966,23422.4,202.381
834,8/8/2017 13:00,24.545,18600.1,
835,8/8/2017 14:00,25.319,11711.2,
836,8/8/2017 15:00,25.805,11711.2,
837,8/8/2017 16:00,26.292,3961.1,
838,8/8/2017 17:00,26.097,2669.5,
839,8/8/2017 18:00,26,2238.9,
840,8/8/2017 19:00,25.902,753.5,
841,8/8/2017 20:00,25.61,161.5,
842,8/8/2017 21:00,25.319,0,
843,8/8/2017 22:00,23.581,0,
844,8/8/2017 23:00,23.484,0,
845,8/9/2017 0:00,23.1,0,
846,8/9/2017 1:00,23.292,0,
847,8/9/2017 2:00,23.388,0,
848,8/9/2017 3:00,23.388,0,
849,8/9/2017 4:00,23.196,0,
850,8/9/2017 5:00,23.1,0,
851,8/9/2017 6:00,22.812,0,
852,8/9/2017 7:00,22.621,172.2,
853,8/9/2017 8:00,22.525,785.8,
854,8/9/2017 9:00,23.196,3616.7,
855,8/9/2017 10:00,23.388,5338.9,
856,8/9/2017 11:00,23.484,27555.7,
857,8/9/2017 12:00,24.448,23422.4,207.809
858,8/9/2017 13:00,25.805,24800.2,
859,8/9/2017 14:00,26.097,24800.2,
860,8/9/2017 15:00,26.781,13777.9,
861,8/9/2017 16:00,27.075,7577.8,
862,8/9/2017 17:00,26.781,3616.7,
863,8/9/2017 18:00,27.173,18600.1,
864,8/9/2017 19:00,26.488,1463.9,
865,8/9/2017 20:00,26.195,1076.4,
866,8/9/2017 21:00,25.708,32.3,
867,8/9/2017 22:00,25.416,0,
868,8/9/2017 23:00,25.125,0,
869,8/10/2017 0:00,24.738,0,
870,8/10/2017 1:00,23.581,0,
871,8/10/2017 2:00,23.292,0,
872,8/10/2017 3:00,23.004,0,
873,8/10/2017 4:00,22.717,0,
874,8/10/2017 5:00,22.525,0,
875,8/10/2017 6:00,22.717,0,
876,8/10/2017 7:00,22.717,193.8,
877,8/10/2017 8:00,22.621,1227.1,
878,8/10/2017 9:00,22.621,2927.8,
879,8/10/2017 10:00,22.429,4477.8,
880,8/10/2017 11:00,22.621,3616.7,
881,8/10/2017 12:00,22.429,1894.5,211.583
882,8/10/2017 13:00,22.429,5166.7,
883,8/10/2017 14:00,23.388,3272.2,
884,8/10/2017 15:00,24.545,18600.1,
885,8/10/2017 16:00,23.966,3788.9,
886,8/10/2017 17:00,23.581,4994.5,
887,8/10/2017 18:00,23.292,1722.2,
888,8/10/2017 19:00,23.1,129.2,
889,8/10/2017 20:00,22.908,21.5,
890,8/10/2017 21:00,22.908,10.8,
891,8/10/2017 22:00,22.525,0,
892,8/10/2017 23:00,22.429,0,
893,8/11/2017 0:00,22.238,0,
894,8/11/2017 1:00,22.142,0,
895,8/11/2017 2:00,22.142,0,
896,8/11/2017 3:00,22.142,0,
897,8/11/2017 4:00,21.664,0,
898,8/11/2017 5:00,21.76,0,
899,8/11/2017 6:00,21.664,0,
900,8/11/2017 7:00,21.569,183,
901,8/11/2017 8:00,21.282,1894.5,
902,8/11/2017 9:00,20.996,3444.5,
903,8/11/2017 10:00,21.091,2669.5,
904,8/11/2017 11:00,21.473,2669.5,
905,8/11/2017 12:00,22.142,3272.2,213.803
906,8/11/2017 13:00,22.333,5166.7,
907,8/11/2017 14:00,22.812,24800.2,
908,8/11/2017 15:00,22.525,7233.4,
909,8/11/2017 16:00,22.812,5511.1,
910,8/11/2017 17:00,22.908,5166.7,
911,8/11/2017 18:00,23.004,3272.2,
912,8/11/2017 19:00,22.717,678.1,
913,8/11/2017 20:00,22.621,936.5,
914,8/11/2017 21:00,22.429,10.8,
915,8/11/2017 22:00,22.238,0,
916,8/11/2017 23:00,22.142,0,
917,8/12/2017 0:00,22.046,0,
918,8/12/2017 1:00,21.855,0,
919,8/12/2017 2:00,21.664,0,
920,8/12/2017 3:00,21.664,0,
921,8/12/2017 4:00,21.473,0,
922,8/12/2017 5:00,21.378,0,
923,8/12/2017 6:00,21.187,0,
924,8/12/2017 7:00,20.996,215.3,
925,8/12/2017 8:00,20.996,1377.8,
926,8/12/2017 9:00,20.996,2497.2,
927,8/12/2017 10:00,21.187,4305.6,
928,8/12/2017 11:00,21.378,7577.8,
929,8/12/2017 12:00,21.664,15155.7,217.187
930,8/12/2017 13:00,23.004,99200.7,
931,8/12/2017 14:00,23.869,31689.1,
932,8/12/2017 15:00,24.448,22044.6,
933,8/12/2017 16:00,24.835,27555.7,
934,8/12/2017 17:00,24.448,2325,
935,8/12/2017 18:00,24.641,1722.2,
936,8/12/2017 19:00,24.641,861.1,
937,8/12/2017 20:00,24.351,678.1,
938,8/12/2017 21:00,24.062,0,
939,8/12/2017 22:00,23.869,0,
940,8/12/2017 23:00,23.484,0,
941,8/13/2017 0:00,23.196,0,
942,8/13/2017 1:00,23.1,0,
943,8/13/2017 2:00,23.004,0,
944,8/13/2017 3:00,22.812,0,
945,8/13/2017 4:00,22.621,0,
946,8/13/2017 5:00,22.621,0,
947,8/13/2017 6:00,22.429,0,
948,8/13/2017 7:00,22.333,107.6,
949,8/13/2017 8:00,22.333,775,
950,8/13/2017 9:00,22.525,2325,
951,8/13/2017 10:00,22.812,3272.2,
952,8/13/2017 11:00,23.196,5166.7,
953,8/13/2017 12:00,23.388,7577.8,221.8
954,8/13/2017 13:00,24.062,8266.7,
955,8/13/2017 14:00,25.028,46844.8,
956,8/13/2017 15:00,25.805,9300.1,
957,8/13/2017 16:00,25.902,7577.8,
958,8/13/2017 17:00,25.805,3961.1,
959,8/13/2017 18:00,26,8266.7,
960,8/13/2017 19:00,25.513,2927.8,
961,8/13/2017 20:00,25.416,1636.1,
962,8/13/2017 21:00,25.319,32.3,
963,8/13/2017 22:00,24.835,0,
964,8/13/2017 23:00,24.448,0,
965,8/14/2017 0:00,24.351,0,
966,8/14/2017 1:00,24.062,0,
967,8/14/2017 2:00,23.773,0,
968,8/14/2017 3:00,23.484,0,
969,8/14/2017 4:00,23.196,0,
970,8/14/2017 5:00,23.1,0,
971,8/14/2017 6:00,22.908,0,
972,8/14/2017 7:00,22.908,193.8,
973,8/14/2017 8:00,22.812,2238.9,
974,8/14/2017 9:00,23.004,2755.6,
975,8/14/2017 10:00,23.292,7233.4,
976,8/14/2017 11:00,23.581,9644.5,
977,8/14/2017 12:00,24.255,82667.2,226.214
978,8/14/2017 13:00,24.158,4305.6,
979,8/14/2017 14:00,24.641,31689.1,
980,8/14/2017 15:00,25.416,17222.3,
981,8/14/2017 16:00,25.028,15155.7,
982,8/14/2017 17:00,25.125,4994.5,
983,8/14/2017 18:00,25.028,3100,
984,8/14/2017 19:00,25.028,1227.1,
985,8/14/2017 20:00,24.738,753.5,
986,8/14/2017 21:00,24.641,0,
987,8/14/2017 22:00,24.448,0,
988,8/14/2017 23:00,24.255,0,
989,8/15/2017 0:00,24.062,0,
990,8/15/2017 1:00,23.966,0,
991,8/15/2017 2:00,23.773,0,
992,8/15/2017 3:00,23.581,0,
993,8/15/2017 4:00,23.388,0,
994,8/15/2017 5:00,23.1,0,
995,8/15/2017 6:00,23.004,0,
996,8/15/2017 7:00,23.004,172.2,
997,8/15/2017 8:00,23.004,925.7,
998,8/15/2017 9:00,23.004,1636.1,
999,8/15/2017 10:00,22.621,2927.8,
1000,8/15/2017 11:00,23.388,6200,
1001,8/15/2017 12:00,24.545,66133.8,231.304
1002,8/15/2017 13:00,25.416,27555.7,
1003,8/15/2017 14:00,26.195,71644.9,
1004,8/15/2017 15:00,26.292,18600.1,
1005,8/15/2017 16:00,26.585,15155.7,
1006,8/15/2017 17:00,26.195,2497.2,
1007,8/15/2017 18:00,26.097,1463.9,
1008,8/15/2017 19:00,26,818.1,
1009,8/15/2017 20:00,25.805,538.2,
1010,8/15/2017 21:00,25.513,0,
1011,8/15/2017 22:00,25.125,0,
1012,8/15/2017 23:00,24.835,0,
1013,8/16/2017 0:00,24.641,0,
1014,8/16/2017 1:00,24.641,0,
1015,8/16/2017 2:00,24.351,0,
1016,8/16/2017 3:00,24.158,0,
1017,8/16/2017 4:00,23.966,0,
1018,8/16/2017 5:00,23.773,0,
1019,8/16/2017 6:00,23.677,0,
1020,8/16/2017 7:00,23.581,96.9,
1021,8/16/2017 8:00,23.484,1194.8,
1022,8/16/2017 9:00,23.581,1302.4,
1023,8/16/2017 10:00,23.869,4477.8,
1024,8/16/2017 11:00,24.351,8266.7,
1025,8/16/2017 12:00,25.319,52355.9,236.707
1026,8/16/2017 13:00,25.416,37200.2,
1027,8/16/2017 14:00,25.125,5511.1,
1028,8/16/2017 15:00,26.39,24800.2,
1029,8/16/2017 16:00,26.585,18600.1,
1030,8/16/2017 17:00,26.39,2755.6,
1031,8/16/2017 18:00,25.805,1722.2,
1032,8/16/2017 19:00,26.097,1108.7,
1033,8/16/2017 20:00,25.61,452.1,
1034,8/16/2017 21:00,25.319,0,
1035,8/16/2017 22:00,25.222,0,
1036,8/16/2017 23:00,25.125,0,
1037,8/17/2017 0:00,25.028,0,
1038,8/17/2017 1:00,24.738,0,
1039,8/17/2017 2:00,24.545,0,
1040,8/17/2017 3:00,24.448,0,
1041,8/17/2017 4:00,24.255,0,
1042,8/17/2017 5:00,23.966,0,
1043,8/17/2017 6:00,23.869,0,
1044,8/17/2017 7:00,23.869,75.3,
1045,8/17/2017 8:00,23.773,1076.4,
1046,8/17/2017 9:00,23.677,279.9,
1047,8/17/2017 10:00,23.581,484.4,
1048,8/17/2017 11:00,23.677,4822.3,
1049,8/17/2017 12:00,24.448,7577.8,241.242
1050,8/17/2017 13:00,24.545,7577.8,
1051,8/17/2017 14:00,24.158,3272.2,
1052,8/17/2017 15:00,24.738,19289,
1053,8/17/2017 16:00,25.222,5166.7,
1054,8/17/2017 17:00,24.738,3788.9,
1055,8/17/2017 18:00,25.028,2325,
1056,8/17/2017 19:00,25.125,505.9,
1057,8/17/2017 20:00,25.125,344.4,
1058,8/17/2017 21:00,24.738,0,
1059,8/17/2017 22:00,23.677,0,
1060,8/17/2017 23:00,23.773,0,
1061,8/18/2017 0:00,23.484,0,
1062,8/18/2017 1:00,23.196,0,
1063,8/18/2017 2:00,22.908,0,
1064,8/18/2017 3:00,22.908,0,
1065,8/18/2017 4:00,22.429,0,
1066,8/18/2017 5:00,22.142,0,
1067,8/18/2017 6:00,21.951,0,
1068,8/18/2017 7:00,21.664,10.8,
1069,8/18/2017 8:00,21.378,150.7,
1070,8/18/2017 9:00,21.282,947.2,
1071,8/18/2017 10:00,21.091,1324,
1072,8/18/2017 11:00,20.901,1550,
1073,8/18/2017 12:00,20.805,1550,243.593
1074,8/18/2017 13:00,20.615,1162.5,
1075,8/18/2017 14:00,20.615,3961.1,
1076,8/18/2017 15:00,20.71,5511.1,
1077,8/18/2017 16:00,20.71,3444.5,
1078,8/18/2017 17:00,20.805,2325,
1079,8/18/2017 18:00,20.71,1894.5,
1080,8/18/2017 19:00,20.71,495.1,
1081,8/18/2017 20:00,20.615,322.9,
1082,8/18/2017 21:00,20.805,0,
1083,8/18/2017 22:00,20.519,0,
1084,8/18/2017 23:00,20.901,0,
1085,8/19/2017 0:00,20.805,0,
1086,8/19/2017 1:00,20.996,0,
1087,8/19/2017 2:00,20.805,0,
1088,8/19/2017 3:00,20.901,0,
1089,8/19/2017 4:00,20.615,0,
1090,8/19/2017 5:00,20.805,0,
1091,8/19/2017 6:00,20.71,0,
1092,8/19/2017 7:00,20.615,129.2,
1093,8/19/2017 8:00,20.519,656.6,
1094,8/19/2017 9:00,20.424,2152.8,
1095,8/19/2017 10:00,20.424,1980.6,
1096,8/19/2017 11:00,20.901,6200,
1097,8/19/2017 12:00,22.429,104711.8,247.017
1098,8/19/2017 13:00,23.773,13777.9,
1099,8/19/2017 14:00,24.448,35822.5,
1100,8/19/2017 15:00,24.448,13089,
1101,8/19/2017 16:00,25.125,11711.2,
1102,8/19/2017 17:00,25.222,10333.4,
1103,8/19/2017 18:00,24.835,2152.8,
1104,8/19/2017 19:00,24.738,559.7,
1105,8/19/2017 20:00,24.738,279.9,
1106,8/19/2017 21:00,24.448,0,
1107,8/19/2017 22:00,23.388,0,
1108,8/19/2017 23:00,23.004,0,
1109,8/20/2017 0:00,22.908,0,
1110,8/20/2017 1:00,22.812,0,
1111,8/20/2017 2:00,22.525,0,
1112,8/20/2017 3:00,22.142,0,
1113,8/20/2017 4:00,22.238,0,
1114,8/20/2017 5:00,22.238,0,
1115,8/20/2017 6:00,22.046,0,
1116,8/20/2017 7:00,21.951,96.9,
1117,8/20/2017 8:00,21.855,796.5,
1118,8/20/2017 9:00,21.951,1894.5,
1119,8/20/2017 10:00,22.142,3616.7,
1120,8/20/2017 11:00,22.525,7233.4,
1121,8/20/2017 12:00,23.773,49600.3,251.455
1122,8/20/2017 13:00,24.448,26178,
1123,8/20/2017 14:00,25.028,14466.8,
1124,8/20/2017 15:00,25.805,26178,
1125,8/20/2017 16:00,26,31689.1,
1126,8/20/2017 17:00,26,3272.2,
1127,8/20/2017 18:00,25.708,2755.6,
1128,8/20/2017 19:00,25.416,1636.1,
1129,8/20/2017 20:00,25.222,495.1,
1130,8/20/2017 21:00,24.545,0,
1131,8/20/2017 22:00,23.677,0,
1132,8/20/2017 23:00,23.1,0,
1133,8/21/2017 0:00,23.1,0,
1134,8/21/2017 1:00,23.388,0,
1135,8/21/2017 2:00,22.717,0,
1136,8/21/2017 3:00,22.621,0,
1137,8/21/2017 4:00,22.429,0,
1138,8/21/2017 5:00,22.525,0,
1139,8/21/2017 6:00,22.333,0,
1140,8/21/2017 7:00,22.333,75.3,
1141,8/21/2017 8:00,22.333,850.4,
1142,8/21/2017 9:00,22.525,2411.1,
1143,8/21/2017 10:00,22.621,5511.1,
1144,8/21/2017 11:00,23.292,6200,
1145,8/21/2017 12:00,23.677,5166.7,255.943
1146,8/21/2017 13:00,24.545,8266.7,
1147,8/21/2017 14:00,24.351,1248.6,
1148,8/21/2017 15:00,24.931,9644.5,
1149,8/21/2017 16:00,25.61,16533.4,
1150,8/21/2017 17:00,25.805,5166.7,
1151,8/21/2017 18:00,25.708,2497.2,
1152,8/21/2017 19:00,25.513,947.2,
1153,8/21/2017 20:00,25.319,419.8,
1154,8/21/2017 21:00,25.416,0,
1155,8/21/2017 22:00,25.028,0,
1156,8/21/2017 23:00,24.835,0,
1157,8/22/2017 0:00,23.677,0,
1158,8/22/2017 1:00,23.581,0,
1159,8/22/2017 2:00,23.484,0,
1160,8/22/2017 3:00,23.581,0,
1161,8/22/2017 4:00,23.292,0,
1162,8/22/2017 5:00,23.484,0,
1163,8/22/2017 6:00,23.388,0,
1164,8/22/2017 7:00,22.908,64.6,
1165,8/22/2017 8:00,22.908,1291.7,
1166,8/22/2017 9:00,22.717,2497.2,
1167,8/22/2017 10:00,22.525,484.4,
1168,8/22/2017 11:00,22.333,3444.5,
1169,8/22/2017 12:00,22.812,42711.4,259.405
1170,8/22/2017 13:00,23.004,4994.5,
1171,8/22/2017 14:00,24.255,52355.9,
1172,8/22/2017 15:00,24.158,30311.3,
1173,8/22/2017 16:00,24.738,8266.7,
1174,8/22/2017 17:00,24.255,5338.9,
1175,8/22/2017 18:00,23.869,1291.7,
1176,8/22/2017 19:00,23.388,667.4,
1177,8/22/2017 20:00,22.908,398.3,
1178,8/22/2017 21:00,22.525,0,
1179,8/22/2017 22:00,22.333,0,
1180,8/22/2017 23:00,22.238,0,
1181,8/23/2017 0:00,21.378,0,
1182,8/23/2017 1:00,20.996,0,
1183,8/23/2017 2:00,20.71,0,
1184,8/23/2017 3:00,20.329,0,
1185,8/23/2017 4:00,20.043,0,
1186,8/23/2017 5:00,19.853,0,
1187,8/23/2017 6:00,19.662,0,
1188,8/23/2017 7:00,19.758,53.8,
1189,8/23/2017 8:00,19.948,807.3,
1190,8/23/2017 9:00,19.853,1108.7,
1191,8/23/2017 10:00,20.234,4477.8,
1192,8/23/2017 11:00,20.234,8611.2,
1193,8/23/2017 12:00,20.615,5511.1,260.55
1194,8/23/2017 13:00,20.901,26178,
1195,8/23/2017 14:00,20.901,7577.8,
1196,8/23/2017 15:00,21.282,5166.7,
1197,8/23/2017 16:00,21.855,12400.1,
1198,8/23/2017 17:00,21.951,8611.2,
1199,8/23/2017 18:00,21.951,2755.6,
1200,8/23/2017 19:00,22.046,1001,
1201,8/23/2017 20:00,21.855,559.7,
1202,8/23/2017 21:00,21.664,0,
1203,8/23/2017 22:00,21.473,0,
1204,8/23/2017 23:00,21.378,0,
1205,8/24/2017 0:00,20.996,0,
1206,8/24/2017 1:00,20.615,0,
1207,8/24/2017 2:00,20.805,0,
1208,8/24/2017 3:00,20.805,0,
1209,8/24/2017 4:00,20.615,0,
1210,8/24/2017 5:00,20.519,0,
1211,8/24/2017 6:00,20.424,0,
1212,8/24/2017 7:00,20.234,0,
1213,8/24/2017 8:00,20.138,936.5,
1214,8/24/2017 9:00,20.043,1173.3,
1215,8/24/2017 10:00,19.948,2583.4,
1216,8/24/2017 11:00,20.329,6544.5,
1217,8/24/2017 12:00,21.473,60622.6,261.903
1218,8/24/2017 13:00,20.901,9644.5,
1219,8/24/2017 14:00,20.901,5166.7,
1220,8/24/2017 15:00,21.855,22044.6,
1221,8/24/2017 16:00,22.142,12400.1,
1222,8/24/2017 17:00,22.238,8266.7,
1223,8/24/2017 18:00,21.951,1377.8,
1224,8/24/2017 19:00,21.951,818.1,
1225,8/24/2017 20:00,21.76,333.7,
1226,8/24/2017 21:00,21.473,0,
1227,8/24/2017 22:00,21.282,0,
1228,8/24/2017 23:00,20.996,0,
1229,8/25/2017 0:00,20.71,0,
1230,8/25/2017 1:00,20.424,0,
1231,8/25/2017 2:00,20.234,0,
1232,8/25/2017 3:00,19.948,0,
1233,8/25/2017 4:00,19.662,0,
1234,8/25/2017 5:00,19.472,0,
1235,8/25/2017 6:00,19.282,0,
1236,8/25/2017 7:00,18.901,32.3,
1237,8/25/2017 8:00,18.806,635.1,
1238,8/25/2017 9:00,19.187,1636.1,
1239,8/25/2017 10:00,20.138,3100,
1240,8/25/2017 11:00,20.329,5166.7,
1241,8/25/2017 12:00,21.473,55111.5,263.739
1242,8/25/2017 13:00,22.525,52355.9,
1243,8/25/2017 14:00,22.812,28933.5,
1244,8/25/2017 15:00,23.004,15155.7,
1245,8/25/2017 16:00,23.292,12400.1,
1246,8/25/2017 17:00,23.484,8266.7,
1247,8/25/2017 18:00,23.004,1722.2,
1248,8/25/2017 19:00,22.908,871.9,
1249,8/25/2017 20:00,22.621,333.7,
1250,8/25/2017 21:00,22.238,0,
1251,8/25/2017 22:00,21.855,0,
1252,8/25/2017 23:00,21.664,0,
1253,8/26/2017 0:00,21.473,0,
1254,8/26/2017 1:00,21.378,0,
1255,8/26/2017 2:00,21.378,0,
1256,8/26/2017 3:00,21.187,0,
1257,8/26/2017 4:00,21.091,0,
1258,8/26/2017 5:00,20.996,0,
1259,8/26/2017 6:00,20.805,0,
1260,8/26/2017 7:00,20.71,64.6,
1261,8/26/2017 8:00,20.615,1011.8,
1262,8/26/2017 9:00,20.71,2152.8,
1263,8/26/2017 10:00,20.901,3961.1,
1264,8/26/2017 11:00,21.282,5166.7,
1265,8/26/2017 12:00,22.429,41333.6,266.125
1266,8/26/2017 13:00,23.292,20666.8,
1267,8/26/2017 14:00,23.484,20666.8,
1268,8/26/2017 15:00,23.1,15155.7,
1269,8/26/2017 16:00,23.196,9644.5,
1270,8/26/2017 17:00,23.004,5166.7,
1271,8/26/2017 18:00,22.908,2497.2,
1272,8/26/2017 19:00,22.908,1377.8,
1273,8/26/2017 20:00,22.812,290.6,
1274,8/26/2017 21:00,22.525,0,
1275,8/26/2017 22:00,22.333,0,
1276,8/26/2017 23:00,22.142,0,
1277,8/27/2017 0:00,21.951,0,
1278,8/27/2017 1:00,21.855,0,
1279,8/27/2017 2:00,21.664,0,
1280,8/27/2017 3:00,21.569,0,
1281,8/27/2017 4:00,21.282,0,
1282,8/27/2017 5:00,21.091,0,
1283,8/27/2017 6:00,20.901,0,
1284,8/27/2017 7:00,20.71,10.8,
1285,8/27/2017 8:00,20.615,441.3,
1286,8/27/2017 9:00,20.615,2583.4,
1287,8/27/2017 10:00,20.519,1377.8,
1288,8/27/2017 11:00,20.615,2583.4,
1289,8/27/2017 12:00,20.519,2152.8,267.295
1290,8/27/2017 13:00,20.805,4133.4,
1291,8/27/2017 14:00,20.71,2238.9,
1292,8/27/2017 15:00,20.805,2755.6,
1293,8/27/2017 16:00,20.71,2066.7,
1294,8/27/2017 17:00,20.805,2927.8,
1295,8/27/2017 18:00,20.615,861.1,
1296,8/27/2017 19:00,20.329,139.9,
1297,8/27/2017 20:00,20.234,32.3,
1298,8/27/2017 21:00,20.234,0,
1299,8/27/2017 22:00,20.138,0,
1300,8/27/2017 23:00,20.043,0,
1301,8/28/2017 0:00,19.948,0,
1302,8/28/2017 1:00,19.853,0,
1303,8/28/2017 2:00,19.853,0,
1304,8/28/2017 3:00,19.758,0,
1305,8/28/2017 4:00,19.662,0,
1306,8/28/2017 5:00,19.758,0,
1307,8/28/2017 6:00,19.758,0,
1308,8/28/2017 7:00,19.662,0,
1309,8/28/2017 8:00,19.662,441.3,
1310,8/28/2017 9:00,19.758,2411.1,
1311,8/28/2017 10:00,19.948,2927.8,
1312,8/28/2017 11:00,20.043,2755.6,
1313,8/28/2017 12:00,20.329,3616.7,267.561
1314,8/28/2017 13:00,20.329,1722.2,
1315,8/28/2017 14:00,20.519,4822.3,
1316,8/28/2017 15:00,20.424,1550,
1317,8/28/2017 16:00,20.234,3100,
1318,8/28/2017 17:00,20.519,2755.6,
1319,8/28/2017 18:00,20.615,2152.8,
1320,8/28/2017 19:00,20.615,1463.9,
1321,8/28/2017 20:00,20.615,312.2,
1322,8/28/2017 21:00,20.519,0,
1323,8/28/2017 22:00,20.329,0,
1324,8/28/2017 23:00,20.234,0,
1325,8/29/2017 0:00,20.043,0,
1326,8/29/2017 1:00,19.948,0,
1327,8/29/2017 2:00,19.853,0,
1328,8/29/2017 3:00,19.853,0,
1329,8/29/2017 4:00,19.758,0,
1330,8/29/2017 5:00,19.662,0,
1331,8/29/2017 6:00,19.758,0,
1332,8/29/2017 7:00,19.472,32.3,
1333,8/29/2017 8:00,19.377,592,
1334,8/29/2017 9:00,19.472,1722.2,
1335,8/29/2017 10:00,19.853,3100,
1336,8/29/2017 11:00,20.519,6544.5,
1337,8/29/2017 12:00,20.901,13089,268.756
1338,8/29/2017 13:00,20.805,2755.6,
1339,8/29/2017 14:00,21.091,3272.2,
1340,8/29/2017 15:00,21.282,6200,
1341,8/29/2017 16:00,21.664,7233.4,
1342,8/29/2017 17:00,21.855,8611.2,
1343,8/29/2017 18:00,22.238,3616.7,
1344,8/29/2017 19:00,22.046,688.9,
1345,8/29/2017 20:00,21.473,183,
1346,8/29/2017 21:00,21.473,0,
1347,8/29/2017 22:00,21.187,0,
1348,8/29/2017 23:00,21.091,0,
1349,8/30/2017 0:00,20.996,0,
1350,8/30/2017 1:00,20.901,0,
1351,8/30/2017 2:00,20.71,0,
1352,8/30/2017 3:00,20.71,0,
1353,8/30/2017 4:00,20.615,0,
1354,8/30/2017 5:00,20.424,0,
1355,8/30/2017 6:00,20.329,0,
1356,8/30/2017 7:00,20.234,0,
1357,8/30/2017 8:00,20.138,441.3,
1358,8/30/2017 9:00,20.234,1808.3,
1359,8/30/2017 10:00,20.329,3100,
1360,8/30/2017 11:00,20.901,5166.7,
1361,8/30/2017 12:00,21.855,6200,271.275
1362,8/30/2017 13:00,23.196,30311.3,
1363,8/30/2017 14:00,23.869,11022.3,
1364,8/30/2017 15:00,23.966,9300.1,
1365,8/30/2017 16:00,23.484,258.3,
1366,8/30/2017 17:00,23.292,387.5,
1367,8/30/2017 18:00,22.333,1550,
1368,8/30/2017 19:00,22.429,656.6,
1369,8/30/2017 20:00,22.429,107.6,
1370,8/30/2017 21:00,22.238,0,
1371,8/30/2017 22:00,22.046,0,
1372,8/30/2017 23:00,21.664,0,
1373,8/31/2017 0:00,21.378,0,
1374,8/31/2017 1:00,20.901,0,
1375,8/31/2017 2:00,20.71,0,
1376,8/31/2017 3:00,20.329,0,
1377,8/31/2017 4:00,20.234,0,
1378,8/31/2017 5:00,20.043,0,
1379,8/31/2017 6:00,19.472,0,
1380,8/31/2017 7:00,19.662,21.5,
1381,8/31/2017 8:00,19.567,581.3,
1382,8/31/2017 9:00,19.948,1636.1,
1383,8/31/2017 10:00,20.234,4477.8,
1384,8/31/2017 11:00,20.901,3272.2,
1385,8/31/2017 12:00,22.046,57867,273.092
1386,8/31/2017 13:00,21.855,17911.2,
1387,8/31/2017 14:00,22.429,8611.2,
1388,8/31/2017 15:00,23.004,16533.4,
1389,8/31/2017 16:00,23.1,12400.1,
1390,8/31/2017 17:00,23.196,6200,
1391,8/31/2017 18:00,22.717,1205.6,
1392,8/31/2017 19:00,22.717,667.4,
1393,8/31/2017 20:00,22.333,172.2,
1394,8/31/2017 21:00,21.855,0,
1395,8/31/2017 22:00,21.473,0,
1396,8/31/2017 23:00,21.091,0,
1397,9/1/2017 0:00,20.71,0,
1398,9/1/2017 1:00,20.519,0,
1399,9/1/2017 2:00,19.948,0,
1400,9/1/2017 3:00,19.758,0,
1401,9/1/2017 4:00,19.948,0,
1402,9/1/2017 5:00,19.853,0,
1403,9/1/2017 6:00,19.758,0,
1404,9/1/2017 7:00,19.567,10.8,
1405,9/1/2017 8:00,19.472,355.2,
1406,9/1/2017 9:00,19.377,1356.3,
1407,9/1/2017 10:00,19.948,2066.7,
1408,9/1/2017 11:00,20.138,4650,
1409,9/1/2017 12:00,21.664,99200.7,275.004
1410,9/1/2017 13:00,22.238,30311.3,
1411,9/1/2017 14:00,22.429,23422.4,
1412,9/1/2017 15:00,23.388,28933.5,
1413,9/1/2017 16:00,22.525,11022.3,
1414,9/1/2017 17:00,22.142,7233.4,
1415,9/1/2017 18:00,22.525,2411.1,
1416,9/1/2017 19:00,21.664,775,
1417,9/1/2017 20:00,21.569,172.2,
1418,9/1/2017 21:00,21.187,0,
1419,9/1/2017 22:00,20.805,0,
1420,9/1/2017 23:00,20.519,0,
1421,9/2/2017 0:00,20.234,0,
1422,9/2/2017 1:00,19.948,0,
1423,9/2/2017 2:00,19.853,0,
1424,9/2/2017 3:00,19.662,0,
1425,9/2/2017 4:00,19.472,0,
1426,9/2/2017 5:00,19.377,0,
1427,9/2/2017 6:00,19.282,0,
1428,9/2/2017 7:00,18.996,10.8,
1429,9/2/2017 8:00,18.711,828.8,
1430,9/2/2017 9:00,18.426,4650,
1431,9/2/2017 10:00,19.187,7577.8,
1432,9/2/2017 11:00,19.662,12400.1,
1433,9/2/2017 12:00,20.138,5511.1,275.261
1434,9/2/2017 13:00,19.948,4477.8,
1435,9/2/2017 14:00,20.805,8266.7,
1436,9/2/2017 15:00,20.805,2066.7,
1437,9/2/2017 16:00,20.71,1087.2,
1438,9/2/2017 17:00,20.234,602.8,
1439,9/2/2017 18:00,20.138,150.7,
1440,9/2/2017 19:00,19.948,312.2,
1441,9/2/2017 20:00,19.758,96.9,
1442,9/2/2017 21:00,19.662,0,
1443,9/2/2017 22:00,19.472,0,
1444,9/2/2017 23:00,19.187,0,
1445,9/3/2017 0:00,18.996,0,
1446,9/3/2017 1:00,19.187,0,
1447,9/3/2017 2:00,19.187,0,
1448,9/3/2017 3:00,19.092,0,
1449,9/3/2017 4:00,18.711,0,
1450,9/3/2017 5:00,18.711,0,
1451,9/3/2017 6:00,18.426,0,
1452,9/3/2017 7:00,18.236,0,
1453,9/3/2017 8:00,17.95,75.3,
1454,9/3/2017 9:00,17.95,624.3,
1455,9/3/2017 10:00,18.426,3272.2,
1456,9/3/2017 11:00,18.901,3444.5,
1457,9/3/2017 12:00,19.853,4822.3,276.769
1458,9/3/2017 13:00,20.805,12400.1,
1459,9/3/2017 14:00,21.855,9644.5,
1460,9/3/2017 15:00,23.004,14466.8,
1461,9/3/2017 16:00,23.1,12400.1,
1462,9/3/2017 17:00,23.196,4822.3,
1463,9/3/2017 18:00,23.004,1463.9,
1464,9/3/2017 19:00,23.196,602.8,
1465,9/3/2017 20:00,22.812,161.5,
1466,9/3/2017 21:00,21.76,0,
1467,9/3/2017 22:00,21.091,0,
1468,9/3/2017 23:00,20.805,0,
1469,9/4/2017 0:00,20.71,0,
1470,9/4/2017 1:00,20.615,0,
1471,9/4/2017 2:00,20.234,0,
1472,9/4/2017 3:00,19.853,0,
1473,9/4/2017 4:00,19.662,0,
1474,9/4/2017 5:00,19.472,0,
1475,9/4/2017 6:00,19.567,0,
1476,9/4/2017 7:00,19.377,0,
1477,9/4/2017 8:00,19.282,150.7,
1478,9/4/2017 9:00,19.187,419.8,
1479,9/4/2017 10:00,19.187,322.9,
1480,9/4/2017 11:00,19.282,150.7,
1481,9/4/2017 12:00,19.187,53.8,277.407
1482,9/4/2017 13:00,19.187,1044.1,
1483,9/4/2017 14:00,19.758,4994.5,
1484,9/4/2017 15:00,20.329,4650,
1485,9/4/2017 16:00,21.187,5166.7,
1486,9/4/2017 17:00,21.378,39955.8,
1487,9/4/2017 18:00,20.901,2927.8,
1488,9/4/2017 19:00,20.805,505.9,
1489,9/4/2017 20:00,20.519,64.6,
1490,9/4/2017 21:00,20.329,0,
1491,9/4/2017 22:00,20.043,0,
1492,9/4/2017 23:00,19.758,0,
1493,9/5/2017 0:00,19.853,0,
1494,9/5/2017 1:00,19.758,0,
1495,9/5/2017 2:00,19.662,0,
1496,9/5/2017 3:00,19.472,0,
1497,9/5/2017 4:00,19.377,0,
1498,9/5/2017 5:00,19.187,0,
1499,9/5/2017 6:00,19.092,0,
1500,9/5/2017 7:00,18.711,0,
1501,9/5/2017 8:00,18.521,247.6,
1502,9/5/2017 9:00,18.616,2755.6,
1503,9/5/2017 10:00,18.711,1248.6,
1504,9/5/2017 11:00,18.426,1044.1,
1505,9/5/2017 12:00,18.521,2066.7,277.407
1506,9/5/2017 13:00,18.616,1324,
1507,9/5/2017 14:00,18.711,2238.9,
1508,9/5/2017 15:00,18.806,2497.2,
1509,9/5/2017 16:00,18.996,8266.7,
1510,9/5/2017 17:00,18.996,9300.1,
1511,9/5/2017 18:00,18.711,688.9,
1512,9/5/2017 19:00,18.616,559.7,
1513,9/5/2017 20:00,18.426,43.1,
1514,9/5/2017 21:00,18.236,0,
1515,9/5/2017 22:00,18.14,0,
1516,9/5/2017 23:00,18.14,0,
1517,9/6/2017 0:00,18.045,0,
1518,9/6/2017 1:00,17.95,0,
1519,9/6/2017 2:00,18.045,0,
1520,9/6/2017 3:00,17.855,0,
1521,9/6/2017 4:00,17.76,0,
1522,9/6/2017 5:00,17.475,0,
1523,9/6/2017 6:00,17.379,0,
1524,9/6/2017 7:00,17.284,0,
1525,9/6/2017 8:00,17.094,139.9,
1526,9/6/2017 9:00,17.094,688.9,
1527,9/6/2017 10:00,16.999,409,
1528,9/6/2017 11:00,17.475,3788.9,
1529,9/6/2017 12:00,17.855,6200,277.415
1530,9/6/2017 13:00,18.711,7233.4,
1531,9/6/2017 14:00,19.377,10333.4,
1532,9/6/2017 15:00,19.282,936.5,
1533,9/6/2017 16:00,19.377,796.5,
1534,9/6/2017 17:00,19.472,2066.7,
1535,9/6/2017 18:00,19.282,2497.2,
1536,9/6/2017 19:00,20.043,731.9,
1537,9/6/2017 20:00,20.138,21.5,
1538,9/6/2017 21:00,19.853,0,
1539,9/6/2017 22:00,19.472,0,
1540,9/6/2017 23:00,19.092,0,
1541,9/7/2017 0:00,18.806,0,
1542,9/7/2017 1:00,18.521,0,
1543,9/7/2017 2:00,18.331,0,
1544,9/7/2017 3:00,18.045,0,
1545,9/7/2017 4:00,17.95,0,
1546,9/7/2017 5:00,17.76,0,
1547,9/7/2017 6:00,17.57,0,
1548,9/7/2017 7:00,17.379,0,
1549,9/7/2017 8:00,17.189,161.5,
1550,9/7/2017 9:00,17.284,796.5,
1551,9/7/2017 10:00,17.284,2927.8,
1552,9/7/2017 11:00,17.57,4994.5,
1553,9/7/2017 12:00,17.284,818.1,277.415
1554,9/7/2017 13:00,17.57,1722.2,
1555,9/7/2017 14:00,17.57,1808.3,
1556,9/7/2017 15:00,17.76,2325,
1557,9/7/2017 16:00,17.57,258.3,
1558,9/7/2017 17:00,17.76,366,
1559,9/7/2017 18:00,17.76,473.6,
1560,9/7/2017 19:00,17.665,279.9,
1561,9/7/2017 20:00,17.379,10.8,
1562,9/7/2017 21:00,17.284,0,
1563,9/7/2017 22:00,17.189,0,
1564,9/7/2017 23:00,17.094,0,
1565,9/8/2017 0:00,16.999,0,
1566,9/8/2017 1:00,16.903,0,
1567,9/8/2017 2:00,16.713,0,
1568,9/8/2017 3:00,16.427,0,
1569,9/8/2017 4:00,16.141,0,
1570,9/8/2017 5:00,15.855,0,
1571,9/8/2017 6:00,15.664,0,
1572,9/8/2017 7:00,15.378,0,
1573,9/8/2017 8:00,16.046,376.7,
1574,9/8/2017 9:00,16.046,1550,
1575,9/8/2017 10:00,16.237,1463.9,
1576,9/8/2017 11:00,17.189,4822.3,
1577,9/8/2017 12:00,18.711,5511.1,277.415
1578,9/8/2017 13:00,19.187,6544.5,
1579,9/8/2017 14:00,18.996,2927.8,
1580,9/8/2017 15:00,19.758,7577.8,
1581,9/8/2017 16:00,20.043,5166.7,
1582,9/8/2017 17:00,19.377,1808.3,
1583,9/8/2017 18:00,19.187,1194.8,
1584,9/8/2017 19:00,18.901,516.7,
1585,9/8/2017 20:00,18.236,32.3,
1586,9/8/2017 21:00,18.331,0,
1587,9/8/2017 22:00,17.95,0,
1588,9/8/2017 23:00,17.76,0,
1589,9/9/2017 0:00,17.475,0,
1590,9/9/2017 1:00,17.094,0,
1591,9/9/2017 2:00,16.999,0,
1592,9/9/2017 3:00,16.903,0,
1593,9/9/2017 4:00,16.903,0,
1594,9/9/2017 5:00,16.903,0,
1595,9/9/2017 6:00,16.903,0,
1596,9/9/2017 7:00,16.808,0,
1597,9/9/2017 8:00,16.713,193.8,
1598,9/9/2017 9:00,16.903,1022.6,
1599,9/9/2017 10:00,17.189,1894.5,
1600,9/9/2017 11:00,17.57,3616.7,
1601,9/9/2017 12:00,18.901,4822.3,277.415
1602,9/9/2017 13:00,19.092,5511.1,
1603,9/9/2017 14:00,19.377,5511.1,
1604,9/9/2017 15:00,19.282,5166.7,
1605,9/9/2017 16:00,18.996,7233.4,
1606,9/9/2017 17:00,18.616,1722.2,
1607,9/9/2017 18:00,18.521,1227.1,
1608,9/9/2017 19:00,18.426,462.9,
1609,9/9/2017 20:00,18.426,10.8,
1610,9/9/2017 21:00,17.57,0,
1611,9/9/2017 22:00,17.57,0,
1612,9/9/2017 23:00,17.57,0,
1613,9/10/2017 0:00,17.379,0,
1614,9/10/2017 1:00,17.284,0,
1615,9/10/2017 2:00,17.094,0,
1616,9/10/2017 3:00,16.903,0,
1617,9/10/2017 4:00,16.999,0,
1618,9/10/2017 5:00,16.808,0,
1619,9/10/2017 6:00,16.618,0,
1620,9/10/2017 7:00,16.332,0,
1621,9/10/2017 8:00,15.951,204.5,
1622,9/10/2017 9:00,16.046,1054.9,
1623,9/10/2017 10:00,16.332,2755.6,
1624,9/10/2017 11:00,17.57,3100,
1625,9/10/2017 12:00,18.996,4994.5,277.661
1626,9/10/2017 13:00,19.662,5166.7,
1627,9/10/2017 14:00,19.853,7577.8,
1628,9/10/2017 15:00,20.519,6544.5,
1629,9/10/2017 16:00,20.996,6200,
1630,9/10/2017 17:00,20.805,4305.6,
1631,9/10/2017 18:00,20.519,2152.8,
1632,9/10/2017 19:00,20.329,516.7,
1633,9/10/2017 20:00,20.138,21.5,
1634,9/10/2017 21:00,19.948,0,
1635,9/10/2017 22:00,19.758,0,
1636,9/10/2017 23:00,19.377,0,
1637,9/11/2017 0:00,19.187,0,
1638,9/11/2017 1:00,18.901,0,
1639,9/11/2017 2:00,18.806,0,
1640,9/11/2017 3:00,18.616,0,
1641,9/11/2017 4:00,18.426,0,
1642,9/11/2017 5:00,18.14,0,
1643,9/11/2017 6:00,18.045,0,
1644,9/11/2017 7:00,17.855,0,
1645,9/11/2017 8:00,17.76,193.8,
1646,9/11/2017 9:00,17.665,1194.8,
1647,9/11/2017 10:00,18.14,2238.9,
1648,9/11/2017 11:00,18.806,2411.1,
1649,9/11/2017 12:00,19.948,4477.8,278.19
1650,9/11/2017 13:00,20.043,4650,
1651,9/11/2017 14:00,20.519,5338.9,
1652,9/11/2017 15:00,21.378,13777.9,
1653,9/11/2017 16:00,21.282,3961.1,
1654,9/11/2017 17:00,21.473,10333.4,
1655,9/11/2017 18:00,21.187,3272.2,
1656,9/11/2017 19:00,21.091,1259.4,
1657,9/11/2017 20:00,20.901,64.6,
1658,9/11/2017 21:00,20.424,0,
1659,9/11/2017 22:00,20.234,0,
1660,9/11/2017 23:00,19.758,0,
1661,9/12/2017 0:00,18.806,0,
1662,9/12/2017 1:00,18.901,0,
1663,9/12/2017 2:00,18.711,0,
1664,9/12/2017 3:00,18.616,0,
1665,9/12/2017 4:00,18.426,0,
1666,9/12/2017 5:00,18.331,0,
1667,9/12/2017 6:00,18.236,0,
1668,9/12/2017 7:00,18.236,0,
1669,9/12/2017 8:00,18.14,452.1,
1670,9/12/2017 9:00,18.236,1377.8,
1671,9/12/2017 10:00,18.711,1463.9,
1672,9/12/2017 11:00,19.282,5166.7,
1673,9/12/2017 12:00,20.424,8611.2,279.898
1674,9/12/2017 13:00,21.282,10333.4,
1675,9/12/2017 14:00,22.142,18600.1,
1676,9/12/2017 15:00,22.812,16533.4,
1677,9/12/2017 16:00,23.484,19977.9,
1678,9/12/2017 17:00,23.388,46844.8,
1679,9/12/2017 18:00,23.196,1463.9,
1680,9/12/2017 19:00,23.1,1022.6,
1681,9/12/2017 20:00,22.908,43.1,
1682,9/12/2017 21:00,22.142,0,
1683,9/12/2017 22:00,21.664,0,
1684,9/12/2017 23:00,21.378,0,
1685,9/13/2017 0:00,20.901,0,
1686,9/13/2017 1:00,20.805,0,
1687,9/13/2017 2:00,20.615,0,
1688,9/13/2017 3:00,20.519,0,
1689,9/13/2017 4:00,20.234,0,
1690,9/13/2017 5:00,20.043,0,
1691,9/13/2017 6:00,19.948,0,
1692,9/13/2017 7:00,19.758,0,
1693,9/13/2017 8:00,19.758,376.7,
1694,9/13/2017 9:00,19.662,1636.1,
1695,9/13/2017 10:00,20.043,3444.5,
1696,9/13/2017 11:00,20.615,5338.9,
1697,9/13/2017 12:00,21.76,8266.7,282.501
1698,9/13/2017 13:00,22.525,10677.8,
1699,9/13/2017 14:00,23.1,17222.3,
1700,9/13/2017 15:00,24.062,14466.8,
1701,9/13/2017 16:00,24.255,13777.9,
1702,9/13/2017 17:00,24.351,2152.8,
1703,9/13/2017 18:00,23.773,1808.3,
1704,9/13/2017 19:00,22.429,818.1,
1705,9/13/2017 20:00,22.238,21.5,
1706,9/13/2017 21:00,22.142,0,
1707,9/13/2017 22:00,21.951,0,
1708,9/13/2017 23:00,21.855,0,
1709,9/14/2017 0:00,21.76,0,
1710,9/14/2017 1:00,21.664,0,
1711,9/14/2017 2:00,21.473,0,
1712,9/14/2017 3:00,21.282,0,
1713,9/14/2017 4:00,21.282,0,
1714,9/14/2017 5:00,20.996,0,
1715,9/14/2017 6:00,20.805,0,
1716,9/14/2017 7:00,20.71,0,
1717,9/14/2017 8:00,20.234,441.3,
1718,9/14/2017 9:00,20.329,592,
1719,9/14/2017 10:00,20.234,1377.8,
1720,9/14/2017 11:00,20.329,1722.2,
1721,9/14/2017 12:00,20.71,3100,285.117
1722,9/14/2017 13:00,21.951,8266.7,
1723,9/14/2017 14:00,23.004,24800.2,
1724,9/14/2017 15:00,23.773,20666.8,
1725,9/14/2017 16:00,23.869,20666.8,
1726,9/14/2017 17:00,24.062,8266.7,
1727,9/14/2017 18:00,23.677,2238.9,
1728,9/14/2017 19:00,23.484,688.9,
1729,9/14/2017 20:00,23.1,10.8,
1730,9/14/2017 21:00,22.908,0,
1731,9/14/2017 22:00,22.429,0,
1732,9/14/2017 23:00,22.333,0,
1733,9/15/2017 0:00,22.046,0,
1734,9/15/2017 1:00,21.664,0,
1735,9/15/2017 2:00,21.282,0,
1736,9/15/2017 3:00,20.996,0,
1737,9/15/2017 4:00,21.091,0,
1738,9/15/2017 5:00,20.615,0,
1739,9/15/2017 6:00,20.424,0,
1740,9/15/2017 7:00,20.043,0,
1741,9/15/2017 8:00,20.043,183,
1742,9/15/2017 9:00,20.043,936.5,
1743,9/15/2017 10:00,20.329,1894.5,
1744,9/15/2017 11:00,21.187,2411.1,
1745,9/15/2017 12:00,22.333,5338.9,288.094
1746,9/15/2017 13:00,22.621,7577.8,
1747,9/15/2017 14:00,23.388,8611.2,
1748,9/15/2017 15:00,24.158,11022.3,
1749,9/15/2017 16:00,24.545,9300.1,
1750,9/15/2017 17:00,24.545,3788.9,
1751,9/15/2017 18:00,24.738,4822.3,
1752,9/15/2017 19:00,24.448,193.8,
1753,9/15/2017 20:00,23.773,0,
1754,9/15/2017 21:00,23.581,0,
1755,9/15/2017 22:00,23.388,0,
1756,9/15/2017 23:00,22.908,0,
1757,9/16/2017 0:00,22.525,0,
1758,9/16/2017 1:00,21.855,0,
1759,9/16/2017 2:00,21.569,0,
1760,9/16/2017 3:00,21.378,0,
1761,9/16/2017 4:00,21.282,0,
1762,9/16/2017 5:00,20.901,0,
1763,9/16/2017 6:00,20.805,0,
1764,9/16/2017 7:00,20.615,0,
1765,9/16/2017 8:00,20.424,183,
1766,9/16/2017 9:00,20.615,914.9,
1767,9/16/2017 10:00,21.091,1722.2,
1768,9/16/2017 11:00,21.76,3616.7,
1769,9/16/2017 12:00,22.908,4650,291.888
1770,9/16/2017 13:00,23.484,4994.5,
1771,9/16/2017 14:00,23.869,6544.5,
1772,9/16/2017 15:00,24.931,11711.2,
1773,9/16/2017 16:00,25.416,2927.8,
1774,9/16/2017 17:00,25.805,5511.1,
1775,9/16/2017 18:00,25.125,1550,
1776,9/16/2017 19:00,25.125,505.9,
1777,9/16/2017 20:00,23.966,0,
1778,9/16/2017 21:00,23.773,0,
1779,9/16/2017 22:00,23.484,0,
1780,9/16/2017 23:00,22.908,0,
1781,9/17/2017 0:00,22.717,0,
1782,9/17/2017 1:00,22.525,0,
1783,9/17/2017 2:00,22.333,0,
1784,9/17/2017 3:00,21.76,0,
1785,9/17/2017 4:00,21.664,0,
1786,9/17/2017 5:00,21.473,0,
1787,9/17/2017 6:00,21.378,0,
1788,9/17/2017 7:00,21.378,0,
1789,9/17/2017 8:00,21.378,150.7,
1790,9/17/2017 9:00,21.282,861.1,
1791,9/17/2017 10:00,21.76,3100,
1792,9/17/2017 11:00,21.76,1173.3,
1793,9/17/2017 12:00,22.621,2238.9,294.824
1794,9/17/2017 13:00,23.966,9300.1,
1795,9/17/2017 14:00,23.196,495.1,
1796,9/17/2017 15:00,23.773,2755.6,
1797,9/17/2017 16:00,23.869,2583.4,
1798,9/17/2017 17:00,23.966,1377.8,
1799,9/17/2017 18:00,23.869,473.6,
1800,9/17/2017 19:00,23.484,139.9,
1801,9/17/2017 20:00,23.292,0,
1802,9/17/2017 21:00,23.1,0,
1803,9/17/2017 22:00,23.004,0,
1804,9/17/2017 23:00,22.621,0,
1805,9/18/2017 0:00,22.429,0,
1806,9/18/2017 1:00,22.333,0,
1807,9/18/2017 2:00,22.046,0,
1808,9/18/2017 3:00,21.664,0,
1809,9/18/2017 4:00,21.569,0,
1810,9/18/2017 5:00,21.378,0,
1811,9/18/2017 6:00,21.282,0,
1812,9/18/2017 7:00,21.187,0,
1813,9/18/2017 8:00,21.187,172.2,
1814,9/18/2017 9:00,21.282,1151.7,
1815,9/18/2017 10:00,21.378,2325,
1816,9/18/2017 11:00,22.046,3788.9,
1817,9/18/2017 12:00,22.812,3788.9,297.663
1818,9/18/2017 13:00,23.484,5166.7,
1819,9/18/2017 14:00,23.677,7233.4,
1820,9/18/2017 15:00,23.677,8266.7,
1821,9/18/2017 16:00,23.869,8611.2,
1822,9/18/2017 17:00,23.484,6200,
1823,9/18/2017 18:00,23.1,882.6,
1824,9/18/2017 19:00,22.621,247.6,
1825,9/18/2017 20:00,22.429,0,
1826,9/18/2017 21:00,22.238,0,
1827,9/18/2017 22:00,21.951,0,
1828,9/18/2017 23:00,21.664,0,
1829,9/19/2017 0:00,21.378,0,
1830,9/19/2017 1:00,21.282,0,
1831,9/19/2017 2:00,21.091,0,
1832,9/19/2017 3:00,20.901,0,
1833,9/19/2017 4:00,20.805,0,
1834,9/19/2017 5:00,20.71,0,
1835,9/19/2017 6:00,20.805,0,
1836,9/19/2017 7:00,20.805,0,
1837,9/19/2017 8:00,20.71,236.8,
1838,9/19/2017 9:00,20.71,1302.4,
1839,9/19/2017 10:00,20.805,1894.5,
1840,9/19/2017 11:00,21.091,1722.2,
1841,9/19/2017 12:00,22.142,4650,299.9
1842,9/19/2017 13:00,22.908,5166.7,
1843,9/19/2017 14:00,23.196,7577.8,
1844,9/19/2017 15:00,23.004,9300.1,
1845,9/19/2017 16:00,22.812,6200,
1846,9/19/2017 17:00,22.429,4133.4,
1847,9/19/2017 18:00,22.046,1108.7,
1848,9/19/2017 19:00,21.855,333.7,
1849,9/19/2017 20:00,21.76,0,
1850,9/19/2017 21:00,21.569,0,
1851,9/19/2017 22:00,21.378,0,
1852,9/19/2017 23:00,21.187,0,
1853,9/20/2017 0:00,21.091,0,
1854,9/20/2017 1:00,20.901,0,
1855,9/20/2017 2:00,20.71,0,
1856,9/20/2017 3:00,20.71,0,
1857,9/20/2017 4:00,20.71,0,
1858,9/20/2017 5:00,20.519,0,
1859,9/20/2017 6:00,20.519,0,
1860,9/20/2017 7:00,20.424,0,
1861,9/20/2017 8:00,20.424,204.5,
1862,9/20/2017 9:00,20.71,818.1,
1863,9/20/2017 10:00,20.901,2238.9,
1864,9/20/2017 11:00,21.664,3444.5,
1865,9/20/2017 12:00,22.621,4994.5,302.095
1866,9/20/2017 13:00,22.908,5511.1,
1867,9/20/2017 14:00,23.196,7233.4,
1868,9/20/2017 15:00,23.196,4650,
1869,9/20/2017 16:00,23.1,6200,
1870,9/20/2017 17:00,23.292,4650,
1871,9/20/2017 18:00,23.004,1054.9,
1872,9/20/2017 19:00,23.004,376.7,
1873,9/20/2017 20:00,22.046,0,
1874,9/20/2017 21:00,22.046,0,
1875,9/20/2017 22:00,21.951,0,
1876,9/20/2017 23:00,21.664,0,
1877,9/21/2017 0:00,21.664,0,
1878,9/21/2017 1:00,21.569,0,
1879,9/21/2017 2:00,21.473,0,
1880,9/21/2017 3:00,21.569,0,
1881,9/21/2017 4:00,21.473,0,
1882,9/21/2017 5:00,21.378,0,
1883,9/21/2017 6:00,21.282,0,
1884,9/21/2017 7:00,21.282,0,
1885,9/21/2017 8:00,21.378,139.9,
1886,9/21/2017 9:00,21.473,958,
1887,9/21/2017 10:00,21.855,2066.7,
1888,9/21/2017 11:00,22.717,3788.9,
1889,9/21/2017 12:00,23.677,3444.5,306.139
1890,9/21/2017 13:00,24.545,5166.7,
1891,9/21/2017 14:00,25.125,6200,
1892,9/21/2017 15:00,25.028,1980.6,
1893,9/21/2017 16:00,25.61,6544.5,
1894,9/21/2017 17:00,25.708,3444.5,
1895,9/21/2017 18:00,24.835,839.6,
1896,9/21/2017 19:00,24.835,344.4,
1897,9/21/2017 20:00,24.448,0,
1898,9/21/2017 21:00,24.158,0,
1899,9/21/2017 22:00,23.966,0,
1900,9/21/2017 23:00,23.773,0,
1901,9/22/2017 0:00,23.484,0,
1902,9/22/2017 1:00,23.388,0,
1903,9/22/2017 2:00,23.196,0,
1904,9/22/2017 3:00,23.004,0,
1905,9/22/2017 4:00,22.908,0,
1906,9/22/2017 5:00,22.812,0,
1907,9/22/2017 6:00,22.717,0,
1908,9/22/2017 7:00,22.333,0,
1909,9/22/2017 8:00,22.333,118.4,
1910,9/22/2017 9:00,22.429,1291.7,
1911,9/22/2017 10:00,22.812,2238.9,
1912,9/22/2017 11:00,23.773,4305.6,
1913,9/22/2017 12:00,24.835,4650,311.624
1914,9/22/2017 13:00,25.319,4994.5,
1915,9/22/2017 14:00,26.292,7233.4,
1916,9/22/2017 15:00,27.173,7233.4,
1917,9/22/2017 16:00,27.37,6544.5,
1918,9/22/2017 17:00,26.683,2238.9,
1919,9/22/2017 18:00,26.195,1248.6,
1920,9/22/2017 19:00,26,398.3,
1921,9/22/2017 20:00,25.416,0,
1922,9/22/2017 21:00,24.641,0,
1923,9/22/2017 22:00,24.351,0,
1924,9/22/2017 23:00,24.255,0,
1925,9/23/2017 0:00,24.158,0,
1926,9/23/2017 1:00,23.966,0,
1927,9/23/2017 2:00,23.869,0,
1928,9/23/2017 3:00,23.677,0,
1929,9/23/2017 4:00,23.484,0,
1930,9/23/2017 5:00,23.292,0,
1931,9/23/2017 6:00,23.004,0,
1932,9/23/2017 7:00,22.812,0,
1933,9/23/2017 8:00,22.621,53.8,
1934,9/23/2017 9:00,22.525,1130.2,
1935,9/23/2017 10:00,22.812,1463.9,
1936,9/23/2017 11:00,24.158,4650,
1937,9/23/2017 12:00,25.319,4477.8,317.178
1938,9/23/2017 13:00,26.195,8266.7,
1939,9/23/2017 14:00,26.488,6544.5,
1940,9/23/2017 15:00,27.075,7233.4,
1941,9/23/2017 16:00,27.173,14466.8,
1942,9/23/2017 17:00,27.37,5338.9,
1943,9/23/2017 18:00,26.977,1001,
1944,9/23/2017 19:00,26.879,236.8,
1945,9/23/2017 20:00,26.39,0,
1946,9/23/2017 21:00,26.292,0,
1947,9/23/2017 22:00,26,0,
1948,9/23/2017 23:00,25.805,0,
1949,9/24/2017 0:00,25.513,0,
1950,9/24/2017 1:00,25.319,0,
1951,9/24/2017 2:00,25.028,0,
1952,9/24/2017 3:00,24.835,0,
1953,9/24/2017 4:00,24.545,0,
1954,9/24/2017 5:00,24.351,0,
1955,9/24/2017 6:00,23.966,0,
1956,9/24/2017 7:00,23.581,0,
1957,9/24/2017 8:00,23.677,86.1,
1958,9/24/2017 9:00,23.388,1345.5,
1959,9/24/2017 10:00,23.677,1722.2,
1960,9/24/2017 11:00,24.545,3961.1,
1961,9/24/2017 12:00,25.125,6200,323.485
1962,9/24/2017 13:00,26,5166.7,
1963,9/24/2017 14:00,26.781,11022.3,
1964,9/24/2017 15:00,27.567,6544.5,
1965,9/24/2017 16:00,28.06,4477.8,
1966,9/24/2017 17:00,28.06,3100,
1967,9/24/2017 18:00,27.764,2927.8,
1968,9/24/2017 19:00,27.075,484.4,
1969,9/24/2017 20:00,26.781,0,
1970,9/24/2017 21:00,26.585,0,
1971,9/24/2017 22:00,26.195,0,
1972,9/24/2017 23:00,25.513,0,
1973,9/25/2017 0:00,25.222,0,
1974,9/25/2017 1:00,24.738,0,
1975,9/25/2017 2:00,24.545,0,
1976,9/25/2017 3:00,24.351,0,
1977,9/25/2017 4:00,24.062,0,
1978,9/25/2017 5:00,23.869,0,
1979,9/25/2017 6:00,23.581,0,
1980,9/25/2017 7:00,23.484,0,
1981,9/25/2017 8:00,23.1,344.4,
1982,9/25/2017 9:00,23.196,1227.1,
1983,9/25/2017 10:00,23.773,4305.6,
1984,9/25/2017 11:00,23.869,4994.5,
1985,9/25/2017 12:00,25.125,5338.9,329.374
1986,9/25/2017 13:00,25.513,7233.4,
1987,9/25/2017 14:00,26.195,5166.7,
1988,9/25/2017 15:00,26.977,5166.7,
1989,9/25/2017 16:00,27.173,2238.9,
1990,9/25/2017 17:00,27.567,2927.8,
1991,9/25/2017 18:00,27.173,2152.8,
1992,9/25/2017 19:00,26.683,441.3,
1993,9/25/2017 20:00,26.292,0,
1994,9/25/2017 21:00,25.902,0,
1995,9/25/2017 22:00,25.513,0,
1996,9/25/2017 23:00,25.222,0,
1997,9/26/2017 0:00,24.931,0,
1998,9/26/2017 1:00,24.738,0,
1999,9/26/2017 2:00,24.641,0,
2000,9/26/2017 3:00,24.545,0,
2001,9/26/2017 4:00,24.351,0,
2002,9/26/2017 5:00,24.351,0,
2003,9/26/2017 6:00,24.255,0,
2004,9/26/2017 7:00,24.158,0,
2005,9/26/2017 8:00,24.062,301.4,
2006,9/26/2017 9:00,24.255,1894.5,
2007,9/26/2017 10:00,24.545,3100,
2008,9/26/2017 11:00,24.835,3272.2,
2009,9/26/2017 12:00,25.416,4650,334.979
2010,9/26/2017 13:00,25.125,3444.5,
2011,9/26/2017 14:00,26.683,4305.6,
2012,9/26/2017 15:00,26.292,4822.3,
2013,9/26/2017 16:00,25.902,3788.9,
2014,9/26/2017 17:00,26.39,3272.2,
2015,9/26/2017 18:00,25.513,947.2,
2016,9/26/2017 19:00,25.222,269.1,
2017,9/26/2017 20:00,25.028,0,
2018,9/26/2017 21:00,24.738,0,
2019,9/26/2017 22:00,24.351,0,
2020,9/26/2017 23:00,24.158,0,
2021,9/27/2017 0:00,23.869,0,
2022,9/27/2017 1:00,23.388,0,
2023,9/27/2017 2:00,23.196,0,
2024,9/27/2017 3:00,22.717,0,
2025,9/27/2017 4:00,22.238,0,
2026,9/27/2017 5:00,21.855,0,
2027,9/27/2017 6:00,21.473,0,
2028,9/27/2017 7:00,20.996,0,
2029,9/27/2017 8:00,20.71,107.6,
2030,9/27/2017 9:00,20.519,2152.8,
2031,9/27/2017 10:00,20.329,1130.2,
2032,9/27/2017 11:00,20.138,764.2,
2033,9/27/2017 12:00,20.138,1248.6,337.073
2034,9/27/2017 13:00,20.138,1033.3,
2035,9/27/2017 14:00,19.948,1808.3,
2036,9/27/2017 15:00,19.853,1894.5,
2037,9/27/2017 16:00,19.948,2669.5,
2038,9/27/2017 17:00,19.853,1377.8,
2039,9/27/2017 18:00,19.567,1205.6,
2040,9/27/2017 19:00,19.092,183,
2041,9/27/2017 20:00,19.472,0,
2042,9/27/2017 21:00,19.662,0,
2043,9/27/2017 22:00,19.282,0,
2044,9/27/2017 23:00,18.901,0,
2045,9/28/2017 0:00,19.187,0,
2046,9/28/2017 1:00,19.282,0,
2047,9/28/2017 2:00,18.806,0,
2048,9/28/2017 3:00,19.092,0,
2049,9/28/2017 4:00,18.616,0,
2050,9/28/2017 5:00,18.331,0,
2051,9/28/2017 6:00,18.616,0,
2052,9/28/2017 7:00,18.426,0,
2053,9/28/2017 8:00,18.331,258.3,
2054,9/28/2017 9:00,18.045,1980.6,
2055,9/28/2017 10:00,18.901,6544.5,
2056,9/28/2017 11:00,18.426,5511.1,
2057,9/28/2017 12:00,19.377,6200,337.311
2058,9/28/2017 13:00,20.043,6544.5,
2059,9/28/2017 14:00,20.424,6200,
2060,9/28/2017 15:00,20.805,5166.7,
2061,9/28/2017 16:00,20.615,6200,
2062,9/28/2017 17:00,20.234,1980.6,
2063,9/28/2017 18:00,20.043,1130.2,
2064,9/28/2017 19:00,19.662,118.4,
2065,9/28/2017 20:00,19.282,0,
2066,9/28/2017 21:00,19.472,0,
2067,9/28/2017 22:00,18.521,0,
2068,9/28/2017 23:00,18.901,0,
2069,9/29/2017 0:00,18.806,0,
2070,9/29/2017 1:00,18.901,0,
2071,9/29/2017 2:00,18.711,0,
2072,9/29/2017 3:00,18.711,0,
2073,9/29/2017 4:00,18.711,0,
2074,9/29/2017 5:00,18.331,0,
2075,9/29/2017 6:00,18.236,0,
2076,9/29/2017 7:00,18.426,0,
2077,9/29/2017 8:00,18.14,86.1,
2078,9/29/2017 9:00,18.236,2497.2,
2079,9/29/2017 10:00,18.521,4994.5,
2080,9/29/2017 11:00,18.901,4994.5,
2081,9/29/2017 12:00,18.521,1022.6,337.311
2082,9/29/2017 13:00,18.901,8611.2,
2083,9/29/2017 14:00,19.567,12400.1,
2084,9/29/2017 15:00,18.901,1980.6,
2085,9/29/2017 16:00,19.377,1550,
2086,9/29/2017 17:00,19.187,1302.4,
2087,9/29/2017 18:00,19.092,1119.5,
2088,9/29/2017 19:00,18.711,204.5,
2089,9/29/2017 20:00,18.426,0,
2090,9/29/2017 21:00,18.14,0,
2091,9/29/2017 22:00,17.855,0,
2092,9/29/2017 23:00,17.57,0,
2093,9/30/2017 0:00,17.379,0,
2094,9/30/2017 1:00,17.189,0,
2095,9/30/2017 2:00,16.999,0,
2096,9/30/2017 3:00,16.618,0,
2097,9/30/2017 4:00,16.237,0,
2098,9/30/2017 5:00,16.046,0,
2099,9/30/2017 6:00,15.951,0,
2100,9/30/2017 7:00,16.332,0,
2101,9/30/2017 8:00,16.046,215.3,
2102,9/30/2017 9:00,16.523,1216.3,
2103,9/30/2017 10:00,17.094,3444.5,
2104,9/30/2017 11:00,18.14,3616.7,
2105,9/30/2017 12:00,18.14,4305.6,337.4
2106,9/30/2017 13:00,18.806,4822.3,
2107,9/30/2017 14:00,19.282,4133.4,
2108,9/30/2017 15:00,20.234,3616.7,
2109,9/30/2017 16:00,20.519,6544.5,
2110,9/30/2017 17:00,20.329,2755.6,
2111,9/30/2017 18:00,19.948,1377.8,
2112,9/30/2017 19:00,19.187,344.4,
2113,9/30/2017 20:00,18.996,0,
2114,9/30/2017 21:00,18.711,0,
2115,9/30/2017 22:00,18.426,0,
2116,9/30/2017 23:00,18.236,0,
2117,10/1/2017 0:00,18.045,0,
2118,10/1/2017 1:00,17.76,0,
2119,10/1/2017 2:00,17.475,0,
2120,10/1/2017 3:00,17.57,0,
2121,10/1/2017 4:00,17.475,0,
2122,10/1/2017 5:00,17.475,0,
2123,10/1/2017 6:00,17.379,0,
2124,10/1/2017 7:00,17.379,0,
2125,10/1/2017 8:00,17.284,183,
2126,10/1/2017 9:00,17.094,1808.3,
2127,10/1/2017 10:00,17.475,4650,
2128,10/1/2017 11:00,17.95,3961.1,
2129,10/1/2017 12:00,18.711,5166.7,337.605
2130,10/1/2017 13:00,18.711,4994.5,
2131,10/1/2017 14:00,19.282,4822.3,
2132,10/1/2017 15:00,20.805,5166.7,
2133,10/1/2017 16:00,19.662,4822.3,
2134,10/1/2017 17:00,20.234,2755.6,
2135,10/1/2017 18:00,20.138,1636.1,
2136,10/1/2017 19:00,19.758,527.4,
2137,10/1/2017 20:00,19.377,0,
2138,10/1/2017 21:00,19.092,0,
2139,10/1/2017 22:00,18.901,0,
2140,10/1/2017 23:00,18.616,0,
2141,10/2/2017 0:00,18.426,0,
2142,10/2/2017 1:00,18.236,0,
2143,10/2/2017 2:00,18.14,0,
2144,10/2/2017 3:00,17.855,0,
2145,10/2/2017 4:00,17.95,0,
2146,10/2/2017 5:00,17.76,0,
2147,10/2/2017 6:00,17.57,0,
2148,10/2/2017 7:00,17.475,0,
2149,10/2/2017 8:00,17.379,118.4,
2150,10/2/2017 9:00,17.57,1227.1,
2151,10/2/2017 10:00,17.57,1980.6,
2152,10/2/2017 11:00,17.665,1894.5,
2153,10/2/2017 12:00,18.331,4477.8,337.605
2154,10/2/2017 13:00,18.331,2152.8,
2155,10/2/2017 14:00,19.853,5166.7,
2156,10/2/2017 15:00,19.948,4305.6,
2157,10/2/2017 16:00,20.043,3788.9,
2158,10/2/2017 17:00,18.901,1722.2,
2159,10/2/2017 18:00,18.711,1636.1,
2160,10/2/2017 19:00,18.426,193.8,
2161,10/2/2017 20:00,18.236,0,
2162,10/2/2017 21:00,18.045,0,
2163,10/2/2017 22:00,17.95,0,
2164,10/2/2017 23:00,17.855,0,
2165,10/3/2017 0:00,17.76,0,
2166,10/3/2017 1:00,17.665,0,
2167,10/3/2017 2:00,17.57,0,
2168,10/3/2017 3:00,17.475,0,
2169,10/3/2017 4:00,17.475,0,
2170,10/3/2017 5:00,17.379,0,
2171,10/3/2017 6:00,17.379,0,
2172,10/3/2017 7:00,17.284,0,
2173,10/3/2017 8:00,17.379,96.9,
2174,10/3/2017 9:00,17.379,1808.3,
2175,10/3/2017 10:00,17.855,2152.8,
2176,10/3/2017 11:00,18.331,5166.7,
2177,10/3/2017 12:00,18.426,3788.9,337.631
2178,10/3/2017 13:00,18.616,3616.7,
2179,10/3/2017 14:00,18.996,2583.4,
2180,10/3/2017 15:00,20.234,5166.7,
2181,10/3/2017 16:00,19.758,1980.6,
2182,10/3/2017 17:00,19.472,1722.2,
2183,10/3/2017 18:00,19.758,1377.8,
2184,10/3/2017 19:00,19.472,161.5,
2185,10/3/2017 20:00,19.472,0,
2186,10/3/2017 21:00,19.567,0,
2187,10/3/2017 22:00,19.567,0,
2188,10/3/2017 23:00,19.662,0,
2189,10/4/2017 0:00,19.662,0,
2190,10/4/2017 1:00,19.567,0,
2191,10/4/2017 2:00,19.567,0,
2192,10/4/2017 3:00,19.472,0,
2193,10/4/2017 4:00,19.472,0,
2194,10/4/2017 5:00,19.472,0,
2195,10/4/2017 6:00,18.996,0,
2196,10/4/2017 7:00,18.806,0,
2197,10/4/2017 8:00,18.426,0,
2198,10/4/2017 9:00,18.521,129.2,
2199,10/4/2017 10:00,18.521,1173.3,
2200,10/4/2017 11:00,18.901,1636.1,
2201,10/4/2017 12:00,19.472,2669.5,338.134
2202,10/4/2017 13:00,20.138,1894.5,
2203,10/4/2017 14:00,20.996,7577.8,
2204,10/4/2017 15:00,21.282,4650,
2205,10/4/2017 16:00,21.378,3788.9,
2206,10/4/2017 17:00,21.187,3100,
2207,10/4/2017 18:00,20.519,1808.3,
2208,10/4/2017 19:00,19.948,172.2,
2209,10/4/2017 20:00,19.377,0,
2210,10/4/2017 21:00,18.901,0,
2211,10/4/2017 22:00,18.521,0,
2212,10/4/2017 23:00,18.14,0,
2213,10/5/2017 0:00,17.95,0,
2214,10/5/2017 1:00,17.57,0,
2215,10/5/2017 2:00,16.999,0,
2216,10/5/2017 3:00,16.523,0,
2217,10/5/2017 4:00,16.427,0,
2218,10/5/2017 5:00,16.332,0,
2219,10/5/2017 6:00,16.141,0,
2220,10/5/2017 7:00,15.855,0,
2221,10/5/2017 8:00,15.569,118.4,
2222,10/5/2017 9:00,15.473,1054.9,
2223,10/5/2017 10:00,16.141,1722.2,
2224,10/5/2017 11:00,16.713,2927.8,
2225,10/5/2017 12:00,16.903,2669.5,338.134
2226,10/5/2017 13:00,17.284,2238.9,
2227,10/5/2017 14:00,17.094,2066.7,
2228,10/5/2017 15:00,17.475,1636.1,
2229,10/5/2017 16:00,16.427,0,
2230,10/5/2017 17:00,17.57,0,
2231,10/5/2017 18:00,15.664,0,
2232,10/5/2017 19:00,15.187,0,
2233,10/5/2017 20:00,15.282,0,
2234,10/5/2017 21:00,15.282,0,
2235,10/5/2017 22:00,14.709,0,
2236,10/5/2017 23:00,14.709,0,
2237,10/6/2017 0:00,14.421,0,
2238,10/6/2017 1:00,14.134,0,
2239,10/6/2017 2:00,13.846,0,
2240,10/6/2017 3:00,13.654,0,
2241,10/6/2017 4:00,13.558,0,
2242,10/6/2017 5:00,13.365,0,
2243,10/6/2017 6:00,13.076,0,
2244,10/6/2017 7:00,12.98,0,
2245,10/6/2017 8:00,13.942,0,
2246,10/6/2017 9:00,14.038,0,
2247,10/6/2017 10:00,15.282,0,
2248,10/6/2017 11:00,19.662,0,
2249,10/6/2017 12:00,20.138,0,339.8
2250,10/6/2017 13:00,21.282,0,
2251,10/6/2017 14:00,24.448,0,
2252,10/6/2017 15:00,22.717,0,
2253,10/6/2017 16:00,21.282,0,
2254,10/6/2017 17:00,21.473,0,
2255,10/6/2017 18:00,21.378,0,
2256,10/6/2017 19:00,21.282,0,
2257,10/6/2017 20:00,21.187,0,
2258,10/6/2017 21:00,21.187,0,
2259,10/6/2017 22:00,21.187,0,
2260,10/6/2017 23:00,21.187,0,
2261,10/7/2017 0:00,21.091,0,
2262,10/7/2017 1:00,21.187,0,
2263,10/7/2017 2:00,21.187,0,
2264,10/7/2017 3:00,21.282,0,
2265,10/7/2017 4:00,21.282,0,
2266,10/7/2017 5:00,21.282,0,
2267,10/7/2017 6:00,21.282,0,
2268,10/7/2017 7:00,21.282,0,
2269,10/7/2017 8:00,21.378,0,
2270,10/7/2017 9:00,21.282,0,
2271,10/7/2017 10:00,21.282,0,
2272,10/7/2017 11:00,21.76,0,
2273,10/7/2017 12:00,21.855,0,341.566
2274,10/7/2017 13:00,21.855,0,
2275,10/7/2017 14:00,21.951,0,
2276,10/7/2017 15:00,21.855,0,
2277,10/7/2017 16:00,21.855,0,
2278,10/7/2017 17:00,21.855,0,
2279,10/7/2017 18:00,21.855,0,
2280,10/7/2017 19:00,21.855,0,
2281,10/7/2017 20:00,21.855,0,
2282,10/7/2017 21:00,21.76,0,
2283,10/7/2017 22:00,21.855,0,
2284,10/7/2017 23:00,22.046,0,
2285,10/8/2017 0:00,22.238,0,
2286,10/8/2017 1:00,22.142,0,
2287,10/8/2017 2:00,22.142,0,
2288,10/8/2017 3:00,22.142,0,
2289,10/8/2017 4:00,22.046,0,
2290,10/8/2017 5:00,22.046,0,
2291,10/8/2017 6:00,21.664,0,
2292,10/8/2017 7:00,21.473,0,
2293,10/8/2017 8:00,21.187,0,
2294,10/8/2017 9:00,21.76,0,
2295,10/8/2017 10:00,22.142,0,
2296,10/8/2017 11:00,22.333,0,
2297,10/8/2017 12:00,22.333,0,343.82
2298,10/8/2017 13:00,22.238,0,
2299,10/8/2017 14:00,22.046,0,
2300,10/8/2017 15:00,22.046,0,
2301,10/8/2017 16:00,22.046,0,
2302,10/8/2017 17:00,22.046,0,
2303,10/8/2017 18:00,22.046,0,
2304,10/8/2017 19:00,23.004,0,
2305,10/8/2017 20:00,22.333,0,
2306,10/8/2017 21:00,21.951,0,
2307,10/8/2017 22:00,21.664,0,
2308,10/8/2017 23:00,21.378,0,
2309,10/9/2017 0:00,21.091,0,
2310,10/9/2017 1:00,21.091,0,
2311,10/9/2017 2:00,21.091,0,
2312,10/9/2017 3:00,21.091,0,
2313,10/9/2017 4:00,21.091,0,
2314,10/9/2017 5:00,20.996,0,
2315,10/9/2017 6:00,21.091,0,
2316,10/9/2017 7:00,20.71,0,
2317,10/9/2017 8:00,20.71,0,
2318,10/9/2017 9:00,20.71,0,
2319,10/9/2017 10:00,22.429,0,
2320,10/9/2017 11:00,23.966,0,
2321,10/9/2017 12:00,23.677,0,346.547
2322,10/9/2017 13:00,23.196,0,
2323,10/9/2017 14:00,22.908,0,
2324,10/9/2017 15:00,22.812,0,
2325,10/9/2017 16:00,22.717,0,
2326,10/9/2017 17:00,22.717,0,
2327,10/9/2017 18:00,22.429,0,
2328,10/9/2017 19:00,22.238,0,
2329,10/9/2017 20:00,22.142,0,
2330,10/9/2017 21:00,21.951,0,
2331,10/9/2017 22:00,21.855,0,
2332,10/9/2017 23:00,21.76,0,
2333,10/10/2017 0:00,21.76,0,
2334,10/10/2017 1:00,21.76,0,
2335,10/10/2017 2:00,21.664,0,
2336,10/10/2017 3:00,21.664,0,
2337,10/10/2017 4:00,21.664,0,
2338,10/10/2017 5:00,21.569,0,
2339,10/10/2017 6:00,21.473,0,
2340,10/10/2017 7:00,21.282,0,
2341,10/10/2017 8:00,21.187,0,
2342,10/10/2017 9:00,21.473,0,
2343,10/10/2017 10:00,22.238,0,
2344,10/10/2017 11:00,22.142,0,
