#,"Date Time, GMT-04:00",Temp,Intensity,Coupler Attached (LGR S/N: 10977419),Host Connected (LGR S/N: 10977419),Coupler Detached (LGR S/N: 10977419),End Of File (LGR S/N: 10977419)
1,7/4/2017 20:00,29.85277778,0,,,,
2,7/4/2017 21:00,29.15222222,0,,,,
3,7/4/2017 22:00,27.96111111,0,,,,
4,7/4/2017 23:00,26.78111111,0,,,,
5,7/5/2017 0:00,25.41611111,0,,,,
6,7/5/2017 1:00,24.255,0,,,,
7,7/5/2017 2:00,23.19611111,0,,,,
8,7/5/2017 3:00,22.14222222,0,,,,
9,7/5/2017 4:00,21.09111111,0,,,,
10,7/5/2017 5:00,20.23388889,0,,,,
11,7/5/2017 6:00,19.37722222,0,,,,
12,7/5/2017 7:00,18.61611111,0,,,,
13,7/5/2017 8:00,20.71,0,,,,
14,7/5/2017 9:00,22.33277778,0,,,,
15,7/5/2017 10:00,22.62111111,0,,,,
16,7/5/2017 11:00,24.64111111,0,,,,
17,7/5/2017 12:00,28.06,0,,,,
18,7/5/2017 13:00,30.35611111,0,,,,
19,7/5/2017 14:00,31.16611111,0,,,,
20,7/5/2017 15:00,27.86222222,400,,,,
21,7/5/2017 16:00,27.76388889,336,,,,
22,7/5/2017 17:00,28.06,448,,,,
23,7/5/2017 18:00,27.86222222,32,,,,
24,7/5/2017 19:00,27.86222222,21,,,,
25,7/5/2017 20:00,27.76388889,7,,,,
26,7/5/2017 21:00,27.665,1,,,,
27,7/5/2017 22:00,27.46777778,0,,,,
28,7/5/2017 23:00,27.27222222,0,,,,
29,7/6/2017 0:00,26.97722222,0,,,,
30,7/6/2017 1:00,26.78111111,0,,,,
31,7/6/2017 2:00,26.585,0,,,,
32,7/6/2017 3:00,26.39,0,,,,
33,7/6/2017 4:00,26.195,0,,,,
34,7/6/2017 5:00,26.09722222,0,,,,
35,7/6/2017 6:00,25.90222222,0,,,,
36,7/6/2017 7:00,25.805,12,,,,
37,7/6/2017 8:00,25.70777778,20,,,,
38,7/6/2017 9:00,25.70777778,32,,,,
39,7/6/2017 10:00,26.09722222,48,,,,
40,7/6/2017 11:00,26.39,59,,,,
41,7/6/2017 12:00,26.68277778,87,,,,
42,7/6/2017 13:00,27.27222222,200,,,,
43,7/6/2017 14:00,27.665,232,,,,
44,7/6/2017 15:00,28.75388889,320,,,,
45,7/6/2017 16:00,28.95277778,448,,,,
46,7/6/2017 17:00,29.55222222,960,,,,
47,7/6/2017 18:00,28.95277778,108,,,,
48,7/6/2017 19:00,28.85277778,47,,,,
49,7/6/2017 20:00,28.75388889,30,,,,
50,7/6/2017 21:00,28.555,5,,,,
51,7/6/2017 22:00,28.35722222,0,,,,
52,7/6/2017 23:00,28.06,0,,,,
53,7/7/2017 0:00,27.86222222,0,,,,
54,7/7/2017 1:00,27.76388889,0,,,,
55,7/7/2017 2:00,27.665,0,,,,
56,7/7/2017 3:00,27.46777778,0,,,,
57,7/7/2017 4:00,27.37,0,,,,
58,7/7/2017 5:00,27.17277778,0,,,,
59,7/7/2017 6:00,26.87888889,0,,,,
60,7/7/2017 7:00,26.585,5,,,,
61,7/7/2017 8:00,26.585,59,,,,
62,7/7/2017 9:00,26.585,100,,,,
63,7/7/2017 10:00,26.78111111,58,,,,
64,7/7/2017 11:00,27.17277778,94,,,,
65,7/7/2017 12:00,27.56722222,168,,,,
66,7/7/2017 13:00,28.555,1024,,,,
67,7/7/2017 14:00,28.85277778,672,,,,
68,7/7/2017 15:00,29.05277778,768,,,,
69,7/7/2017 16:00,29.35222222,1472,,,,
70,7/7/2017 17:00,29.25222222,608,,,,
71,7/7/2017 18:00,29.35222222,119,,,,
72,7/7/2017 19:00,29.05277778,86,,,,
73,7/7/2017 20:00,28.85277778,128,,,,
74,7/7/2017 21:00,28.655,2,,,,
75,7/7/2017 22:00,28.555,0,,,,
76,7/7/2017 23:00,28.45611111,0,,,,
77,7/8/2017 0:00,28.25777778,0,,,,
78,7/8/2017 1:00,28.06,0,,,,
79,7/8/2017 2:00,27.96111111,0,,,,
80,7/8/2017 3:00,27.76388889,0,,,,
81,7/8/2017 4:00,27.56722222,0,,,,
82,7/8/2017 5:00,27.37,0,,,,
83,7/8/2017 6:00,27.17277778,0,,,,
84,7/8/2017 7:00,26.97722222,20,,,,
85,7/8/2017 8:00,26.87888889,49,,,,
86,7/8/2017 9:00,26.87888889,108,,,,
87,7/8/2017 10:00,27.075,136,,,,
88,7/8/2017 11:00,27.27222222,192,,,,
89,7/8/2017 12:00,27.37,288,,,,
90,7/8/2017 13:00,28.06,960,,,,
91,7/8/2017 14:00,28.15888889,1792,,,,
92,7/8/2017 15:00,27.86222222,992,,,,
93,7/8/2017 16:00,27.96111111,368,,,,
94,7/8/2017 17:00,28.555,496,,,,
95,7/8/2017 18:00,27.86222222,125,,,,
96,7/8/2017 19:00,27.96111111,52,,,,
97,7/8/2017 20:00,27.86222222,32,,,,
98,7/8/2017 21:00,27.665,8,,,,
99,7/8/2017 22:00,27.56722222,0,,,,
100,7/8/2017 23:00,27.37,0,,,,
101,7/9/2017 0:00,27.17277778,0,,,,
102,7/9/2017 1:00,26.78111111,0,,,,
103,7/9/2017 2:00,26.585,0,,,,
104,7/9/2017 3:00,26.39,0,,,,
105,7/9/2017 4:00,26.09722222,0,,,,
106,7/9/2017 5:00,25.90222222,0,,,,
107,7/9/2017 6:00,25.70777778,0,,,,
108,7/9/2017 7:00,25.41611111,30,,,,
109,7/9/2017 8:00,25.31888889,40,,,,
110,7/9/2017 9:00,25.41611111,54,,,,
111,7/9/2017 10:00,25.61,76,,,,
112,7/9/2017 11:00,25.805,91,,,,
113,7/9/2017 12:00,26.195,152,,,,
114,7/9/2017 13:00,26.78111111,576,,,,
115,7/9/2017 14:00,27.075,1856,,,,
116,7/9/2017 15:00,27.075,352,,,,
117,7/9/2017 16:00,27.17277778,672,,,,
118,7/9/2017 17:00,27.56722222,2176,,,,
119,7/9/2017 18:00,27.075,304,,,,
120,7/9/2017 19:00,26.78111111,82,,,,
121,7/9/2017 20:00,26.585,49,,,,
122,7/9/2017 21:00,26.39,7,,,,
123,7/9/2017 22:00,26.195,0,,,,
124,7/9/2017 23:00,26.09722222,0,,,,
125,7/10/2017 0:00,26,0,,,,
126,7/10/2017 1:00,25.90222222,0,,,,
127,7/10/2017 2:00,25.70777778,0,,,,
128,7/10/2017 3:00,25.61,0,,,,
129,7/10/2017 4:00,25.51277778,0,,,,
130,7/10/2017 5:00,25.22222222,0,,,,
131,7/10/2017 6:00,25.125,0,,,,
132,7/10/2017 7:00,24.93111111,1,,,,
133,7/10/2017 8:00,24.835,23,,,,
134,7/10/2017 9:00,24.73777778,33,,,,
135,7/10/2017 10:00,24.44777778,7,,,,
136,7/10/2017 11:00,24.44777778,83,,,,
137,7/10/2017 12:00,24.35111111,59,,,,
138,7/10/2017 13:00,24.35111111,56,,,,
139,7/10/2017 14:00,24.545,128,,,,
140,7/10/2017 15:00,24.545,152,,,,
141,7/10/2017 16:00,24.64111111,144,,,,
142,7/10/2017 17:00,24.835,368,,,,
143,7/10/2017 18:00,24.93111111,104,,,,
144,7/10/2017 19:00,25.125,48,,,,
145,7/10/2017 20:00,25.02777778,15,,,,
146,7/10/2017 21:00,24.93111111,3,,,,
147,7/10/2017 22:00,24.835,0,,,,
148,7/10/2017 23:00,24.73777778,0,,,,
149,7/11/2017 0:00,24.64111111,0,,,,
150,7/11/2017 1:00,24.545,0,,,,
151,7/11/2017 2:00,24.44777778,0,,,,
152,7/11/2017 3:00,24.35111111,0,,,,
153,7/11/2017 4:00,24.35111111,0,,,,
154,7/11/2017 5:00,24.35111111,0,,,,
155,7/11/2017 6:00,24.255,0,,,,
156,7/11/2017 7:00,24.255,11,,,,
157,7/11/2017 8:00,24.15777778,36,,,,
158,7/11/2017 9:00,24.15777778,68,,,,
159,7/11/2017 10:00,24.64111111,116,,,,
160,7/11/2017 11:00,25.61,98,,,,
161,7/11/2017 12:00,25.51277778,136,,,,
162,7/11/2017 13:00,26.97722222,672,,,,
163,7/11/2017 14:00,27.76388889,864,,,,
164,7/11/2017 15:00,27.76388889,1216,,,,
165,7/11/2017 16:00,27.665,208,,,,
166,7/11/2017 17:00,28.15888889,384,,,,
167,7/11/2017 18:00,27.76388889,136,,,,
168,7/11/2017 19:00,28.15888889,53,,,,
169,7/11/2017 20:00,28.06,33,,,,
170,7/11/2017 21:00,27.96111111,2,,,,
171,7/11/2017 22:00,27.86222222,0,,,,
172,7/11/2017 23:00,27.56722222,0,,,,
173,7/12/2017 0:00,27.37,0,,,,
174,7/12/2017 1:00,27.27222222,0,,,,
175,7/12/2017 2:00,27.075,0,,,,
176,7/12/2017 3:00,26.97722222,0,,,,
177,7/12/2017 4:00,26.78111111,0,,,,
178,7/12/2017 5:00,26.68277778,0,,,,
179,7/12/2017 6:00,26.48777778,0,,,,
180,7/12/2017 7:00,26.39,10,,,,
181,7/12/2017 8:00,26.29222222,6,,,,
182,7/12/2017 9:00,26.195,37,,,,
183,7/12/2017 10:00,26.195,54,,,,
184,7/12/2017 11:00,26.29222222,96,,,,
185,7/12/2017 12:00,26.195,4,,,,
186,7/12/2017 13:00,26,8,,,,
187,7/12/2017 14:00,26,29,,,,
188,7/12/2017 15:00,26.09722222,256,,,,
189,7/12/2017 16:00,26.87888889,432,,,,
190,7/12/2017 17:00,26.68277778,144,,,,
191,7/12/2017 18:00,26.585,76,,,,
192,7/12/2017 19:00,26.585,30,,,,
193,7/12/2017 20:00,26.585,23,,,,
194,7/12/2017 21:00,26.48777778,1,,,,
195,7/12/2017 22:00,26.48777778,0,,,,
196,7/12/2017 23:00,26.39,0,,,,
197,7/13/2017 0:00,26.39,0,,,,
198,7/13/2017 1:00,26.29222222,0,,,,
199,7/13/2017 2:00,26.29222222,0,,,,
200,7/13/2017 3:00,26.195,0,,,,
201,7/13/2017 4:00,26.09722222,0,,,,
202,7/13/2017 5:00,26,0,,,,
203,7/13/2017 6:00,25.90222222,0,,,,
204,7/13/2017 7:00,25.805,4,,,,
205,7/13/2017 8:00,25.70777778,19,,,,
206,7/13/2017 9:00,25.805,45,,,,
207,7/13/2017 10:00,25.90222222,34,,,,
208,7/13/2017 11:00,25.90222222,79,,,,
209,7/13/2017 12:00,26,84,,,,
210,7/13/2017 13:00,26.195,128,,,,
211,7/13/2017 14:00,26.195,49,,,,
212,7/13/2017 15:00,26.48777778,122,,,,
213,7/13/2017 16:00,26.68277778,70,,,,
214,7/13/2017 17:00,26.68277778,102,,,,
215,7/13/2017 18:00,26.68277778,111,,,,
216,7/13/2017 19:00,26.68277778,26,,,,
217,7/13/2017 20:00,26.585,15,,,,
218,7/13/2017 21:00,26.48777778,2,,,,
219,7/13/2017 22:00,26.39,0,,,,
220,7/13/2017 23:00,26.195,0,,,,
221,7/14/2017 0:00,26.09722222,0,,,,
222,7/14/2017 1:00,26,0,,,,
223,7/14/2017 2:00,25.805,0,,,,
224,7/14/2017 3:00,25.61,0,,,,
225,7/14/2017 4:00,25.51277778,0,,,,
226,7/14/2017 5:00,25.41611111,0,,,,
227,7/14/2017 6:00,25.22222222,0,,,,
228,7/14/2017 7:00,25.125,7,,,,
229,7/14/2017 8:00,25.125,18,,,,
230,7/14/2017 9:00,25.22222222,41,,,,
231,7/14/2017 10:00,25.41611111,23,,,,
232,7/14/2017 11:00,25.805,42,,,,
233,7/14/2017 12:00,26.195,100,,,,
234,7/14/2017 13:00,26.585,384,,,,
235,7/14/2017 14:00,26.68277778,480,,,,
236,7/14/2017 15:00,27.27222222,95,,,,
237,7/14/2017 16:00,27.76388889,2048,,,,
238,7/14/2017 17:00,27.56722222,448,,,,
239,7/14/2017 18:00,27.27222222,114,,,,
240,7/14/2017 19:00,27.27222222,101,,,,
241,7/14/2017 20:00,27.075,23,,,,
242,7/14/2017 21:00,26.97722222,1,,,,
243,7/14/2017 22:00,26.87888889,0,,,,
244,7/14/2017 23:00,26.78111111,0,,,,
245,7/15/2017 0:00,26.585,0,,,,
246,7/15/2017 1:00,26.48777778,0,,,,
247,7/15/2017 2:00,26.39,0,,,,
248,7/15/2017 3:00,26.195,0,,,,
249,7/15/2017 4:00,26.09722222,0,,,,
250,7/15/2017 5:00,25.805,0,,,,
251,7/15/2017 6:00,25.61,0,,,,
252,7/15/2017 7:00,25.51277778,16,,,,
253,7/15/2017 8:00,25.31888889,14,,,,
254,7/15/2017 9:00,25.31888889,24,,,,
255,7/15/2017 10:00,25.805,43,,,,
256,7/15/2017 11:00,26.09722222,144,,,,
257,7/15/2017 12:00,26.195,184,,,,
258,7/15/2017 13:00,26.48777778,144,,,,
259,7/15/2017 14:00,26.78111111,320,,,,
260,7/15/2017 15:00,27.46777778,1216,,,,
261,7/15/2017 16:00,28.25777778,1536,,,,
262,7/15/2017 17:00,28.25777778,512,,,,
263,7/15/2017 18:00,27.56722222,136,,,,
264,7/15/2017 19:00,27.665,26,,,,
265,7/15/2017 20:00,27.37,27,,,,
266,7/15/2017 21:00,27.27222222,2,,,,
267,7/15/2017 22:00,27.075,0,,,,
268,7/15/2017 23:00,26.97722222,0,,,,
269,7/16/2017 0:00,26.78111111,0,,,,
270,7/16/2017 1:00,26.585,0,,,,
271,7/16/2017 2:00,26.48777778,0,,,,
272,7/16/2017 3:00,26.39,0,,,,
273,7/16/2017 4:00,26.195,0,,,,
274,7/16/2017 5:00,26.09722222,0,,,,
275,7/16/2017 6:00,25.90222222,0,,,,
276,7/16/2017 7:00,25.805,8,,,,
277,7/16/2017 8:00,25.805,30,,,,
278,7/16/2017 9:00,25.805,101,,,,
279,7/16/2017 10:00,25.90222222,105,,,,
280,7/16/2017 11:00,26,208,,,,
281,7/16/2017 12:00,26.195,68,,,,
282,7/16/2017 13:00,26.09722222,37,,,,
283,7/16/2017 14:00,26.195,336,,,,
284,7/16/2017 15:00,26.29222222,320,,,,
285,7/16/2017 16:00,26.29222222,224,,,,
286,7/16/2017 17:00,26.68277778,3072,,,,
287,7/16/2017 18:00,26.48777778,96,,,,
288,7/16/2017 19:00,26.39,81,,,,
289,7/16/2017 20:00,26.29222222,21,,,,
290,7/16/2017 21:00,26.09722222,4,,,,
291,7/16/2017 22:00,25.90222222,0,,,,
292,7/16/2017 23:00,25.70777778,0,,,,
293,7/17/2017 0:00,25.51277778,0,,,,
294,7/17/2017 1:00,25.41611111,0,,,,
295,7/17/2017 2:00,25.22222222,0,,,,
296,7/17/2017 3:00,25.22222222,0,,,,
297,7/17/2017 4:00,25.02777778,0,,,,
298,7/17/2017 5:00,24.835,0,,,,
299,7/17/2017 6:00,24.64111111,0,,,,
300,7/17/2017 7:00,24.545,16,,,,
301,7/17/2017 8:00,24.44777778,32,,,,
302,7/17/2017 9:00,24.545,39,,,,
303,7/17/2017 10:00,24.93111111,44,,,,
304,7/17/2017 11:00,25.31888889,66,,,,
305,7/17/2017 12:00,25.70777778,128,,,,
306,7/17/2017 13:00,26.48777778,192,,,,
307,7/17/2017 14:00,26.39,272,,,,
308,7/17/2017 15:00,26.39,304,,,,
309,7/17/2017 16:00,26.87888889,41,,,,
310,7/17/2017 17:00,27.37,464,,,,
311,7/17/2017 18:00,27.17277778,44,,,,
312,7/17/2017 19:00,27.17277778,20,,,,
313,7/17/2017 20:00,27.27222222,9,,,,
314,7/17/2017 21:00,27.17277778,1,,,,
315,7/17/2017 22:00,26.97722222,0,,,,
316,7/17/2017 23:00,26.78111111,0,,,,
317,7/18/2017 0:00,26.585,0,,,,
318,7/18/2017 1:00,26.39,0,,,,
319,7/18/2017 2:00,26.195,0,,,,
320,7/18/2017 3:00,26.09722222,0,,,,
321,7/18/2017 4:00,25.90222222,0,,,,
322,7/18/2017 5:00,25.805,0,,,,
323,7/18/2017 6:00,25.70777778,0,,,,
324,7/18/2017 7:00,25.51277778,7,,,,
325,7/18/2017 8:00,25.51277778,13,,,,
326,7/18/2017 9:00,25.61,18,,,,
327,7/18/2017 10:00,25.90222222,38,,,,
328,7/18/2017 11:00,26.29222222,57,,,,
329,7/18/2017 12:00,26.68277778,119,,,,
330,7/18/2017 13:00,27.56722222,184,,,,
331,7/18/2017 14:00,27.46777778,52,,,,
332,7/18/2017 15:00,28.555,256,,,,
333,7/18/2017 16:00,28.75388889,304,,,,
334,7/18/2017 17:00,28.75388889,400,,,,
335,7/18/2017 18:00,28.95277778,60,,,,
336,7/18/2017 19:00,28.655,28,,,,
337,7/18/2017 20:00,28.45611111,10,,,,
338,7/18/2017 21:00,28.25777778,0,,,,
339,7/18/2017 22:00,28.15888889,0,,,,
340,7/18/2017 23:00,27.96111111,0,,,,
341,7/19/2017 0:00,27.76388889,0,,,,
342,7/19/2017 1:00,27.665,0,,,,
343,7/19/2017 2:00,27.46777778,0,,,,
344,7/19/2017 3:00,27.37,0,,,,
345,7/19/2017 4:00,27.27222222,0,,,,
346,7/19/2017 5:00,27.075,0,,,,
347,7/19/2017 6:00,26.97722222,0,,,,
348,7/19/2017 7:00,26.97722222,9,,,,
349,7/19/2017 8:00,26.87888889,14,,,,
350,7/19/2017 9:00,26.97722222,24,,,,
351,7/19/2017 10:00,26.97722222,58,,,,
352,7/19/2017 11:00,27.27222222,61,,,,
353,7/19/2017 12:00,27.665,99,,,,
354,7/19/2017 13:00,28.15888889,73,,,,
355,7/19/2017 14:00,28.25777778,160,,,,
356,7/19/2017 15:00,28.555,216,,,,
357,7/19/2017 16:00,29.25222222,200,,,,
358,7/19/2017 17:00,29.85277778,240,,,,
359,7/19/2017 18:00,29.55222222,60,,,,
360,7/19/2017 19:00,29.45222222,29,,,,
361,7/19/2017 20:00,29.45222222,16,,,,
362,7/19/2017 21:00,29.25222222,0,,,,
363,7/19/2017 22:00,29.15222222,0,,,,
364,7/19/2017 23:00,28.95277778,0,,,,
365,7/20/2017 0:00,28.75388889,0,,,,
366,7/20/2017 1:00,28.655,0,,,,
367,7/20/2017 2:00,28.45611111,0,,,,
368,7/20/2017 3:00,28.25777778,0,,,,
369,7/20/2017 4:00,28.15888889,0,,,,
370,7/20/2017 5:00,28.06,0,,,,
371,7/20/2017 6:00,27.86222222,0,,,,
372,7/20/2017 7:00,27.76388889,3,,,,
373,7/20/2017 8:00,27.665,10,,,,
374,7/20/2017 9:00,27.665,21,,,,
375,7/20/2017 10:00,27.665,40,,,,
376,7/20/2017 11:00,27.76388889,51,,,,
377,7/20/2017 12:00,28.15888889,160,,,,
378,7/20/2017 13:00,28.85277778,168,,,,
379,7/20/2017 14:00,29.05277778,43,,,,
380,7/20/2017 15:00,28.85277778,58,,,,
381,7/20/2017 16:00,28.95277778,136,,,,
382,7/20/2017 17:00,29.05277778,304,,,,
383,7/20/2017 18:00,28.95277778,136,,,,
384,7/20/2017 19:00,28.95277778,32,,,,
385,7/20/2017 20:00,28.85277778,15,,,,
386,7/20/2017 21:00,28.75388889,2,,,,
387,7/20/2017 22:00,28.655,0,,,,
388,7/20/2017 23:00,28.555,0,,,,
389,7/21/2017 0:00,28.45611111,0,,,,
390,7/21/2017 1:00,28.35722222,0,,,,
391,7/21/2017 2:00,28.25777778,0,,,,
392,7/21/2017 3:00,28.15888889,0,,,,
393,7/21/2017 4:00,28.06,0,,,,
394,7/21/2017 5:00,27.96111111,0,,,,
395,7/21/2017 6:00,27.76388889,0,,,,
396,7/21/2017 7:00,27.665,27,,,,
397,7/21/2017 8:00,27.56722222,21,,,,
398,7/21/2017 9:00,27.665,95,,,,
399,7/21/2017 10:00,27.86222222,98,,,,
400,7/21/2017 11:00,28.06,100,,,,
401,7/21/2017 12:00,28.655,136,,,,
402,7/21/2017 13:00,29.55222222,368,,,,
403,7/21/2017 14:00,29.45222222,216,,,,
404,7/21/2017 15:00,29.45222222,864,,,,
405,7/21/2017 16:00,29.45222222,256,,,,
406,7/21/2017 17:00,29.55222222,248,,,,
407,7/21/2017 18:00,29.85277778,168,,,,
408,7/21/2017 19:00,29.75222222,59,,,,
409,7/21/2017 20:00,29.55222222,26,,,,
410,7/21/2017 21:00,29.35222222,1,,,,
411,7/21/2017 22:00,29.25222222,0,,,,
412,7/21/2017 23:00,29.05277778,0,,,,
413,7/22/2017 0:00,28.95277778,0,,,,
414,7/22/2017 1:00,28.85277778,0,,,,
415,7/22/2017 2:00,28.75388889,0,,,,
416,7/22/2017 3:00,28.655,0,,,,
417,7/22/2017 4:00,28.555,0,,,,
418,7/22/2017 5:00,28.45611111,0,,,,
419,7/22/2017 6:00,28.25777778,0,,,,
420,7/22/2017 7:00,28.15888889,1,,,,
421,7/22/2017 8:00,28.06,3,,,,
422,7/22/2017 9:00,27.96111111,37,,,,
423,7/22/2017 10:00,27.96111111,51,,,,
424,7/22/2017 11:00,27.86222222,96,,,,
425,7/22/2017 12:00,27.86222222,52,,,,
426,7/22/2017 13:00,28.25777778,320,,,,
427,7/22/2017 14:00,28.75388889,864,,,,
428,7/22/2017 15:00,28.85277778,288,,,,
429,7/22/2017 16:00,29.05277778,107,,,,
430,7/22/2017 17:00,29.15222222,384,,,,
431,7/22/2017 18:00,29.15222222,144,,,,
432,7/22/2017 19:00,28.95277778,28,,,,
433,7/22/2017 20:00,28.95277778,21,,,,
434,7/22/2017 21:00,28.85277778,1,,,,
435,7/22/2017 22:00,28.75388889,0,,,,
436,7/22/2017 23:00,28.555,0,,,,
437,7/23/2017 0:00,28.45611111,0,,,,
438,7/23/2017 1:00,28.35722222,0,,,,
439,7/23/2017 2:00,28.15888889,0,,,,
440,7/23/2017 3:00,28.06,0,,,,
441,7/23/2017 4:00,27.96111111,0,,,,
442,7/23/2017 5:00,27.76388889,0,,,,
443,7/23/2017 6:00,27.665,0,,,,
444,7/23/2017 7:00,27.56722222,9,,,,
445,7/23/2017 8:00,27.46777778,34,,,,
446,7/23/2017 9:00,27.46777778,33,,,,
447,7/23/2017 10:00,27.86222222,89,,,,
448,7/23/2017 11:00,27.96111111,152,,,,
449,7/23/2017 12:00,28.06,224,,,,
450,7/23/2017 13:00,28.15888889,192,,,,
451,7/23/2017 14:00,28.655,768,,,,
452,7/23/2017 15:00,29.15222222,992,,,,
453,7/23/2017 16:00,29.25222222,704,,,,
454,7/23/2017 17:00,29.35222222,1536,,,,
455,7/23/2017 18:00,29.35222222,89,,,,
456,7/23/2017 19:00,29.15222222,10,,,,
457,7/23/2017 20:00,29.05277778,16,,,,
458,7/23/2017 21:00,28.95277778,1,,,,
459,7/23/2017 22:00,28.85277778,0,,,,
460,7/23/2017 23:00,28.655,0,,,,
461,7/24/2017 0:00,28.555,0,,,,
462,7/24/2017 1:00,28.35722222,0,,,,
463,7/24/2017 2:00,28.25777778,0,,,,
464,7/24/2017 3:00,28.06,0,,,,
465,7/24/2017 4:00,27.96111111,0,,,,
466,7/24/2017 5:00,27.76388889,0,,,,
467,7/24/2017 6:00,27.56722222,0,,,,
468,7/24/2017 7:00,27.37,4,,,,
469,7/24/2017 8:00,27.17277778,35,,,,
470,7/24/2017 9:00,26.97722222,39,,,,
471,7/24/2017 10:00,26.97722222,61,,,,
472,7/24/2017 11:00,27.075,168,,,,
473,7/24/2017 12:00,26.97722222,50,,,,
474,7/24/2017 13:00,26.97722222,39,,,,
475,7/24/2017 14:00,27.46777778,608,,,,
476,7/24/2017 15:00,27.46777778,384,,,,
477,7/24/2017 16:00,27.46777778,1536,,,,
478,7/24/2017 17:00,27.46777778,576,,,,
479,7/24/2017 18:00,27.075,121,,,,
480,7/24/2017 19:00,26.78111111,15,,,,
481,7/24/2017 20:00,26.585,12,,,,
482,7/24/2017 21:00,26.48777778,1,,,,
483,7/24/2017 22:00,26.39,0,,,,
484,7/24/2017 23:00,26.195,0,,,,
485,7/25/2017 0:00,26.09722222,0,,,,
486,7/25/2017 1:00,25.90222222,0,,,,
487,7/25/2017 2:00,25.70777778,0,,,,
488,7/25/2017 3:00,25.61,0,,,,
489,7/25/2017 4:00,25.41611111,0,,,,
490,7/25/2017 5:00,25.22222222,0,,,,
491,7/25/2017 6:00,25.02777778,0,,,,
492,7/25/2017 7:00,24.835,15,,,,
493,7/25/2017 8:00,24.73777778,20,,,,
494,7/25/2017 9:00,24.835,27,,,,
495,7/25/2017 10:00,25.125,35,,,,
496,7/25/2017 11:00,25.51277778,56,,,,
497,7/25/2017 12:00,26,104,,,,
498,7/25/2017 13:00,26.87888889,480,,,,
499,7/25/2017 14:00,27.27222222,704,,,,
500,7/25/2017 15:00,27.17277778,368,,,,
501,7/25/2017 16:00,27.27222222,384,,,,
502,7/25/2017 17:00,27.56722222,432,,,,
503,7/25/2017 18:00,27.17277778,101,,,,
504,7/25/2017 19:00,26.97722222,27,,,,
505,7/25/2017 20:00,26.87888889,14,,,,
506,7/25/2017 21:00,26.68277778,1,,,,
507,7/25/2017 22:00,26.585,0,,,,
508,7/25/2017 23:00,26.39,0,,,,
509,7/26/2017 0:00,26.29222222,0,,,,
510,7/26/2017 1:00,26.09722222,0,,,,
511,7/26/2017 2:00,25.90222222,0,,,,
512,7/26/2017 3:00,25.805,0,,,,
513,7/26/2017 4:00,25.70777778,0,,,,
514,7/26/2017 5:00,25.51277778,0,,,,
515,7/26/2017 6:00,25.41611111,0,,,,
516,7/26/2017 7:00,25.31888889,7,,,,
517,7/26/2017 8:00,25.22222222,30,,,,
518,7/26/2017 9:00,25.125,53,,,,
519,7/26/2017 10:00,25.02777778,89,,,,
520,7/26/2017 11:00,25.41611111,111,,,,
521,7/26/2017 12:00,25.61,128,,,,
522,7/26/2017 13:00,26,232,,,,
523,7/26/2017 14:00,26.29222222,480,,,,
524,7/26/2017 15:00,26.39,416,,,,
525,7/26/2017 16:00,26.48777778,224,,,,
526,7/26/2017 17:00,26.97722222,1728,,,,
527,7/26/2017 18:00,26.87888889,128,,,,
528,7/26/2017 19:00,26.87888889,38,,,,
529,7/26/2017 20:00,26.78111111,10,,,,
530,7/26/2017 21:00,26.68277778,0,,,,
531,7/26/2017 22:00,26.585,0,,,,
532,7/26/2017 23:00,26.39,0,,,,
533,7/27/2017 0:00,26.29222222,0,,,,
534,7/27/2017 1:00,26.195,0,,,,
535,7/27/2017 2:00,26.09722222,0,,,,
536,7/27/2017 3:00,26,0,,,,
537,7/27/2017 4:00,25.90222222,0,,,,
538,7/27/2017 5:00,25.805,0,,,,
539,7/27/2017 6:00,25.70777778,0,,,,
540,7/27/2017 7:00,25.61,5,,,,
541,7/27/2017 8:00,25.61,12,,,,
542,7/27/2017 9:00,25.61,51,,,,
543,7/27/2017 10:00,25.70777778,57,,,,
544,7/27/2017 11:00,25.805,102,,,,
545,7/27/2017 12:00,26.195,106,,,,
546,7/27/2017 13:00,26.585,168,,,,
547,7/27/2017 14:00,27.17277778,90,,,,
548,7/27/2017 15:00,27.46777778,208,,,,
549,7/27/2017 16:00,27.76388889,240,,,,
550,7/27/2017 17:00,27.76388889,103,,,,
551,7/27/2017 18:00,27.665,87,,,,
552,7/27/2017 19:00,27.27222222,19,,,,
553,7/27/2017 20:00,26.97722222,4,,,,
554,7/27/2017 21:00,26.68277778,0,,,,
555,7/27/2017 22:00,26.48777778,0,,,,
556,7/27/2017 23:00,26.29222222,0,,,,
557,7/28/2017 0:00,26.09722222,0,,,,
558,7/28/2017 1:00,25.90222222,0,,,,
559,7/28/2017 2:00,25.805,0,,,,
560,7/28/2017 3:00,25.61,0,,,,
561,7/28/2017 4:00,25.41611111,0,,,,
562,7/28/2017 5:00,25.22222222,0,,,,
563,7/28/2017 6:00,25.125,0,,,,
564,7/28/2017 7:00,24.93111111,4,,,,
565,7/28/2017 8:00,24.93111111,16,,,,
566,7/28/2017 9:00,24.93111111,28,,,,
567,7/28/2017 10:00,25.125,37,,,,
568,7/28/2017 11:00,25.41611111,73,,,,
569,7/28/2017 12:00,25.70777778,52,,,,
570,7/28/2017 13:00,26.09722222,152,,,,
571,7/28/2017 14:00,26.39,240,,,,
572,7/28/2017 15:00,26.585,256,,,,
573,7/28/2017 16:00,26.68277778,352,,,,
574,7/28/2017 17:00,26.68277778,480,,,,
575,7/28/2017 18:00,26.29222222,152,,,,
576,7/28/2017 19:00,25.90222222,8,,,,
577,7/28/2017 20:00,25.70777778,6,,,,
578,7/28/2017 21:00,25.41611111,0,,,,
579,7/28/2017 22:00,25.31888889,0,,,,
580,7/28/2017 23:00,25.125,0,,,,
581,7/29/2017 0:00,24.835,0,,,,
582,7/29/2017 1:00,24.73777778,0,,,,
583,7/29/2017 2:00,24.545,0,,,,
584,7/29/2017 3:00,24.44777778,0,,,,
585,7/29/2017 4:00,24.255,0,,,,
586,7/29/2017 5:00,24.15777778,0,,,,
587,7/29/2017 6:00,24.06222222,0,,,,
588,7/29/2017 7:00,23.86888889,6,,,,
589,7/29/2017 8:00,23.77277778,9,,,,
590,7/29/2017 9:00,23.86888889,14,,,,
591,7/29/2017 10:00,24.15777778,24,,,,
592,7/29/2017 11:00,24.545,48,,,,
593,7/29/2017 12:00,24.93111111,136,,,,
594,7/29/2017 13:00,25.70777778,168,,,,
595,7/29/2017 14:00,25.90222222,224,,,,
596,7/29/2017 15:00,26.09722222,272,,,,
597,7/29/2017 16:00,26.195,496,,,,
598,7/29/2017 17:00,26.195,384,,,,
599,7/29/2017 18:00,25.90222222,42,,,,
600,7/29/2017 19:00,25.70777778,14,,,,
601,7/29/2017 20:00,25.51277778,5,,,,
602,7/29/2017 21:00,25.31888889,0,,,,
603,7/29/2017 22:00,25.31888889,0,,,,
604,7/29/2017 23:00,25.125,0,,,,
605,7/30/2017 0:00,25.02777778,0,,,,
606,7/30/2017 1:00,24.835,0,,,,
607,7/30/2017 2:00,24.73777778,0,,,,
608,7/30/2017 3:00,24.64111111,0,,,,
609,7/30/2017 4:00,24.44777778,0,,,,
610,7/30/2017 5:00,24.35111111,0,,,,
611,7/30/2017 6:00,24.15777778,0,,,,
612,7/30/2017 7:00,24.06222222,5,,,,
613,7/30/2017 8:00,23.96611111,10,,,,
614,7/30/2017 9:00,24.06222222,19,,,,
615,7/30/2017 10:00,24.44777778,33,,,,
616,7/30/2017 11:00,24.93111111,61,,,,
617,7/30/2017 12:00,25.41611111,144,,,,
618,7/30/2017 13:00,26.09722222,184,,,,
619,7/30/2017 14:00,26.09722222,400,,,,
620,7/30/2017 15:00,26.48777778,184,,,,
621,7/30/2017 16:00,26.585,304,,,,
622,7/30/2017 17:00,26.87888889,72,,,,
623,7/30/2017 18:00,26.87888889,45,,,,
624,7/30/2017 19:00,26.68277778,25,,,,
625,7/30/2017 20:00,26.68277778,9,,,,
626,7/30/2017 21:00,26.585,0,,,,
627,7/30/2017 22:00,26.48777778,0,,,,
628,7/30/2017 23:00,26.29222222,0,,,,
629,7/31/2017 0:00,26.09722222,0,,,,
630,7/31/2017 1:00,26,0,,,,
631,7/31/2017 2:00,25.805,0,,,,
632,7/31/2017 3:00,25.70777778,0,,,,
633,7/31/2017 4:00,25.51277778,0,,,,
634,7/31/2017 5:00,25.31888889,0,,,,
635,7/31/2017 6:00,25.22222222,0,,,,
636,7/31/2017 7:00,25.02777778,4,,,,
637,7/31/2017 8:00,25.02777778,9,,,,
638,7/31/2017 9:00,25.02777778,15,,,,
639,7/31/2017 10:00,25.31888889,28,,,,
640,7/31/2017 11:00,25.805,59,,,,
641,7/31/2017 12:00,26.39,128,,,,
642,7/31/2017 13:00,27.27222222,272,,,,
643,7/31/2017 14:00,27.37,272,,,,
644,7/31/2017 15:00,27.56722222,248,,,,
645,7/31/2017 16:00,28.06,320,,,,
646,7/31/2017 17:00,28.06,368,,,,
647,7/31/2017 18:00,27.86222222,85,,,,
648,7/31/2017 19:00,27.86222222,15,,,,
649,7/31/2017 20:00,27.86222222,8,,,,
650,7/31/2017 21:00,27.76388889,0,,,,
651,7/31/2017 22:00,27.56722222,0,,,,
652,7/31/2017 23:00,27.37,0,,,,
653,8/1/2017 0:00,27.27222222,0,,,,
654,8/1/2017 1:00,27.075,0,,,,
655,8/1/2017 2:00,26.87888889,0,,,,
656,8/1/2017 3:00,26.68277778,0,,,,
657,8/1/2017 4:00,26.585,0,,,,
658,8/1/2017 5:00,26.48777778,0,,,,
659,8/1/2017 6:00,26.39,0,,,,
660,8/1/2017 7:00,26.09722222,6,,,,
661,8/1/2017 8:00,26.09722222,12,,,,
662,8/1/2017 9:00,26.09722222,20,,,,
663,8/1/2017 10:00,26.29222222,29,,,,
664,8/1/2017 11:00,26.68277778,57,,,,
665,8/1/2017 12:00,27.17277778,124,,,,
666,8/1/2017 13:00,28.06,200,,,,
667,8/1/2017 14:00,28.06,272,,,,
668,8/1/2017 15:00,28.06,256,,,,
669,8/1/2017 16:00,28.25777778,400,,,,
670,8/1/2017 17:00,28.45611111,352,,,,
671,8/1/2017 18:00,28.35722222,99,,,,
672,8/1/2017 19:00,28.35722222,20,,,,
673,8/1/2017 20:00,28.15888889,9,,,,
674,8/1/2017 21:00,28.06,0,,,,
675,8/1/2017 22:00,27.86222222,0,,,,
676,8/1/2017 23:00,27.665,0,,,,
677,8/2/2017 0:00,27.56722222,0,,,,
678,8/2/2017 1:00,27.46777778,0,,,,
679,8/2/2017 2:00,27.37,0,,,,
680,8/2/2017 3:00,27.17277778,0,,,,
681,8/2/2017 4:00,26.97722222,0,,,,
682,8/2/2017 5:00,26.78111111,0,,,,
683,8/2/2017 6:00,26.585,0,,,,
684,8/2/2017 7:00,26.39,4,,,,
685,8/2/2017 8:00,26.29222222,16,,,,
686,8/2/2017 9:00,26.39,20,,,,
687,8/2/2017 10:00,26.585,29,,,,
688,8/2/2017 11:00,26.87888889,56,,,,
689,8/2/2017 12:00,27.37,113,,,,
690,8/2/2017 13:00,27.96111111,216,,,,
691,8/2/2017 13:47,,,,Logged,,
692,8/2/2017 13:48,,,,,Logged,
693,8/2/2017 14:00,82.686,64,,,,
694,8/2/2017 15:00,82.33,7,,,,
695,8/2/2017 16:00,81.797,5,,,,
696,8/2/2017 17:00,82.152,57,,,,
697,8/2/2017 18:00,81.797,10,,,,
698,8/2/2017 19:00,81.621,6,,,,
699,8/2/2017 20:00,81.442,5,,,,
700,8/2/2017 21:00,81.09,0,,,,
701,8/2/2017 22:00,80.911,0,,,,
702,8/2/2017 23:00,80.735,0,,,,
703,8/3/2017 0:00,80.559,0,,,,
704,8/3/2017 1:00,80.382,0,,,,
705,8/3/2017 2:00,80.206,0,,,,
706,8/3/2017 3:00,79.853,0,,,,
707,8/3/2017 4:00,79.678,0,,,,
708,8/3/2017 5:00,79.502,0,,,,
709,8/3/2017 6:00,79.326,0,,,,
710,8/3/2017 7:00,79.151,1,,,,
711,8/3/2017 8:00,78.975,5,,,,
712,8/3/2017 9:00,78.975,10,,,,
713,8/3/2017 10:00,79.678,17,,,,
714,8/3/2017 11:00,80.382,26,,,,
715,8/3/2017 12:00,81.442,53,,,,
716,8/3/2017 13:00,81.442,34,,,,
717,8/3/2017 14:00,81.797,43,,,,
718,8/3/2017 15:00,81.797,20,,,,
719,8/3/2017 16:00,81.621,7,,,,
720,8/3/2017 17:00,81.266,6,,,,
721,8/3/2017 18:00,80.735,1,,,,
722,8/3/2017 19:00,80.559,0,,,,
723,8/3/2017 20:00,80.206,3,,,,
724,8/3/2017 21:00,79.853,0,,,,
725,8/3/2017 22:00,79.502,0,,,,
726,8/3/2017 23:00,79.326,0,,,,
727,8/4/2017 0:00,79.151,0,,,,
728,8/4/2017 1:00,78.975,0,,,,
729,8/4/2017 2:00,78.624,0,,,,
730,8/4/2017 3:00,78.449,0,,,,
731,8/4/2017 4:00,78.098,0,,,,
732,8/4/2017 5:00,77.749,0,,,,
733,8/4/2017 6:00,77.574,0,,,,
734,8/4/2017 7:00,77.225,0,,,,
735,8/4/2017 8:00,76.876,3,,,,
736,8/4/2017 9:00,76.876,2,,,,
737,8/4/2017 10:00,76.528,9,,,,
738,8/4/2017 11:00,76.703,23,,,,
739,8/4/2017 12:00,76.876,45,,,,
740,8/4/2017 13:00,78.274,184,,,,
741,8/4/2017 14:00,78.8,152,,,,
742,8/4/2017 15:00,78.449,34,,,,
743,8/4/2017 16:00,78.274,20,,,,
744,8/4/2017 17:00,77.923,30,,,,
745,8/4/2017 18:00,77.05,12,,,,
746,8/4/2017 19:00,76.354,9,,,,
747,8/4/2017 20:00,75.832,0,,,,
748,8/4/2017 21:00,75.139,0,,,,
749,8/4/2017 22:00,74.619,0,,,,
750,8/4/2017 23:00,74.271,0,,,,
751,8/5/2017 0:00,73.753,0,,,,
752,8/5/2017 1:00,73.234,0,,,,
753,8/5/2017 2:00,72.718,0,,,,
754,8/5/2017 3:00,72.028,0,,,,
755,8/5/2017 4:00,71.512,0,,,,
756,8/5/2017 5:00,70.995,0,,,,
757,8/5/2017 6:00,70.651,0,,,,
758,8/5/2017 7:00,70.137,1,,,,
759,8/5/2017 8:00,69.964,4,,,,
760,8/5/2017 9:00,70.308,8,,,,
761,8/5/2017 10:00,70.995,8,,,,
762,8/5/2017 11:00,71.512,24,,,,
763,8/5/2017 12:00,72.372,63,,,,
764,8/5/2017 13:00,73.58,208,,,,
765,8/5/2017 14:00,74.446,192,,,,
766,8/5/2017 15:00,74.098,40,,,,
767,8/5/2017 16:00,74.271,77,,,,
768,8/5/2017 17:00,74.271,24,,,,
769,8/5/2017 18:00,74.271,17,,,,
770,8/5/2017 19:00,74.271,9,,,,
771,8/5/2017 20:00,74.098,4,,,,
772,8/5/2017 21:00,73.926,0,,,,
773,8/5/2017 22:00,73.926,0,,,,
774,8/5/2017 23:00,73.58,0,,,,
775,8/6/2017 0:00,73.407,0,,,,
776,8/6/2017 1:00,73.234,0,,,,
777,8/6/2017 2:00,73.062,0,,,,
778,8/6/2017 3:00,72.891,0,,,,
779,8/6/2017 4:00,72.545,0,,,,
780,8/6/2017 5:00,72.372,0,,,,
781,8/6/2017 6:00,72.199,0,,,,
782,8/6/2017 7:00,72.199,1,,,,
783,8/6/2017 8:00,72.372,7,,,,
784,8/6/2017 9:00,72.718,17,,,,
785,8/6/2017 10:00,72.891,30,,,,
786,8/6/2017 11:00,73.234,38,,,,
787,8/6/2017 12:00,73.58,64,,,,
788,8/6/2017 13:00,73.926,45,,,,
789,8/6/2017 14:00,74.098,50,,,,
790,8/6/2017 15:00,74.619,78,,,,
791,8/6/2017 16:00,74.964,33,,,,
792,8/6/2017 17:00,75.139,76,,,,
793,8/6/2017 18:00,75.139,15,,,,
794,8/6/2017 19:00,74.791,8,,,,
795,8/6/2017 20:00,74.619,1,,,,
796,8/6/2017 21:00,74.446,0,,,,
797,8/6/2017 22:00,74.271,0,,,,
798,8/6/2017 23:00,74.098,0,,,,
799,8/7/2017 0:00,73.926,0,,,,
800,8/7/2017 1:00,73.753,0,,,,
801,8/7/2017 2:00,73.58,0,,,,
802,8/7/2017 3:00,73.407,0,,,,
803,8/7/2017 4:00,73.234,0,,,,
804,8/7/2017 5:00,73.062,0,,,,
805,8/7/2017 6:00,72.891,0,,,,
806,8/7/2017 7:00,72.718,0,,,,
807,8/7/2017 8:00,72.545,6,,,,
808,8/7/2017 9:00,72.718,14,,,,
809,8/7/2017 10:00,73.234,15,,,,
810,8/7/2017 11:00,73.926,37,,,,
811,8/7/2017 12:00,74.098,57,,,,
812,8/7/2017 13:00,74.271,30,,,,
813,8/7/2017 14:00,75.139,81,,,,
814,8/7/2017 15:00,75.484,65,,,,
815,8/7/2017 16:00,76.006,105,,,,
816,8/7/2017 17:00,76.181,66,,,,
817,8/7/2017 18:00,76.006,17,,,,
818,8/7/2017 19:00,76.006,5,,,,
819,8/7/2017 20:00,75.832,1,,,,
820,8/7/2017 21:00,75.659,0,,,,
821,8/7/2017 22:00,75.312,0,,,,
822,8/7/2017 23:00,75.139,0,,,,
823,8/8/2017 0:00,74.791,0,,,,
824,8/8/2017 1:00,74.619,0,,,,
825,8/8/2017 2:00,74.271,0,,,,
826,8/8/2017 3:00,74.098,0,,,,
827,8/8/2017 4:00,73.926,0,,,,
828,8/8/2017 5:00,73.58,0,,,,
829,8/8/2017 6:00,73.234,0,,,,
830,8/8/2017 7:00,72.891,1,,,,
831,8/8/2017 8:00,72.718,3,,,,
832,8/8/2017 9:00,72.718,6,,,,
833,8/8/2017 10:00,73.407,8,,,,
834,8/8/2017 11:00,74.446,14,,,,
835,8/8/2017 12:00,75.139,42,,,,
836,8/8/2017 13:00,76.703,168,,,,
837,8/8/2017 14:00,77.4,168,,,,
838,8/8/2017 15:00,78.274,125,,,,
839,8/8/2017 16:00,77.923,79,,,,
840,8/8/2017 17:00,78.624,55,,,,
841,8/8/2017 18:00,78.624,15,,,,
842,8/8/2017 19:00,78.098,8,,,,
843,8/8/2017 20:00,77.749,2,,,,
844,8/8/2017 21:00,77.4,0,,,,
845,8/8/2017 22:00,77.225,0,,,,
846,8/8/2017 23:00,76.876,0,,,,
847,8/9/2017 0:00,76.703,0,,,,
848,8/9/2017 1:00,76.354,0,,,,
849,8/9/2017 2:00,76.181,0,,,,
850,8/9/2017 3:00,76.006,0,,,,
851,8/9/2017 4:00,75.832,0,,,,
852,8/9/2017 5:00,75.484,0,,,,
853,8/9/2017 6:00,75.139,0,,,,
854,8/9/2017 7:00,74.791,0,,,,
855,8/9/2017 8:00,74.446,4,,,,
856,8/9/2017 9:00,74.619,7,,,,
857,8/9/2017 10:00,75.139,12,,,,
858,8/9/2017 11:00,75.659,20,,,,
859,8/9/2017 12:00,76.528,58,,,,
860,8/9/2017 13:00,78.8,95,,,,
861,8/9/2017 14:00,78.8,200,,,,
862,8/9/2017 15:00,80.382,128,,,,
863,8/9/2017 16:00,79.502,42,,,,
864,8/9/2017 17:00,80.029,40,,,,
865,8/9/2017 18:00,79.678,13,,,,
866,8/9/2017 19:00,79.502,5,,,,
867,8/9/2017 20:00,79.326,3,,,,
868,8/9/2017 21:00,79.151,0,,,,
869,8/9/2017 22:00,78.8,0,,,,
870,8/9/2017 23:00,78.624,0,,,,
871,8/10/2017 0:00,78.274,0,,,,
872,8/10/2017 1:00,78.098,0,,,,
873,8/10/2017 2:00,77.923,0,,,,
874,8/10/2017 3:00,77.574,0,,,,
875,8/10/2017 4:00,77.4,0,,,,
876,8/10/2017 5:00,77.05,0,,,,
877,8/10/2017 6:00,76.876,0,,,,
878,8/10/2017 7:00,76.528,1,,,,
879,8/10/2017 8:00,76.354,6,,,,
880,8/10/2017 9:00,76.354,7,,,,
881,8/10/2017 10:00,77.05,14,,,,
882,8/10/2017 11:00,77.4,21,,,,
883,8/10/2017 12:00,78.624,38,,,,
884,8/10/2017 13:00,80.029,200,,,,
885,8/10/2017 14:00,80.559,184,,,,
886,8/10/2017 15:00,81.442,136,,,,
887,8/10/2017 16:00,81.621,17,,,,
888,8/10/2017 17:00,81.975,26,,,,
889,8/10/2017 18:00,81.621,10,,,,
890,8/10/2017 19:00,81.266,9,,,,
891,8/10/2017 20:00,80.911,2,,,,
892,8/10/2017 21:00,80.382,0,,,,
893,8/10/2017 22:00,79.678,0,,,,
894,8/10/2017 23:00,79.326,0,,,,
895,8/11/2017 0:00,78.8,0,,,,
896,8/11/2017 1:00,78.449,0,,,,
897,8/11/2017 2:00,78.098,0,,,,
898,8/11/2017 3:00,77.923,0,,,,
899,8/11/2017 4:00,77.749,0,,,,
900,8/11/2017 5:00,77.4,0,,,,
901,8/11/2017 6:00,76.876,0,,,,
902,8/11/2017 7:00,76.703,0,,,,
903,8/11/2017 8:00,76.528,3,,,,
904,8/11/2017 9:00,76.528,10,,,,
905,8/11/2017 10:00,76.354,11,,,,
906,8/11/2017 11:00,76.703,34,,,,
907,8/11/2017 12:00,77.4,14,,,,
908,8/11/2017 13:00,77.574,38,,,,
909,8/11/2017 14:00,78.274,24,,,,
910,8/11/2017 15:00,78.449,13,,,,
911,8/11/2017 16:00,78.8,64,,,,
912,8/11/2017 17:00,79.151,59,,,,
913,8/11/2017 18:00,78.8,10,,,,
914,8/11/2017 19:00,78.8,9,,,,
915,8/11/2017 20:00,78.8,1,,,,
916,8/11/2017 21:00,78.624,0,,,,
917,8/11/2017 22:00,78.274,0,,,,
918,8/11/2017 23:00,78.098,0,,,,
919,8/12/2017 0:00,77.923,0,,,,
920,8/12/2017 1:00,77.749,0,,,,
921,8/12/2017 2:00,77.4,0,,,,
922,8/12/2017 3:00,77.225,0,,,,
923,8/12/2017 4:00,76.703,0,,,,
924,8/12/2017 5:00,76.528,0,,,,
925,8/12/2017 6:00,76.181,0,,,,
926,8/12/2017 7:00,76.006,0,,,,
927,8/12/2017 8:00,75.832,5,,,,
928,8/12/2017 9:00,75.832,10,,,,
929,8/12/2017 10:00,76.006,18,,,,
930,8/12/2017 11:00,76.354,16,,,,
931,8/12/2017 12:00,76.354,23,,,,
932,8/12/2017 13:00,77.4,90,,,,
933,8/12/2017 14:00,78.274,136,,,,
934,8/12/2017 15:00,78.449,107,,,,
935,8/12/2017 16:00,77.749,36,,,,
936,8/12/2017 17:00,78.098,50,,,,
937,8/12/2017 18:00,77.749,8,,,,
938,8/12/2017 19:00,77.574,9,,,,
939,8/12/2017 20:00,77.749,1,,,,
940,8/12/2017 21:00,77.4,0,,,,
941,8/12/2017 22:00,77.225,0,,,,
942,8/12/2017 23:00,76.876,0,,,,
943,8/13/2017 0:00,76.703,0,,,,
944,8/13/2017 1:00,76.528,0,,,,
945,8/13/2017 2:00,76.181,0,,,,
946,8/13/2017 3:00,76.181,0,,,,
947,8/13/2017 4:00,75.832,0,,,,
948,8/13/2017 5:00,75.659,0,,,,
949,8/13/2017 6:00,75.484,0,,,,
950,8/13/2017 7:00,75.139,0,,,,
951,8/13/2017 8:00,74.964,2,,,,
952,8/13/2017 9:00,74.964,4,,,,
953,8/13/2017 10:00,75.659,7,,,,
954,8/13/2017 11:00,76.354,11,,,,
955,8/13/2017 12:00,76.876,38,,,,
956,8/13/2017 13:00,78.274,176,,,,
957,8/13/2017 14:00,78.8,136,,,,
958,8/13/2017 15:00,79.678,101,,,,
959,8/13/2017 16:00,80.735,76,,,,
960,8/13/2017 17:00,80.559,35,,,,
961,8/13/2017 18:00,79.502,13,,,,
962,8/13/2017 19:00,79.853,8,,,,
963,8/13/2017 20:00,79.502,1,,,,
964,8/13/2017 21:00,79.151,0,,,,
965,8/13/2017 22:00,78.624,0,,,,
966,8/13/2017 23:00,78.449,0,,,,
967,8/14/2017 0:00,78.274,0,,,,
968,8/14/2017 1:00,77.923,0,,,,
969,8/14/2017 2:00,77.749,0,,,,
970,8/14/2017 3:00,77.574,0,,,,
971,8/14/2017 4:00,77.4,0,,,,
972,8/14/2017 5:00,77.225,0,,,,
973,8/14/2017 6:00,76.876,0,,,,
974,8/14/2017 7:00,76.703,0,,,,
975,8/14/2017 8:00,76.528,3,,,,
976,8/14/2017 9:00,76.354,9,,,,
977,8/14/2017 10:00,76.703,14,,,,
978,8/14/2017 11:00,77.225,10,,,,
979,8/14/2017 12:00,78.624,12,,,,
980,8/14/2017 13:00,79.853,88,,,,
981,8/14/2017 14:00,80.029,30,,,,
982,8/14/2017 15:00,81.09,49,,,,
983,8/14/2017 16:00,81.266,78,,,,
984,8/14/2017 17:00,80.382,20,,,,
985,8/14/2017 18:00,80.559,12,,,,
986,8/14/2017 19:00,79.853,5,,,,
987,8/14/2017 20:00,79.502,1,,,,
988,8/14/2017 21:00,79.151,0,,,,
989,8/14/2017 22:00,78.8,0,,,,
990,8/14/2017 23:00,78.449,0,,,,
991,8/15/2017 0:00,78.274,0,,,,
992,8/15/2017 1:00,77.923,0,,,,
993,8/15/2017 2:00,77.574,0,,,,
994,8/15/2017 3:00,77.4,0,,,,
995,8/15/2017 4:00,77.225,0,,,,
996,8/15/2017 5:00,77.05,0,,,,
997,8/15/2017 6:00,76.876,0,,,,
998,8/15/2017 7:00,76.703,0,,,,
999,8/15/2017 8:00,76.528,2,,,,
1000,8/15/2017 9:00,76.354,7,,,,
1001,8/15/2017 10:00,76.354,19,,,,
1002,8/15/2017 11:00,77.05,17,,,,
1003,8/15/2017 12:00,77.749,26,,,,
1004,8/15/2017 13:00,78.449,40,,,,
1005,8/15/2017 14:00,79.151,200,,,,
1006,8/15/2017 15:00,79.326,23,,,,
1007,8/15/2017 16:00,79.853,81,,,,
1008,8/15/2017 17:00,80.382,61,,,,
1009,8/15/2017 18:00,80.029,8,,,,
1010,8/15/2017 19:00,80.735,4,,,,
1011,8/15/2017 20:00,80.559,1,,,,
1012,8/15/2017 21:00,80.029,0,,,,
1013,8/15/2017 22:00,79.502,0,,,,
1014,8/15/2017 23:00,79.151,0,,,,
1015,8/16/2017 0:00,78.8,0,,,,
1016,8/16/2017 1:00,78.449,0,,,,
1017,8/16/2017 2:00,78.274,0,,,,
1018,8/16/2017 3:00,77.923,0,,,,
1019,8/16/2017 4:00,77.749,0,,,,
1020,8/16/2017 5:00,77.574,0,,,,
1021,8/16/2017 6:00,77.225,0,,,,
1022,8/16/2017 7:00,77.05,0,,,,
1023,8/16/2017 8:00,76.876,2,,,,
1024,8/16/2017 9:00,76.703,5,,,,
1025,8/16/2017 10:00,76.876,12,,,,
1026,8/16/2017 11:00,77.225,23,,,,
1027,8/16/2017 12:00,78.274,63,,,,
1028,8/16/2017 13:00,78.975,28,,,,
1029,8/16/2017 14:00,79.853,39,,,,
1030,8/16/2017 15:00,80.735,128,,,,
1031,8/16/2017 16:00,81.797,76,,,,
1032,8/16/2017 17:00,82.152,62,,,,
1033,8/16/2017 18:00,81.797,10,,,,
1034,8/16/2017 19:00,81.266,5,,,,
1035,8/16/2017 20:00,80.911,1,,,,
1036,8/16/2017 21:00,80.559,0,,,,
1037,8/16/2017 22:00,80.029,0,,,,
1038,8/16/2017 23:00,79.678,0,,,,
1039,8/17/2017 0:00,79.326,0,,,,
1040,8/17/2017 1:00,78.975,0,,,,
1041,8/17/2017 2:00,78.624,0,,,,
1042,8/17/2017 3:00,78.449,0,,,,
1043,8/17/2017 4:00,78.098,0,,,,
1044,8/17/2017 5:00,77.923,0,,,,
1045,8/17/2017 6:00,77.574,0,,,,
1046,8/17/2017 7:00,77.225,0,,,,
1047,8/17/2017 8:00,77.05,4,,,,
1048,8/17/2017 9:00,76.876,6,,,,
1049,8/17/2017 10:00,76.703,8,,,,
1050,8/17/2017 11:00,76.703,8,,,,
1051,8/17/2017 12:00,77.225,18,,,,
1052,8/17/2017 13:00,77.225,4,,,,
1053,8/17/2017 14:00,77.4,10,,,,
1054,8/17/2017 15:00,77.4,10,,,,
1055,8/17/2017 16:00,78.098,49,,,,
1056,8/17/2017 17:00,78.449,54,,,,
1057,8/17/2017 18:00,78.274,9,,,,
1058,8/17/2017 19:00,78.098,2,,,,
1059,8/17/2017 20:00,78.098,1,,,,
1060,8/17/2017 21:00,77.923,0,,,,
1061,8/17/2017 22:00,77.749,0,,,,
1062,8/17/2017 23:00,77.574,0,,,,
1063,8/18/2017 0:00,77.4,0,,,,
1064,8/18/2017 1:00,77.225,0,,,,
1065,8/18/2017 2:00,76.876,0,,,,
1066,8/18/2017 3:00,76.528,0,,,,
1067,8/18/2017 4:00,76.354,0,,,,
1068,8/18/2017 5:00,76.181,0,,,,
1069,8/18/2017 6:00,75.832,0,,,,
1070,8/18/2017 7:00,75.484,0,,,,
1071,8/18/2017 8:00,75.484,2,,,,
1072,8/18/2017 9:00,75.484,10,,,,
1073,8/18/2017 10:00,75.484,10,,,,
1074,8/18/2017 11:00,76.006,23,,,,
1075,8/18/2017 12:00,76.354,41,,,,
1076,8/18/2017 13:00,76.528,32,,,,
1077,8/18/2017 14:00,76.703,128,,,,
1078,8/18/2017 15:00,76.528,8,,,,
1079,8/18/2017 16:00,76.528,33,,,,
1080,8/18/2017 17:00,76.528,23,,,,
1081,8/18/2017 18:00,76.354,9,,,,
1082,8/18/2017 19:00,76.181,6,,,,
1083,8/18/2017 20:00,76.006,0,,,,
1084,8/18/2017 21:00,75.659,0,,,,
1085,8/18/2017 22:00,75.484,0,,,,
1086,8/18/2017 23:00,75.139,0,,,,
1087,8/19/2017 0:00,74.964,0,,,,
1088,8/19/2017 1:00,74.619,0,,,,
1089,8/19/2017 2:00,74.446,0,,,,
1090,8/19/2017 3:00,74.271,0,,,,
1091,8/19/2017 4:00,73.926,0,,,,
1092,8/19/2017 5:00,73.753,0,,,,
1093,8/19/2017 6:00,73.407,0,,,,
1094,8/19/2017 7:00,73.234,0,,,,
1095,8/19/2017 8:00,73.062,5,,,,
1096,8/19/2017 9:00,73.062,10,,,,
1097,8/19/2017 10:00,73.58,8,,,,
1098,8/19/2017 11:00,74.446,15,,,,
1099,8/19/2017 12:00,75.312,70,,,,
1100,8/19/2017 13:00,76.181,232,,,,
1101,8/19/2017 14:00,76.703,35,,,,
1102,8/19/2017 15:00,77.05,114,,,,
1103,8/19/2017 16:00,77.574,82,,,,
1104,8/19/2017 17:00,77.923,54,,,,
1105,8/19/2017 18:00,77.574,10,,,,
1106,8/19/2017 19:00,77.574,4,,,,
1107,8/19/2017 20:00,77.4,1,,,,
1108,8/19/2017 21:00,77.05,0,,,,
1109,8/19/2017 22:00,76.703,0,,,,
1110,8/19/2017 23:00,76.528,0,,,,
1111,8/20/2017 0:00,76.181,0,,,,
1112,8/20/2017 1:00,76.006,0,,,,
1113,8/20/2017 2:00,75.832,0,,,,
1114,8/20/2017 3:00,75.484,0,,,,
1115,8/20/2017 4:00,75.312,0,,,,
1116,8/20/2017 5:00,75.139,0,,,,
1117,8/20/2017 6:00,74.791,0,,,,
1118,8/20/2017 7:00,74.619,0,,,,
1119,8/20/2017 8:00,74.446,3,,,,
1120,8/20/2017 9:00,74.271,5,,,,
1121,8/20/2017 10:00,74.791,7,,,,
1122,8/20/2017 11:00,75.659,12,,,,
1123,8/20/2017 12:00,77.05,93,,,,
1124,8/20/2017 13:00,78.449,152,,,,
1125,8/20/2017 14:00,79.326,144,,,,
1126,8/20/2017 15:00,80.029,85,,,,
1127,8/20/2017 16:00,79.853,41,,,,
1128,8/20/2017 17:00,80.735,61,,,,
1129,8/20/2017 18:00,80.206,7,,,,
1130,8/20/2017 19:00,79.853,4,,,,
1131,8/20/2017 20:00,79.502,0,,,,
1132,8/20/2017 21:00,79.151,0,,,,
1133,8/20/2017 22:00,78.624,0,,,,
1134,8/20/2017 23:00,78.274,0,,,,
1135,8/21/2017 0:00,78.098,0,,,,
1136,8/21/2017 1:00,77.923,0,,,,
1137,8/21/2017 2:00,77.749,0,,,,
1138,8/21/2017 3:00,77.574,0,,,,
1139,8/21/2017 4:00,77.4,0,,,,
1140,8/21/2017 5:00,77.225,0,,,,
1141,8/21/2017 6:00,77.05,0,,,,
1142,8/21/2017 7:00,76.876,0,,,,
1143,8/21/2017 8:00,76.703,5,,,,
1144,8/21/2017 9:00,76.703,10,,,,
1145,8/21/2017 10:00,77.225,13,,,,
1146,8/21/2017 11:00,77.923,19,,,,
1147,8/21/2017 12:00,78.8,107,,,,
1148,8/21/2017 13:00,81.09,152,,,,
1149,8/21/2017 14:00,81.797,64,,,,
1150,8/21/2017 15:00,81.266,45,,,,
1151,8/21/2017 16:00,81.797,22,,,,
1152,8/21/2017 17:00,81.975,25,,,,
1153,8/21/2017 18:00,81.621,12,,,,
1154,8/21/2017 19:00,81.442,6,,,,
1155,8/21/2017 20:00,81.266,0,,,,
1156,8/21/2017 21:00,80.911,0,,,,
1157,8/21/2017 22:00,80.735,0,,,,
1158,8/21/2017 23:00,80.382,0,,,,
1159,8/22/2017 0:00,80.206,0,,,,
1160,8/22/2017 1:00,80.206,0,,,,
1161,8/22/2017 2:00,79.502,0,,,,
1162,8/22/2017 3:00,79.326,0,,,,
1163,8/22/2017 4:00,78.975,0,,,,
1164,8/22/2017 5:00,78.8,0,,,,
1165,8/22/2017 6:00,78.449,0,,,,
1166,8/22/2017 7:00,78.274,0,,,,
1167,8/22/2017 8:00,77.923,1,,,,
1168,8/22/2017 9:00,77.749,3,,,,
1169,8/22/2017 10:00,77.574,6,,,,
1170,8/22/2017 11:00,77.574,8,,,,
1171,8/22/2017 12:00,77.574,19,,,,
1172,8/22/2017 13:00,78.098,117,,,,
1173,8/22/2017 14:00,78.274,22,,,,
1174,8/22/2017 15:00,78.449,54,,,,
1175,8/22/2017 16:00,79.151,62,,,,
1176,8/22/2017 17:00,79.326,43,,,,
1177,8/22/2017 18:00,78.975,7,,,,
1178,8/22/2017 19:00,78.624,5,,,,
1179,8/22/2017 20:00,78.449,1,,,,
1180,8/22/2017 21:00,78.098,0,,,,
1181,8/22/2017 22:00,77.923,0,,,,
1182,8/22/2017 23:00,77.574,0,,,,
1183,8/23/2017 0:00,77.225,0,,,,
1184,8/23/2017 1:00,76.876,0,,,,
1185,8/23/2017 2:00,76.354,0,,,,
1186,8/23/2017 3:00,76.006,0,,,,
1187,8/23/2017 4:00,75.659,0,,,,
1188,8/23/2017 5:00,74.964,0,,,,
1189,8/23/2017 6:00,74.619,0,,,,
1190,8/23/2017 7:00,74.098,0,,,,
1191,8/23/2017 8:00,73.753,2,,,,
1192,8/23/2017 9:00,73.753,4,,,,
1193,8/23/2017 10:00,74.098,8,,,,
1194,8/23/2017 11:00,74.446,17,,,,
1195,8/23/2017 12:00,75.139,136,,,,
1196,8/23/2017 13:00,75.484,57,,,,
1197,8/23/2017 14:00,76.006,144,,,,
1198,8/23/2017 15:00,76.181,105,,,,
1199,8/23/2017 16:00,76.354,25,,,,
1200,8/23/2017 17:00,76.528,55,,,,
1201,8/23/2017 18:00,76.006,5,,,,
1202,8/23/2017 19:00,75.659,4,,,,
1203,8/23/2017 20:00,75.484,2,,,,
1204,8/23/2017 21:00,75.312,0,,,,
1205,8/23/2017 22:00,75.139,0,,,,
1206,8/23/2017 23:00,74.964,0,,,,
1207,8/24/2017 0:00,74.619,0,,,,
1208,8/24/2017 1:00,74.446,0,,,,
1209,8/24/2017 2:00,74.098,0,,,,
1210,8/24/2017 3:00,73.926,0,,,,
1211,8/24/2017 4:00,73.58,0,,,,
1212,8/24/2017 5:00,73.234,0,,,,
1213,8/24/2017 6:00,73.062,0,,,,
1214,8/24/2017 7:00,72.718,0,,,,
1215,8/24/2017 8:00,72.545,4,,,,
1216,8/24/2017 9:00,72.372,8,,,,
1217,8/24/2017 10:00,72.372,15,,,,
1218,8/24/2017 11:00,73.062,27,,,,
1219,8/24/2017 12:00,73.926,62,,,,
1220,8/24/2017 13:00,74.098,92,,,,
1221,8/24/2017 14:00,73.753,17,,,,
1222,8/24/2017 15:00,73.753,22,,,,
1223,8/24/2017 16:00,73.753,18,,,,
1224,8/24/2017 17:00,73.58,11,,,,
1225,8/24/2017 18:00,73.407,14,,,,
1226,8/24/2017 19:00,73.234,6,,,,
1227,8/24/2017 20:00,73.062,0,,,,
1228,8/24/2017 21:00,72.891,0,,,,
1229,8/24/2017 22:00,72.545,0,,,,
1230,8/24/2017 23:00,72.199,0,,,,
1231,8/25/2017 0:00,72.028,0,,,,
1232,8/25/2017 1:00,71.856,0,,,,
1233,8/25/2017 2:00,71.512,0,,,,
1234,8/25/2017 3:00,71.339,0,,,,
1235,8/25/2017 4:00,70.995,0,,,,
1236,8/25/2017 5:00,70.824,0,,,,
1237,8/25/2017 6:00,70.651,0,,,,
1238,8/25/2017 7:00,70.308,0,,,,
1239,8/25/2017 8:00,70.137,4,,,,
1240,8/25/2017 9:00,69.964,7,,,,
1241,8/25/2017 10:00,70.137,12,,,,
1242,8/25/2017 11:00,71.168,18,,,,
1243,8/25/2017 12:00,72.028,160,,,,
1244,8/25/2017 13:00,73.58,184,,,,
1245,8/25/2017 14:00,73.753,184,,,,
1246,8/25/2017 15:00,74.098,23,,,,
1247,8/25/2017 16:00,74.446,71,,,,
1248,8/25/2017 17:00,74.619,17,,,,
1249,8/25/2017 18:00,74.098,8,,,,
1250,8/25/2017 19:00,73.58,5,,,,
1251,8/25/2017 20:00,73.234,0,,,,
1252,8/25/2017 21:00,72.718,0,,,,
1253,8/25/2017 22:00,72.372,0,,,,
1254,8/25/2017 23:00,72.028,0,,,,
1255,8/26/2017 0:00,71.683,0,,,,
1256,8/26/2017 1:00,71.512,0,,,,
1257,8/26/2017 2:00,71.168,0,,,,
1258,8/26/2017 3:00,70.995,0,,,,
1259,8/26/2017 4:00,70.651,0,,,,
1260,8/26/2017 5:00,70.48,0,,,,
1261,8/26/2017 6:00,70.137,0,,,,
1262,8/26/2017 7:00,69.964,0,,,,
1263,8/26/2017 8:00,69.793,4,,,,
1264,8/26/2017 9:00,69.622,9,,,,
1265,8/26/2017 10:00,70.308,16,,,,
1266,8/26/2017 11:00,71.168,30,,,,
1267,8/26/2017 12:00,72.372,42,,,,
1268,8/26/2017 13:00,73.407,47,,,,
1269,8/26/2017 14:00,74.271,168,,,,
1270,8/26/2017 15:00,75.484,115,,,,
1271,8/26/2017 16:00,75.484,77,,,,
1272,8/26/2017 17:00,74.964,53,,,,
1273,8/26/2017 18:00,76.006,13,,,,
1274,8/26/2017 19:00,75.312,8,,,,
1275,8/26/2017 20:00,74.619,0,,,,
1276,8/26/2017 21:00,74.098,0,,,,
1277,8/26/2017 22:00,73.58,0,,,,
1278,8/26/2017 23:00,73.062,0,,,,
1279,8/27/2017 0:00,72.718,0,,,,
1280,8/27/2017 1:00,72.372,0,,,,
1281,8/27/2017 2:00,72.028,0,,,,
1282,8/27/2017 3:00,71.856,0,,,,
1283,8/27/2017 4:00,71.683,0,,,,
1284,8/27/2017 5:00,71.339,0,,,,
1285,8/27/2017 6:00,71.168,0,,,,
1286,8/27/2017 7:00,70.995,0,,,,
1287,8/27/2017 8:00,70.824,1,,,,
1288,8/27/2017 9:00,70.824,7,,,,
1289,8/27/2017 10:00,70.824,18,,,,
1290,8/27/2017 11:00,71.168,18,,,,
1291,8/27/2017 12:00,72.372,160,,,,
1292,8/27/2017 13:00,73.234,112,,,,
1293,8/27/2017 14:00,74.098,53,,,,
1294,8/27/2017 15:00,75.139,74,,,,
1295,8/27/2017 16:00,75.659,53,,,,
1296,8/27/2017 17:00,75.659,29,,,,
1297,8/27/2017 18:00,75.139,11,,,,
1298,8/27/2017 19:00,74.791,5,,,,
1299,8/27/2017 20:00,74.271,0,,,,
1300,8/27/2017 21:00,73.926,0,,,,
1301,8/27/2017 22:00,73.58,0,,,,
1302,8/27/2017 23:00,73.407,0,,,,
1303,8/28/2017 0:00,73.234,0,,,,
1304,8/28/2017 1:00,73.062,0,,,,
1305,8/28/2017 2:00,72.891,0,,,,
1306,8/28/2017 3:00,72.718,0,,,,
1307,8/28/2017 4:00,72.372,0,,,,
1308,8/28/2017 5:00,72.199,0,,,,
1309,8/28/2017 6:00,72.028,0,,,,
1310,8/28/2017 7:00,71.856,0,,,,
1311,8/28/2017 8:00,71.683,5,,,,
1312,8/28/2017 9:00,71.683,10,,,,
1313,8/28/2017 10:00,71.856,14,,,,
1314,8/28/2017 11:00,72.028,29,,,,
1315,8/28/2017 12:00,72.028,13,,,,
1316,8/28/2017 13:00,72.028,14,,,,
1317,8/28/2017 14:00,72.028,11,,,,
1318,8/28/2017 15:00,72.028,12,,,,
1319,8/28/2017 16:00,72.199,12,,,,
1320,8/28/2017 17:00,72.028,0,,,,
1321,8/28/2017 18:00,71.339,2,,,,
1322,8/28/2017 19:00,71.339,4,,,,
1323,8/28/2017 20:00,71.339,0,,,,
1324,8/28/2017 21:00,71.168,0,,,,
1325,8/28/2017 22:00,70.995,0,,,,
1326,8/28/2017 23:00,70.995,0,,,,
1327,8/29/2017 0:00,70.824,0,,,,
1328,8/29/2017 1:00,70.824,0,,,,
1329,8/29/2017 2:00,70.651,0,,,,
1330,8/29/2017 3:00,70.48,0,,,,
1331,8/29/2017 4:00,70.48,0,,,,
1332,8/29/2017 5:00,70.308,0,,,,
1333,8/29/2017 6:00,70.308,0,,,,
1334,8/29/2017 7:00,70.137,0,,,,
1335,8/29/2017 8:00,70.137,1,,,,
1336,8/29/2017 9:00,70.137,1,,,,
1337,8/29/2017 10:00,70.308,17,,,,
1338,8/29/2017 11:00,70.48,8,,,,
1339,8/29/2017 12:00,70.824,25,,,,
1340,8/29/2017 13:00,70.995,27,,,,
1341,8/29/2017 14:00,71.683,118,,,,
1342,8/29/2017 15:00,72.028,5,,,,
1343,8/29/2017 16:00,71.856,6,,,,
1344,8/29/2017 17:00,71.856,12,,,,
1345,8/29/2017 18:00,71.856,11,,,,
1346,8/29/2017 19:00,71.856,7,,,,
1347,8/29/2017 20:00,71.683,0,,,,
1348,8/29/2017 21:00,71.512,0,,,,
1349,8/29/2017 22:00,71.512,0,,,,
1350,8/29/2017 23:00,71.339,0,,,,
1351,8/30/2017 0:00,71.168,0,,,,
1352,8/30/2017 1:00,71.168,0,,,,
1353,8/30/2017 2:00,70.995,0,,,,
1354,8/30/2017 3:00,70.824,0,,,,
1355,8/30/2017 4:00,70.824,0,,,,
1356,8/30/2017 5:00,70.651,0,,,,
1357,8/30/2017 6:00,70.48,0,,,,
1358,8/30/2017 7:00,70.48,0,,,,
1359,8/30/2017 8:00,70.48,1,,,,
1360,8/30/2017 9:00,70.308,5,,,,
1361,8/30/2017 10:00,70.48,17,,,,
1362,8/30/2017 11:00,70.995,10,,,,
1363,8/30/2017 12:00,72.199,24,,,,
1364,8/30/2017 13:00,72.891,208,,,,
1365,8/30/2017 14:00,73.753,152,,,,
1366,8/30/2017 15:00,75.832,113,,,,
1367,8/30/2017 16:00,76.354,14,,,,
1368,8/30/2017 17:00,76.876,41,,,,
1369,8/30/2017 18:00,76.876,14,,,,
1370,8/30/2017 19:00,76.703,2,,,,
1371,8/30/2017 20:00,76.703,0,,,,
1372,8/30/2017 21:00,76.354,0,,,,
1373,8/30/2017 22:00,76.181,0,,,,
1374,8/30/2017 23:00,75.832,0,,,,
1375,8/31/2017 0:00,75.484,0,,,,
1376,8/31/2017 1:00,75.139,0,,,,
1377,8/31/2017 2:00,74.964,0,,,,
1378,8/31/2017 3:00,74.791,0,,,,
1379,8/31/2017 4:00,74.619,0,,,,
1380,8/31/2017 5:00,74.271,0,,,,
1381,8/31/2017 6:00,74.098,0,,,,
1382,8/31/2017 7:00,73.753,0,,,,
1383,8/31/2017 8:00,73.58,4,,,,
1384,8/31/2017 9:00,73.234,11,,,,
1385,8/31/2017 10:00,73.234,18,,,,
1386,8/31/2017 11:00,73.58,26,,,,
1387,8/31/2017 12:00,73.753,35,,,,
1388,8/31/2017 13:00,73.926,45,,,,
1389,8/31/2017 14:00,74.619,168,,,,
1390,8/31/2017 15:00,75.312,40,,,,
1391,8/31/2017 16:00,75.484,91,,,,
1392,8/31/2017 17:00,75.312,57,,,,
1393,8/31/2017 18:00,74.791,8,,,,
1394,8/31/2017 19:00,74.098,3,,,,
1395,8/31/2017 20:00,73.407,0,,,,
1396,8/31/2017 21:00,72.891,0,,,,
1397,8/31/2017 22:00,72.545,0,,,,
1398,8/31/2017 23:00,72.199,0,,,,
1399,9/1/2017 0:00,71.856,0,,,,
1400,9/1/2017 1:00,71.512,0,,,,
1401,9/1/2017 2:00,71.168,0,,,,
1402,9/1/2017 3:00,70.824,0,,,,
1403,9/1/2017 4:00,70.48,0,,,,
1404,9/1/2017 5:00,69.964,0,,,,
1405,9/1/2017 6:00,69.793,0,,,,
1406,9/1/2017 7:00,69.449,0,,,,
1407,9/1/2017 8:00,69.107,3,,,,
1408,9/1/2017 9:00,68.763,9,,,,
1409,9/1/2017 10:00,68.763,11,,,,
1410,9/1/2017 11:00,69.107,17,,,,
1411,9/1/2017 12:00,69.793,136,,,,
1412,9/1/2017 13:00,70.137,122,,,,
1413,9/1/2017 14:00,70.651,144,,,,
1414,9/1/2017 15:00,71.168,136,,,,
1415,9/1/2017 16:00,71.339,68,,,,
1416,9/1/2017 17:00,71.168,37,,,,
1417,9/1/2017 18:00,70.824,13,,,,
1418,9/1/2017 19:00,70.651,6,,,,
1419,9/1/2017 20:00,70.308,0,,,,
1420,9/1/2017 21:00,70.137,0,,,,
1421,9/1/2017 22:00,69.964,0,,,,
1422,9/1/2017 23:00,69.622,0,,,,
1423,9/2/2017 0:00,69.278,0,,,,
1424,9/2/2017 1:00,68.934,0,,,,
1425,9/2/2017 2:00,68.763,0,,,,
1426,9/2/2017 3:00,68.592,0,,,,
1427,9/2/2017 4:00,68.248,0,,,,
1428,9/2/2017 5:00,68.077,0,,,,
1429,9/2/2017 6:00,67.735,0,,,,
1430,9/2/2017 7:00,67.221,0,,,,
1431,9/2/2017 8:00,67.05,3,,,,
1432,9/2/2017 9:00,67.05,7,,,,
1433,9/2/2017 10:00,67.221,10,,,,
1434,9/2/2017 11:00,67.392,22,,,,
1435,9/2/2017 12:00,68.763,224,,,,
1436,9/2/2017 13:00,69.964,192,,,,
1437,9/2/2017 14:00,70.995,176,,,,
1438,9/2/2017 15:00,71.683,56,,,,
1439,9/2/2017 16:00,71.856,19,,,,
1440,9/2/2017 17:00,71.683,18,,,,
1441,9/2/2017 18:00,71.339,10,,,,
1442,9/2/2017 19:00,70.995,3,,,,
1443,9/2/2017 20:00,70.824,0,,,,
1444,9/2/2017 21:00,70.48,0,,,,
1445,9/2/2017 22:00,70.137,0,,,,
1446,9/2/2017 23:00,69.964,0,,,,
1447,9/3/2017 0:00,69.793,0,,,,
1448,9/3/2017 1:00,69.622,0,,,,
1449,9/3/2017 2:00,69.278,0,,,,
1450,9/3/2017 3:00,69.107,0,,,,
1451,9/3/2017 4:00,68.934,0,,,,
1452,9/3/2017 5:00,68.763,0,,,,
1453,9/3/2017 6:00,68.592,0,,,,
1454,9/3/2017 7:00,68.248,0,,,,
1455,9/3/2017 8:00,68.077,5,,,,
1456,9/3/2017 9:00,67.906,20,,,,
1457,9/3/2017 10:00,68.077,42,,,,
1458,9/3/2017 11:00,68.248,43,,,,
1459,9/3/2017 12:00,68.421,56,,,,
1460,9/3/2017 13:00,68.934,90,,,,
1461,9/3/2017 14:00,69.622,256,,,,
1462,9/3/2017 15:00,70.137,144,,,,
1463,9/3/2017 16:00,70.824,49,,,,
1464,9/3/2017 17:00,70.995,36,,,,
1465,9/3/2017 18:00,70.824,9,,,,
1466,9/3/2017 19:00,70.824,2,,,,
1467,9/3/2017 20:00,70.651,0,,,,
1468,9/3/2017 21:00,70.48,0,,,,
1469,9/3/2017 22:00,70.308,0,,,,
1470,9/3/2017 23:00,69.964,0,,,,
1471,9/4/2017 0:00,69.793,0,,,,
1472,9/4/2017 1:00,69.622,0,,,,
1473,9/4/2017 2:00,69.449,0,,,,
1474,9/4/2017 3:00,69.278,0,,,,
1475,9/4/2017 4:00,68.934,0,,,,
1476,9/4/2017 5:00,68.763,0,,,,
1477,9/4/2017 6:00,68.421,0,,,,
1478,9/4/2017 7:00,68.077,0,,,,
1479,9/4/2017 8:00,67.906,2,,,,
1480,9/4/2017 9:00,67.735,6,,,,
1481,9/4/2017 10:00,67.906,53,,,,
1482,9/4/2017 11:00,68.248,61,,,,
1483,9/4/2017 12:00,69.107,152,,,,
1484,9/4/2017 13:00,69.964,184,,,,
1485,9/4/2017 14:00,70.824,304,,,,
1486,9/4/2017 15:00,71.339,200,,,,
1487,9/4/2017 16:00,71.512,176,,,,
1488,9/4/2017 17:00,71.856,34,,,,
1489,9/4/2017 18:00,71.683,7,,,,
1490,9/4/2017 19:00,71.339,3,,,,
1491,9/4/2017 20:00,71.168,0,,,,
1492,9/4/2017 21:00,70.995,0,,,,
1493,9/4/2017 22:00,70.824,0,,,,
1494,9/4/2017 23:00,70.651,0,,,,
1495,9/5/2017 0:00,70.48,0,,,,
1496,9/5/2017 1:00,70.308,0,,,,
1497,9/5/2017 2:00,69.964,0,,,,
1498,9/5/2017 3:00,69.793,0,,,,
1499,9/5/2017 4:00,69.622,0,,,,
1500,9/5/2017 5:00,69.449,0,,,,
1501,9/5/2017 6:00,69.107,0,,,,
1502,9/5/2017 7:00,68.934,0,,,,
1503,9/5/2017 8:00,68.592,2,,,,
1504,9/5/2017 9:00,68.421,8,,,,
1505,9/5/2017 10:00,68.421,29,,,,
1506,9/5/2017 11:00,69.278,54,,,,
1507,9/5/2017 12:00,70.48,208,,,,
1508,9/5/2017 13:00,70.995,56,,,,
1509,9/5/2017 14:00,71.168,55,,,,
1510,9/5/2017 15:00,71.168,200,,,,
1511,9/5/2017 16:00,71.339,480,,,,
1512,9/5/2017 17:00,71.339,336,,,,
1513,9/5/2017 18:00,70.995,116,,,,
1514,9/5/2017 19:00,70.651,78,,,,
1515,9/5/2017 20:00,70.308,4,,,,
1516,9/5/2017 21:00,70.308,0,,,,
1517,9/5/2017 22:00,70.137,0,,,,
1518,9/5/2017 23:00,69.793,0,,,,
1519,9/6/2017 0:00,69.622,0,,,,
1520,9/6/2017 1:00,69.449,0,,,,
1521,9/6/2017 2:00,69.107,0,,,,
1522,9/6/2017 3:00,68.934,0,,,,
1523,9/6/2017 4:00,68.763,0,,,,
1524,9/6/2017 5:00,68.248,0,,,,
1525,9/6/2017 6:00,67.906,0,,,,
1526,9/6/2017 7:00,67.564,0,,,,
1527,9/6/2017 8:00,67.221,29,,,,
1528,9/6/2017 9:00,67.05,35,,,,
1529,9/6/2017 10:00,67.392,34,,,,
1530,9/6/2017 11:00,68.248,75,,,,
1531,9/6/2017 12:00,69.278,200,,,,
1532,9/6/2017 13:00,69.449,320,,,,
1533,9/6/2017 14:00,70.137,240,,,,
1534,9/6/2017 15:00,70.995,176,,,,
1535,9/6/2017 16:00,71.168,464,,,,
1536,9/6/2017 17:00,71.339,128,,,,
1537,9/6/2017 18:00,70.995,89,,,,
1538,9/6/2017 19:00,70.824,20,,,,
1539,9/6/2017 20:00,70.48,0,,,,
1540,9/6/2017 21:00,70.308,0,,,,
1541,9/6/2017 22:00,69.964,0,,,,
1542,9/6/2017 23:00,69.622,0,,,,
1543,9/7/2017 0:00,69.449,0,,,,
1544,9/7/2017 1:00,69.107,0,,,,
1545,9/7/2017 2:00,68.763,0,,,,
1546,9/7/2017 3:00,68.421,0,,,,
1547,9/7/2017 4:00,68.077,0,,,,
1548,9/7/2017 5:00,67.735,0,,,,
1549,9/7/2017 6:00,67.392,0,,,,
1550,9/7/2017 7:00,66.879,0,,,,
1551,9/7/2017 8:00,66.708,4,,,,
1552,9/7/2017 9:00,66.366,6,,,,
1553,9/7/2017 10:00,66.708,8,,,,
1554,9/7/2017 11:00,67.392,22,,,,
1555,9/7/2017 12:00,67.735,36,,,,
1556,9/7/2017 13:00,68.592,98,,,,
1557,9/7/2017 13:34,,,,Logged,,
1558,9/7/2017 13:34,,,Logged,,,
1559,9/7/2017 13:34,,,,,Logged,
1560,9/7/2017 14:00,68.934,160,,,,
1561,9/7/2017 15:00,68.934,121,,,,
1562,9/7/2017 16:00,68.763,100,,,,
1563,9/7/2017 17:00,68.763,28,,,,
1564,9/7/2017 18:00,68.077,24,,,,
1565,9/7/2017 19:00,67.906,11,,,,
1566,9/7/2017 20:00,67.735,0,,,,
1567,9/7/2017 21:00,67.564,0,,,,
1568,9/7/2017 22:00,67.221,0,,,,
1569,9/7/2017 23:00,67.05,0,,,,
1570,9/8/2017 0:00,66.879,0,,,,
1571,9/8/2017 1:00,66.537,0,,,,
1572,9/8/2017 2:00,66.193,0,,,,
1573,9/8/2017 3:00,65.851,0,,,,
1574,9/8/2017 4:00,65.509,0,,,,
1575,9/8/2017 5:00,65.167,0,,,,
1576,9/8/2017 6:00,64.825,0,,,,
1577,9/8/2017 7:00,64.481,0,,,,
1578,9/8/2017 8:00,64.31,11,,,,
1579,9/8/2017 9:00,64.139,24,,,,
1580,9/8/2017 10:00,64.31,26,,,,
1581,9/8/2017 11:00,65.167,69,,,,
1582,9/8/2017 12:00,65.851,352,,,,
1583,9/8/2017 13:00,67.221,480,,,,
1584,9/8/2017 14:00,67.05,576,,,,
1585,9/8/2017 15:00,68.077,119,,,,
1586,9/8/2017 16:00,67.906,288,,,,
1587,9/8/2017 17:00,67.906,144,,,,
1588,9/8/2017 18:00,68.763,33,,,,
1589,9/8/2017 19:00,68.077,9,,,,
1590,9/8/2017 20:00,67.564,0,,,,
1591,9/8/2017 21:00,67.05,0,,,,
1592,9/8/2017 22:00,66.708,0,,,,
1593,9/8/2017 23:00,66.366,0,,,,
1594,9/9/2017 0:00,66.193,0,,,,
1595,9/9/2017 1:00,65.851,0,,,,
1596,9/9/2017 2:00,65.68,0,,,,
1597,9/9/2017 3:00,65.338,0,,,,
1598,9/9/2017 4:00,65.167,0,,,,
1599,9/9/2017 5:00,64.825,0,,,,
1600,9/9/2017 6:00,64.652,0,,,,
1601,9/9/2017 7:00,64.31,0,,,,
1602,9/9/2017 8:00,64.139,11,,,,
1603,9/9/2017 9:00,64.139,17,,,,
1604,9/9/2017 10:00,64.31,27,,,,
1605,9/9/2017 11:00,64.825,72,,,,
1606,9/9/2017 12:00,66.366,320,,,,
1607,9/9/2017 13:00,66.879,152,,,,
1608,9/9/2017 14:00,67.221,111,,,,
1609,9/9/2017 15:00,67.564,116,,,,
1610,9/9/2017 16:00,67.221,136,,,,
1611,9/9/2017 17:00,67.221,112,,,,
1612,9/9/2017 18:00,66.879,43,,,,
1613,9/9/2017 19:00,66.879,24,,,,
1614,9/9/2017 20:00,66.366,0,,,,
1615,9/9/2017 21:00,66.022,0,,,,
1616,9/9/2017 22:00,65.68,0,,,,
1617,9/9/2017 23:00,65.338,0,,,,
1618,9/10/2017 0:00,65.338,0,,,,
1619,9/10/2017 1:00,64.996,0,,,,
1620,9/10/2017 2:00,64.825,0,,,,
1621,9/10/2017 3:00,64.652,0,,,,
1622,9/10/2017 4:00,64.481,0,,,,
1623,9/10/2017 5:00,64.139,0,,,,
1624,9/10/2017 6:00,63.797,0,,,,
1625,9/10/2017 7:00,63.626,0,,,,
1626,9/10/2017 8:00,63.455,14,,,,
1627,9/10/2017 9:00,63.282,34,,,,
1628,9/10/2017 10:00,63.626,55,,,,
1629,9/10/2017 11:00,64.139,124,,,,
1630,9/10/2017 12:00,65.509,432,,,,
1631,9/10/2017 13:00,66.537,608,,,,
1632,9/10/2017 14:00,67.735,464,,,,
1633,9/10/2017 15:00,68.592,248,,,,
1634,9/10/2017 16:00,69.107,480,,,,
1635,9/10/2017 17:00,69.107,125,,,,
1636,9/10/2017 18:00,69.278,9,,,,
1637,9/10/2017 19:00,69.107,4,,,,
1638,9/10/2017 20:00,68.763,0,,,,
1639,9/10/2017 21:00,68.248,0,,,,
1640,9/10/2017 22:00,67.735,0,,,,
1641,9/10/2017 23:00,67.221,0,,,,
1642,9/11/2017 0:00,66.879,0,,,,
1643,9/11/2017 1:00,66.537,0,,,,
1644,9/11/2017 2:00,66.193,0,,,,
1645,9/11/2017 3:00,65.851,0,,,,
1646,9/11/2017 4:00,65.509,0,,,,
1647,9/11/2017 5:00,65.338,0,,,,
1648,9/11/2017 6:00,65.167,0,,,,
1649,9/11/2017 7:00,64.996,0,,,,
1650,9/11/2017 8:00,64.825,4,,,,
1651,9/11/2017 9:00,64.652,10,,,,
1652,9/11/2017 10:00,64.825,17,,,,
1653,9/11/2017 11:00,65.509,31,,,,
1654,9/11/2017 12:00,67.221,352,,,,
1655,9/11/2017 13:00,68.592,288,,,,
1656,9/11/2017 14:00,68.077,256,,,,
1657,9/11/2017 15:00,72.199,122,,,,
1658,9/11/2017 16:00,72.199,64,,,,
1659,9/11/2017 17:00,71.683,28,,,,
1660,9/11/2017 18:00,71.512,19,,,,
1661,9/11/2017 19:00,71.512,8,,,,
1662,9/11/2017 20:00,70.995,0,,,,
1663,9/11/2017 21:00,69.107,0,,,,
1664,9/11/2017 22:00,67.906,0,,,,
1665,9/11/2017 23:00,67.564,0,,,,
1666,9/12/2017 0:00,67.392,0,,,,
1667,9/12/2017 1:00,66.879,0,,,,
1668,9/12/2017 2:00,66.537,0,,,,
1669,9/12/2017 3:00,66.193,0,,,,
1670,9/12/2017 4:00,65.851,0,,,,
1671,9/12/2017 5:00,65.68,0,,,,
1672,9/12/2017 6:00,65.509,0,,,,
1673,9/12/2017 7:00,65.338,0,,,,
1674,9/12/2017 8:00,65.167,5,,,,
1675,9/12/2017 9:00,64.996,12,,,,
1676,9/12/2017 10:00,65.167,24,,,,
1677,9/12/2017 11:00,66.193,43,,,,
1678,9/12/2017 12:00,67.564,256,,,,
1679,9/12/2017 13:00,68.248,200,,,,
1680,9/12/2017 14:00,69.793,240,,,,
1681,9/12/2017 15:00,69.793,68,,,,
1682,9/12/2017 16:00,69.964,39,,,,
1683,9/12/2017 17:00,69.964,25,,,,
1684,9/12/2017 18:00,69.793,15,,,,
1685,9/12/2017 19:00,68.763,2,,,,
1686,9/12/2017 20:00,68.421,0,,,,
1687,9/12/2017 21:00,68.077,0,,,,
1688,9/12/2017 22:00,67.564,0,,,,
1689,9/12/2017 23:00,67.221,0,,,,
1690,9/13/2017 0:00,66.879,0,,,,
1691,9/13/2017 1:00,66.708,0,,,,
1692,9/13/2017 2:00,66.537,0,,,,
1693,9/13/2017 3:00,66.193,0,,,,
1694,9/13/2017 4:00,66.022,0,,,,
1695,9/13/2017 5:00,65.851,0,,,,
1696,9/13/2017 6:00,65.68,0,,,,
1697,9/13/2017 7:00,65.68,0,,,,
1698,9/13/2017 8:00,65.509,2,,,,
1699,9/13/2017 9:00,65.509,11,,,,
1700,9/13/2017 10:00,65.68,19,,,,
1701,9/13/2017 11:00,66.193,19,,,,
1702,9/13/2017 12:00,67.05,27,,,,
1703,9/13/2017 13:00,69.793,192,,,,
1704,9/13/2017 14:00,70.995,54,,,,
1705,9/13/2017 15:00,70.651,10,,,,
1706,9/13/2017 16:00,70.995,23,,,,
1707,9/13/2017 17:00,70.995,21,,,,
1708,9/13/2017 18:00,70.651,7,,,,
1709,9/13/2017 19:00,70.651,2,,,,
1710,9/13/2017 20:00,69.793,0,,,,
1711,9/13/2017 21:00,69.278,0,,,,
1712,9/13/2017 22:00,68.934,0,,,,
1713,9/13/2017 23:00,68.763,0,,,,
1714,9/14/2017 0:00,68.592,0,,,,
1715,9/14/2017 1:00,68.421,0,,,,
1716,9/14/2017 2:00,68.248,0,,,,
1717,9/14/2017 3:00,68.077,0,,,,
1718,9/14/2017 4:00,67.906,0,,,,
1719,9/14/2017 5:00,67.735,0,,,,
1720,9/14/2017 6:00,67.564,0,,,,
1721,9/14/2017 7:00,67.392,0,,,,
1722,9/14/2017 8:00,67.392,1,,,,
1723,9/14/2017 9:00,67.221,5,,,,
1724,9/14/2017 10:00,67.392,17,,,,
1725,9/14/2017 11:00,68.077,12,,,,
1726,9/14/2017 12:00,69.107,168,,,,
1727,9/14/2017 13:00,69.449,168,,,,
1728,9/14/2017 14:00,69.622,85,,,,
1729,9/14/2017 15:00,70.308,17,,,,
1730,9/14/2017 16:00,72.891,23,,,,
1731,9/14/2017 17:00,73.407,8,,,,
1732,9/14/2017 18:00,74.098,11,,,,
1733,9/14/2017 19:00,73.926,2,,,,
1734,9/14/2017 20:00,73.926,0,,,,
1735,9/14/2017 21:00,73.407,0,,,,
1736,9/14/2017 22:00,72.891,0,,,,
1737,9/14/2017 23:00,72.372,0,,,,
1738,9/15/2017 0:00,72.028,0,,,,
1739,9/15/2017 1:00,71.512,0,,,,
1740,9/15/2017 2:00,71.168,0,,,,
1741,9/15/2017 3:00,70.824,0,,,,
1742,9/15/2017 4:00,70.48,0,,,,
1743,9/15/2017 5:00,70.137,0,,,,
1744,9/15/2017 6:00,69.622,0,,,,
1745,9/15/2017 7:00,69.449,0,,,,
1746,9/15/2017 8:00,69.107,3,,,,
1747,9/15/2017 9:00,68.934,8,,,,
1748,9/15/2017 10:00,69.278,18,,,,
1749,9/15/2017 11:00,69.793,33,,,,
1750,9/15/2017 12:00,70.651,208,,,,
1751,9/15/2017 13:00,71.168,192,,,,
1752,9/15/2017 14:00,72.028,98,,,,
1753,9/15/2017 15:00,73.58,40,,,,
1754,9/15/2017 16:00,74.098,23,,,,
1755,9/15/2017 17:00,74.791,20,,,,
1756,9/15/2017 18:00,74.446,8,,,,
1757,9/15/2017 19:00,74.446,2,,,,
1758,9/15/2017 20:00,74.098,0,,,,
1759,9/15/2017 21:00,73.753,0,,,,
1760,9/15/2017 22:00,73.407,0,,,,
1761,9/15/2017 23:00,72.891,0,,,,
1762,9/16/2017 0:00,72.545,0,,,,
1763,9/16/2017 1:00,72.199,0,,,,
1764,9/16/2017 2:00,71.683,0,,,,
1765,9/16/2017 3:00,71.339,0,,,,
1766,9/16/2017 4:00,70.995,0,,,,
1767,9/16/2017 5:00,70.651,0,,,,
1768,9/16/2017 6:00,70.308,0,,,,
1769,9/16/2017 7:00,70.137,0,,,,
1770,9/16/2017 8:00,69.793,28,,,,
1771,9/16/2017 9:00,69.793,77,,,,
1772,9/16/2017 10:00,69.964,119,,,,
1773,9/16/2017 11:00,70.651,200,,,,
1774,9/16/2017 12:00,72.891,608,,,,
1775,9/16/2017 13:00,73.753,960,,,,
1776,9/16/2017 14:00,74.791,1536,,,,
1777,9/16/2017 15:00,74.964,512,,,,
1778,9/16/2017 16:00,74.446,800,,,,
1779,9/16/2017 17:00,74.964,232,,,,
1780,9/16/2017 18:00,74.446,83,,,,
1781,9/16/2017 19:00,73.58,22,,,,
1782,9/16/2017 20:00,73.407,0,,,,
1783,9/16/2017 21:00,73.234,0,,,,
1784,9/16/2017 22:00,72.891,0,,,,
1785,9/16/2017 23:00,72.545,0,,,,
1786,9/17/2017 0:00,72.199,0,,,,
1787,9/17/2017 1:00,72.028,0,,,,
1788,9/17/2017 2:00,71.683,0,,,,
1789,9/17/2017 3:00,71.339,0,,,,
1790,9/17/2017 4:00,71.168,0,,,,
1791,9/17/2017 5:00,70.995,0,,,,
1792,9/17/2017 6:00,70.824,0,,,,
1793,9/17/2017 7:00,70.651,0,,,,
1794,9/17/2017 8:00,70.48,33,,,,
1795,9/17/2017 9:00,70.48,91,,,,
1796,9/17/2017 10:00,70.651,121,,,,
1797,9/17/2017 11:00,71.683,208,,,,
1798,9/17/2017 12:00,73.062,576,,,,
1799,9/17/2017 13:00,74.791,1152,,,,
1800,9/17/2017 14:00,75.312,2560,,,,
1801,9/17/2017 15:00,75.312,384,,,,
1802,9/17/2017 16:00,76.006,1792,,,,
1803,9/17/2017 17:00,76.006,136,,,,
1804,9/17/2017 18:00,75.659,93,,,,
1805,9/17/2017 19:00,75.139,11,,,,
1806,9/17/2017 20:00,74.791,0,,,,
1807,9/17/2017 21:00,74.619,0,,,,
1808,9/17/2017 22:00,74.098,0,,,,
1809,9/17/2017 23:00,73.753,0,,,,
1810,9/18/2017 0:00,73.58,0,,,,
1811,9/18/2017 1:00,73.407,0,,,,
1812,9/18/2017 2:00,73.407,0,,,,
1813,9/18/2017 3:00,73.234,0,,,,
1814,9/18/2017 4:00,73.234,0,,,,
1815,9/18/2017 5:00,73.234,0,,,,
1816,9/18/2017 6:00,73.234,0,,,,
1817,9/18/2017 7:00,73.062,0,,,,
1818,9/18/2017 8:00,72.891,9,,,,
1819,9/18/2017 9:00,72.891,33,,,,
1820,9/18/2017 10:00,72.891,112,,,,
1821,9/18/2017 11:00,72.891,66,,,,
1822,9/18/2017 12:00,72.891,24,,,,
1823,9/18/2017 13:00,73.062,480,,,,
1824,9/18/2017 14:00,73.407,168,,,,
1825,9/18/2017 15:00,73.926,176,,,,
1826,9/18/2017 16:00,73.926,62,,,,
1827,9/18/2017 17:00,73.926,216,,,,
1828,9/18/2017 18:00,73.926,144,,,,
1829,9/18/2017 19:00,73.753,38,,,,
1830,9/18/2017 20:00,73.234,0,,,,
1831,9/18/2017 21:00,72.891,0,,,,
1832,9/18/2017 22:00,72.545,0,,,,
1833,9/18/2017 23:00,72.028,0,,,,
1834,9/19/2017 0:00,71.856,0,,,,
1835,9/19/2017 1:00,71.512,0,,,,
1836,9/19/2017 2:00,71.339,0,,,,
1837,9/19/2017 3:00,71.168,0,,,,
1838,9/19/2017 4:00,70.995,0,,,,
1839,9/19/2017 5:00,70.824,0,,,,
1840,9/19/2017 6:00,70.651,0,,,,
1841,9/19/2017 7:00,70.48,0,,,,
1842,9/19/2017 8:00,70.48,40,,,,
1843,9/19/2017 9:00,70.48,105,,,,
1844,9/19/2017 10:00,70.48,65,,,,
1845,9/19/2017 11:00,70.48,64,,,,
1846,9/19/2017 12:00,70.48,56,,,,
1847,9/19/2017 13:00,70.48,74,,,,
1848,9/19/2017 14:00,70.651,24,,,,
1849,9/19/2017 15:00,70.995,37,,,,
1850,9/19/2017 16:00,70.995,45,,,,
1851,9/19/2017 17:00,71.168,36,,,,
1852,9/19/2017 18:00,71.339,8,,,,
1853,9/19/2017 19:00,71.168,2,,,,
1854,9/19/2017 20:00,71.168,0,,,,
1855,9/19/2017 21:00,71.168,0,,,,
1856,9/19/2017 22:00,70.995,0,,,,
1857,9/19/2017 23:00,70.995,0,,,,
1858,9/20/2017 0:00,70.995,0,,,,
1859,9/20/2017 1:00,70.824,0,,,,
1860,9/20/2017 2:00,70.824,0,,,,
1861,9/20/2017 3:00,70.824,0,,,,
1862,9/20/2017 4:00,70.651,0,,,,
1863,9/20/2017 5:00,70.651,0,,,,
1864,9/20/2017 6:00,70.48,0,,,,
1865,9/20/2017 7:00,70.48,0,,,,
1866,9/20/2017 8:00,70.48,2,,,,
1867,9/20/2017 9:00,70.48,15,,,,
1868,9/20/2017 10:00,70.48,27,,,,
1869,9/20/2017 11:00,70.824,24,,,,
1870,9/20/2017 12:00,71.856,184,,,,
1871,9/20/2017 13:00,72.891,50,,,,
1872,9/20/2017 14:00,74.271,71,,,,
1873,9/20/2017 15:00,74.791,59,,,,
1874,9/20/2017 16:00,74.271,105,,,,
1875,9/20/2017 17:00,75.312,18,,,,
1876,9/20/2017 18:00,75.139,9,,,,
1877,9/20/2017 19:00,74.791,6,,,,
1878,9/20/2017 20:00,74.619,0,,,,
1879,9/20/2017 21:00,74.446,0,,,,
1880,9/20/2017 22:00,74.271,0,,,,
1881,9/20/2017 23:00,73.926,0,,,,
1882,9/21/2017 0:00,73.753,0,,,,
1883,9/21/2017 1:00,73.407,0,,,,
1884,9/21/2017 2:00,73.062,0,,,,
1885,9/21/2017 3:00,72.718,0,,,,
1886,9/21/2017 4:00,72.545,0,,,,
1887,9/21/2017 5:00,72.372,0,,,,
1888,9/21/2017 6:00,72.199,0,,,,
1889,9/21/2017 7:00,72.028,0,,,,
1890,9/21/2017 8:00,71.856,3,,,,
1891,9/21/2017 9:00,71.683,12,,,,
1892,9/21/2017 10:00,71.856,33,,,,
1893,9/21/2017 11:00,73.062,96,,,,
1894,9/21/2017 12:00,73.753,208,,,,
1895,9/21/2017 13:00,75.484,288,,,,
1896,9/21/2017 14:00,76.006,512,,,,
1897,9/21/2017 15:00,76.354,176,,,,
1898,9/21/2017 16:00,78.975,320,,,,
1899,9/21/2017 17:00,78.449,56,,,,
1900,9/21/2017 18:00,78.449,4,,,,
1901,9/21/2017 19:00,77.923,0,,,,
1902,9/21/2017 20:00,77.749,0,,,,
1903,9/21/2017 21:00,77.574,0,,,,
1904,9/21/2017 22:00,77.225,0,,,,
1905,9/21/2017 23:00,77.05,0,,,,
1906,9/22/2017 0:00,76.703,0,,,,
1907,9/22/2017 1:00,76.181,0,,,,
1908,9/22/2017 2:00,75.832,0,,,,
1909,9/22/2017 3:00,75.484,0,,,,
1910,9/22/2017 4:00,75.139,0,,,,
1911,9/22/2017 5:00,74.964,0,,,,
1912,9/22/2017 6:00,74.791,0,,,,
1913,9/22/2017 7:00,74.619,0,,,,
1914,9/22/2017 8:00,74.446,4,,,,
1915,9/22/2017 9:00,74.271,15,,,,
1916,9/22/2017 10:00,74.446,27,,,,
1917,9/22/2017 11:00,75.312,48,,,,
1918,9/22/2017 12:00,77.05,320,,,,
1919,9/22/2017 13:00,77.923,256,,,,
1920,9/22/2017 14:00,78.274,512,,,,
1921,9/22/2017 15:00,78.975,110,,,,
1922,9/22/2017 16:00,82.33,98,,,,
1923,9/22/2017 17:00,81.975,25,,,,
1924,9/22/2017 18:00,82.508,20,,,,
1925,9/22/2017 19:00,81.975,5,,,,
1926,9/22/2017 20:00,80.029,0,,,,
1927,9/22/2017 21:00,78.449,0,,,,
1928,9/22/2017 22:00,78.449,0,,,,
1929,9/22/2017 23:00,77.574,0,,,,
1930,9/23/2017 0:00,77.749,0,,,,
1931,9/23/2017 1:00,77.4,0,,,,
1932,9/23/2017 2:00,77.05,0,,,,
1933,9/23/2017 3:00,76.528,0,,,,
1934,9/23/2017 4:00,76.354,0,,,,
1935,9/23/2017 5:00,76.006,0,,,,
1936,9/23/2017 6:00,75.659,0,,,,
1937,9/23/2017 7:00,75.484,0,,,,
1938,9/23/2017 8:00,75.312,6,,,,
1939,9/23/2017 9:00,75.139,17,,,,
1940,9/23/2017 10:00,75.139,16,,,,
1941,9/23/2017 11:00,75.832,40,,,,
1942,9/23/2017 12:00,77.225,168,,,,
1943,9/23/2017 13:00,77.749,200,,,,
1944,9/23/2017 14:00,79.326,200,,,,
1945,9/23/2017 15:00,78.8,26,,,,
1946,9/23/2017 16:00,80.029,119,,,,
1947,9/23/2017 17:00,82.508,15,,,,
1948,9/23/2017 18:00,82.864,5,,,,
1949,9/23/2017 19:00,82.508,2,,,,
1950,9/23/2017 20:00,80.206,0,,,,
1951,9/23/2017 21:00,78.8,0,,,,
1952,9/23/2017 22:00,78.449,0,,,,
1953,9/23/2017 23:00,78.098,0,,,,
1954,9/24/2017 0:00,77.749,0,,,,
1955,9/24/2017 1:00,77.574,0,,,,
1956,9/24/2017 2:00,77.225,0,,,,
1957,9/24/2017 3:00,77.05,0,,,,
1958,9/24/2017 4:00,76.703,0,,,,
1959,9/24/2017 5:00,76.528,0,,,,
1960,9/24/2017 6:00,76.354,0,,,,
1961,9/24/2017 7:00,76.006,0,,,,
1962,9/24/2017 8:00,75.832,1,,,,
1963,9/24/2017 9:00,75.659,3,,,,
1964,9/24/2017 10:00,75.832,17,,,,
1965,9/24/2017 11:00,76.703,117,,,,
1966,9/24/2017 12:00,78.274,416,,,,
1967,9/24/2017 13:00,79.326,272,,,,
1968,9/24/2017 14:00,79.853,272,,,,
1969,9/24/2017 15:00,81.442,120,,,,
1970,9/24/2017 16:00,81.621,136,,,,
1971,9/24/2017 17:00,81.975,26,,,,
1972,9/24/2017 18:00,81.621,13,,,,
1973,9/24/2017 19:00,81.442,4,,,,
1974,9/24/2017 20:00,80.559,0,,,,
1975,9/24/2017 21:00,79.502,0,,,,
1976,9/24/2017 22:00,78.975,0,,,,
1977,9/24/2017 23:00,78.449,0,,,,
1978,9/25/2017 0:00,78.274,0,,,,
1979,9/25/2017 1:00,77.923,0,,,,
1980,9/25/2017 2:00,77.574,0,,,,
1981,9/25/2017 3:00,77.4,0,,,,
1982,9/25/2017 4:00,77.05,0,,,,
1983,9/25/2017 5:00,76.876,0,,,,
1984,9/25/2017 6:00,76.703,0,,,,
1985,9/25/2017 7:00,76.528,0,,,,
1986,9/25/2017 8:00,76.354,7,,,,
1987,9/25/2017 9:00,76.181,19,,,,
1988,9/25/2017 10:00,76.354,48,,,,
1989,9/25/2017 11:00,77.225,81,,,,
1990,9/25/2017 12:00,78.274,288,,,,
1991,9/25/2017 13:00,78.8,256,,,,
1992,9/25/2017 14:00,81.266,272,,,,
1993,9/25/2017 15:00,80.911,68,,,,
1994,9/25/2017 16:00,82.508,256,,,,
1995,9/25/2017 17:00,81.621,38,,,,
1996,9/25/2017 18:00,82.508,23,,,,
1997,9/25/2017 19:00,81.797,6,,,,
1998,9/25/2017 20:00,81.266,0,,,,
1999,9/25/2017 21:00,80.735,0,,,,
2000,9/25/2017 22:00,80.206,0,,,,
2001,9/25/2017 23:00,79.678,0,,,,
2002,9/26/2017 0:00,79.151,0,,,,
2003,9/26/2017 1:00,78.8,0,,,,
2004,9/26/2017 2:00,78.274,0,,,,
2005,9/26/2017 3:00,77.923,0,,,,
2006,9/26/2017 4:00,77.574,0,,,,
2007,9/26/2017 5:00,77.225,0,,,,
2008,9/26/2017 6:00,76.876,0,,,,
2009,9/26/2017 7:00,76.703,0,,,,
2010,9/26/2017 8:00,76.528,5,,,,
2011,9/26/2017 9:00,76.354,14,,,,
2012,9/26/2017 10:00,76.528,30,,,,
2013,9/26/2017 11:00,77.225,128,,,,
2014,9/26/2017 12:00,78.274,496,,,,
2015,9/26/2017 13:00,78.975,240,,,,
2016,9/26/2017 14:00,80.382,240,,,,
2017,9/26/2017 15:00,82.152,73,,,,
2018,9/26/2017 16:00,82.152,232,,,,
2019,9/26/2017 17:00,82.152,36,,,,
2020,9/26/2017 18:00,81.975,13,,,,
2021,9/26/2017 19:00,81.621,3,,,,
2022,9/26/2017 20:00,81.442,0,,,,
2023,9/26/2017 21:00,80.911,0,,,,
2024,9/26/2017 22:00,80.559,0,,,,
2025,9/26/2017 23:00,80.206,0,,,,
2026,9/27/2017 0:00,79.853,0,,,,
2027,9/27/2017 1:00,79.678,0,,,,
2028,9/27/2017 2:00,79.326,0,,,,
2029,9/27/2017 3:00,79.151,0,,,,
2030,9/27/2017 4:00,78.8,0,,,,
2031,9/27/2017 5:00,78.624,0,,,,
2032,9/27/2017 6:00,78.449,0,,,,
2033,9/27/2017 7:00,78.098,0,,,,
2034,9/27/2017 8:00,77.923,1,,,,
2035,9/27/2017 9:00,77.749,9,,,,
2036,9/27/2017 10:00,77.749,20,,,,
2037,9/27/2017 11:00,77.574,45,,,,
2038,9/27/2017 12:00,78.449,448,,,,
2039,9/27/2017 13:00,78.975,216,,,,
2040,9/27/2017 14:00,79.326,168,,,,
2041,9/27/2017 15:00,79.151,60,,,,
2042,9/27/2017 16:00,79.326,121,,,,
2043,9/27/2017 17:00,78.975,44,,,,
2044,9/27/2017 18:00,78.624,20,,,,
2045,9/27/2017 19:00,78.098,2,,,,
2046,9/27/2017 20:00,77.749,0,,,,
2047,9/27/2017 21:00,77.4,0,,,,
2048,9/27/2017 22:00,77.05,0,,,,
2049,9/27/2017 23:00,76.703,0,,,,
2050,9/28/2017 0:00,76.354,0,,,,
2051,9/28/2017 1:00,76.006,0,,,,
2052,9/28/2017 2:00,75.832,0,,,,
2053,9/28/2017 3:00,75.484,0,,,,
2054,9/28/2017 4:00,75.139,0,,,,
2055,9/28/2017 5:00,74.619,0,,,,
2056,9/28/2017 6:00,74.271,0,,,,
2057,9/28/2017 7:00,73.926,0,,,,
2058,9/28/2017 8:00,73.753,6,,,,
2059,9/28/2017 9:00,73.407,21,,,,
2060,9/28/2017 10:00,73.234,37,,,,
2061,9/28/2017 11:00,73.234,36,,,,
2062,9/28/2017 12:00,73.407,20,,,,
2063,9/28/2017 13:00,73.407,45,,,,
2064,9/28/2017 14:00,73.407,47,,,,
2065,9/28/2017 15:00,73.753,96,,,,
2066,9/28/2017 16:00,74.098,100,,,,
2067,9/28/2017 17:00,73.926,14,,,,
2068,9/28/2017 18:00,73.58,6,,,,
2069,9/28/2017 19:00,73.407,2,,,,
2070,9/28/2017 20:00,73.062,0,,,,
2071,9/28/2017 21:00,72.718,0,,,,
2072,9/28/2017 22:00,72.545,0,,,,
2073,9/28/2017 23:00,72.199,0,,,,
2074,9/29/2017 0:00,72.028,0,,,,
2075,9/29/2017 1:00,71.512,0,,,,
2076,9/29/2017 2:00,71.168,0,,,,
2077,9/29/2017 3:00,70.824,0,,,,
2078,9/29/2017 4:00,70.308,0,,,,
2079,9/29/2017 5:00,69.964,0,,,,
2080,9/29/2017 6:00,69.793,0,,,,
2081,9/29/2017 7:00,69.449,0,,,,
2082,9/29/2017 8:00,69.278,3,,,,
2083,9/29/2017 9:00,69.107,20,,,,
2084,9/29/2017 10:00,68.934,24,,,,
2085,9/29/2017 11:00,69.278,70,,,,
2086,9/29/2017 12:00,69.622,74,,,,
2087,9/29/2017 13:00,69.793,38,,,,
2088,9/29/2017 14:00,70.48,336,,,,
2089,9/29/2017 15:00,69.964,47,,,,
2090,9/29/2017 16:00,69.964,53,,,,
2091,9/29/2017 17:00,69.793,20,,,,
2092,9/29/2017 18:00,69.793,9,,,,
2093,9/29/2017 19:00,69.622,5,,,,
2094,9/29/2017 20:00,69.449,0,,,,
2095,9/29/2017 21:00,69.278,0,,,,
2096,9/29/2017 22:00,69.107,0,,,,
2097,9/29/2017 23:00,68.763,0,,,,
2098,9/30/2017 0:00,68.421,0,,,,
2099,9/30/2017 1:00,68.248,0,,,,
2100,9/30/2017 2:00,67.906,0,,,,
2101,9/30/2017 3:00,67.564,0,,,,
2102,9/30/2017 4:00,67.392,0,,,,
2103,9/30/2017 5:00,67.05,0,,,,
2104,9/30/2017 6:00,66.708,0,,,,
2105,9/30/2017 7:00,66.537,0,,,,
2106,9/30/2017 8:00,66.193,8,,,,
2107,9/30/2017 9:00,66.022,13,,,,
2108,9/30/2017 10:00,66.022,20,,,,
2109,9/30/2017 11:00,66.537,128,,,,
2110,9/30/2017 12:00,67.906,368,,,,
2111,9/30/2017 13:00,68.763,184,,,,
2112,9/30/2017 14:00,68.763,320,,,,
2113,9/30/2017 15:00,69.278,136,,,,
2114,9/30/2017 16:00,69.278,69,,,,
2115,9/30/2017 17:00,69.278,27,,,,
2116,9/30/2017 18:00,69.107,11,,,,
2117,9/30/2017 19:00,68.763,2,,,,
2118,9/30/2017 20:00,68.248,0,,,,
2119,9/30/2017 21:00,67.906,0,,,,
2120,9/30/2017 22:00,67.564,0,,,,
2121,9/30/2017 23:00,67.392,0,,,,
2122,10/1/2017 0:00,67.05,0,,,,
2123,10/1/2017 1:00,66.708,0,,,,
2124,10/1/2017 2:00,66.537,0,,,,
2125,10/1/2017 3:00,66.193,0,,,,
2126,10/1/2017 4:00,66.022,0,,,,
2127,10/1/2017 5:00,65.68,0,,,,
2128,10/1/2017 6:00,65.509,0,,,,
2129,10/1/2017 7:00,65.167,0,,,,
2130,10/1/2017 8:00,64.825,5,,,,
2131,10/1/2017 9:00,64.652,16,,,,
2132,10/1/2017 10:00,64.652,30,,,,
2133,10/1/2017 11:00,65.167,152,,,,
2134,10/1/2017 12:00,66.879,272,,,,
2135,10/1/2017 13:00,67.906,432,,,,
2136,10/1/2017 14:00,68.763,336,,,,
2137,10/1/2017 15:00,69.107,352,,,,
2138,10/1/2017 16:00,69.107,101,,,,
2139,10/1/2017 17:00,69.449,70,,,,
2140,10/1/2017 18:00,68.763,14,,,,
2141,10/1/2017 19:00,68.077,8,,,,
2142,10/1/2017 20:00,67.564,0,,,,
2143,10/1/2017 21:00,66.879,0,,,,
2144,10/1/2017 22:00,66.537,0,,,,
2145,10/1/2017 23:00,66.193,0,,,,
2146,10/2/2017 0:00,65.851,0,,,,
2147,10/2/2017 1:00,65.68,0,,,,
2148,10/2/2017 2:00,65.509,0,,,,
2149,10/2/2017 3:00,65.167,0,,,,
2150,10/2/2017 4:00,64.996,0,,,,
2151,10/2/2017 5:00,64.652,0,,,,
2152,10/2/2017 6:00,64.481,0,,,,
2153,10/2/2017 7:00,64.31,0,,,,
2154,10/2/2017 8:00,64.139,9,,,,
2155,10/2/2017 9:00,63.968,15,,,,
2156,10/2/2017 10:00,63.797,24,,,,
2157,10/2/2017 11:00,64.996,352,,,,
2158,10/2/2017 12:00,66.708,384,,,,
2159,10/2/2017 13:00,68.077,336,,,,
2160,10/2/2017 14:00,68.934,368,,,,
2161,10/2/2017 15:00,69.793,232,,,,
2162,10/2/2017 16:00,70.824,60,,,,
2163,10/2/2017 17:00,68.934,50,,,,
2164,10/2/2017 18:00,69.622,9,,,,
2165,10/2/2017 19:00,69.107,1,,,,
2166,10/2/2017 20:00,68.421,0,,,,
2167,10/2/2017 21:00,67.906,0,,,,
2168,10/2/2017 22:00,67.564,0,,,,
2169,10/2/2017 23:00,67.392,0,,,,
2170,10/3/2017 0:00,67.05,0,,,,
2171,10/3/2017 1:00,66.708,0,,,,
2172,10/3/2017 2:00,66.537,0,,,,
2173,10/3/2017 3:00,66.193,0,,,,
2174,10/3/2017 4:00,66.022,0,,,,
2175,10/3/2017 5:00,65.851,0,,,,
2176,10/3/2017 6:00,65.68,0,,,,
2177,10/3/2017 7:00,65.509,0,,,,
2178,10/3/2017 8:00,65.338,6,,,,
2179,10/3/2017 9:00,65.167,24,,,,
2180,10/3/2017 10:00,65.167,48,,,,
2181,10/3/2017 11:00,65.851,352,,,,
2182,10/3/2017 12:00,67.392,480,,,,
2183,10/3/2017 13:00,68.592,320,,,,
2184,10/3/2017 14:00,69.622,384,,,,
2185,10/3/2017 15:00,70.308,83,,,,
2186,10/3/2017 16:00,70.651,62,,,,
2187,10/3/2017 17:00,70.48,36,,,,
2188,10/3/2017 18:00,70.308,17,,,,
2189,10/3/2017 19:00,69.964,1,,,,
2190,10/3/2017 20:00,69.449,0,,,,
2191,10/3/2017 21:00,69.278,0,,,,
2192,10/3/2017 22:00,69.278,0,,,,
2193,10/3/2017 23:00,68.934,0,,,,
2194,10/4/2017 0:00,68.934,0,,,,
2195,10/4/2017 1:00,68.763,0,,,,
2196,10/4/2017 2:00,68.592,0,,,,
2197,10/4/2017 3:00,68.592,0,,,,
2198,10/4/2017 4:00,68.592,0,,,,
2199,10/4/2017 5:00,68.592,0,,,,
2200,10/4/2017 6:00,68.421,0,,,,
2201,10/4/2017 7:00,68.248,0,,,,
2202,10/4/2017 8:00,68.248,4,,,,
2203,10/4/2017 9:00,68.248,24,,,,
2204,10/4/2017 10:00,68.421,41,,,,
2205,10/4/2017 11:00,68.592,27,,,,
2206,10/4/2017 12:00,68.763,44,,,,
2207,10/4/2017 13:00,68.763,15,,,,
2208,10/4/2017 13:49,,,Logged,,,
2209,10/4/2017 13:50,,,,Logged,,Logged
