#,"Date Time, GMT-04:00",Temp,Intensity,"GDD, DDc (LGR S/N: 20050471)"
1,7/4/2017 20:00,27.272,0,
2,7/4/2017 21:00,26.781,0,
3,7/4/2017 22:00,26.195,0,
4,7/4/2017 23:00,25.61,0,
5,7/5/2017 0:00,25.028,0,
6,7/5/2017 1:00,24.448,0,
7,7/5/2017 2:00,23.869,0,
8,7/5/2017 3:00,23.196,0,
9,7/5/2017 4:00,22.621,0,
10,7/5/2017 5:00,22.046,0,
11,7/5/2017 6:00,21.569,0,
12,7/5/2017 7:00,20.996,0,
13,7/5/2017 8:00,22.046,0,
14,7/5/2017 9:00,23.677,0,
15,7/5/2017 10:00,27.075,0,
16,7/5/2017 11:00,25.319,559.7,
17,7/5/2017 12:00,26,376.7,5.816
18,7/5/2017 13:00,26.488,516.7,
19,7/5/2017 14:00,27.37,516.7,
20,7/5/2017 15:00,27.862,269.1,
21,7/5/2017 16:00,28.159,473.6,
22,7/5/2017 17:00,28.655,2238.9,
23,7/5/2017 18:00,28.258,1280.9,
24,7/5/2017 19:00,28.655,1550,
25,7/5/2017 20:00,28.258,710.4,
26,7/5/2017 21:00,27.468,64.6,
27,7/5/2017 22:00,27.37,0,
28,7/5/2017 23:00,26.683,0,
29,7/6/2017 0:00,26.488,0,
30,7/6/2017 1:00,25.902,0,
31,7/6/2017 2:00,25.708,0,
32,7/6/2017 3:00,25.61,0,
33,7/6/2017 4:00,25.513,0,
34,7/6/2017 5:00,25.416,0,
35,7/6/2017 6:00,25.513,0,
36,7/6/2017 7:00,25.513,118.4,
37,7/6/2017 8:00,25.416,161.5,
38,7/6/2017 9:00,25.513,269.1,
39,7/6/2017 10:00,26,366,
40,7/6/2017 11:00,26.488,366,
41,7/6/2017 12:00,26.977,419.8,13.556
42,7/6/2017 13:00,27.272,516.7,
43,7/6/2017 14:00,27.764,505.9,
44,7/6/2017 15:00,28.555,473.6,
45,7/6/2017 16:00,28.853,366,
46,7/6/2017 17:00,29.053,1291.7,
47,7/6/2017 18:00,29.152,1722.2,
48,7/6/2017 19:00,28.456,193.8,
49,7/6/2017 20:00,27.862,161.5,
50,7/6/2017 21:00,27.567,118.4,
51,7/6/2017 22:00,27.173,0,
52,7/6/2017 23:00,26.781,0,
53,7/7/2017 0:00,26.585,0,
54,7/7/2017 1:00,26.195,0,
55,7/7/2017 2:00,25.902,0,
56,7/7/2017 3:00,25.708,0,
57,7/7/2017 4:00,25.513,0,
58,7/7/2017 5:00,25.416,0,
59,7/7/2017 6:00,25.513,0,
60,7/7/2017 7:00,25.416,118.4,
61,7/7/2017 8:00,25.319,86.1,
62,7/7/2017 9:00,25.416,183,
63,7/7/2017 10:00,25.708,312.2,
64,7/7/2017 11:00,26.585,366,
65,7/7/2017 12:00,27.173,419.8,20.943
66,7/7/2017 13:00,27.468,979.5,
67,7/7/2017 14:00,27.961,785.8,
68,7/7/2017 15:00,28.159,678.1,
69,7/7/2017 16:00,28.555,1259.4,
70,7/7/2017 17:00,28.655,1980.6,
71,7/7/2017 18:00,28.456,656.6,
72,7/7/2017 19:00,27.961,1087.2,
73,7/7/2017 20:00,27.567,527.4,
74,7/7/2017 21:00,27.173,21.5,
75,7/7/2017 22:00,26.683,0,
76,7/7/2017 23:00,26.292,0,
77,7/8/2017 0:00,26.097,0,
78,7/8/2017 1:00,26,0,
79,7/8/2017 2:00,26,0,
80,7/8/2017 3:00,25.805,0,
81,7/8/2017 4:00,25.61,0,
82,7/8/2017 5:00,25.416,0,
83,7/8/2017 6:00,25.319,0,
84,7/8/2017 7:00,25.222,75.3,
85,7/8/2017 8:00,25.028,86.1,
86,7/8/2017 9:00,24.931,247.6,
87,7/8/2017 10:00,25.125,322.9,
88,7/8/2017 11:00,25.319,269.1,
89,7/8/2017 12:00,25.513,592,26.997
90,7/8/2017 13:00,25.708,990.3,
91,7/8/2017 14:00,25.805,602.8,
92,7/8/2017 15:00,25.902,505.9,
93,7/8/2017 16:00,26.39,990.3,
94,7/8/2017 17:00,26.585,1011.8,
95,7/8/2017 18:00,26.781,1044.1,
96,7/8/2017 19:00,26.585,1550,
97,7/8/2017 20:00,26.39,731.9,
98,7/8/2017 21:00,26.097,107.6,
99,7/8/2017 22:00,25.805,0,
100,7/8/2017 23:00,25.708,0,
101,7/9/2017 0:00,25.513,0,
102,7/9/2017 1:00,25.416,0,
103,7/9/2017 2:00,25.222,0,
104,7/9/2017 3:00,25.028,0,
105,7/9/2017 4:00,24.835,0,
106,7/9/2017 5:00,24.835,0,
107,7/9/2017 6:00,24.835,0,
108,7/9/2017 7:00,24.835,53.8,
109,7/9/2017 8:00,24.738,75.3,
110,7/9/2017 9:00,24.835,193.8,
111,7/9/2017 10:00,25.222,376.7,
112,7/9/2017 11:00,25.416,764.2,
113,7/9/2017 12:00,25.708,419.8,33.105
114,7/9/2017 13:00,26,1087.2,
115,7/9/2017 14:00,26.292,1141,
116,7/9/2017 15:00,26.39,1808.3,
117,7/9/2017 16:00,26.585,1463.9,
118,7/9/2017 17:00,26.977,3961.1,
119,7/9/2017 18:00,26.683,4305.6,
120,7/9/2017 19:00,26.585,861.1,
121,7/9/2017 20:00,26.39,161.5,
122,7/9/2017 21:00,26.195,0,
123,7/9/2017 22:00,26,0,
124,7/9/2017 23:00,25.805,0,
125,7/10/2017 0:00,25.708,0,
126,7/10/2017 1:00,25.61,0,
127,7/10/2017 2:00,25.513,0,
128,7/10/2017 3:00,25.416,0,
129,7/10/2017 4:00,25.319,0,
130,7/10/2017 5:00,25.222,0,
131,7/10/2017 6:00,25.125,10.8,
132,7/10/2017 7:00,25.125,129.2,
133,7/10/2017 8:00,25.125,269.1,
134,7/10/2017 9:00,25.028,344.4,
135,7/10/2017 10:00,25.028,398.3,
136,7/10/2017 11:00,24.931,430.6,
137,7/10/2017 12:00,24.931,538.2,38.476
138,7/10/2017 13:00,25.028,1076.4,
139,7/10/2017 14:00,25.222,366,
140,7/10/2017 15:00,25.416,882.6,
141,7/10/2017 16:00,25.61,1151.7,
142,7/10/2017 17:00,25.61,2066.7,
143,7/10/2017 18:00,25.708,775,
144,7/10/2017 19:00,25.708,344.4,
145,7/10/2017 20:00,25.708,462.9,
146,7/10/2017 21:00,25.708,64.6,
147,7/10/2017 22:00,25.513,0,
148,7/10/2017 23:00,25.416,0,
149,7/11/2017 0:00,25.319,0,
150,7/11/2017 1:00,25.222,0,
151,7/11/2017 2:00,25.125,0,
152,7/11/2017 3:00,25.028,0,
153,7/11/2017 4:00,24.931,0,
154,7/11/2017 5:00,24.835,0,
155,7/11/2017 6:00,24.738,0,
156,7/11/2017 7:00,24.738,75.3,
157,7/11/2017 8:00,24.641,129.2,
158,7/11/2017 9:00,24.738,215.3,
159,7/11/2017 10:00,25.319,236.8,
160,7/11/2017 11:00,26.097,538.2,
161,7/11/2017 12:00,27.173,473.6,46.252
162,7/11/2017 13:00,26.977,484.4,
163,7/11/2017 14:00,29.652,419.8,
164,7/11/2017 15:00,26.39,581.3,
165,7/11/2017 16:00,26.195,1087.2,
166,7/11/2017 17:00,28.853,5166.7,
167,7/11/2017 18:00,29.252,4822.3,
168,7/11/2017 19:00,28.853,1463.9,
169,7/11/2017 20:00,28.555,366,
170,7/11/2017 21:00,28.357,107.6,
171,7/11/2017 22:00,27.862,0,
172,7/11/2017 23:00,26.879,0,
173,7/12/2017 0:00,27.173,0,
174,7/12/2017 1:00,27.173,0,
175,7/12/2017 2:00,26.879,0,
176,7/12/2017 3:00,26.781,0,
177,7/12/2017 4:00,26.585,0,
178,7/12/2017 5:00,26.39,0,
179,7/12/2017 6:00,26.195,0,
180,7/12/2017 7:00,25.902,139.9,
181,7/12/2017 8:00,25.902,215.3,
182,7/12/2017 9:00,25.902,441.3,
183,7/12/2017 10:00,26.195,710.4,
184,7/12/2017 11:00,26.097,226,
185,7/12/2017 12:00,25.805,398.3,52.936
186,7/12/2017 13:00,26,968.8,
187,7/12/2017 14:00,26.292,1087.2,
188,7/12/2017 15:00,26.683,850.4,
189,7/12/2017 16:00,26.683,1097.9,
190,7/12/2017 17:00,26.879,1550,
191,7/12/2017 18:00,27.075,1463.9,
192,7/12/2017 19:00,27.272,6544.5,
193,7/12/2017 20:00,27.173,527.4,
194,7/12/2017 21:00,26.781,10.8,
195,7/12/2017 22:00,26.683,0,
196,7/12/2017 23:00,26.585,0,
197,7/13/2017 0:00,26.488,0,
198,7/13/2017 1:00,26.39,0,
199,7/13/2017 2:00,26.292,0,
200,7/13/2017 3:00,26.292,0,
201,7/13/2017 4:00,26.097,0,
202,7/13/2017 5:00,26,0,
203,7/13/2017 6:00,25.902,0,
204,7/13/2017 7:00,25.805,21.5,
205,7/13/2017 8:00,25.708,53.8,
206,7/13/2017 9:00,25.61,247.6,
207,7/13/2017 10:00,25.61,193.8,
208,7/13/2017 11:00,25.61,118.4,
209,7/13/2017 12:00,25.805,559.7,60.176
210,7/13/2017 13:00,26,495.1,
211,7/13/2017 14:00,26.39,1248.6,
212,7/13/2017 15:00,26.39,775,
213,7/13/2017 16:00,27.961,1011.8,
214,7/13/2017 17:00,28.258,1894.5,
215,7/13/2017 18:00,27.567,4305.6,
216,7/13/2017 19:00,26.977,204.5,
217,7/13/2017 20:00,26.585,139.9,
218,7/13/2017 21:00,26.683,0,
219,7/13/2017 22:00,26.488,0,
220,7/13/2017 23:00,26.39,0,
221,7/14/2017 0:00,26.292,0,
222,7/14/2017 1:00,26.292,0,
223,7/14/2017 2:00,26.39,0,
224,7/14/2017 3:00,26.292,0,
225,7/14/2017 4:00,26.195,0,
226,7/14/2017 5:00,26.195,0,
227,7/14/2017 6:00,26.097,0,
228,7/14/2017 7:00,26,86.1,
229,7/14/2017 8:00,25.902,279.9,
230,7/14/2017 9:00,25.902,376.7,
231,7/14/2017 10:00,25.902,785.8,
232,7/14/2017 11:00,26.195,753.5,
233,7/14/2017 12:00,26.097,828.8,66.087
234,7/14/2017 13:00,26.097,775,
235,7/14/2017 14:00,26,968.8,
236,7/14/2017 15:00,26,1119.5,
237,7/14/2017 16:00,26,1377.8,
238,7/14/2017 17:00,25.902,258.3,
239,7/14/2017 18:00,25.805,236.8,
240,7/14/2017 19:00,25.708,538.2,
241,7/14/2017 20:00,25.61,193.8,
242,7/14/2017 21:00,25.513,10.8,
243,7/14/2017 22:00,25.416,0,
244,7/14/2017 23:00,25.319,0,
245,7/15/2017 0:00,25.222,0,
246,7/15/2017 1:00,25.125,0,
247,7/15/2017 2:00,24.931,0,
248,7/15/2017 3:00,24.835,0,
249,7/15/2017 4:00,24.738,0,
250,7/15/2017 5:00,24.641,0,
251,7/15/2017 6:00,24.545,0,
252,7/15/2017 7:00,24.545,64.6,
253,7/15/2017 8:00,24.448,86.1,
254,7/15/2017 9:00,24.448,161.5,
255,7/15/2017 10:00,24.931,269.1,
256,7/15/2017 11:00,25.416,409,
257,7/15/2017 12:00,25.902,473.6,72.214
258,7/15/2017 13:00,26.585,473.6,
259,7/15/2017 14:00,26.879,236.8,
260,7/15/2017 15:00,26.879,344.4,
261,7/15/2017 16:00,27.173,968.8,
262,7/15/2017 17:00,27.173,968.8,
263,7/15/2017 18:00,27.075,215.3,
264,7/15/2017 19:00,27.075,904.2,
265,7/15/2017 20:00,26.879,366,
266,7/15/2017 21:00,26.585,0,
267,7/15/2017 22:00,26.292,0,
268,7/15/2017 23:00,26,0,
269,7/16/2017 0:00,25.805,0,
270,7/16/2017 1:00,25.61,0,
271,7/16/2017 2:00,25.416,0,
272,7/16/2017 3:00,25.319,0,
273,7/16/2017 4:00,25.222,0,
274,7/16/2017 5:00,25.125,0,
275,7/16/2017 6:00,24.931,0,
276,7/16/2017 7:00,24.931,0,
277,7/16/2017 8:00,24.931,64.6,
278,7/16/2017 9:00,24.931,139.9,
279,7/16/2017 10:00,24.931,118.4,
280,7/16/2017 11:00,24.931,75.3,
281,7/16/2017 12:00,24.835,279.9,77.612
282,7/16/2017 13:00,24.931,409,
283,7/16/2017 14:00,25.319,764.2,
284,7/16/2017 15:00,25.513,613.5,
285,7/16/2017 16:00,25.61,796.5,
286,7/16/2017 17:00,25.61,495.1,
287,7/16/2017 18:00,25.805,3272.2,
288,7/16/2017 19:00,25.708,3444.5,
289,7/16/2017 20:00,25.805,979.5,
290,7/16/2017 21:00,25.416,64.6,
291,7/16/2017 22:00,25.222,0,
292,7/16/2017 23:00,25.125,0,
293,7/17/2017 0:00,25.028,0,
294,7/17/2017 1:00,24.931,0,
295,7/17/2017 2:00,24.835,0,
296,7/17/2017 3:00,24.738,0,
297,7/17/2017 4:00,24.641,0,
298,7/17/2017 5:00,24.545,0,
299,7/17/2017 6:00,24.545,0,
300,7/17/2017 7:00,24.448,150.7,
301,7/17/2017 8:00,24.351,236.8,
302,7/17/2017 9:00,24.545,215.3,
303,7/17/2017 10:00,24.738,409,
304,7/17/2017 11:00,25.125,376.7,
305,7/17/2017 12:00,25.708,602.8,84.901
306,7/17/2017 13:00,26.195,968.8,
307,7/17/2017 14:00,26.879,549,
308,7/17/2017 15:00,26.585,452.1,
309,7/17/2017 16:00,27.37,731.9,
310,7/17/2017 17:00,28.953,11022.3,
311,7/17/2017 18:00,27.961,5166.7,
312,7/17/2017 19:00,29.053,3100,
313,7/17/2017 20:00,28.853,1011.8,
314,7/17/2017 21:00,28.258,0,
315,7/17/2017 22:00,27.764,0,
316,7/17/2017 23:00,27.468,0,
317,7/18/2017 0:00,27.075,0,
318,7/18/2017 1:00,26.781,0,
319,7/18/2017 2:00,26.488,0,
320,7/18/2017 3:00,26.292,0,
321,7/18/2017 4:00,26.097,0,
322,7/18/2017 5:00,25.902,0,
323,7/18/2017 6:00,25.708,0,
324,7/18/2017 7:00,25.61,53.8,
325,7/18/2017 8:00,25.319,43.1,
326,7/18/2017 9:00,25.416,64.6,
327,7/18/2017 10:00,25.708,688.9,
328,7/18/2017 11:00,26.097,247.6,
329,7/18/2017 12:00,26.488,86.1,91.784
330,7/18/2017 13:00,26.585,86.1,
331,7/18/2017 14:00,26.977,64.6,
332,7/18/2017 15:00,27.468,75.3,
333,7/18/2017 16:00,27.665,107.6,
334,7/18/2017 17:00,27.862,441.3,
335,7/18/2017 18:00,27.862,1550,
336,7/18/2017 19:00,27.862,968.8,
337,7/18/2017 20:00,27.567,419.8,
338,7/18/2017 21:00,27.272,10.8,
339,7/18/2017 22:00,26.977,0,
340,7/18/2017 23:00,26.781,0,
341,7/19/2017 0:00,26.585,0,
342,7/19/2017 1:00,26.488,0,
343,7/19/2017 2:00,26.292,0,
344,7/19/2017 3:00,26.195,0,
345,7/19/2017 4:00,26.097,0,
346,7/19/2017 5:00,26,0,
347,7/19/2017 6:00,25.902,0,
348,7/19/2017 7:00,25.902,53.8,
349,7/19/2017 8:00,25.805,118.4,
350,7/19/2017 9:00,25.708,129.2,
351,7/19/2017 10:00,26,775,
352,7/19/2017 11:00,26.292,279.9,
353,7/19/2017 12:00,26.39,204.5,100.267
354,7/19/2017 13:00,27.468,96.9,
355,7/19/2017 14:00,26.39,96.9,
356,7/19/2017 15:00,29.053,118.4,
357,7/19/2017 16:00,29.552,86.1,
358,7/19/2017 17:00,29.053,1097.9,
359,7/19/2017 18:00,29.352,947.2,
360,7/19/2017 19:00,30.154,1345.5,
361,7/19/2017 20:00,29.053,409,
362,7/19/2017 21:00,28.456,0,
363,7/19/2017 22:00,28.258,0,
364,7/19/2017 23:00,27.961,0,
365,7/20/2017 0:00,27.764,0,
366,7/20/2017 1:00,27.665,0,
367,7/20/2017 2:00,27.468,0,
368,7/20/2017 3:00,27.468,0,
369,7/20/2017 4:00,27.468,0,
370,7/20/2017 5:00,27.37,0,
371,7/20/2017 6:00,27.272,0,
372,7/20/2017 7:00,27.173,21.5,
373,7/20/2017 8:00,27.075,258.3,
374,7/20/2017 9:00,27.075,419.8,
375,7/20/2017 10:00,27.173,710.4,
376,7/20/2017 11:00,27.567,333.7,
377,7/20/2017 12:00,27.665,118.4,108.482
378,7/20/2017 13:00,28.159,258.3,
379,7/20/2017 14:00,28.655,441.3,
380,7/20/2017 15:00,28.655,355.2,
381,7/20/2017 16:00,28.853,312.2,
382,7/20/2017 17:00,28.754,3616.7,
383,7/20/2017 18:00,28.853,2927.8,
384,7/20/2017 19:00,28.853,818.1,
385,7/20/2017 20:00,28.953,419.8,
386,7/20/2017 21:00,28.754,21.5,
387,7/20/2017 22:00,28.555,0,
388,7/20/2017 23:00,28.456,0,
389,7/21/2017 0:00,28.258,0,
390,7/21/2017 1:00,28.159,0,
391,7/21/2017 2:00,28.06,0,
392,7/21/2017 3:00,27.961,0,
393,7/21/2017 4:00,27.862,0,
394,7/21/2017 5:00,27.665,0,
395,7/21/2017 6:00,27.567,0,
396,7/21/2017 7:00,27.468,96.9,
397,7/21/2017 8:00,27.37,172.2,
398,7/21/2017 9:00,27.37,398.3,
399,7/21/2017 10:00,27.37,527.4,
400,7/21/2017 11:00,27.862,376.7,
401,7/21/2017 12:00,28.258,279.9,118.02
402,7/21/2017 13:00,28.357,226,
403,7/21/2017 14:00,29.252,139.9,
404,7/21/2017 15:00,30.154,183,
405,7/21/2017 16:00,30.356,527.4,
406,7/21/2017 17:00,30.862,570.5,
407,7/21/2017 18:00,30.356,710.4,
408,7/21/2017 19:00,30.054,592,
409,7/21/2017 20:00,29.752,53.8,
410,7/21/2017 21:00,29.652,0,
411,7/21/2017 22:00,29.252,0,
412,7/21/2017 23:00,29.252,0,
413,7/22/2017 0:00,28.953,0,
414,7/22/2017 1:00,28.754,0,
415,7/22/2017 2:00,28.456,0,
416,7/22/2017 3:00,28.258,0,
417,7/22/2017 4:00,28.159,0,
418,7/22/2017 5:00,27.961,0,
419,7/22/2017 6:00,27.862,0,
420,7/22/2017 7:00,27.764,32.3,
421,7/22/2017 8:00,27.665,118.4,
422,7/22/2017 9:00,27.567,107.6,
423,7/22/2017 10:00,27.468,322.9,
424,7/22/2017 11:00,27.37,96.9,
425,7/22/2017 12:00,27.37,1044.1,126.129
426,7/22/2017 13:00,27.37,678.1,
427,7/22/2017 14:00,27.37,807.3,
428,7/22/2017 15:00,27.272,1377.8,
429,7/22/2017 16:00,27.173,333.7,
430,7/22/2017 17:00,27.075,344.4,
431,7/22/2017 18:00,27.075,355.2,
432,7/22/2017 19:00,27.075,495.1,
433,7/22/2017 20:00,27.075,183,
434,7/22/2017 21:00,26.977,10.8,
435,7/22/2017 22:00,26.879,0,
436,7/22/2017 23:00,26.781,0,
437,7/23/2017 0:00,26.781,0,
438,7/23/2017 1:00,26.683,0,
439,7/23/2017 2:00,26.683,0,
440,7/23/2017 3:00,26.585,0,
441,7/23/2017 4:00,26.488,0,
442,7/23/2017 5:00,26.488,0,
443,7/23/2017 6:00,26.39,0,
444,7/23/2017 7:00,26.39,32.3,
445,7/23/2017 8:00,26.292,247.6,
446,7/23/2017 9:00,26.195,301.4,
447,7/23/2017 10:00,26.292,1119.5,
448,7/23/2017 11:00,26.488,1377.8,
449,7/23/2017 12:00,26.781,1097.9,134.151
450,7/23/2017 13:00,27.272,710.4,
451,7/23/2017 14:00,27.961,1894.5,
452,7/23/2017 15:00,28.456,301.4,
453,7/23/2017 16:00,28.555,624.3,
454,7/23/2017 17:00,29.053,2066.7,
455,7/23/2017 18:00,29.152,2927.8,
456,7/23/2017 19:00,28.853,1248.6,
457,7/23/2017 20:00,28.357,656.6,
458,7/23/2017 21:00,27.862,0,
459,7/23/2017 22:00,27.272,0,
460,7/23/2017 23:00,27.075,0,
461,7/24/2017 0:00,26.781,0,
462,7/24/2017 1:00,26.683,0,
463,7/24/2017 2:00,26.488,0,
464,7/24/2017 3:00,26.39,0,
465,7/24/2017 4:00,26.195,0,
466,7/24/2017 5:00,26.097,0,
467,7/24/2017 6:00,25.902,0,
468,7/24/2017 7:00,25.708,75.3,
469,7/24/2017 8:00,25.416,419.8,
470,7/24/2017 9:00,25.513,1377.8,
471,7/24/2017 10:00,25.416,527.4,
472,7/24/2017 11:00,25.513,1151.7,
473,7/24/2017 12:00,25.61,1463.9,140.381
474,7/24/2017 13:00,25.708,452.1,
475,7/24/2017 14:00,25.708,914.9,
476,7/24/2017 15:00,26.097,914.9,
477,7/24/2017 16:00,26.39,1463.9,
478,7/24/2017 17:00,26.683,1463.9,
479,7/24/2017 18:00,26.781,10677.8,
480,7/24/2017 19:00,26.683,5511.1,
481,7/24/2017 20:00,26.292,1808.3,
482,7/24/2017 21:00,26,118.4,
483,7/24/2017 22:00,25.805,0,
484,7/24/2017 23:00,25.708,0,
485,7/25/2017 0:00,25.61,0,
486,7/25/2017 1:00,25.513,0,
487,7/25/2017 2:00,25.416,0,
488,7/25/2017 3:00,25.319,0,
489,7/25/2017 4:00,25.222,0,
490,7/25/2017 5:00,25.125,0,
491,7/25/2017 6:00,25.028,0,
492,7/25/2017 7:00,24.835,183,
493,7/25/2017 8:00,24.835,247.6,
494,7/25/2017 9:00,25.028,290.6,
495,7/25/2017 10:00,25.416,549,
496,7/25/2017 11:00,25.805,516.7,
497,7/25/2017 12:00,26.585,688.9,147.277
498,7/25/2017 13:00,25.902,1356.3,
499,7/25/2017 14:00,27.173,1636.1,
500,7/25/2017 15:00,27.764,645.8,
501,7/25/2017 16:00,28.06,742.7,
502,7/25/2017 17:00,28.06,13777.9,
503,7/25/2017 18:00,28.06,5166.7,
504,7/25/2017 19:00,28.159,2755.6,
505,7/25/2017 20:00,28.06,1463.9,
506,7/25/2017 21:00,27.764,43.1,
507,7/25/2017 22:00,27.468,0,
508,7/25/2017 23:00,27.272,0,
509,7/26/2017 0:00,26.977,0,
510,7/26/2017 1:00,26.683,0,
511,7/26/2017 2:00,26.39,0,
512,7/26/2017 3:00,26.097,0,
513,7/26/2017 4:00,25.902,0,
514,7/26/2017 5:00,25.708,0,
515,7/26/2017 6:00,25.61,0,
516,7/26/2017 7:00,25.513,161.5,
517,7/26/2017 8:00,25.513,516.7,
518,7/26/2017 9:00,25.416,1054.9,
519,7/26/2017 10:00,25.416,1808.3,
520,7/26/2017 11:00,25.513,1894.5,
521,7/26/2017 12:00,25.513,1894.5,153.526
522,7/26/2017 13:00,25.708,947.2,
523,7/26/2017 14:00,25.61,301.4,
524,7/26/2017 15:00,25.416,172.2,
525,7/26/2017 16:00,25.319,850.4,
526,7/26/2017 17:00,25.319,215.3,
527,7/26/2017 18:00,25.222,183,
528,7/26/2017 19:00,25.222,64.6,
529,7/26/2017 20:00,25.222,64.6,
530,7/26/2017 21:00,25.222,0,
531,7/26/2017 22:00,25.125,0,
532,7/26/2017 23:00,25.125,0,
533,7/27/2017 0:00,25.125,0,
534,7/27/2017 1:00,25.028,0,
535,7/27/2017 2:00,25.028,0,
536,7/27/2017 3:00,24.931,0,
537,7/27/2017 4:00,24.931,0,
538,7/27/2017 5:00,24.931,0,
539,7/27/2017 6:00,24.931,0,
540,7/27/2017 7:00,24.931,10.8,
541,7/27/2017 8:00,24.835,64.6,
542,7/27/2017 9:00,24.835,107.6,
543,7/27/2017 10:00,24.931,279.9,
544,7/27/2017 11:00,24.931,688.9,
545,7/27/2017 12:00,25.416,807.3,159.92
546,7/27/2017 13:00,25.61,549,
547,7/27/2017 14:00,25.222,818.1,
548,7/27/2017 15:00,25.222,581.3,
549,7/27/2017 16:00,25.416,1324,
550,7/27/2017 17:00,26.097,11022.3,
551,7/27/2017 18:00,27.272,5166.7,
552,7/27/2017 19:00,27.37,366,
553,7/27/2017 20:00,26.585,979.5,
554,7/27/2017 21:00,26.781,0,
555,7/27/2017 22:00,26.585,0,
556,7/27/2017 23:00,26.488,0,
557,7/28/2017 0:00,26.39,0,
558,7/28/2017 1:00,26.195,0,
559,7/28/2017 2:00,26.097,0,
560,7/28/2017 3:00,26,0,
561,7/28/2017 4:00,25.805,0,
562,7/28/2017 5:00,25.61,0,
563,7/28/2017 6:00,25.513,0,
564,7/28/2017 7:00,25.416,10.8,
565,7/28/2017 8:00,25.319,86.1,
566,7/28/2017 9:00,25.222,107.6,
567,7/28/2017 10:00,25.222,592,
568,7/28/2017 11:00,25.416,398.3,
569,7/28/2017 12:00,25.61,161.5,166.017
570,7/28/2017 13:00,25.805,344.4,
571,7/28/2017 14:00,26.097,635.1,
572,7/28/2017 15:00,26.39,247.6,
573,7/28/2017 16:00,26.097,635.1,
574,7/28/2017 17:00,26.292,8266.7,
575,7/28/2017 18:00,26.683,3272.2,
576,7/28/2017 19:00,26.39,1550,
577,7/28/2017 20:00,26,656.6,
578,7/28/2017 21:00,25.708,10.8,
579,7/28/2017 22:00,25.513,0,
580,7/28/2017 23:00,25.416,0,
581,7/29/2017 0:00,25.416,0,
582,7/29/2017 1:00,25.319,0,
583,7/29/2017 2:00,25.125,0,
584,7/29/2017 3:00,24.931,0,
585,7/29/2017 4:00,24.931,0,
586,7/29/2017 5:00,24.835,0,
587,7/29/2017 6:00,24.641,0,
588,7/29/2017 7:00,24.545,64.6,
589,7/29/2017 8:00,24.545,129.2,
590,7/29/2017 9:00,24.448,129.2,
591,7/29/2017 10:00,24.738,355.2,
592,7/29/2017 11:00,25.028,376.7,
593,7/29/2017 12:00,25.416,387.5,171.77
594,7/29/2017 13:00,25.805,419.8,
595,7/29/2017 14:00,25.513,301.4,
596,7/29/2017 15:00,26,150.7,
597,7/29/2017 16:00,26,409,
598,7/29/2017 17:00,26.195,3100,
599,7/29/2017 18:00,26.39,2325,
600,7/29/2017 19:00,26.488,699.7,
601,7/29/2017 20:00,26.585,366,
602,7/29/2017 21:00,26.488,21.5,
603,7/29/2017 22:00,26.292,0,
604,7/29/2017 23:00,26.097,0,
605,7/30/2017 0:00,26,0,
606,7/30/2017 1:00,26,0,
607,7/30/2017 2:00,25.805,0,
608,7/30/2017 3:00,25.708,0,
609,7/30/2017 4:00,25.61,0,
610,7/30/2017 5:00,25.513,0,
611,7/30/2017 6:00,25.319,0,
612,7/30/2017 7:00,25.222,64.6,
613,7/30/2017 8:00,25.222,107.6,
614,7/30/2017 9:00,25.125,96.9,
615,7/30/2017 10:00,25.513,376.7,
616,7/30/2017 11:00,26.097,387.5,
617,7/30/2017 12:00,26.488,409,178.52
618,7/30/2017 13:00,26.781,215.3,
619,7/30/2017 14:00,27.173,301.4,
620,7/30/2017 15:00,27.37,409,
621,7/30/2017 16:00,27.173,764.2,
622,7/30/2017 17:00,27.567,3100,
623,7/30/2017 18:00,27.764,2497.2,
624,7/30/2017 19:00,27.272,3961.1,
625,7/30/2017 20:00,27.37,613.5,
626,7/30/2017 21:00,26.977,10.8,
627,7/30/2017 22:00,26.879,0,
628,7/30/2017 23:00,26.683,0,
629,7/31/2017 0:00,26.488,0,
630,7/31/2017 1:00,26.292,0,
631,7/31/2017 2:00,26.195,0,
632,7/31/2017 3:00,26,0,
633,7/31/2017 4:00,25.902,0,
634,7/31/2017 5:00,25.805,0,
635,7/31/2017 6:00,25.708,0,
636,7/31/2017 7:00,25.61,96.9,
637,7/31/2017 8:00,25.513,172.2,
638,7/31/2017 9:00,25.416,215.3,
639,7/31/2017 10:00,25.805,419.8,
640,7/31/2017 11:00,26.292,419.8,
641,7/31/2017 12:00,26.683,441.3,186.196
642,7/31/2017 13:00,27.272,462.9,
643,7/31/2017 14:00,27.665,430.6,
644,7/31/2017 15:00,28.357,495.1,
645,7/31/2017 16:00,29.053,1001,
646,7/31/2017 17:00,28.555,215.3,
647,7/31/2017 18:00,28.456,667.4,
648,7/31/2017 19:00,28.159,559.7,
649,7/31/2017 20:00,28.06,484.4,
650,7/31/2017 21:00,27.862,21.5,
651,7/31/2017 22:00,27.764,0,
652,7/31/2017 23:00,27.665,0,
653,8/1/2017 0:00,27.37,0,
654,8/1/2017 1:00,27.272,0,
655,8/1/2017 2:00,27.075,0,
656,8/1/2017 3:00,26.879,0,
657,8/1/2017 4:00,26.683,0,
658,8/1/2017 5:00,26.488,0,
659,8/1/2017 6:00,26.292,0,
660,8/1/2017 7:00,26.195,64.6,
661,8/1/2017 8:00,26,96.9,
662,8/1/2017 9:00,25.902,193.8,
663,8/1/2017 10:00,26.292,366,
664,8/1/2017 11:00,26.683,322.9,
665,8/1/2017 12:00,26.977,613.5,193.732
666,8/1/2017 13:00,27.37,688.9,
667,8/1/2017 14:00,27.764,527.4,
668,8/1/2017 15:00,27.961,818.1,
669,8/1/2017 16:00,28.159,764.2,
670,8/1/2017 17:00,28.357,592,
671,8/1/2017 18:00,28.555,3788.9,
672,8/1/2017 19:00,28.456,2411.1,
673,8/1/2017 20:00,28.258,914.9,
674,8/1/2017 21:00,27.961,0,
675,8/1/2017 22:00,27.764,0,
676,8/1/2017 23:00,27.567,0,
677,8/2/2017 0:00,27.37,0,
678,8/2/2017 1:00,27.173,0,
679,8/2/2017 2:00,26.977,0,
680,8/2/2017 3:00,26.781,0,
681,8/2/2017 4:00,26.585,0,
682,8/2/2017 5:00,26.585,0,
683,8/2/2017 6:00,26.39,0,
684,8/2/2017 7:00,26.292,43.1,
685,8/2/2017 8:00,26.292,279.9,
686,8/2/2017 9:00,22.238,0,
687,8/2/2017 10:00,26.39,624.3,
688,8/2/2017 11:00,26.683,775,
689,8/2/2017 12:00,27.173,1377.8,199.244
690,8/2/2017 13:00,27.37,484.4,
691,8/2/2017 14:00,27.468,376.7,
692,8/2/2017 15:00,27.468,312.2,
693,8/2/2017 16:00,27.173,139.9,
694,8/2/2017 17:00,26.879,96.9,
695,8/2/2017 18:00,26.781,602.8,
696,8/2/2017 19:00,26.683,839.6,
697,8/2/2017 20:00,26.683,635.1,
698,8/2/2017 21:00,26.488,0,
699,8/2/2017 22:00,26.292,0,
700,8/2/2017 23:00,26.195,0,
701,8/3/2017 0:00,26.097,0,
702,8/3/2017 1:00,26.097,0,
703,8/3/2017 2:00,26,0,
704,8/3/2017 3:00,25.902,0,
705,8/3/2017 4:00,25.902,0,
706,8/3/2017 5:00,25.805,0,
707,8/3/2017 6:00,25.805,0,
708,8/3/2017 7:00,25.805,32.3,
709,8/3/2017 8:00,25.805,226,
710,8/3/2017 9:00,25.805,505.9,
711,8/3/2017 10:00,25.805,731.9,
712,8/3/2017 11:00,26,925.7,
713,8/3/2017 12:00,26.097,678.1,205.322
714,8/3/2017 13:00,26.292,882.6,
715,8/3/2017 14:00,26.292,742.7,
716,8/3/2017 15:00,26.488,1194.8,
717,8/3/2017 16:00,26.195,828.8,
718,8/3/2017 17:00,26.292,785.8,
719,8/3/2017 18:00,26.195,430.6,
720,8/3/2017 19:00,26.097,129.2,
721,8/3/2017 20:00,26,322.9,
722,8/3/2017 21:00,25.902,0,
723,8/3/2017 22:00,25.805,0,
724,8/3/2017 23:00,25.61,0,
725,8/4/2017 0:00,25.513,0,
726,8/4/2017 1:00,25.513,0,
727,8/4/2017 2:00,25.416,0,
728,8/4/2017 3:00,25.416,0,
729,8/4/2017 4:00,25.319,0,
730,8/4/2017 5:00,25.319,0,
731,8/4/2017 6:00,25.222,0,
732,8/4/2017 7:00,25.125,96.9,
733,8/4/2017 8:00,25.125,333.7,
734,8/4/2017 9:00,25.222,549,
735,8/4/2017 10:00,25.125,990.3,
736,8/4/2017 11:00,25.125,721.2,
737,8/4/2017 12:00,24.931,549,210.463
738,8/4/2017 13:00,25.222,398.3,
739,8/4/2017 14:00,25.319,387.5,
740,8/4/2017 15:00,25.222,796.5,
741,8/4/2017 16:00,25.319,269.1,
742,8/4/2017 17:00,25.416,764.2,
743,8/4/2017 18:00,25.319,452.1,
744,8/4/2017 19:00,25.319,882.6,
745,8/4/2017 20:00,25.125,64.6,
746,8/4/2017 21:00,24.835,0,
747,8/4/2017 22:00,24.835,0,
748,8/4/2017 23:00,24.738,0,
749,8/5/2017 0:00,24.641,0,
750,8/5/2017 1:00,24.351,0,
751,8/5/2017 2:00,24.255,0,
752,8/5/2017 3:00,24.158,0,
753,8/5/2017 4:00,24.062,0,
754,8/5/2017 5:00,23.966,0,
755,8/5/2017 6:00,23.773,0,
756,8/5/2017 7:00,23.773,43.1,
757,8/5/2017 8:00,23.677,86.1,
758,8/5/2017 9:00,23.581,118.4,
759,8/5/2017 10:00,23.581,495.1,
760,8/5/2017 11:00,23.869,570.5,
761,8/5/2017 12:00,24.255,925.7,214.972
762,8/5/2017 13:00,24.351,764.2,
763,8/5/2017 14:00,24.448,947.2,
764,8/5/2017 15:00,24.545,559.7,
765,8/5/2017 16:00,24.931,1302.4,
766,8/5/2017 17:00,25.125,3272.2,
767,8/5/2017 18:00,24.931,710.4,
768,8/5/2017 19:00,24.931,1550,
769,8/5/2017 20:00,24.738,366,
770,8/5/2017 21:00,24.545,0,
771,8/5/2017 22:00,24.351,0,
772,8/5/2017 23:00,24.255,0,
773,8/6/2017 0:00,24.158,0,
774,8/6/2017 1:00,23.966,0,
775,8/6/2017 2:00,23.966,0,
776,8/6/2017 3:00,23.869,0,
777,8/6/2017 4:00,23.773,0,
778,8/6/2017 5:00,23.773,0,
779,8/6/2017 6:00,23.677,0,
780,8/6/2017 7:00,23.677,53.8,
781,8/6/2017 8:00,23.581,139.9,
782,8/6/2017 9:00,23.581,247.6,
783,8/6/2017 10:00,23.869,462.9,
784,8/6/2017 11:00,24.545,398.3,
785,8/6/2017 12:00,25.513,688.9,219.976
786,8/6/2017 13:00,25.61,914.9,
787,8/6/2017 14:00,25.805,581.3,
788,8/6/2017 15:00,25.902,893.4,
789,8/6/2017 16:00,25.902,419.8,
790,8/6/2017 17:00,25.513,893.4,
791,8/6/2017 18:00,25.416,645.8,
792,8/6/2017 19:00,25.222,1463.9,
793,8/6/2017 20:00,24.931,376.7,
794,8/6/2017 21:00,24.448,0,
795,8/6/2017 22:00,24.351,0,
796,8/6/2017 23:00,24.062,0,
797,8/7/2017 0:00,24.062,0,
798,8/7/2017 1:00,23.966,0,
799,8/7/2017 2:00,23.869,0,
800,8/7/2017 3:00,23.773,0,
801,8/7/2017 4:00,23.773,0,
802,8/7/2017 5:00,23.773,0,
803,8/7/2017 6:00,23.677,0,
804,8/7/2017 7:00,23.677,43.1,
805,8/7/2017 8:00,23.581,161.5,
806,8/7/2017 9:00,23.484,86.1,
807,8/7/2017 10:00,23.581,344.4,
808,8/7/2017 11:00,23.581,914.9,
809,8/7/2017 12:00,23.869,796.5,225.192
810,8/7/2017 13:00,24.062,764.2,
811,8/7/2017 14:00,24.062,861.1,
812,8/7/2017 15:00,25.513,850.4,
813,8/7/2017 16:00,26.097,656.6,
814,8/7/2017 17:00,26.292,2325,
815,8/7/2017 18:00,25.708,1550,
816,8/7/2017 19:00,24.931,1722.2,
817,8/7/2017 20:00,24.738,398.3,
818,8/7/2017 21:00,24.158,0,
819,8/7/2017 22:00,23.966,0,
820,8/7/2017 23:00,23.773,0,
821,8/8/2017 0:00,23.773,0,
822,8/8/2017 1:00,23.581,0,
823,8/8/2017 2:00,23.581,0,
824,8/8/2017 3:00,23.484,0,
825,8/8/2017 4:00,23.388,0,
826,8/8/2017 5:00,23.292,0,
827,8/8/2017 6:00,23.196,0,
828,8/8/2017 7:00,23.004,43.1,
829,8/8/2017 8:00,23.004,139.9,
830,8/8/2017 9:00,23.004,193.8,
831,8/8/2017 10:00,23.484,473.6,
832,8/8/2017 11:00,23.966,527.4,
833,8/8/2017 12:00,24.448,581.3,230.11
834,8/8/2017 13:00,24.835,721.2,
835,8/8/2017 14:00,25.125,613.5,
836,8/8/2017 15:00,25.513,861.1,
837,8/8/2017 16:00,25.902,1108.7,
838,8/8/2017 17:00,25.708,968.8,
839,8/8/2017 18:00,26.097,2755.6,
840,8/8/2017 19:00,25.902,1463.9,
841,8/8/2017 20:00,25.805,430.6,
842,8/8/2017 21:00,25.416,0,
843,8/8/2017 22:00,25.222,0,
844,8/8/2017 23:00,24.931,0,
845,8/9/2017 0:00,24.738,0,
846,8/9/2017 1:00,24.545,0,
847,8/9/2017 2:00,24.351,0,
848,8/9/2017 3:00,24.062,0,
849,8/9/2017 4:00,23.773,0,
850,8/9/2017 5:00,23.677,0,
851,8/9/2017 6:00,23.581,0,
852,8/9/2017 7:00,23.484,43.1,
853,8/9/2017 8:00,23.484,96.9,
854,8/9/2017 9:00,23.484,139.9,
855,8/9/2017 10:00,23.869,527.4,
856,8/9/2017 11:00,24.448,419.8,
857,8/9/2017 12:00,24.931,538.2,235.327
858,8/9/2017 13:00,25.319,559.7,
859,8/9/2017 14:00,25.61,581.3,
860,8/9/2017 15:00,25.805,516.7,
861,8/9/2017 16:00,26.097,958,
862,8/9/2017 17:00,25.805,602.8,
863,8/9/2017 18:00,26.292,979.5,
864,8/9/2017 19:00,26,2152.8,
865,8/9/2017 20:00,25.708,333.7,
866,8/9/2017 21:00,25.319,0,
867,8/9/2017 22:00,25.125,0,
868,8/9/2017 23:00,24.931,0,
869,8/10/2017 0:00,24.738,0,
870,8/10/2017 1:00,24.545,0,
871,8/10/2017 2:00,24.351,0,
872,8/10/2017 3:00,24.158,0,
873,8/10/2017 4:00,24.158,0,
874,8/10/2017 5:00,24.062,0,
875,8/10/2017 6:00,23.966,0,
876,8/10/2017 7:00,23.966,0,
877,8/10/2017 8:00,23.869,204.5,
878,8/10/2017 9:00,23.966,376.7,
879,8/10/2017 10:00,24.062,505.9,
880,8/10/2017 11:00,24.351,581.3,
881,8/10/2017 12:00,24.835,484.4,240.373
882,8/10/2017 13:00,25.125,581.3,
883,8/10/2017 14:00,24.931,656.6,
884,8/10/2017 15:00,25.222,818.1,
885,8/10/2017 16:00,25.61,721.2,
886,8/10/2017 17:00,25.513,1636.1,
887,8/10/2017 18:00,25.805,1722.2,
888,8/10/2017 19:00,25.61,247.6,
889,8/10/2017 20:00,25.513,96.9,
890,8/10/2017 21:00,25.319,0,
891,8/10/2017 22:00,25.222,0,
892,8/10/2017 23:00,25.028,0,
893,8/11/2017 0:00,24.931,0,
894,8/11/2017 1:00,24.738,0,
895,8/11/2017 2:00,24.641,0,
896,8/11/2017 3:00,24.641,0,
897,8/11/2017 4:00,24.545,0,
898,8/11/2017 5:00,24.545,0,
899,8/11/2017 6:00,24.545,0,
900,8/11/2017 7:00,24.448,43.1,
901,8/11/2017 8:00,24.351,269.1,
902,8/11/2017 9:00,24.351,312.2,
903,8/11/2017 10:00,24.351,139.9,
904,8/11/2017 11:00,24.351,495.1,
905,8/11/2017 12:00,24.448,871.9,245.843
906,8/11/2017 13:00,24.931,613.5,
907,8/11/2017 14:00,25.319,1087.2,
908,8/11/2017 15:00,26,452.1,
909,8/11/2017 16:00,26.195,430.6,
910,8/11/2017 17:00,26.195,1033.3,
911,8/11/2017 18:00,26.195,441.3,
912,8/11/2017 19:00,25.902,258.3,
913,8/11/2017 20:00,25.805,226,
914,8/11/2017 21:00,25.61,0,
915,8/11/2017 22:00,25.319,0,
916,8/11/2017 23:00,25.222,0,
917,8/12/2017 0:00,24.931,0,
918,8/12/2017 1:00,24.835,0,
919,8/12/2017 2:00,24.738,0,
920,8/12/2017 3:00,24.545,0,
921,8/12/2017 4:00,24.448,0,
922,8/12/2017 5:00,24.255,0,
923,8/12/2017 6:00,24.158,0,
924,8/12/2017 7:00,24.062,10.8,
925,8/12/2017 8:00,24.062,139.9,
926,8/12/2017 9:00,23.966,236.8,
927,8/12/2017 10:00,23.966,484.4,
928,8/12/2017 11:00,24.062,667.4,
929,8/12/2017 12:00,24.062,904.2,250.677
930,8/12/2017 13:00,24.351,731.9,
931,8/12/2017 14:00,24.641,753.5,
932,8/12/2017 15:00,25.125,581.3,
933,8/12/2017 16:00,25.416,1227.1,
934,8/12/2017 17:00,25.319,1722.2,
935,8/12/2017 18:00,25.416,2927.8,
936,8/12/2017 19:00,25.222,172.2,
937,8/12/2017 20:00,24.738,269.1,
938,8/12/2017 21:00,24.545,0,
939,8/12/2017 22:00,24.351,0,
940,8/12/2017 23:00,24.255,0,
941,8/13/2017 0:00,24.255,0,
942,8/13/2017 1:00,24.158,0,
943,8/13/2017 2:00,23.966,0,
944,8/13/2017 3:00,23.966,0,
945,8/13/2017 4:00,23.869,0,
946,8/13/2017 5:00,23.773,0,
947,8/13/2017 6:00,23.773,0,
948,8/13/2017 7:00,23.581,32.3,
949,8/13/2017 8:00,23.581,96.9,
950,8/13/2017 9:00,23.581,129.2,
951,8/13/2017 10:00,23.869,322.9,
952,8/13/2017 11:00,24.255,376.7,
953,8/13/2017 12:00,24.641,742.7,255.867
954,8/13/2017 13:00,25.125,850.4,
955,8/13/2017 14:00,25.708,775,
956,8/13/2017 15:00,26,1162.5,
957,8/13/2017 16:00,25.902,1119.5,
958,8/13/2017 17:00,26.195,2066.7,
959,8/13/2017 18:00,25.61,1463.9,
960,8/13/2017 19:00,25.319,688.9,
961,8/13/2017 20:00,25.319,118.4,
962,8/13/2017 21:00,25.125,0,
963,8/13/2017 22:00,24.931,0,
964,8/13/2017 23:00,24.835,0,
965,8/14/2017 0:00,24.641,0,
966,8/14/2017 1:00,24.545,0,
967,8/14/2017 2:00,24.448,0,
968,8/14/2017 3:00,24.351,0,
969,8/14/2017 4:00,24.255,0,
970,8/14/2017 5:00,24.158,0,
971,8/14/2017 6:00,24.062,0,
972,8/14/2017 7:00,24.062,0,
973,8/14/2017 8:00,23.966,172.2,
974,8/14/2017 9:00,23.966,215.3,
975,8/14/2017 10:00,24.062,710.4,
976,8/14/2017 11:00,24.158,785.8,
977,8/14/2017 12:00,24.448,688.9,260.825
978,8/14/2017 13:00,25.222,688.9,
979,8/14/2017 14:00,25.513,710.4,
980,8/14/2017 15:00,25.61,1044.1,
981,8/14/2017 16:00,25.61,818.1,
982,8/14/2017 17:00,25.319,527.4,
983,8/14/2017 18:00,25.416,484.4,
984,8/14/2017 19:00,25.319,150.7,
985,8/14/2017 20:00,25.222,53.8,
986,8/14/2017 21:00,25.125,0,
987,8/14/2017 22:00,24.931,0,
988,8/14/2017 23:00,24.738,0,
989,8/15/2017 0:00,24.641,0,
990,8/15/2017 1:00,24.448,0,
991,8/15/2017 2:00,24.255,0,
992,8/15/2017 3:00,24.255,0,
993,8/15/2017 4:00,24.158,0,
994,8/15/2017 5:00,24.158,0,
995,8/15/2017 6:00,23.966,0,
996,8/15/2017 7:00,23.966,21.5,
997,8/15/2017 8:00,23.869,139.9,
998,8/15/2017 9:00,23.869,430.6,
999,8/15/2017 10:00,23.966,355.2,
1000,8/15/2017 11:00,24.255,398.3,
1001,8/15/2017 12:00,24.545,387.5,266.243
1002,8/15/2017 13:00,25.028,559.7,
1003,8/15/2017 14:00,25.708,559.7,
1004,8/15/2017 15:00,25.902,613.5,
1005,8/15/2017 16:00,26,796.5,
1006,8/15/2017 17:00,26,882.6,
1007,8/15/2017 18:00,26.39,1636.1,
1008,8/15/2017 19:00,26.195,710.4,
1009,8/15/2017 20:00,25.61,161.5,
1010,8/15/2017 21:00,25.319,0,
1011,8/15/2017 22:00,25.222,0,
1012,8/15/2017 23:00,25.125,0,
1013,8/16/2017 0:00,24.931,0,
1014,8/16/2017 1:00,24.835,0,
1015,8/16/2017 2:00,24.738,0,
1016,8/16/2017 3:00,24.641,0,
1017,8/16/2017 4:00,24.545,0,
1018,8/16/2017 5:00,24.545,0,
1019,8/16/2017 6:00,24.448,0,
1020,8/16/2017 7:00,24.448,21.5,
1021,8/16/2017 8:00,24.448,215.3,
1022,8/16/2017 9:00,24.351,193.8,
1023,8/16/2017 10:00,24.641,430.6,
1024,8/16/2017 11:00,24.931,785.8,
1025,8/16/2017 12:00,25.125,1097.9,271.713
1026,8/16/2017 13:00,25.416,1011.8,
1027,8/16/2017 14:00,25.61,688.9,
1028,8/16/2017 15:00,25.805,753.5,
1029,8/16/2017 16:00,25.805,839.6,
1030,8/16/2017 17:00,25.805,7233.4,
1031,8/16/2017 18:00,26.195,2583.4,
1032,8/16/2017 19:00,26,1808.3,
1033,8/16/2017 20:00,25.805,193.8,
1034,8/16/2017 21:00,25.61,0,
1035,8/16/2017 22:00,25.513,0,
1036,8/16/2017 23:00,25.416,0,
1037,8/17/2017 0:00,25.416,0,
1038,8/17/2017 1:00,25.319,0,
1039,8/17/2017 2:00,25.222,0,
1040,8/17/2017 3:00,25.125,0,
1041,8/17/2017 4:00,25.028,0,
1042,8/17/2017 5:00,24.931,0,
1043,8/17/2017 6:00,24.931,0,
1044,8/17/2017 7:00,24.835,0,
1045,8/17/2017 8:00,24.738,118.4,
1046,8/17/2017 9:00,24.641,355.2,
1047,8/17/2017 10:00,24.641,279.9,
1048,8/17/2017 11:00,24.738,828.8,
1049,8/17/2017 12:00,24.738,193.8,276.793
1050,8/17/2017 13:00,24.738,818.1,
1051,8/17/2017 14:00,24.835,731.9,
1052,8/17/2017 15:00,25.028,581.3,
1053,8/17/2017 16:00,25.125,958,
1054,8/17/2017 17:00,25.125,462.9,
1055,8/17/2017 18:00,25.125,75.3,
1056,8/17/2017 19:00,25.222,527.4,
1057,8/17/2017 20:00,25.125,86.1,
1058,8/17/2017 21:00,24.931,0,
1059,8/17/2017 22:00,24.835,0,
1060,8/17/2017 23:00,24.738,0,
1061,8/18/2017 0:00,24.641,0,
1062,8/18/2017 1:00,24.738,0,
1063,8/18/2017 2:00,24.641,0,
1064,8/18/2017 3:00,24.545,0,
1065,8/18/2017 4:00,24.545,0,
1066,8/18/2017 5:00,24.351,0,
1067,8/18/2017 6:00,24.255,0,
1068,8/18/2017 7:00,24.158,0,
1069,8/18/2017 8:00,24.062,107.6,
1070,8/18/2017 9:00,23.966,366,
1071,8/18/2017 10:00,24.062,484.4,
1072,8/18/2017 11:00,24.062,527.4,
1073,8/18/2017 12:00,24.062,1044.1,281.16
1074,8/18/2017 13:00,24.351,1076.4,
1075,8/18/2017 14:00,24.351,699.7,
1076,8/18/2017 15:00,24.351,1141,
1077,8/18/2017 16:00,24.351,721.2,
1078,8/18/2017 17:00,24.351,753.5,
1079,8/18/2017 18:00,24.255,150.7,
1080,8/18/2017 19:00,24.255,150.7,
1081,8/18/2017 20:00,24.255,43.1,
1082,8/18/2017 21:00,24.158,0,
1083,8/18/2017 22:00,24.062,0,
1084,8/18/2017 23:00,23.966,0,
1085,8/19/2017 0:00,23.869,0,
1086,8/19/2017 1:00,23.869,0,
1087,8/19/2017 2:00,23.773,0,
1088,8/19/2017 3:00,23.773,0,
1089,8/19/2017 4:00,23.677,0,
1090,8/19/2017 5:00,23.677,0,
1091,8/19/2017 6:00,23.581,0,
1092,8/19/2017 7:00,23.484,0,
1093,8/19/2017 8:00,23.484,107.6,
1094,8/19/2017 9:00,23.484,139.9,
1095,8/19/2017 10:00,23.484,322.9,
1096,8/19/2017 11:00,23.869,376.7,
1097,8/19/2017 12:00,24.158,818.1,285.942
1098,8/19/2017 13:00,24.448,559.7,
1099,8/19/2017 14:00,24.835,441.3,
1100,8/19/2017 15:00,25.222,624.3,
1101,8/19/2017 16:00,25.222,527.4,
1102,8/19/2017 17:00,25.61,1270.1,
1103,8/19/2017 18:00,25.513,2066.7,
1104,8/19/2017 19:00,25.319,1151.7,
1105,8/19/2017 20:00,25.222,183,
1106,8/19/2017 21:00,25.125,0,
1107,8/19/2017 22:00,24.931,0,
1108,8/19/2017 23:00,24.738,0,
1109,8/20/2017 0:00,24.545,0,
1110,8/20/2017 1:00,24.351,0,
1111,8/20/2017 2:00,24.255,0,
1112,8/20/2017 3:00,24.062,0,
1113,8/20/2017 4:00,23.966,0,
1114,8/20/2017 5:00,23.869,0,
1115,8/20/2017 6:00,23.773,0,
1116,8/20/2017 7:00,23.677,21.5,
1117,8/20/2017 8:00,23.581,75.3,
1118,8/20/2017 9:00,23.581,107.6,
1119,8/20/2017 10:00,23.677,355.2,
1120,8/20/2017 11:00,24.255,301.4,
1121,8/20/2017 12:00,25.028,215.3,290.946
1122,8/20/2017 13:00,25.125,301.4,
1123,8/20/2017 14:00,25.319,355.2,
1124,8/20/2017 15:00,25.708,505.9,
1125,8/20/2017 16:00,25.708,322.9,
1126,8/20/2017 17:00,25.902,1377.8,
1127,8/20/2017 18:00,25.708,861.1,
1128,8/20/2017 19:00,25.416,559.7,
1129,8/20/2017 20:00,25.416,21.5,
1130,8/20/2017 21:00,25.319,0,
1131,8/20/2017 22:00,25.125,0,
1132,8/20/2017 23:00,25.028,0,
1133,8/21/2017 0:00,24.931,0,
1134,8/21/2017 1:00,24.835,0,
1135,8/21/2017 2:00,24.641,0,
1136,8/21/2017 3:00,24.641,0,
1137,8/21/2017 4:00,24.545,0,
1138,8/21/2017 5:00,24.448,0,
1139,8/21/2017 6:00,24.448,0,
1140,8/21/2017 7:00,24.351,21.5,
1141,8/21/2017 8:00,24.351,161.5,
1142,8/21/2017 9:00,24.351,301.4,
1143,8/21/2017 10:00,24.545,398.3,
1144,8/21/2017 11:00,24.835,441.3,
1145,8/21/2017 12:00,25.319,688.9,297.164
1146,8/21/2017 13:00,25.61,441.3,
1147,8/21/2017 14:00,27.37,183,
1148,8/21/2017 15:00,26.781,290.6,
1149,8/21/2017 16:00,26.683,914.9,
1150,8/21/2017 17:00,26.683,667.4,
1151,8/21/2017 18:00,26.781,430.6,
1152,8/21/2017 19:00,26.488,312.2,
1153,8/21/2017 20:00,26.195,0,
1154,8/21/2017 21:00,26,0,
1155,8/21/2017 22:00,25.902,0,
1156,8/21/2017 23:00,25.805,0,
1157,8/22/2017 0:00,25.708,0,
1158,8/22/2017 1:00,25.513,0,
1159,8/22/2017 2:00,25.319,0,
1160,8/22/2017 3:00,25.222,0,
1161,8/22/2017 4:00,25.125,0,
1162,8/22/2017 5:00,25.028,0,
1163,8/22/2017 6:00,24.931,0,
1164,8/22/2017 7:00,24.738,0,
1165,8/22/2017 8:00,24.641,10.8,
1166,8/22/2017 9:00,24.351,226,
1167,8/22/2017 10:00,24.351,839.6,
1168,8/22/2017 11:00,24.448,1065.6,
1169,8/22/2017 12:00,24.641,1377.8,302.385
1170,8/22/2017 13:00,24.545,947.2,
1171,8/22/2017 14:00,24.931,1377.8,
1172,8/22/2017 15:00,25.125,850.4,
1173,8/22/2017 16:00,25.319,1808.3,
1174,8/22/2017 17:00,25.805,5511.1,
1175,8/22/2017 18:00,25.61,2927.8,
1176,8/22/2017 19:00,25.416,1463.9,
1177,8/22/2017 20:00,24.931,64.6,
1178,8/22/2017 21:00,24.738,0,
1179,8/22/2017 22:00,24.641,0,
1180,8/22/2017 23:00,24.448,0,
1181,8/23/2017 0:00,24.351,0,
1182,8/23/2017 1:00,24.255,0,
1183,8/23/2017 2:00,24.158,0,
1184,8/23/2017 3:00,24.062,0,
1185,8/23/2017 4:00,23.869,0,
1186,8/23/2017 5:00,23.773,0,
1187,8/23/2017 6:00,23.581,0,
1188,8/23/2017 7:00,23.581,10.8,
1189,8/23/2017 8:00,23.484,118.4,
1190,8/23/2017 9:00,23.484,172.2,
1191,8/23/2017 10:00,23.581,322.9,
1192,8/23/2017 11:00,23.677,452.1,
1193,8/23/2017 12:00,24.062,538.2,306.797
1194,8/23/2017 13:00,24.351,462.9,
1195,8/23/2017 14:00,24.545,613.5,
1196,8/23/2017 15:00,24.641,785.8,
1197,8/23/2017 16:00,24.835,1065.6,
1198,8/23/2017 17:00,25.028,6200,
1199,8/23/2017 18:00,24.835,925.7,
1200,8/23/2017 19:00,24.545,947.2,
1201,8/23/2017 20:00,24.158,258.3,
1202,8/23/2017 21:00,24.062,0,
1203,8/23/2017 22:00,23.966,0,
1204,8/23/2017 23:00,23.869,0,
1205,8/24/2017 0:00,23.869,0,
1206,8/24/2017 1:00,23.773,0,
1207,8/24/2017 2:00,23.677,0,
1208,8/24/2017 3:00,23.581,0,
1209,8/24/2017 4:00,23.484,0,
1210,8/24/2017 5:00,23.388,0,
1211,8/24/2017 6:00,23.388,0,
1212,8/24/2017 7:00,23.292,0,
1213,8/24/2017 8:00,23.292,96.9,
1214,8/24/2017 9:00,23.292,226,
1215,8/24/2017 10:00,23.292,387.5,
1216,8/24/2017 11:00,23.292,495.1,
1217,8/24/2017 12:00,23.292,376.7,310.393
1218,8/24/2017 13:00,23.292,807.3,
1219,8/24/2017 14:00,23.292,699.7,
1220,8/24/2017 15:00,23.484,882.6,
1221,8/24/2017 16:00,23.581,570.5,
1222,8/24/2017 17:00,23.966,5511.1,
1223,8/24/2017 18:00,23.966,2927.8,
1224,8/24/2017 19:00,23.966,376.7,
1225,8/24/2017 20:00,23.773,107.6,
1226,8/24/2017 21:00,23.581,0,
1227,8/24/2017 22:00,23.388,0,
1228,8/24/2017 23:00,23.196,0,
1229,8/25/2017 0:00,23.1,0,
1230,8/25/2017 1:00,23.004,0,
1231,8/25/2017 2:00,23.004,0,
1232,8/25/2017 3:00,22.908,0,
1233,8/25/2017 4:00,22.812,0,
1234,8/25/2017 5:00,22.717,0,
1235,8/25/2017 6:00,22.621,0,
1236,8/25/2017 7:00,22.525,0,
1237,8/25/2017 8:00,22.333,86.1,
1238,8/25/2017 9:00,22.429,129.2,
1239,8/25/2017 10:00,22.429,279.9,
1240,8/25/2017 11:00,22.717,183,
1241,8/25/2017 12:00,23.196,172.2,314.572
1242,8/25/2017 13:00,23.581,183,
1243,8/25/2017 14:00,23.388,226,
1244,8/25/2017 15:00,23.773,355.2,
1245,8/25/2017 16:00,24.062,538.2,
1246,8/25/2017 17:00,25.319,3788.9,
1247,8/25/2017 18:00,23.773,1636.1,
1248,8/25/2017 19:00,24.545,721.2,
1249,8/25/2017 20:00,24.255,75.3,
1250,8/25/2017 21:00,23.869,0,
1251,8/25/2017 22:00,23.484,0,
1252,8/25/2017 23:00,23.196,0,
1253,8/26/2017 0:00,22.908,0,
1254,8/26/2017 1:00,22.717,0,
1255,8/26/2017 2:00,22.621,0,
1256,8/26/2017 3:00,22.621,0,
1257,8/26/2017 4:00,22.525,0,
1258,8/26/2017 5:00,22.429,0,
1259,8/26/2017 6:00,22.429,0,
1260,8/26/2017 7:00,22.429,0,
1261,8/26/2017 8:00,22.333,75.3,
1262,8/26/2017 9:00,22.333,129.2,
1263,8/26/2017 10:00,22.429,290.6,
1264,8/26/2017 11:00,22.812,215.3,
1265,8/26/2017 12:00,23.484,183,318.627
1266,8/26/2017 13:00,23.869,710.4,
1267,8/26/2017 14:00,24.545,775,
1268,8/26/2017 15:00,24.641,1054.9,
1269,8/26/2017 16:00,25.125,1087.2,
1270,8/26/2017 17:00,24.641,3616.7,
1271,8/26/2017 18:00,24.545,1550,
1272,8/26/2017 19:00,24.255,290.6,
1273,8/26/2017 20:00,23.677,32.3,
1274,8/26/2017 21:00,23.581,0,
1275,8/26/2017 22:00,23.388,0,
1276,8/26/2017 23:00,23.292,0,
1277,8/27/2017 0:00,23.196,0,
1278,8/27/2017 1:00,23.1,0,
1279,8/27/2017 2:00,23.004,0,
1280,8/27/2017 3:00,22.908,0,
1281,8/27/2017 4:00,22.812,0,
1282,8/27/2017 5:00,22.717,0,
1283,8/27/2017 6:00,22.525,0,
1284,8/27/2017 7:00,22.429,0,
1285,8/27/2017 8:00,22.429,53.8,
1286,8/27/2017 9:00,22.429,258.3,
1287,8/27/2017 10:00,22.429,301.4,
1288,8/27/2017 11:00,22.621,344.4,
1289,8/27/2017 12:00,22.908,495.1,321.611
1290,8/27/2017 13:00,22.908,710.4,
1291,8/27/2017 14:00,23.1,635.1,
1292,8/27/2017 15:00,23.196,688.9,
1293,8/27/2017 16:00,23.196,807.3,
1294,8/27/2017 17:00,23.388,430.6,
1295,8/27/2017 18:00,23.196,301.4,
1296,8/27/2017 19:00,23.004,129.2,
1297,8/27/2017 20:00,22.908,0,
1298,8/27/2017 21:00,22.717,0,
1299,8/27/2017 22:00,22.621,0,
1300,8/27/2017 23:00,22.621,0,
1301,8/28/2017 0:00,22.525,0,
1302,8/28/2017 1:00,22.429,0,
1303,8/28/2017 2:00,22.429,0,
1304,8/28/2017 3:00,22.429,0,
1305,8/28/2017 4:00,22.333,0,
1306,8/28/2017 5:00,22.333,0,
1307,8/28/2017 6:00,22.238,0,
1308,8/28/2017 7:00,22.238,0,
1309,8/28/2017 8:00,22.238,75.3,
1310,8/28/2017 9:00,22.238,193.8,
1311,8/28/2017 10:00,22.238,462.9,
1312,8/28/2017 11:00,22.238,441.3,
1313,8/28/2017 12:00,22.333,430.6,323.907
1314,8/28/2017 13:00,22.333,387.5,
1315,8/28/2017 14:00,22.429,247.6,
1316,8/28/2017 15:00,22.333,247.6,
1317,8/28/2017 16:00,22.333,269.1,
1318,8/28/2017 17:00,22.333,236.8,
1319,8/28/2017 18:00,22.525,1302.4,
1320,8/28/2017 19:00,22.429,366,
1321,8/28/2017 20:00,22.429,21.5,
1322,8/28/2017 21:00,22.333,0,
1323,8/28/2017 22:00,22.238,0,
1324,8/28/2017 23:00,22.142,0,
1325,8/29/2017 0:00,22.046,0,
1326,8/29/2017 1:00,22.046,0,
1327,8/29/2017 2:00,22.046,0,
1328,8/29/2017 3:00,22.046,0,
1329,8/29/2017 4:00,21.951,0,
1330,8/29/2017 5:00,21.855,0,
1331,8/29/2017 6:00,21.855,0,
1332,8/29/2017 7:00,21.76,0,
1333,8/29/2017 8:00,21.76,64.6,
1334,8/29/2017 9:00,21.76,129.2,
1335,8/29/2017 10:00,21.855,279.9,
1336,8/29/2017 11:00,21.951,635.1,
1337,8/29/2017 12:00,22.046,818.1,327.754
1338,8/29/2017 13:00,22.333,355.2,
1339,8/29/2017 14:00,23.869,290.6,
1340,8/29/2017 15:00,24.351,376.7,
1341,8/29/2017 16:00,24.448,495.1,
1342,8/29/2017 17:00,24.351,419.8,
1343,8/29/2017 18:00,24.545,1980.6,
1344,8/29/2017 19:00,25.125,753.5,
1345,8/29/2017 20:00,24.641,53.8,
1346,8/29/2017 21:00,23.869,0,
1347,8/29/2017 22:00,23.773,0,
1348,8/29/2017 23:00,23.004,0,
1349,8/30/2017 0:00,22.621,0,
1350,8/30/2017 1:00,22.429,0,
1351,8/30/2017 2:00,22.333,0,
1352,8/30/2017 3:00,22.238,0,
1353,8/30/2017 4:00,22.333,0,
1354,8/30/2017 5:00,22.333,0,
1355,8/30/2017 6:00,22.333,0,
1356,8/30/2017 7:00,22.238,0,
1357,8/30/2017 8:00,22.142,32.3,
1358,8/30/2017 9:00,22.142,118.4,
1359,8/30/2017 10:00,22.238,226,
1360,8/30/2017 11:00,22.525,161.5,
1361,8/30/2017 12:00,22.717,193.8,332.297
1362,8/30/2017 13:00,24.062,215.3,
1363,8/30/2017 14:00,24.738,215.3,
1364,8/30/2017 15:00,25.222,398.3,
1365,8/30/2017 16:00,25.708,441.3,
1366,8/30/2017 17:00,26,613.5,
1367,8/30/2017 18:00,25.902,2152.8,
1368,8/30/2017 19:00,25.513,247.6,
1369,8/30/2017 20:00,25.319,21.5,
1370,8/30/2017 21:00,25.125,0,
1371,8/30/2017 22:00,24.835,0,
1372,8/30/2017 23:00,24.545,0,
1373,8/31/2017 0:00,24.255,0,
1374,8/31/2017 1:00,23.966,0,
1375,8/31/2017 2:00,23.677,0,
1376,8/31/2017 3:00,23.292,0,
1377,8/31/2017 4:00,22.908,0,
1378,8/31/2017 5:00,22.717,0,
1379,8/31/2017 6:00,22.525,0,
1380,8/31/2017 7:00,22.333,0,
1381,8/31/2017 8:00,22.238,118.4,
1382,8/31/2017 9:00,22.142,204.5,
1383,8/31/2017 10:00,22.046,322.9,
1384,8/31/2017 11:00,22.142,333.7,
1385,8/31/2017 12:00,22.429,570.5,335.694
1386,8/31/2017 13:00,22.621,559.7,
1387,8/31/2017 14:00,22.812,549,
1388,8/31/2017 15:00,22.908,807.3,
1389,8/31/2017 16:00,23.1,839.6,
1390,8/31/2017 17:00,23.196,7233.4,
1391,8/31/2017 18:00,23.1,3272.2,
1392,8/31/2017 19:00,22.908,968.8,
1393,8/31/2017 20:00,22.717,75.3,
1394,8/31/2017 21:00,22.525,0,
1395,8/31/2017 22:00,22.429,0,
1396,8/31/2017 23:00,22.333,0,
1397,9/1/2017 0:00,22.142,0,
1398,9/1/2017 1:00,22.046,0,
1399,9/1/2017 2:00,21.951,0,
1400,9/1/2017 3:00,21.855,0,
1401,9/1/2017 4:00,21.76,0,
1402,9/1/2017 5:00,21.76,0,
1403,9/1/2017 6:00,21.664,0,
1404,9/1/2017 7:00,21.569,0,
1405,9/1/2017 8:00,21.473,118.4,
1406,9/1/2017 9:00,21.473,86.1,
1407,9/1/2017 10:00,21.473,183,
1408,9/1/2017 11:00,21.664,258.3,
1409,9/1/2017 12:00,21.855,226,337.782
1410,9/1/2017 13:00,22.238,236.8,
1411,9/1/2017 14:00,22.429,559.7,
1412,9/1/2017 15:00,22.333,570.5,
1413,9/1/2017 16:00,22.525,796.5,
1414,9/1/2017 17:00,22.333,5338.9,
1415,9/1/2017 18:00,22.525,1550,
1416,9/1/2017 19:00,22.333,602.8,
1417,9/1/2017 20:00,22.142,53.8,
1418,9/1/2017 21:00,22.046,0,
1419,9/1/2017 22:00,21.855,0,
1420,9/1/2017 23:00,21.76,0,
1421,9/2/2017 0:00,21.76,0,
1422,9/2/2017 1:00,21.664,0,
1423,9/2/2017 2:00,21.569,0,
1424,9/2/2017 3:00,21.473,0,
1425,9/2/2017 4:00,21.378,0,
1426,9/2/2017 5:00,21.282,0,
1427,9/2/2017 6:00,21.187,0,
1428,9/2/2017 7:00,21.091,0,
1429,9/2/2017 8:00,21.091,86.1,
1430,9/2/2017 9:00,20.996,96.9,
1431,9/2/2017 10:00,21.187,215.3,
1432,9/2/2017 11:00,21.378,161.5,
1433,9/2/2017 12:00,21.76,204.5,340.675
1434,9/2/2017 13:00,21.664,322.9,
1435,9/2/2017 14:00,22.717,258.3,
1436,9/2/2017 15:00,23.581,538.2,
1437,9/2/2017 16:00,24.062,1377.8,
1438,9/2/2017 17:00,23.869,1313.2,
1439,9/2/2017 18:00,23.773,2325,
1440,9/2/2017 19:00,23.484,441.3,
1441,9/2/2017 20:00,23.1,0,
1442,9/2/2017 21:00,22.621,0,
1443,9/2/2017 22:00,22.333,0,
1444,9/2/2017 23:00,22.238,0,
1445,9/3/2017 0:00,22.142,0,
1446,9/3/2017 1:00,22.046,0,
1447,9/3/2017 2:00,22.046,0,
1448,9/3/2017 3:00,21.951,0,
1449,9/3/2017 4:00,21.855,0,
1450,9/3/2017 5:00,21.76,0,
1451,9/3/2017 6:00,21.664,0,
1452,9/3/2017 7:00,21.569,0,
1453,9/3/2017 8:00,21.569,75.3,
1454,9/3/2017 9:00,21.473,96.9,
1455,9/3/2017 10:00,21.473,129.2,
1456,9/3/2017 11:00,21.473,387.5,
1457,9/3/2017 12:00,21.569,387.5,343.128
1458,9/3/2017 13:00,21.855,430.6,
1459,9/3/2017 14:00,22.333,441.3,
1460,9/3/2017 15:00,22.525,721.2,
1461,9/3/2017 16:00,22.812,366,
1462,9/3/2017 17:00,22.717,452.1,
1463,9/3/2017 18:00,23.1,3100,
1464,9/3/2017 19:00,22.812,796.5,
1465,9/3/2017 20:00,22.525,43.1,
1466,9/3/2017 21:00,22.429,0,
1467,9/3/2017 22:00,22.333,0,
1468,9/3/2017 23:00,22.142,0,
1469,9/4/2017 0:00,21.951,0,
1470,9/4/2017 1:00,21.76,0,
1471,9/4/2017 2:00,21.664,0,
1472,9/4/2017 3:00,21.473,0,
1473,9/4/2017 4:00,21.378,0,
1474,9/4/2017 5:00,21.282,0,
1475,9/4/2017 6:00,21.187,0,
1476,9/4/2017 7:00,21.091,0,
1477,9/4/2017 8:00,20.71,96.9,
1478,9/4/2017 9:00,20.805,215.3,
1479,9/4/2017 10:00,20.805,441.3,
1480,9/4/2017 11:00,20.996,850.4,
1481,9/4/2017 12:00,21.378,710.4,344.573
1482,9/4/2017 13:00,21.664,925.7,
1483,9/4/2017 14:00,21.664,312.2,
1484,9/4/2017 15:00,21.664,53.8,
1485,9/4/2017 16:00,21.664,139.9,
1486,9/4/2017 17:00,21.664,161.5,
1487,9/4/2017 18:00,21.664,807.3,
1488,9/4/2017 19:00,21.569,236.8,
1489,9/4/2017 20:00,21.473,0,
1490,9/4/2017 21:00,21.473,0,
1491,9/4/2017 22:00,21.378,0,
1492,9/4/2017 23:00,21.282,0,
1493,9/5/2017 0:00,21.187,0,
1494,9/5/2017 1:00,20.996,0,
1495,9/5/2017 2:00,20.996,0,
1496,9/5/2017 3:00,20.901,0,
1497,9/5/2017 4:00,20.901,0,
1498,9/5/2017 5:00,20.805,0,
1499,9/5/2017 6:00,20.71,0,
1500,9/5/2017 7:00,20.615,0,
1501,9/5/2017 8:00,20.71,43.1,
1502,9/5/2017 9:00,20.71,333.7,
1503,9/5/2017 10:00,20.71,247.6,
1504,9/5/2017 11:00,20.901,333.7,
1505,9/5/2017 12:00,21.378,344.4,346.044
1506,9/5/2017 13:00,21.664,366,
1507,9/5/2017 14:00,21.664,290.6,
1508,9/5/2017 15:00,21.951,731.9,
1509,9/5/2017 16:00,21.951,355.2,
1510,9/5/2017 17:00,22.046,3616.7,
1511,9/5/2017 18:00,21.855,96.9,
1512,9/5/2017 19:00,21.664,904.2,
1513,9/5/2017 20:00,21.378,10.8,
1514,9/5/2017 21:00,21.282,0,
1515,9/5/2017 22:00,21.091,0,
1516,9/5/2017 23:00,20.996,0,
1517,9/6/2017 0:00,20.901,0,
1518,9/6/2017 1:00,20.805,0,
1519,9/6/2017 2:00,20.71,0,
1520,9/6/2017 3:00,20.615,0,
1521,9/6/2017 4:00,20.615,0,
1522,9/6/2017 5:00,20.519,0,
1523,9/6/2017 6:00,20.424,0,
1524,9/6/2017 7:00,20.424,0,
1525,9/6/2017 8:00,20.424,53.8,
1526,9/6/2017 9:00,18.14,86.1,
1527,9/6/2017 10:00,20.519,247.6,
1528,9/6/2017 11:00,20.805,215.3,
1529,9/6/2017 12:00,21.091,850.4,346.765
1530,9/6/2017 13:00,21.187,1022.6,
1531,9/6/2017 14:00,21.378,850.4,
1532,9/6/2017 15:00,21.76,355.2,
1533,9/6/2017 16:00,21.664,441.3,
1534,9/6/2017 17:00,21.664,2927.8,
1535,9/6/2017 18:00,21.473,710.4,
1536,9/6/2017 19:00,21.282,247.6,
1537,9/6/2017 20:00,21.091,0,
1538,9/6/2017 21:00,20.901,0,
1539,9/6/2017 22:00,20.71,0,
1540,9/6/2017 23:00,20.615,0,
1541,9/7/2017 0:00,20.424,0,
1542,9/7/2017 1:00,20.424,0,
1543,9/7/2017 2:00,20.329,0,
1544,9/7/2017 3:00,20.234,0,
1545,9/7/2017 4:00,20.234,0,
1546,9/7/2017 5:00,20.043,0,
1547,9/7/2017 6:00,20.043,0,
1548,9/7/2017 7:00,19.948,0,
1549,9/7/2017 8:00,19.948,118.4,
1550,9/7/2017 9:00,20.043,183,
1551,9/7/2017 10:00,20.043,226,
1552,9/7/2017 11:00,20.138,215.3,
1553,9/7/2017 12:00,20.329,527.4,346.989
1554,9/7/2017 13:00,20.329,914.9,
1555,9/7/2017 14:00,20.424,559.7,
1556,9/7/2017 15:00,20.424,559.7,
1557,9/7/2017 16:00,20.519,53.8,
1558,9/7/2017 17:00,20.329,258.3,
1559,9/7/2017 18:00,20.138,86.1,
1560,9/7/2017 19:00,20.138,64.6,
1561,9/7/2017 20:00,20.043,0,
1562,9/7/2017 21:00,20.043,0,
1563,9/7/2017 22:00,19.948,0,
1564,9/7/2017 23:00,19.853,0,
1565,9/8/2017 0:00,19.758,0,
1566,9/8/2017 1:00,19.662,0,
1567,9/8/2017 2:00,19.662,0,
1568,9/8/2017 3:00,19.567,0,
1569,9/8/2017 4:00,19.472,0,
1570,9/8/2017 5:00,19.472,0,
1571,9/8/2017 6:00,19.282,0,
1572,9/8/2017 7:00,19.187,0,
1573,9/8/2017 8:00,19.187,43.1,
1574,9/8/2017 9:00,19.282,64.6,
1575,9/8/2017 10:00,19.282,161.5,
1576,9/8/2017 11:00,19.472,366,
1577,9/8/2017 12:00,19.662,312.2,347.071
1578,9/8/2017 13:00,19.758,527.4,
1579,9/8/2017 14:00,19.948,387.5,
1580,9/8/2017 15:00,19.948,312.2,
1581,9/8/2017 16:00,20.329,581.3,
1582,9/8/2017 17:00,20.043,172.2,
1583,9/8/2017 18:00,20.234,796.5,
1584,9/8/2017 19:00,19.948,312.2,
1585,9/8/2017 20:00,19.948,0,
1586,9/8/2017 21:00,19.758,0,
1587,9/8/2017 22:00,19.662,0,
1588,9/8/2017 23:00,19.567,0,
1589,9/9/2017 0:00,19.472,0,
1590,9/9/2017 1:00,19.472,0,
1591,9/9/2017 2:00,19.377,0,
1592,9/9/2017 3:00,19.187,0,
1593,9/9/2017 4:00,19.377,0,
1594,9/9/2017 5:00,19.282,0,
1595,9/9/2017 6:00,19.187,0,
1596,9/9/2017 7:00,19.092,0,
1597,9/9/2017 8:00,18.996,43.1,
1598,9/9/2017 9:00,18.996,64.6,
1599,9/9/2017 10:00,19.092,139.9,
1600,9/9/2017 11:00,19.377,150.7,
1601,9/9/2017 12:00,19.567,484.4,347.146
1602,9/9/2017 13:00,19.948,409,
1603,9/9/2017 14:00,20.138,258.3,
1604,9/9/2017 15:00,19.853,731.9,
1605,9/9/2017 16:00,19.948,409,
1606,9/9/2017 17:00,20.329,2066.7,
1607,9/9/2017 18:00,20.138,958,
1608,9/9/2017 19:00,19.948,441.3,
1609,9/9/2017 20:00,19.853,0,
1610,9/9/2017 21:00,19.948,0,
1611,9/9/2017 22:00,19.948,0,
1612,9/9/2017 23:00,19.853,0,
1613,9/10/2017 0:00,19.758,0,
1614,9/10/2017 1:00,19.662,0,
1615,9/10/2017 2:00,19.567,0,
1616,9/10/2017 3:00,19.472,0,
1617,9/10/2017 4:00,19.377,0,
1618,9/10/2017 5:00,19.282,0,
1619,9/10/2017 6:00,19.282,0,
1620,9/10/2017 7:00,19.187,0,
1621,9/10/2017 8:00,19.187,64.6,
1622,9/10/2017 9:00,19.092,107.6,
1623,9/10/2017 10:00,19.092,215.3,
1624,9/10/2017 11:00,19.377,258.3,
1625,9/10/2017 12:00,19.758,344.4,348.05
1626,9/10/2017 13:00,20.138,322.9,
1627,9/10/2017 14:00,19.948,387.5,
1628,9/10/2017 15:00,19.948,473.6,
1629,9/10/2017 16:00,21.282,516.7,
1630,9/10/2017 17:00,21.76,958,
1631,9/10/2017 18:00,21.855,624.3,
1632,9/10/2017 19:00,21.378,193.8,
1633,9/10/2017 20:00,20.996,0,
1634,9/10/2017 21:00,20.615,0,
1635,9/10/2017 22:00,20.424,0,
1636,9/10/2017 23:00,20.043,0,
1637,9/11/2017 0:00,19.853,0,
1638,9/11/2017 1:00,19.662,0,
1639,9/11/2017 2:00,19.567,0,
1640,9/11/2017 3:00,19.472,0,
1641,9/11/2017 4:00,19.472,0,
1642,9/11/2017 5:00,19.282,0,
1643,9/11/2017 6:00,19.187,0,
1644,9/11/2017 7:00,19.187,0,
1645,9/11/2017 8:00,19.092,96.9,
1646,9/11/2017 9:00,19.092,193.8,
1647,9/11/2017 10:00,19.187,204.5,
1648,9/11/2017 11:00,19.472,226,
1649,9/11/2017 12:00,19.853,236.8,348.785
1650,9/11/2017 13:00,19.948,258.3,
1651,9/11/2017 14:00,20.329,258.3,
1652,9/11/2017 15:00,20.901,366,
1653,9/11/2017 16:00,21.569,441.3,
1654,9/11/2017 17:00,21.473,1636.1,
1655,9/11/2017 18:00,21.378,731.9,
1656,9/11/2017 19:00,21.187,269.1,
1657,9/11/2017 20:00,21.091,0,
1658,9/11/2017 21:00,20.805,0,
1659,9/11/2017 22:00,20.615,0,
1660,9/11/2017 23:00,20.424,0,
1661,9/12/2017 0:00,20.329,0,
1662,9/12/2017 1:00,20.138,0,
1663,9/12/2017 2:00,20.043,0,
1664,9/12/2017 3:00,20.043,0,
1665,9/12/2017 4:00,19.853,0,
1666,9/12/2017 5:00,19.758,0,
1667,9/12/2017 6:00,19.662,0,
1668,9/12/2017 7:00,19.472,0,
1669,9/12/2017 8:00,19.377,43.1,
1670,9/12/2017 9:00,19.377,96.9,
1671,9/12/2017 10:00,19.377,107.6,
1672,9/12/2017 11:00,19.758,118.4,
1673,9/12/2017 12:00,19.853,118.4,350.336
1674,9/12/2017 13:00,19.853,150.7,
1675,9/12/2017 14:00,20.138,150.7,
1676,9/12/2017 15:00,20.615,193.8,
1677,9/12/2017 16:00,22.812,301.4,
1678,9/12/2017 17:00,22.333,2238.9,
1679,9/12/2017 18:00,22.429,839.6,
1680,9/12/2017 19:00,22.429,344.4,
1681,9/12/2017 20:00,21.855,0,
1682,9/12/2017 21:00,21.378,0,
1683,9/12/2017 22:00,20.805,0,
1684,9/12/2017 23:00,20.805,0,
1685,9/13/2017 0:00,20.615,0,
1686,9/13/2017 1:00,20.519,0,
1687,9/13/2017 2:00,20.424,0,
1688,9/13/2017 3:00,20.234,0,
1689,9/13/2017 4:00,19.948,0,
1690,9/13/2017 5:00,19.758,0,
1691,9/13/2017 6:00,19.662,0,
1692,9/13/2017 7:00,19.662,0,
1693,9/13/2017 8:00,19.662,53.8,
1694,9/13/2017 9:00,19.567,183,
1695,9/13/2017 10:00,19.567,452.1,
1696,9/13/2017 11:00,19.758,1011.8,
1697,9/13/2017 12:00,20.329,893.4,351.043
1698,9/13/2017 13:00,20.805,861.1,
1699,9/13/2017 14:00,21.282,645.8,
1700,9/13/2017 15:00,21.378,645.8,
1701,9/13/2017 16:00,21.187,333.7,
1702,9/13/2017 17:00,21.282,387.5,
1703,9/13/2017 18:00,20.996,236.8,
1704,9/13/2017 19:00,20.805,64.6,
1705,9/13/2017 20:00,20.805,0,
1706,9/13/2017 21:00,20.71,0,
1707,9/13/2017 22:00,20.71,0,
1708,9/13/2017 23:00,20.71,0,
1709,9/14/2017 0:00,20.615,0,
1710,9/14/2017 1:00,20.519,0,
1711,9/14/2017 2:00,20.71,0,
1712,9/14/2017 3:00,20.71,0,
1713,9/14/2017 4:00,20.71,0,
1714,9/14/2017 5:00,20.71,0,
1715,9/14/2017 6:00,20.71,0,
1716,9/14/2017 7:00,20.71,0,
1717,9/14/2017 8:00,20.615,53.8,
1718,9/14/2017 9:00,20.615,118.4,
1719,9/14/2017 10:00,20.615,118.4,
1720,9/14/2017 11:00,20.996,301.4,
1721,9/14/2017 12:00,21.187,215.3,353.457
1722,9/14/2017 13:00,21.378,226,
1723,9/14/2017 14:00,21.473,333.7,
1724,9/14/2017 15:00,21.664,355.2,
1725,9/14/2017 16:00,21.664,484.4,
1726,9/14/2017 17:00,23.581,473.6,
1727,9/14/2017 18:00,23.196,366,
1728,9/14/2017 19:00,23.292,150.7,
1729,9/14/2017 20:00,23.292,0,
1730,9/14/2017 21:00,22.908,0,
1731,9/14/2017 22:00,22.429,0,
1732,9/14/2017 23:00,22.046,0,
1733,9/15/2017 0:00,22.046,0,
1734,9/15/2017 1:00,21.569,0,
1735,9/15/2017 2:00,21.664,0,
1736,9/15/2017 3:00,21.473,0,
1737,9/15/2017 4:00,21.378,0,
1738,9/15/2017 5:00,21.378,0,
1739,9/15/2017 6:00,21.282,0,
1740,9/15/2017 7:00,21.187,0,
1741,9/15/2017 8:00,21.091,53.8,
1742,9/15/2017 9:00,21.091,107.6,
1743,9/15/2017 10:00,21.091,150.7,
1744,9/15/2017 11:00,21.378,215.3,
1745,9/15/2017 12:00,21.664,193.8,355.894
1746,9/15/2017 13:00,22.238,193.8,
1747,9/15/2017 14:00,22.525,236.8,
1748,9/15/2017 15:00,23.004,290.6,
1749,9/15/2017 16:00,23.196,301.4,
1750,9/15/2017 17:00,22.908,645.8,
1751,9/15/2017 18:00,23.196,527.4,
1752,9/15/2017 19:00,23.292,236.8,
1753,9/15/2017 20:00,23.004,0,
1754,9/15/2017 21:00,23.004,0,
1755,9/15/2017 22:00,22.908,0,
1756,9/15/2017 23:00,22.717,0,
1757,9/16/2017 0:00,22.525,0,
1758,9/16/2017 1:00,22.142,0,
1759,9/16/2017 2:00,22.142,0,
1760,9/16/2017 3:00,22.046,0,
1761,9/16/2017 4:00,21.855,0,
1762,9/16/2017 5:00,21.76,0,
1763,9/16/2017 6:00,21.664,0,
1764,9/16/2017 7:00,21.473,0,
1765,9/16/2017 8:00,21.473,64.6,
1766,9/16/2017 9:00,21.378,107.6,
1767,9/16/2017 10:00,21.282,193.8,
1768,9/16/2017 11:00,21.664,312.2,
1769,9/16/2017 12:00,21.951,333.7,358.461
1770,9/16/2017 13:00,22.333,312.2,
1771,9/16/2017 14:00,22.429,279.9,
1772,9/16/2017 15:00,22.717,193.8,
1773,9/16/2017 16:00,23.1,398.3,
1774,9/16/2017 17:00,23.292,882.6,
1775,9/16/2017 18:00,23.388,505.9,
1776,9/16/2017 19:00,23.004,226,
1777,9/16/2017 20:00,22.908,0,
1778,9/16/2017 21:00,22.812,0,
1779,9/16/2017 22:00,22.717,0,
1780,9/16/2017 23:00,22.621,0,
1781,9/17/2017 0:00,22.525,0,
1782,9/17/2017 1:00,22.429,0,
1783,9/17/2017 2:00,22.238,0,
1784,9/17/2017 3:00,22.142,0,
1785,9/17/2017 4:00,22.046,0,
1786,9/17/2017 5:00,21.951,0,
1787,9/17/2017 6:00,21.855,0,
1788,9/17/2017 7:00,21.855,0,
1789,9/17/2017 8:00,21.76,139.9,
1790,9/17/2017 9:00,21.76,204.5,
1791,9/17/2017 10:00,21.855,376.7,
1792,9/17/2017 11:00,22.046,226,
1793,9/17/2017 12:00,22.333,376.7,360.958
1794,9/17/2017 13:00,22.717,322.9,
1795,9/17/2017 14:00,22.621,484.4,
1796,9/17/2017 15:00,22.812,592,
1797,9/17/2017 16:00,22.621,818.1,
1798,9/17/2017 17:00,22.908,1162.5,
1799,9/17/2017 18:00,22.908,376.7,
1800,9/17/2017 19:00,22.908,21.5,
1801,9/17/2017 20:00,23.004,0,
1802,9/17/2017 21:00,22.908,0,
1803,9/17/2017 22:00,22.812,0,
1804,9/17/2017 23:00,22.717,0,
1805,9/18/2017 0:00,22.621,0,
1806,9/18/2017 1:00,22.621,0,
1807,9/18/2017 2:00,22.621,0,
1808,9/18/2017 3:00,22.525,0,
1809,9/18/2017 4:00,22.429,0,
1810,9/18/2017 5:00,22.429,0,
1811,9/18/2017 6:00,22.333,0,
1812,9/18/2017 7:00,22.238,0,
1813,9/18/2017 8:00,22.046,32.3,
1814,9/18/2017 9:00,21.951,118.4,
1815,9/18/2017 10:00,21.951,355.2,
1816,9/18/2017 11:00,22.046,592,
1817,9/18/2017 12:00,22.046,226,364.014
1818,9/18/2017 13:00,22.429,322.9,
1819,9/18/2017 14:00,22.717,247.6,
1820,9/18/2017 15:00,23.196,172.2,
1821,9/18/2017 16:00,23.581,193.8,
1822,9/18/2017 17:00,23.773,559.7,
1823,9/18/2017 18:00,23.388,409,
1824,9/18/2017 19:00,23.388,183,
1825,9/18/2017 20:00,23.1,0,
1826,9/18/2017 21:00,22.812,0,
1827,9/18/2017 22:00,22.525,0,
1828,9/18/2017 23:00,22.429,0,
1829,9/19/2017 0:00,22.333,0,
1830,9/19/2017 1:00,22.142,0,
1831,9/19/2017 2:00,22.046,0,
1832,9/19/2017 3:00,22.046,0,
1833,9/19/2017 4:00,21.951,0,
1834,9/19/2017 5:00,21.951,0,
1835,9/19/2017 6:00,21.855,0,
1836,9/19/2017 7:00,21.855,0,
1837,9/19/2017 8:00,21.76,75.3,
1838,9/19/2017 9:00,21.664,172.2,
1839,9/19/2017 10:00,21.664,236.8,
1840,9/19/2017 11:00,21.76,366,
1841,9/19/2017 12:00,21.951,269.1,366.049
1842,9/19/2017 13:00,22.142,505.9,
1843,9/19/2017 14:00,22.142,505.9,
1844,9/19/2017 15:00,22.142,226,
1845,9/19/2017 16:00,22.238,322.9,
1846,9/19/2017 17:00,22.238,161.5,
1847,9/19/2017 18:00,22.238,21.5,
1848,9/19/2017 19:00,22.142,64.6,
1849,9/19/2017 20:00,22.142,0,
1850,9/19/2017 21:00,22.046,0,
1851,9/19/2017 22:00,22.046,0,
1852,9/19/2017 23:00,22.046,0,
1853,9/20/2017 0:00,21.951,0,
1854,9/20/2017 1:00,21.951,0,
1855,9/20/2017 2:00,21.951,0,
1856,9/20/2017 3:00,21.951,0,
1857,9/20/2017 4:00,21.951,0,
1858,9/20/2017 5:00,21.951,0,
1859,9/20/2017 6:00,21.951,0,
1860,9/20/2017 7:00,21.951,0,
1861,9/20/2017 8:00,21.855,0,
1862,9/20/2017 9:00,21.951,204.5,
1863,9/20/2017 10:00,21.951,247.6,
1864,9/20/2017 11:00,22.046,279.9,
1865,9/20/2017 12:00,22.333,258.3,368.763
1866,9/20/2017 13:00,22.333,301.4,
1867,9/20/2017 14:00,22.525,215.3,
1868,9/20/2017 15:00,22.621,204.5,
1869,9/20/2017 16:00,22.908,409,
1870,9/20/2017 17:00,23.292,441.3,
1871,9/20/2017 18:00,23.292,290.6,
1872,9/20/2017 19:00,23.1,96.9,
1873,9/20/2017 20:00,23.1,0,
1874,9/20/2017 21:00,23.004,0,
1875,9/20/2017 22:00,23.004,0,
1876,9/20/2017 23:00,22.908,0,
1877,9/21/2017 0:00,22.812,0,
1878,9/21/2017 1:00,22.717,0,
1879,9/21/2017 2:00,22.621,0,
1880,9/21/2017 3:00,22.621,0,
1881,9/21/2017 4:00,22.525,0,
1882,9/21/2017 5:00,22.525,0,
1883,9/21/2017 6:00,22.429,0,
1884,9/21/2017 7:00,22.429,0,
1885,9/21/2017 8:00,22.333,43.1,
1886,9/21/2017 9:00,22.238,107.6,
1887,9/21/2017 10:00,22.238,150.7,
1888,9/21/2017 11:00,22.525,258.3,
1889,9/21/2017 12:00,22.812,139.9,372.599
1890,9/21/2017 13:00,22.717,150.7,
1891,9/21/2017 14:00,22.525,161.5,
1892,9/21/2017 15:00,23.581,150.7,
1893,9/21/2017 16:00,24.835,118.4,
1894,9/21/2017 17:00,24.835,409,
1895,9/21/2017 18:00,24.448,258.3,
1896,9/21/2017 19:00,24.351,86.1,
1897,9/21/2017 20:00,24.255,0,
1898,9/21/2017 21:00,23.581,0,
1899,9/21/2017 22:00,23.292,0,
1900,9/21/2017 23:00,23.484,0,
1901,9/22/2017 0:00,23.196,0,
1902,9/22/2017 1:00,23.1,0,
1903,9/22/2017 2:00,23.004,0,
1904,9/22/2017 3:00,22.908,0,
1905,9/22/2017 4:00,22.812,0,
1906,9/22/2017 5:00,22.717,0,
1907,9/22/2017 6:00,22.621,0,
1908,9/22/2017 7:00,22.525,0,
1909,9/22/2017 8:00,22.525,10.8,
1910,9/22/2017 9:00,22.429,10.8,
1911,9/22/2017 10:00,22.429,10.8,
1912,9/22/2017 11:00,22.908,32.3,
1913,9/22/2017 12:00,23.196,21.5,376.69
1914,9/22/2017 13:00,23.388,86.1,
1915,9/22/2017 14:00,23.196,129.2,
1916,9/22/2017 15:00,23.196,53.8,
1917,9/22/2017 16:00,24.641,86.1,
1918,9/22/2017 17:00,25.125,570.5,
1919,9/22/2017 18:00,24.835,322.9,
1920,9/22/2017 19:00,24.835,10.8,
1921,9/22/2017 20:00,24.835,0,
1922,9/22/2017 21:00,24.835,0,
1923,9/22/2017 22:00,24.641,0,
1924,9/22/2017 23:00,24.545,0,
1925,9/23/2017 0:00,24.255,0,
1926,9/23/2017 1:00,23.484,0,
1927,9/23/2017 2:00,23.388,0,
1928,9/23/2017 3:00,23.388,0,
1929,9/23/2017 4:00,23.388,0,
1930,9/23/2017 5:00,23.388,0,
1931,9/23/2017 6:00,23.484,0,
1932,9/23/2017 7:00,23.484,0,
1933,9/23/2017 8:00,23.388,0,
1934,9/23/2017 9:00,23.388,10.8,
1935,9/23/2017 10:00,23.292,21.5,
1936,9/23/2017 11:00,23.966,21.5,
1937,9/23/2017 12:00,24.448,21.5,381.712
1938,9/23/2017 13:00,24.835,53.8,
1939,9/23/2017 14:00,24.931,107.6,
1940,9/23/2017 15:00,25.222,96.9,
1941,9/23/2017 16:00,25.416,64.6,
1942,9/23/2017 17:00,26,344.4,
1943,9/23/2017 18:00,26,139.9,
1944,9/23/2017 19:00,26.097,32.3,
1945,9/23/2017 20:00,25.805,0,
1946,9/23/2017 21:00,25.61,0,
1947,9/23/2017 22:00,25.513,0,
1948,9/23/2017 23:00,25.416,0,
1949,9/24/2017 0:00,25.222,0,
1950,9/24/2017 1:00,24.931,0,
1951,9/24/2017 2:00,24.835,0,
1952,9/24/2017 3:00,24.738,0,
1953,9/24/2017 4:00,24.641,0,
1954,9/24/2017 5:00,24.448,0,
1955,9/24/2017 6:00,24.448,0,
1956,9/24/2017 7:00,24.351,0,
1957,9/24/2017 8:00,24.158,10.8,
1958,9/24/2017 9:00,24.158,32.3,
1959,9/24/2017 10:00,24.062,21.5,
1960,9/24/2017 11:00,24.351,43.1,
1961,9/24/2017 12:00,24.641,32.3,387.015
1962,9/24/2017 13:00,25.125,64.6,
1963,9/24/2017 14:00,25.61,43.1,
1964,9/24/2017 15:00,26.097,86.1,
1965,9/24/2017 16:00,25.902,96.9,
1966,9/24/2017 17:00,26,322.9,
1967,9/24/2017 18:00,25.708,247.6,
1968,9/24/2017 19:00,25.61,32.3,
1969,9/24/2017 20:00,25.513,0,
1970,9/24/2017 21:00,25.416,0,
1971,9/24/2017 22:00,25.319,0,
1972,9/24/2017 23:00,25.125,0,
1973,9/25/2017 0:00,25.028,0,
1974,9/25/2017 1:00,24.931,0,
1975,9/25/2017 2:00,24.738,0,
1976,9/25/2017 3:00,24.641,0,
1977,9/25/2017 4:00,24.545,0,
1978,9/25/2017 5:00,24.448,0,
1979,9/25/2017 6:00,24.351,0,
1980,9/25/2017 7:00,24.255,0,
1981,9/25/2017 8:00,24.255,10.8,
1982,9/25/2017 9:00,24.158,43.1,
1983,9/25/2017 10:00,24.255,193.8,
1984,9/25/2017 11:00,24.641,107.6,
1985,9/25/2017 12:00,24.835,64.6,392.228
1986,9/25/2017 13:00,24.931,161.5,
1987,9/25/2017 14:00,25.028,279.9,
1988,9/25/2017 15:00,25.125,269.1,
1989,9/25/2017 16:00,25.125,312.2,
1990,9/25/2017 17:00,25.61,236.8,
1991,9/25/2017 18:00,25.902,129.2,
1992,9/25/2017 19:00,25.61,21.5,
1993,9/25/2017 20:00,25.61,0,
1994,9/25/2017 21:00,25.61,0,
1995,9/25/2017 22:00,25.416,0,
1996,9/25/2017 23:00,25.222,0,
1997,9/26/2017 0:00,25.125,0,
1998,9/26/2017 1:00,24.931,0,
1999,9/26/2017 2:00,24.835,0,
2000,9/26/2017 3:00,24.738,0,
2001,9/26/2017 4:00,24.641,0,
2002,9/26/2017 5:00,24.545,0,
2003,9/26/2017 6:00,24.545,0,
2004,9/26/2017 7:00,24.448,0,
2005,9/26/2017 8:00,24.448,21.5,
2006,9/26/2017 9:00,24.255,53.8,
2007,9/26/2017 10:00,24.351,129.2,
2008,9/26/2017 11:00,24.738,161.5,
2009,9/26/2017 12:00,25.125,129.2,397.911
2010,9/26/2017 13:00,25.513,172.2,
2011,9/26/2017 14:00,26,505.9,
2012,9/26/2017 15:00,26.195,495.1,
2013,9/26/2017 16:00,26.585,355.2,
2014,9/26/2017 17:00,26.488,570.5,
2015,9/26/2017 18:00,26.292,107.6,
2016,9/26/2017 19:00,26.195,75.3,
2017,9/26/2017 20:00,26,0,
2018,9/26/2017 21:00,25.902,0,
2019,9/26/2017 22:00,25.805,0,
2020,9/26/2017 23:00,25.61,0,
2021,9/27/2017 0:00,25.513,0,
2022,9/27/2017 1:00,25.319,0,
2023,9/27/2017 2:00,25.222,0,
2024,9/27/2017 3:00,25.125,0,
2025,9/27/2017 4:00,25.125,0,
2026,9/27/2017 5:00,25.028,0,
2027,9/27/2017 6:00,24.835,0,
2028,9/27/2017 7:00,24.641,0,
2029,9/27/2017 8:00,24.738,0,
2030,9/27/2017 9:00,24.738,75.3,
2031,9/27/2017 10:00,24.738,96.9,
2032,9/27/2017 11:00,24.738,226,
2033,9/27/2017 12:00,24.641,150.7,402.597
2034,9/27/2017 13:00,24.545,53.8,
2035,9/27/2017 14:00,24.738,150.7,
2036,9/27/2017 15:00,24.738,75.3,
2037,9/27/2017 16:00,24.738,107.6,
2038,9/27/2017 17:00,24.545,107.6,
2039,9/27/2017 18:00,24.448,75.3,
2040,9/27/2017 19:00,24.062,10.8,
2041,9/27/2017 20:00,23.773,0,
2042,9/27/2017 21:00,23.677,0,
2043,9/27/2017 22:00,23.581,0,
2044,9/27/2017 23:00,23.484,0,
2045,9/28/2017 0:00,23.388,0,
2046,9/28/2017 1:00,23.388,0,
2047,9/28/2017 2:00,23.292,0,
2048,9/28/2017 3:00,23.196,0,
2049,9/28/2017 4:00,23.196,0,
2050,9/28/2017 5:00,23.1,0,
2051,9/28/2017 6:00,23.004,0,
2052,9/28/2017 7:00,22.908,0,
2053,9/28/2017 8:00,22.717,0,
2054,9/28/2017 9:00,22.717,0,
2055,9/28/2017 10:00,22.525,0,
2056,9/28/2017 11:00,22.812,64.6,
2057,9/28/2017 12:00,22.717,43.1,405.677
2058,9/28/2017 13:00,23.004,43.1,
2059,9/28/2017 14:00,23.196,32.3,
2060,9/28/2017 15:00,23.388,86.1,
2061,9/28/2017 16:00,23.484,107.6,
2062,9/28/2017 17:00,23.484,161.5,
2063,9/28/2017 18:00,23.484,53.8,
2064,9/28/2017 19:00,23.292,21.5,
2065,9/28/2017 20:00,23.004,0,
2066,9/28/2017 21:00,23.004,0,
2067,9/28/2017 22:00,22.812,0,
2068,9/28/2017 23:00,22.717,0,
2069,9/29/2017 0:00,22.621,0,
2070,9/29/2017 1:00,22.621,0,
2071,9/29/2017 2:00,22.525,0,
2072,9/29/2017 3:00,22.333,0,
2073,9/29/2017 4:00,22.238,0,
2074,9/29/2017 5:00,21.951,0,
2075,9/29/2017 6:00,22.046,0,
2076,9/29/2017 7:00,22.046,0,
2077,9/29/2017 8:00,21.951,0,
2078,9/29/2017 9:00,21.951,0,
2079,9/29/2017 10:00,21.855,64.6,
2080,9/29/2017 11:00,21.951,64.6,
2081,9/29/2017 12:00,21.76,75.3,407.792
2082,9/29/2017 13:00,22.046,129.2,
2083,9/29/2017 14:00,22.142,226,
2084,9/29/2017 15:00,22.046,247.6,
2085,9/29/2017 16:00,22.142,419.8,
2086,9/29/2017 17:00,22.238,1270.1,
2087,9/29/2017 18:00,21.951,247.6,
2088,9/29/2017 19:00,21.855,21.5,
2089,9/29/2017 20:00,21.76,0,
2090,9/29/2017 21:00,21.569,0,
2091,9/29/2017 22:00,21.473,0,
2092,9/29/2017 23:00,21.473,0,
2093,9/30/2017 0:00,21.378,0,
2094,9/30/2017 1:00,21.378,0,
2095,9/30/2017 2:00,21.282,0,
2096,9/30/2017 3:00,21.091,0,
2097,9/30/2017 4:00,21.091,0,
2098,9/30/2017 5:00,20.996,0,
2099,9/30/2017 6:00,20.996,0,
2100,9/30/2017 7:00,20.805,0,
2101,9/30/2017 8:00,20.805,10.8,
2102,9/30/2017 9:00,20.71,32.3,
2103,9/30/2017 10:00,20.71,32.3,
2104,9/30/2017 11:00,20.805,53.8,
2105,9/30/2017 12:00,20.901,43.1,409.602
2106,9/30/2017 13:00,21.378,64.6,
2107,9/30/2017 14:00,21.76,75.3,
2108,9/30/2017 15:00,22.333,75.3,
2109,9/30/2017 16:00,22.525,96.9,
2110,9/30/2017 17:00,22.525,172.2,
2111,9/30/2017 18:00,22.142,236.8,
2112,9/30/2017 19:00,21.855,43.1,
2113,9/30/2017 20:00,21.282,0,
2114,9/30/2017 21:00,21.091,0,
2115,9/30/2017 22:00,20.901,0,
2116,9/30/2017 23:00,20.71,0,
2117,10/1/2017 0:00,20.71,0,
2118,10/1/2017 1:00,20.615,0,
2119,10/1/2017 2:00,20.615,0,
2120,10/1/2017 3:00,20.615,0,
2121,10/1/2017 4:00,20.519,0,
2122,10/1/2017 5:00,20.424,0,
2123,10/1/2017 6:00,20.424,0,
2124,10/1/2017 7:00,20.329,0,
2125,10/1/2017 8:00,20.234,21.5,
2126,10/1/2017 9:00,20.138,53.8,
2127,10/1/2017 10:00,20.138,64.6,
2128,10/1/2017 11:00,20.329,64.6,
2129,10/1/2017 12:00,20.519,32.3,410.656
2130,10/1/2017 13:00,20.901,32.3,
2131,10/1/2017 14:00,21.091,21.5,
2132,10/1/2017 15:00,21.378,21.5,
2133,10/1/2017 16:00,21.569,21.5,
2134,10/1/2017 17:00,21.664,53.8,
2135,10/1/2017 18:00,21.473,107.6,
2136,10/1/2017 19:00,21.282,10.8,
2137,10/1/2017 20:00,21.091,0,
2138,10/1/2017 21:00,20.901,0,
2139,10/1/2017 22:00,20.805,0,
2140,10/1/2017 23:00,20.615,0,
2141,10/2/2017 0:00,20.519,0,
2142,10/2/2017 1:00,20.424,0,
2143,10/2/2017 2:00,20.329,0,
2144,10/2/2017 3:00,20.234,0,
2145,10/2/2017 4:00,20.138,0,
2146,10/2/2017 5:00,20.043,0,
2147,10/2/2017 6:00,19.948,0,
2148,10/2/2017 7:00,19.948,0,
2149,10/2/2017 8:00,19.948,32.3,
2150,10/2/2017 9:00,19.948,150.7,
2151,10/2/2017 10:00,19.948,247.6,
2152,10/2/2017 11:00,20.043,204.5,
2153,10/2/2017 12:00,20.329,139.9,411.22
2154,10/2/2017 13:00,20.615,53.8,
2155,10/2/2017 14:00,20.996,161.5,
2156,10/2/2017 15:00,20.805,53.8,
2157,10/2/2017 16:00,20.805,64.6,
2158,10/2/2017 17:00,20.615,129.2,
2159,10/2/2017 18:00,20.71,118.4,
2160,10/2/2017 19:00,20.805,0,
2161,10/2/2017 20:00,20.615,0,
2162,10/2/2017 21:00,20.519,0,
2163,10/2/2017 22:00,20.424,0,
2164,10/2/2017 23:00,20.329,0,
2165,10/3/2017 0:00,20.234,0,
2166,10/3/2017 1:00,20.043,0,
2167,10/3/2017 2:00,20.043,0,
2168,10/3/2017 3:00,20.043,0,
2169,10/3/2017 4:00,19.948,0,
2170,10/3/2017 5:00,19.853,0,
2171,10/3/2017 6:00,19.853,0,
2172,10/3/2017 7:00,19.853,0,
2173,10/3/2017 8:00,19.758,10.8,
2174,10/3/2017 9:00,19.758,53.8,
2175,10/3/2017 10:00,19.758,32.3,
2176,10/3/2017 11:00,19.758,161.5,
2177,10/3/2017 12:00,19.948,32.3,411.734
2178,10/3/2017 13:00,20.234,43.1,
2179,10/3/2017 14:00,20.424,193.8,
2180,10/3/2017 15:00,20.615,204.5,
2181,10/3/2017 16:00,20.901,204.5,
2182,10/3/2017 17:00,20.901,96.9,
2183,10/3/2017 18:00,20.996,32.3,
2184,10/3/2017 19:00,20.996,0,
2185,10/3/2017 20:00,20.901,0,
2186,10/3/2017 21:00,20.901,0,
2187,10/3/2017 22:00,20.901,0,
2188,10/3/2017 23:00,20.805,0,
2189,10/4/2017 0:00,20.805,0,
2190,10/4/2017 1:00,20.71,0,
2191,10/4/2017 2:00,20.71,0,
2192,10/4/2017 3:00,20.71,0,
2193,10/4/2017 4:00,20.615,0,
2194,10/4/2017 5:00,20.615,0,
2195,10/4/2017 6:00,20.615,0,
2196,10/4/2017 7:00,20.615,0,
2197,10/4/2017 8:00,20.615,0,
2198,10/4/2017 9:00,21.091,53.8,
2199,10/4/2017 10:00,22.333,0,
2200,10/4/2017 11:00,22.812,0,
2201,10/4/2017 12:00,23.004,0,419.945
2202,10/4/2017 13:00,22.238,0,
2203,10/4/2017 14:00,20.615,0,
2204,10/4/2017 15:00,36.62,0,
2205,10/4/2017 16:00,27.961,0,
2206,10/4/2017 17:00,21.569,0,
2207,10/4/2017 18:00,18.426,0,
2208,10/4/2017 19:00,16.999,0,
2209,10/4/2017 20:00,16.713,0,
2210,10/4/2017 21:00,14.996,0,
2211,10/4/2017 22:00,13.461,0,
2212,10/4/2017 23:00,11.916,0,
2213,10/5/2017 0:00,10.651,0,
2214,10/5/2017 1:00,9.866,0,
2215,10/5/2017 2:00,9.176,0,
2216,10/5/2017 3:00,8.581,0,
2217,10/5/2017 4:00,8.182,0,
2218,10/5/2017 5:00,7.682,0,
2219,10/5/2017 6:00,7.28,0,
2220,10/5/2017 7:00,6.877,0,
2221,10/5/2017 8:00,6.775,0,
2222,10/5/2017 9:00,8.282,0,
2223,10/5/2017 10:00,11.236,0,
2224,10/5/2017 11:00,22.333,0,
2225,10/5/2017 12:00,18.045,0,420.472
2226,10/5/2017 13:00,20.805,0,
2227,10/5/2017 14:00,21.378,0,
2228,10/5/2017 15:00,19.092,0,
2229,10/5/2017 16:00,18.711,0,
2230,10/5/2017 17:00,18.14,0,
2231,10/5/2017 18:00,16.237,0,
2232,10/5/2017 19:00,15.569,0,
2233,10/5/2017 20:00,15.569,0,
2234,10/5/2017 21:00,15.569,0,
2235,10/5/2017 22:00,15.091,0,
2236,10/5/2017 23:00,14.9,0,
2237,10/6/2017 0:00,14.709,0,
2238,10/6/2017 1:00,14.517,0,
2239,10/6/2017 2:00,14.23,0,
2240,10/6/2017 3:00,13.942,0,
2241,10/6/2017 4:00,13.75,0,
2242,10/6/2017 5:00,13.558,0,
2243,10/6/2017 6:00,13.365,0,
2244,10/6/2017 7:00,13.173,0,
2245,10/6/2017 8:00,13.654,0,
2246,10/6/2017 9:00,15.282,0,
2247,10/6/2017 10:00,15.569,0,
2248,10/6/2017 11:00,19.472,0,
2249,10/6/2017 12:00,20.805,0,421.865
2250,10/6/2017 13:00,21.76,0,
2251,10/6/2017 14:00,23.869,0,
2252,10/6/2017 15:00,23.581,0,
2253,10/6/2017 16:00,21.473,0,
2254,10/6/2017 17:00,21.473,0,
2255,10/6/2017 18:00,21.378,0,
2256,10/6/2017 19:00,21.282,0,
2257,10/6/2017 20:00,21.091,0,
2258,10/6/2017 21:00,21.091,0,
2259,10/6/2017 22:00,21.091,0,
2260,10/6/2017 23:00,20.805,0,
2261,10/7/2017 0:00,20.805,0,
2262,10/7/2017 1:00,20.901,0,
2263,10/7/2017 2:00,20.901,0,
2264,10/7/2017 3:00,20.996,0,
2265,10/7/2017 4:00,20.996,0,
2266,10/7/2017 5:00,20.996,0,
2267,10/7/2017 6:00,20.996,0,
2268,10/7/2017 7:00,21.187,0,
2269,10/7/2017 8:00,21.282,0,
2270,10/7/2017 9:00,21.282,0,
2271,10/7/2017 10:00,21.282,0,
2272,10/7/2017 11:00,21.664,0,
2273,10/7/2017 12:00,21.951,0,423.587
2274,10/7/2017 13:00,21.951,0,
2275,10/7/2017 14:00,22.046,0,
2276,10/7/2017 15:00,22.046,0,
2277,10/7/2017 16:00,22.046,0,
2278,10/7/2017 17:00,22.046,0,
2279,10/7/2017 18:00,22.046,0,
2280,10/7/2017 19:00,22.046,0,
2281,10/7/2017 20:00,22.142,0,
2282,10/7/2017 21:00,21.951,0,
2283,10/7/2017 22:00,22.046,0,
2284,10/7/2017 23:00,22.142,0,
2285,10/8/2017 0:00,22.333,0,
2286,10/8/2017 1:00,22.333,0,
2287,10/8/2017 2:00,22.238,0,
2288,10/8/2017 3:00,22.046,0,
2289,10/8/2017 4:00,21.951,0,
2290,10/8/2017 5:00,21.855,0,
2291,10/8/2017 6:00,21.664,0,
2292,10/8/2017 7:00,21.378,0,
2293,10/8/2017 8:00,21.187,0,
2294,10/8/2017 9:00,21.664,0,
2295,10/8/2017 10:00,22.142,0,
2296,10/8/2017 11:00,22.333,0,
2297,10/8/2017 12:00,22.429,0,424.9
2298,10/8/2017 13:00,22.429,0,
2299,10/8/2017 14:00,22.238,0,
2300,10/8/2017 15:00,22.238,0,
2301,10/8/2017 16:00,22.333,0,
2302,10/8/2017 17:00,22.238,0,
2303,10/8/2017 18:00,22.238,0,
2304,10/8/2017 19:00,22.046,0,
2305,10/8/2017 20:00,21.091,0,
2306,10/8/2017 21:00,20.519,0,
2307,10/8/2017 22:00,20.234,0,
2308,10/8/2017 23:00,19.948,0,
2309,10/9/2017 0:00,19.377,0,
2310,10/9/2017 1:00,19.472,0,
2311,10/9/2017 2:00,19.662,0,
2312,10/9/2017 3:00,19.662,0,
2313,10/9/2017 4:00,19.662,0,
2314,10/9/2017 5:00,19.472,0,
2315,10/9/2017 6:00,19.472,0,
2316,10/9/2017 7:00,18.806,0,
2317,10/9/2017 8:00,18.711,0,
2318,10/9/2017 9:00,19.758,0,
2319,10/9/2017 10:00,30.558,0,
2320,10/9/2017 11:00,35.435,0,
2321,10/9/2017 12:00,27.272,0,434.238
2322,10/9/2017 13:00,23.581,0,
2323,10/9/2017 14:00,23.1,0,
2324,10/9/2017 15:00,22.908,0,
2325,10/9/2017 16:00,22.812,0,
2326,10/9/2017 17:00,22.812,0,
2327,10/9/2017 18:00,22.429,0,
2328,10/9/2017 19:00,22.333,0,
2329,10/9/2017 20:00,22.142,0,
2330,10/9/2017 21:00,22.046,0,
2331,10/9/2017 22:00,21.855,0,
2332,10/9/2017 23:00,21.76,0,
2333,10/10/2017 0:00,21.664,0,
2334,10/10/2017 1:00,21.664,0,
2335,10/10/2017 2:00,21.569,0,
2336,10/10/2017 3:00,21.569,0,
2337,10/10/2017 4:00,21.569,0,
2338,10/10/2017 5:00,21.473,0,
2339,10/10/2017 6:00,21.378,0,
2340,10/10/2017 7:00,21.282,0,
2341,10/10/2017 8:00,21.187,0,
2342,10/10/2017 9:00,21.473,0,
2343,10/10/2017 10:00,22.238,0,
2344,10/10/2017 11:00,22.238,0,
