#,"Date Time, GMT-04:00",Temp,Intensity,"GDD, DDc (LGR S/N: 20055155)"
1,7/5/2017 20:00,25.416,161.5,
2,7/5/2017 21:00,25.222,0,
3,7/5/2017 22:00,25.028,0,
4,7/5/2017 23:00,24.545,0,
5,7/6/2017 0:00,24.255,0,
6,7/6/2017 1:00,24.158,0,
7,7/6/2017 2:00,23.966,0,
8,7/6/2017 3:00,23.869,0,
9,7/6/2017 4:00,23.773,0,
10,7/6/2017 5:00,23.677,0,
11,7/6/2017 6:00,23.581,21.5,
12,7/6/2017 7:00,23.773,1894.5,
13,7/6/2017 8:00,23.773,484.4,
14,7/6/2017 9:00,23.869,1463.9,
15,7/6/2017 10:00,23.966,1194.8,
16,7/6/2017 11:00,24.545,2755.6,
17,7/6/2017 12:00,25.028,1980.6,5.004
18,7/6/2017 13:00,25.222,2152.8,
19,7/6/2017 14:00,25.319,645.8,
20,7/6/2017 15:00,25.416,861.1,
21,7/6/2017 16:00,25.902,904.2,
22,7/6/2017 17:00,25.61,592,
23,7/6/2017 18:00,25.513,107.6,
24,7/6/2017 19:00,25.708,290.6,
25,7/6/2017 20:00,25.513,290.6,
26,7/6/2017 21:00,25.222,43.1,
27,7/6/2017 22:00,25.125,0,
28,7/6/2017 23:00,24.931,0,
29,7/7/2017 0:00,24.835,0,
30,7/7/2017 1:00,24.738,0,
31,7/7/2017 2:00,25.028,0,
32,7/7/2017 3:00,25.028,0,
33,7/7/2017 4:00,25.222,0,
34,7/7/2017 5:00,24.738,0,
35,7/7/2017 6:00,24.545,0,
36,7/7/2017 7:00,24.545,21.5,
37,7/7/2017 8:00,24.448,581.3,
38,7/7/2017 9:00,24.351,2755.6,
39,7/7/2017 10:00,24.255,2497.2,
40,7/7/2017 11:00,25.222,46844.8,
41,7/7/2017 12:00,24.835,2755.6,9.881
42,7/7/2017 13:00,24.931,1550,
43,7/7/2017 14:00,25.028,5511.1,
44,7/7/2017 15:00,25.028,678.1,
45,7/7/2017 16:00,25.319,441.3,
46,7/7/2017 17:00,25.125,247.6,
47,7/7/2017 18:00,25.222,441.3,
48,7/7/2017 19:00,24.931,161.5,
49,7/7/2017 20:00,25.319,32.3,
50,7/7/2017 21:00,25.028,53.8,
51,7/7/2017 22:00,24.738,0,
52,7/7/2017 23:00,24.738,0,
53,7/8/2017 0:00,24.448,0,
54,7/8/2017 1:00,24.545,0,
55,7/8/2017 2:00,24.545,0,
56,7/8/2017 3:00,24.545,0,
57,7/8/2017 4:00,24.641,0,
58,7/8/2017 5:00,24.641,0,
59,7/8/2017 6:00,24.545,21.5,
60,7/8/2017 7:00,24.351,150.7,
61,7/8/2017 8:00,24.835,1722.2,
62,7/8/2017 9:00,24.835,1270.1,
63,7/8/2017 10:00,24.835,1054.9,
64,7/8/2017 11:00,25.125,710.4,
65,7/8/2017 12:00,24.738,1248.6,14.732
66,7/8/2017 13:00,25.028,1022.6,
67,7/8/2017 14:00,25.028,333.7,
68,7/8/2017 15:00,24.931,1205.6,
69,7/8/2017 16:00,24.931,387.5,
70,7/8/2017 17:00,24.931,322.9,
71,7/8/2017 18:00,24.931,129.2,
72,7/8/2017 19:00,25.028,43.1,
73,7/8/2017 20:00,25.125,43.1,
74,7/8/2017 21:00,25.222,0,
75,7/8/2017 22:00,25.125,0,
76,7/8/2017 23:00,24.931,0,
77,7/9/2017 0:00,24.931,0,
78,7/9/2017 1:00,24.835,0,
79,7/9/2017 2:00,24.738,0,
80,7/9/2017 3:00,24.835,0,
81,7/9/2017 4:00,24.738,0,
82,7/9/2017 5:00,24.641,0,
83,7/9/2017 6:00,24.448,0,
84,7/9/2017 7:00,24.545,645.8,
85,7/9/2017 8:00,24.641,1119.5,
86,7/9/2017 9:00,24.931,5511.1,
87,7/9/2017 10:00,25.319,5338.9,
88,7/9/2017 11:00,25.513,3272.2,
89,7/9/2017 12:00,25.028,1033.3,19.864
90,7/9/2017 13:00,25.222,193.8,
91,7/9/2017 14:00,25.125,1463.9,
92,7/9/2017 15:00,25.125,333.7,
93,7/9/2017 16:00,25.416,215.3,
94,7/9/2017 17:00,25.61,538.2,
95,7/9/2017 18:00,25.513,721.2,
96,7/9/2017 19:00,25.416,139.9,
97,7/9/2017 20:00,25.222,398.3,
98,7/9/2017 21:00,25.125,64.6,
99,7/9/2017 22:00,25.125,0,
100,7/9/2017 23:00,24.641,0,
101,7/10/2017 0:00,24.545,0,
102,7/10/2017 1:00,24.158,0,
103,7/10/2017 2:00,23.966,0,
104,7/10/2017 3:00,23.869,0,
105,7/10/2017 4:00,23.869,0,
106,7/10/2017 5:00,23.869,0,
107,7/10/2017 6:00,23.869,0,
108,7/10/2017 7:00,24.158,656.6,
109,7/10/2017 8:00,24.062,53.8,
110,7/10/2017 9:00,23.966,172.2,
111,7/10/2017 10:00,23.773,204.5,
112,7/10/2017 11:00,23.773,64.6,
113,7/10/2017 12:00,23.677,430.6,24.039
114,7/10/2017 13:00,23.966,1001,
115,7/10/2017 14:00,23.869,1087.2,
116,7/10/2017 15:00,23.869,764.2,
117,7/10/2017 16:00,24.062,2066.7,
118,7/10/2017 17:00,24.062,527.4,
119,7/10/2017 18:00,24.351,473.6,
120,7/10/2017 19:00,24.158,387.5,
121,7/10/2017 20:00,24.448,376.7,
122,7/10/2017 21:00,24.062,32.3,
123,7/10/2017 22:00,23.966,0,
124,7/10/2017 23:00,23.677,0,
125,7/11/2017 0:00,23.773,0,
126,7/11/2017 1:00,23.484,0,
127,7/11/2017 2:00,23.677,0,
128,7/11/2017 3:00,23.581,0,
129,7/11/2017 4:00,23.581,0,
130,7/11/2017 5:00,23.484,0,
131,7/11/2017 6:00,23.677,0,
132,7/11/2017 7:00,23.581,107.6,
133,7/11/2017 8:00,23.581,1076.4,
134,7/11/2017 9:00,23.677,785.8,
135,7/11/2017 10:00,23.869,1894.5,
136,7/11/2017 11:00,23.869,3444.5,
137,7/11/2017 12:00,24.255,1237.9,28.636
138,7/11/2017 13:00,24.835,1550,
139,7/11/2017 14:00,24.931,1636.1,
140,7/11/2017 15:00,25.028,979.5,
141,7/11/2017 16:00,24.931,150.7,
142,7/11/2017 17:00,25.125,1808.3,
143,7/11/2017 18:00,25.319,570.5,
144,7/11/2017 19:00,25.222,344.4,
145,7/11/2017 20:00,25.028,43.1,
146,7/11/2017 21:00,24.738,21.5,
147,7/11/2017 22:00,24.738,0,
148,7/11/2017 23:00,24.641,0,
149,7/12/2017 0:00,24.641,0,
150,7/12/2017 1:00,24.641,0,
151,7/12/2017 2:00,24.641,0,
152,7/12/2017 3:00,24.641,0,
153,7/12/2017 4:00,24.448,0,
154,7/12/2017 5:00,24.448,0,
155,7/12/2017 6:00,24.351,0,
156,7/12/2017 7:00,24.255,150.7,
157,7/12/2017 8:00,24.062,64.6,
158,7/12/2017 9:00,24.158,247.6,
159,7/12/2017 10:00,24.255,785.8,
160,7/12/2017 11:00,24.545,1108.7,
161,7/12/2017 12:00,24.351,215.3,33.196
162,7/12/2017 13:00,24.351,96.9,
163,7/12/2017 14:00,24.351,678.1,
164,7/12/2017 15:00,24.641,2325,
165,7/12/2017 16:00,24.641,1636.1,
166,7/12/2017 17:00,24.545,645.8,
167,7/12/2017 18:00,24.835,441.3,
168,7/12/2017 19:00,24.931,505.9,
169,7/12/2017 20:00,24.931,96.9,
170,7/12/2017 21:00,24.641,21.5,
171,7/12/2017 22:00,24.738,0,
172,7/12/2017 23:00,24.738,0,
173,7/13/2017 0:00,24.738,0,
174,7/13/2017 1:00,24.738,0,
175,7/13/2017 2:00,24.738,0,
176,7/13/2017 3:00,24.738,0,
177,7/13/2017 4:00,24.738,0,
178,7/13/2017 5:00,24.738,0,
179,7/13/2017 6:00,24.738,0,
180,7/13/2017 7:00,24.545,0,
181,7/13/2017 8:00,24.641,75.3,
182,7/13/2017 9:00,24.545,322.9,
183,7/13/2017 10:00,25.319,2411.1,
184,7/13/2017 11:00,24.835,1636.1,
185,7/13/2017 12:00,24.931,236.8,38.179
186,7/13/2017 13:00,24.931,1302.4,
187,7/13/2017 14:00,25.222,2152.8,
188,7/13/2017 15:00,24.835,2927.8,
189,7/13/2017 16:00,25.125,387.5,
190,7/13/2017 17:00,24.931,183,
191,7/13/2017 18:00,25.028,1722.2,
192,7/13/2017 19:00,25.028,226,
193,7/13/2017 20:00,25.125,183,
194,7/13/2017 21:00,25.028,21.5,
195,7/13/2017 22:00,25.028,0,
196,7/13/2017 23:00,24.931,0,
197,7/14/2017 0:00,24.931,0,
198,7/14/2017 1:00,24.931,0,
199,7/14/2017 2:00,24.931,0,
200,7/14/2017 3:00,24.931,0,
201,7/14/2017 4:00,24.835,0,
202,7/14/2017 5:00,24.738,0,
203,7/14/2017 6:00,24.641,0,
204,7/14/2017 7:00,24.641,1550,
205,7/14/2017 8:00,24.835,3272.2,
206,7/14/2017 9:00,25.125,4133.4,
207,7/14/2017 10:00,25.028,4133.4,
208,7/14/2017 11:00,25.125,3100,
209,7/14/2017 12:00,25.125,1054.9,43.568
210,7/14/2017 13:00,25.416,1550,
211,7/14/2017 14:00,25.416,581.3,
212,7/14/2017 15:00,25.708,2927.8,
213,7/14/2017 16:00,25.708,699.7,
214,7/14/2017 17:00,25.902,226,
215,7/14/2017 18:00,25.902,107.6,
216,7/14/2017 19:00,25.805,118.4,
217,7/14/2017 20:00,25.708,32.3,
218,7/14/2017 21:00,25.61,21.5,
219,7/14/2017 22:00,25.61,0,
220,7/14/2017 23:00,25.416,0,
221,7/15/2017 0:00,25.222,0,
222,7/15/2017 1:00,25.125,0,
223,7/15/2017 2:00,25.125,0,
224,7/15/2017 3:00,25.028,0,
225,7/15/2017 4:00,24.835,0,
226,7/15/2017 5:00,24.835,0,
227,7/15/2017 6:00,24.835,0,
228,7/15/2017 7:00,24.835,226,
229,7/15/2017 8:00,25.028,4994.5,
230,7/15/2017 9:00,25.222,3444.5,
231,7/15/2017 10:00,25.416,5166.7,
232,7/15/2017 11:00,25.708,5166.7,
233,7/15/2017 12:00,25.708,5166.7,49.275
234,7/15/2017 13:00,25.513,2583.4,
235,7/15/2017 14:00,25.805,1227.1,
236,7/15/2017 15:00,25.902,161.5,
237,7/15/2017 16:00,26.097,721.2,
238,7/15/2017 17:00,26.097,118.4,
239,7/15/2017 18:00,26.292,710.4,
240,7/15/2017 19:00,26.292,247.6,
241,7/15/2017 20:00,26.292,129.2,
242,7/15/2017 21:00,26.097,86.1,
243,7/15/2017 22:00,26,0,
244,7/15/2017 23:00,25.708,0,
245,7/16/2017 0:00,25.513,0,
246,7/16/2017 1:00,25.416,0,
247,7/16/2017 2:00,25.416,0,
248,7/16/2017 3:00,25.416,0,
249,7/16/2017 4:00,25.319,0,
250,7/16/2017 5:00,25.222,0,
251,7/16/2017 6:00,25.125,0,
252,7/16/2017 7:00,25.028,1463.9,
253,7/16/2017 8:00,25.222,6200,
254,7/16/2017 9:00,25.319,3788.9,
255,7/16/2017 10:00,25.319,9300.1,
256,7/16/2017 11:00,25.708,9300.1,
257,7/16/2017 12:00,25.416,2411.1,54.797
258,7/16/2017 13:00,25.513,1076.4,
259,7/16/2017 14:00,25.61,2066.7,
260,7/16/2017 15:00,25.805,1463.9,
261,7/16/2017 16:00,25.902,2755.6,
262,7/16/2017 17:00,26,107.6,
263,7/16/2017 18:00,25.902,775,
264,7/16/2017 19:00,25.513,183,
265,7/16/2017 20:00,25.319,667.4,
266,7/16/2017 21:00,25.125,0,
267,7/16/2017 22:00,24.931,0,
268,7/16/2017 23:00,24.931,0,
269,7/17/2017 0:00,24.835,0,
270,7/17/2017 1:00,24.738,0,
271,7/17/2017 2:00,24.641,0,
272,7/17/2017 3:00,24.545,0,
273,7/17/2017 4:00,24.545,0,
274,7/17/2017 5:00,24.545,0,
275,7/17/2017 6:00,24.545,10.8,
276,7/17/2017 7:00,24.545,64.6,
277,7/17/2017 8:00,24.545,172.2,
278,7/17/2017 9:00,24.351,613.5,
279,7/17/2017 10:00,24.641,8266.7,
280,7/17/2017 11:00,24.738,2927.8,
281,7/17/2017 12:00,25.125,1108.7,60.142
282,7/17/2017 13:00,25.319,581.3,
283,7/17/2017 14:00,25.513,807.3,
284,7/17/2017 15:00,25.708,764.2,
285,7/17/2017 16:00,25.902,226,
286,7/17/2017 17:00,26,645.8,
287,7/17/2017 18:00,26,215.3,
288,7/17/2017 19:00,25.902,355.2,
289,7/17/2017 20:00,25.708,419.8,
290,7/17/2017 21:00,25.708,10.8,
291,7/17/2017 22:00,25.61,0,
292,7/17/2017 23:00,25.513,0,
293,7/18/2017 0:00,25.416,0,
294,7/18/2017 1:00,25.319,0,
295,7/18/2017 2:00,25.319,0,
296,7/18/2017 3:00,25.319,0,
297,7/18/2017 4:00,25.222,0,
298,7/18/2017 5:00,25.028,0,
299,7/18/2017 6:00,24.931,10.8,
300,7/18/2017 7:00,24.931,1636.1,
301,7/18/2017 8:00,25.028,4305.6,
302,7/18/2017 9:00,25.319,6200,
303,7/18/2017 10:00,25.513,12400.1,
304,7/18/2017 11:00,25.805,8266.7,
305,7/18/2017 12:00,25.805,2583.4,66.196
306,7/18/2017 13:00,26.097,1808.3,
307,7/18/2017 14:00,26.292,925.7,
308,7/18/2017 15:00,26.292,1001,
309,7/18/2017 16:00,26.488,64.6,
310,7/18/2017 17:00,26.781,215.3,
311,7/18/2017 18:00,26.781,118.4,
312,7/18/2017 19:00,26.488,312.2,
313,7/18/2017 20:00,26.39,301.4,
314,7/18/2017 21:00,26.292,0,
315,7/18/2017 22:00,26.195,0,
316,7/18/2017 23:00,26.097,0,
317,7/19/2017 0:00,26.097,0,
318,7/19/2017 1:00,26,0,
319,7/19/2017 2:00,25.902,0,
320,7/19/2017 3:00,25.805,0,
321,7/19/2017 4:00,25.61,0,
322,7/19/2017 5:00,25.513,0,
323,7/19/2017 6:00,25.416,0,
324,7/19/2017 7:00,25.319,1280.9,
325,7/19/2017 8:00,25.416,1280.9,
326,7/19/2017 9:00,25.61,1291.7,
327,7/19/2017 10:00,25.61,710.4,
328,7/19/2017 11:00,25.708,8611.2,
329,7/19/2017 12:00,25.805,484.4,72.704
330,7/19/2017 13:00,26.39,549,
331,7/19/2017 14:00,26.781,1550,
332,7/19/2017 15:00,27.075,333.7,
333,7/19/2017 16:00,27.075,635.1,
334,7/19/2017 17:00,27.173,139.9,
335,7/19/2017 18:00,27.272,333.7,
336,7/19/2017 19:00,27.173,279.9,
337,7/19/2017 20:00,26.879,32.3,
338,7/19/2017 21:00,26.977,0,
339,7/19/2017 22:00,26.977,0,
340,7/19/2017 23:00,26.781,0,
341,7/20/2017 0:00,26.683,0,
342,7/20/2017 1:00,26.683,0,
343,7/20/2017 2:00,26.488,0,
344,7/20/2017 3:00,26.488,0,
345,7/20/2017 4:00,26.39,0,
346,7/20/2017 5:00,26.292,0,
347,7/20/2017 6:00,26.292,0,
348,7/20/2017 7:00,26.292,839.6,
349,7/20/2017 8:00,26.39,1141,
350,7/20/2017 9:00,26.488,2238.9,
351,7/20/2017 10:00,26.488,505.9,
352,7/20/2017 11:00,26.585,3616.7,
353,7/20/2017 12:00,26.585,2238.9,79.439
354,7/20/2017 13:00,26.781,1550,
355,7/20/2017 14:00,26.683,1044.1,
356,7/20/2017 15:00,26.879,1894.5,
357,7/20/2017 16:00,26.879,1087.2,
358,7/20/2017 17:00,27.075,527.4,
359,7/20/2017 18:00,26.977,355.2,
360,7/20/2017 19:00,27.075,322.9,
361,7/20/2017 20:00,27.075,86.1,
362,7/20/2017 21:00,26.977,10.8,
363,7/20/2017 22:00,26.879,0,
364,7/20/2017 23:00,26.879,0,
365,7/21/2017 0:00,26.781,0,
366,7/21/2017 1:00,26.781,0,
367,7/21/2017 2:00,26.683,0,
368,7/21/2017 3:00,26.683,0,
369,7/21/2017 4:00,26.683,0,
370,7/21/2017 5:00,26.585,0,
371,7/21/2017 6:00,26.585,0,
372,7/21/2017 7:00,26.585,344.4,
373,7/21/2017 8:00,26.781,7233.4,
374,7/21/2017 9:00,27.075,3616.7,
375,7/21/2017 10:00,27.173,2927.8,
376,7/21/2017 11:00,27.272,20666.8,
377,7/21/2017 12:00,27.272,1345.5,86.908
378,7/21/2017 13:00,27.567,1980.6,
379,7/21/2017 14:00,27.961,1108.7,
380,7/21/2017 15:00,27.862,1550,
381,7/21/2017 16:00,27.862,635.1,
382,7/21/2017 17:00,28.06,1324,
383,7/21/2017 18:00,27.961,538.2,
384,7/21/2017 19:00,27.961,269.1,
385,7/21/2017 20:00,27.961,592,
386,7/21/2017 21:00,27.862,0,
387,7/21/2017 22:00,27.764,0,
388,7/21/2017 23:00,27.764,0,
389,7/22/2017 0:00,27.665,0,
390,7/22/2017 1:00,27.567,0,
391,7/22/2017 2:00,27.567,0,
392,7/22/2017 3:00,27.37,0,
393,7/22/2017 4:00,27.173,0,
394,7/22/2017 5:00,27.075,0,
395,7/22/2017 6:00,26.977,0,
396,7/22/2017 7:00,26.977,32.3,
397,7/22/2017 8:00,26.977,21.5,
398,7/22/2017 9:00,26.879,139.9,
399,7/22/2017 10:00,27.075,1076.4,
400,7/22/2017 11:00,27.173,1636.1,
401,7/22/2017 12:00,27.173,764.2,94.358
402,7/22/2017 13:00,27.173,1463.9,
403,7/22/2017 14:00,27.468,656.6,
404,7/22/2017 15:00,27.665,1463.9,
405,7/22/2017 16:00,27.764,5166.7,
406,7/22/2017 17:00,27.862,366,
407,7/22/2017 18:00,27.665,1054.9,
408,7/22/2017 19:00,27.665,958,
409,7/22/2017 20:00,27.567,376.7,
410,7/22/2017 21:00,27.567,0,
411,7/22/2017 22:00,27.468,0,
412,7/22/2017 23:00,27.272,0,
413,7/23/2017 0:00,27.272,0,
414,7/23/2017 1:00,27.272,0,
415,7/23/2017 2:00,27.173,0,
416,7/23/2017 3:00,27.173,0,
417,7/23/2017 4:00,27.075,0,
418,7/23/2017 5:00,27.075,0,
419,7/23/2017 6:00,26.879,0,
420,7/23/2017 7:00,26.781,527.4,
421,7/23/2017 8:00,26.781,871.9,
422,7/23/2017 9:00,26.683,452.1,
423,7/23/2017 10:00,26.683,2238.9,
424,7/23/2017 11:00,26.781,990.3,
425,7/23/2017 12:00,27.075,2152.8,101.736
426,7/23/2017 13:00,27.272,1280.9,
427,7/23/2017 14:00,27.567,3616.7,
428,7/23/2017 15:00,27.567,1550,
429,7/23/2017 16:00,27.665,2755.6,
430,7/23/2017 17:00,27.764,818.1,
431,7/23/2017 18:00,27.764,247.6,
432,7/23/2017 19:00,27.862,495.1,
433,7/23/2017 20:00,27.665,96.9,
434,7/23/2017 21:00,27.665,10.8,
435,7/23/2017 22:00,27.468,0,
436,7/23/2017 23:00,27.567,0,
437,7/24/2017 0:00,27.37,0,
438,7/24/2017 1:00,27.075,0,
439,7/24/2017 2:00,27.075,0,
440,7/24/2017 3:00,26.879,0,
441,7/24/2017 4:00,26.781,0,
442,7/24/2017 5:00,26.683,0,
443,7/24/2017 6:00,26.585,0,
444,7/24/2017 7:00,26.488,53.8,
445,7/24/2017 8:00,26.39,161.5,
446,7/24/2017 9:00,26.488,2583.4,
447,7/24/2017 10:00,26.488,5166.7,
448,7/24/2017 11:00,26.292,430.6,
449,7/24/2017 12:00,26.292,2066.7,108.2
450,7/24/2017 13:00,26.195,592,
451,7/24/2017 14:00,26.097,818.1,
452,7/24/2017 15:00,26.097,764.2,
453,7/24/2017 16:00,26,549,
454,7/24/2017 17:00,25.708,516.7,
455,7/24/2017 18:00,25.708,602.8,
456,7/24/2017 19:00,25.61,1119.5,
457,7/24/2017 20:00,25.416,796.5,
458,7/24/2017 21:00,25.222,0,
459,7/24/2017 22:00,25.125,0,
460,7/24/2017 23:00,25.125,0,
461,7/25/2017 0:00,25.028,0,
462,7/25/2017 1:00,24.931,0,
463,7/25/2017 2:00,24.738,0,
464,7/25/2017 3:00,24.641,0,
465,7/25/2017 4:00,24.448,0,
466,7/25/2017 5:00,24.351,0,
467,7/25/2017 6:00,24.158,0,
468,7/25/2017 7:00,24.158,2066.7,
469,7/25/2017 8:00,24.448,1894.5,
470,7/25/2017 9:00,24.738,1550,
471,7/25/2017 10:00,24.738,9644.5,
472,7/25/2017 11:00,25.125,3272.2,
473,7/25/2017 12:00,24.931,2411.1,113.413
474,7/25/2017 13:00,25.125,1377.8,
475,7/25/2017 14:00,25.416,1130.2,
476,7/25/2017 15:00,25.61,1463.9,
477,7/25/2017 16:00,25.805,484.4,
478,7/25/2017 17:00,25.902,473.6,
479,7/25/2017 18:00,25.805,366,
480,7/25/2017 19:00,25.513,193.8,
481,7/25/2017 20:00,25.416,419.8,
482,7/25/2017 21:00,25.416,0,
483,7/25/2017 22:00,25.319,0,
484,7/25/2017 23:00,25.125,0,
485,7/26/2017 0:00,25.028,0,
486,7/26/2017 1:00,24.931,0,
487,7/26/2017 2:00,24.835,0,
488,7/26/2017 3:00,24.931,0,
489,7/26/2017 4:00,24.931,0,
490,7/26/2017 5:00,24.835,0,
491,7/26/2017 6:00,24.738,0,
492,7/26/2017 7:00,24.641,333.7,
493,7/26/2017 8:00,24.641,139.9,
494,7/26/2017 9:00,24.835,1808.3,
495,7/26/2017 10:00,24.835,721.2,
496,7/26/2017 11:00,25.222,9300.1,
497,7/26/2017 12:00,25.222,3272.2,118.678
498,7/26/2017 13:00,25.319,3616.7,
499,7/26/2017 14:00,25.416,1463.9,
500,7/26/2017 15:00,25.708,4305.6,
501,7/26/2017 16:00,25.513,1248.6,
502,7/26/2017 17:00,25.61,796.5,
503,7/26/2017 18:00,25.513,667.4,
504,7/26/2017 19:00,25.513,376.7,
505,7/26/2017 20:00,25.319,236.8,
506,7/26/2017 21:00,25.222,0,
507,7/26/2017 22:00,25.125,0,
508,7/26/2017 23:00,25.028,0,
509,7/27/2017 0:00,24.835,0,
510,7/27/2017 1:00,24.738,0,
511,7/27/2017 2:00,24.738,0,
512,7/27/2017 3:00,24.738,0,
513,7/27/2017 4:00,24.738,0,
514,7/27/2017 5:00,24.545,0,
515,7/27/2017 6:00,24.545,0,
516,7/27/2017 7:00,24.545,118.4,
517,7/27/2017 8:00,24.545,452.1,
518,7/27/2017 9:00,24.545,1044.1,
519,7/27/2017 10:00,24.835,3961.1,
520,7/27/2017 11:00,24.931,1463.9,
521,7/27/2017 12:00,25.028,1184,124.219
522,7/27/2017 13:00,25.222,1044.1,
523,7/27/2017 14:00,25.708,2238.9,
524,7/27/2017 15:00,26,828.8,
525,7/27/2017 16:00,26.195,1636.1,
526,7/27/2017 17:00,26.195,1097.9,
527,7/27/2017 18:00,26.195,333.7,
528,7/27/2017 19:00,26.195,183,
529,7/27/2017 20:00,26.097,43.1,
530,7/27/2017 21:00,25.708,0,
531,7/27/2017 22:00,25.61,0,
532,7/27/2017 23:00,25.61,0,
533,7/28/2017 0:00,25.416,0,
534,7/28/2017 1:00,25.416,0,
535,7/28/2017 2:00,25.319,0,
536,7/28/2017 3:00,25.125,0,
537,7/28/2017 4:00,25.028,0,
538,7/28/2017 5:00,24.835,0,
539,7/28/2017 6:00,24.641,0,
540,7/28/2017 7:00,24.738,32.3,
541,7/28/2017 8:00,24.641,118.4,
542,7/28/2017 9:00,24.641,4305.6,
543,7/28/2017 10:00,24.931,1022.6,
544,7/28/2017 11:00,25.61,2152.8,
545,7/28/2017 12:00,25.125,1808.3,128.931
546,7/28/2017 13:00,24.835,2325,
547,7/28/2017 14:00,25.222,1302.4,
548,7/28/2017 15:00,25.222,215.3,
549,7/28/2017 16:00,25.416,150.7,
550,7/28/2017 17:00,25.222,1173.3,
551,7/28/2017 18:00,24.158,366,
552,7/28/2017 19:00,23.966,107.6,
553,7/28/2017 20:00,23.773,172.2,
554,7/28/2017 21:00,23.581,21.5,
555,7/28/2017 22:00,23.484,0,
556,7/28/2017 23:00,23.388,0,
557,7/29/2017 0:00,23.292,0,
558,7/29/2017 1:00,23.196,0,
559,7/29/2017 2:00,23.1,0,
560,7/29/2017 3:00,23.004,0,
561,7/29/2017 4:00,23.004,0,
562,7/29/2017 5:00,23.004,0,
563,7/29/2017 6:00,22.812,0,
564,7/29/2017 7:00,22.812,236.8,
565,7/29/2017 8:00,23.1,1463.9,
566,7/29/2017 9:00,23.196,8266.7,
567,7/29/2017 10:00,23.484,34444.7,
568,7/29/2017 11:00,23.869,2669.5,
569,7/29/2017 12:00,23.484,1894.5,132.853
570,7/29/2017 13:00,23.581,1377.8,
571,7/29/2017 14:00,23.773,570.5,
572,7/29/2017 15:00,24.158,312.2,
573,7/29/2017 16:00,24.545,688.9,
574,7/29/2017 17:00,24.641,43.1,
575,7/29/2017 18:00,24.448,871.9,
576,7/29/2017 19:00,24.351,53.8,
577,7/29/2017 20:00,24.158,32.3,
578,7/29/2017 21:00,24.062,0,
579,7/29/2017 22:00,23.966,0,
580,7/29/2017 23:00,23.773,0,
581,7/30/2017 0:00,23.677,0,
582,7/30/2017 1:00,23.677,0,
583,7/30/2017 2:00,23.581,0,
584,7/30/2017 3:00,23.388,0,
585,7/30/2017 4:00,23.388,0,
586,7/30/2017 5:00,23.292,0,
587,7/30/2017 6:00,23.196,0,
588,7/30/2017 7:00,23.1,150.7,
589,7/30/2017 8:00,23.388,16533.4,
590,7/30/2017 9:00,23.581,7233.4,
591,7/30/2017 10:00,23.677,14466.8,
592,7/30/2017 11:00,23.869,7233.4,
593,7/30/2017 12:00,23.966,2755.6,137.063
594,7/30/2017 13:00,24.351,215.3,
595,7/30/2017 14:00,24.545,1550,
596,7/30/2017 15:00,24.545,204.5,
597,7/30/2017 16:00,24.738,2152.8,
598,7/30/2017 17:00,24.835,247.6,
599,7/30/2017 18:00,24.835,355.2,
600,7/30/2017 19:00,24.931,75.3,
601,7/30/2017 20:00,24.931,64.6,
602,7/30/2017 21:00,24.835,0,
603,7/30/2017 22:00,24.738,0,
604,7/30/2017 23:00,24.641,0,
605,7/31/2017 0:00,24.545,0,
606,7/31/2017 1:00,24.448,0,
607,7/31/2017 2:00,24.448,0,
608,7/31/2017 3:00,24.351,0,
609,7/31/2017 4:00,24.255,0,
610,7/31/2017 5:00,24.255,0,
611,7/31/2017 6:00,24.158,0,
612,7/31/2017 7:00,24.062,473.6,
613,7/31/2017 8:00,24.255,4650,
614,7/31/2017 9:00,24.545,17911.2,
615,7/31/2017 10:00,24.641,3961.1,
616,7/31/2017 11:00,24.738,3444.5,
617,7/31/2017 12:00,24.931,2583.4,142.304
618,7/31/2017 13:00,25.319,1894.5,
619,7/31/2017 14:00,25.416,688.9,
620,7/31/2017 15:00,25.61,312.2,
621,7/31/2017 16:00,25.805,549,
622,7/31/2017 17:00,26,602.8,
623,7/31/2017 18:00,26,613.5,
624,7/31/2017 19:00,25.805,538.2,
625,7/31/2017 20:00,25.708,118.4,
626,7/31/2017 21:00,25.513,0,
627,7/31/2017 22:00,25.416,0,
628,7/31/2017 23:00,25.319,0,
629,8/1/2017 0:00,25.319,0,
630,8/1/2017 1:00,25.222,0,
631,8/1/2017 2:00,25.222,0,
632,8/1/2017 3:00,25.222,0,
633,8/1/2017 4:00,25.125,0,
634,8/1/2017 5:00,25.125,0,
635,8/1/2017 6:00,25.028,0,
636,8/1/2017 7:00,25.028,549,
637,8/1/2017 8:00,25.222,11711.2,
638,8/1/2017 9:00,25.61,22044.6,
639,8/1/2017 10:00,25.61,4822.3,
640,8/1/2017 11:00,25.61,8266.7,
641,8/1/2017 12:00,25.708,1894.5,148.331
642,8/1/2017 13:00,26.097,1463.9,
643,8/1/2017 14:00,26,979.5,
644,8/1/2017 15:00,26.39,731.9,
645,8/1/2017 16:00,26.585,322.9,
646,8/1/2017 17:00,26.683,1722.2,
647,8/1/2017 18:00,26.488,247.6,
648,8/1/2017 19:00,26.292,53.8,
649,8/1/2017 20:00,26.195,247.6,
650,8/1/2017 21:00,26.097,0,
651,8/1/2017 22:00,26,0,
652,8/1/2017 23:00,25.902,0,
653,8/2/2017 0:00,25.805,0,
654,8/2/2017 1:00,25.805,0,
655,8/2/2017 2:00,25.805,0,
656,8/2/2017 3:00,25.708,0,
657,8/2/2017 4:00,25.708,0,
658,8/2/2017 5:00,25.61,0,
659,8/2/2017 6:00,25.513,0,
660,8/2/2017 7:00,25.513,430.6,
661,8/2/2017 8:00,25.708,7233.4,
662,8/2/2017 9:00,26,20666.8,
663,8/2/2017 10:00,26,6200,
664,8/2/2017 11:00,26.488,4650,
665,8/2/2017 12:00,26.488,6200,154.721
666,8/2/2017 13:00,26.585,1356.3,
667,8/2/2017 14:00,26.683,2583.4,
668,8/2/2017 15:00,26.977,538.2,
669,8/2/2017 16:00,26.39,21.5,
670,8/2/2017 17:00,26,0,
671,8/2/2017 18:00,26,0,
672,8/2/2017 19:00,25.902,193.8,
673,8/2/2017 20:00,25.902,21.5,
674,8/2/2017 21:00,25.61,0,
675,8/2/2017 22:00,25.708,0,
676,8/2/2017 23:00,25.61,0,
677,8/3/2017 0:00,25.61,0,
678,8/3/2017 1:00,25.61,0,
679,8/3/2017 2:00,25.513,0,
680,8/3/2017 3:00,25.513,0,
681,8/3/2017 4:00,25.513,0,
682,8/3/2017 5:00,25.513,0,
683,8/3/2017 6:00,25.416,0,
684,8/3/2017 7:00,25.416,32.3,
685,8/3/2017 8:00,25.61,1894.5,
686,8/3/2017 9:00,26.097,624.3,
687,8/3/2017 10:00,26.195,1980.6,
688,8/3/2017 11:00,26.488,1151.7,
689,8/3/2017 12:00,26.781,914.9,160.951
690,8/3/2017 13:00,26.781,441.3,
691,8/3/2017 14:00,26.488,236.8,
692,8/3/2017 15:00,26.683,258.3,
693,8/3/2017 16:00,26.488,150.7,
694,8/3/2017 17:00,26.781,86.1,
695,8/3/2017 18:00,26.488,107.6,
696,8/3/2017 19:00,26.292,96.9,
697,8/3/2017 20:00,26.292,0,
698,8/3/2017 21:00,26.097,0,
699,8/3/2017 22:00,26.097,0,
700,8/3/2017 23:00,25.902,0,
701,8/4/2017 0:00,25.61,0,
702,8/4/2017 1:00,25.805,0,
703,8/4/2017 2:00,25.708,0,
704,8/4/2017 3:00,25.805,0,
705,8/4/2017 4:00,25.708,0,
706,8/4/2017 5:00,25.708,0,
707,8/4/2017 6:00,25.708,0,
708,8/4/2017 7:00,25.61,0,
709,8/4/2017 8:00,25.513,21.5,
710,8/4/2017 9:00,25.416,53.8,
711,8/4/2017 10:00,25.708,731.9,
712,8/4/2017 11:00,25.61,107.6,
713,8/4/2017 12:00,26,312.2,166.561
714,8/4/2017 13:00,26.195,409,
715,8/4/2017 14:00,25.708,96.9,
716,8/4/2017 15:00,26,204.5,
717,8/4/2017 16:00,25.902,53.8,
718,8/4/2017 17:00,25.902,75.3,
719,8/4/2017 18:00,25.805,96.9,
720,8/4/2017 19:00,25.513,21.5,
721,8/4/2017 20:00,25.125,10.8,
722,8/4/2017 21:00,25.028,0,
723,8/4/2017 22:00,25.028,0,
724,8/4/2017 23:00,25.125,0,
725,8/5/2017 0:00,24.738,0,
726,8/5/2017 1:00,24.738,0,
727,8/5/2017 2:00,25.028,0,
728,8/5/2017 3:00,24.641,0,
729,8/5/2017 4:00,24.158,0,
730,8/5/2017 5:00,23.966,0,
731,8/5/2017 6:00,23.773,0,
732,8/5/2017 7:00,23.581,118.4,
733,8/5/2017 8:00,23.581,398.3,
734,8/5/2017 9:00,23.869,645.8,
735,8/5/2017 10:00,24.738,796.5,
736,8/5/2017 11:00,25.028,398.3,
737,8/5/2017 12:00,24.641,527.4,170.903
738,8/5/2017 13:00,24.062,376.7,
739,8/5/2017 14:00,23.869,322.9,
740,8/5/2017 15:00,24.062,968.8,
741,8/5/2017 16:00,24.062,215.3,
742,8/5/2017 17:00,24.158,1550,
743,8/5/2017 18:00,23.966,86.1,
744,8/5/2017 19:00,23.869,64.6,
745,8/5/2017 20:00,23.677,53.8,
746,8/5/2017 21:00,23.484,0,
747,8/5/2017 22:00,23.388,0,
748,8/5/2017 23:00,23.388,0,
749,8/6/2017 0:00,23.292,0,
750,8/6/2017 1:00,23.292,0,
751,8/6/2017 2:00,23.388,0,
752,8/6/2017 3:00,23.292,0,
753,8/6/2017 4:00,23.292,0,
754,8/6/2017 5:00,23.196,0,
755,8/6/2017 6:00,23.196,0,
756,8/6/2017 7:00,23.196,21.5,
757,8/6/2017 8:00,23.292,183,
758,8/6/2017 9:00,23.292,258.3,
759,8/6/2017 10:00,23.484,1022.6,
760,8/6/2017 11:00,23.677,290.6,
761,8/6/2017 12:00,23.581,193.8,174.595
762,8/6/2017 13:00,23.581,1722.2,
763,8/6/2017 14:00,23.773,12400.1,
764,8/6/2017 15:00,23.966,1377.8,
765,8/6/2017 16:00,23.966,398.3,
766,8/6/2017 17:00,23.966,279.9,
767,8/6/2017 18:00,24.062,409,
768,8/6/2017 19:00,23.966,43.1,
769,8/6/2017 20:00,23.869,10.8,
770,8/6/2017 21:00,23.581,0,
771,8/6/2017 22:00,23.677,0,
772,8/6/2017 23:00,23.388,0,
773,8/7/2017 0:00,23.388,0,
774,8/7/2017 1:00,23.388,0,
775,8/7/2017 2:00,23.196,0,
776,8/7/2017 3:00,23.1,0,
777,8/7/2017 4:00,23.004,0,
778,8/7/2017 5:00,23.004,0,
779,8/7/2017 6:00,22.908,0,
780,8/7/2017 7:00,22.908,0,
781,8/7/2017 8:00,22.908,64.6,
782,8/7/2017 9:00,23.004,312.2,
783,8/7/2017 10:00,23.004,473.6,
784,8/7/2017 11:00,23.773,2238.9,
785,8/7/2017 12:00,23.677,893.4,178.183
786,8/7/2017 13:00,23.581,710.4,
787,8/7/2017 14:00,23.677,635.1,
788,8/7/2017 15:00,23.677,150.7,
789,8/7/2017 16:00,23.869,129.2,
790,8/7/2017 17:00,24.062,387.5,
791,8/7/2017 18:00,23.581,1022.6,
792,8/7/2017 19:00,23.677,247.6,
793,8/7/2017 20:00,23.581,64.6,
794,8/7/2017 21:00,23.581,0,
795,8/7/2017 22:00,23.677,0,
796,8/7/2017 23:00,23.484,0,
797,8/8/2017 0:00,23.196,0,
798,8/8/2017 1:00,23.1,0,
799,8/8/2017 2:00,22.908,0,
800,8/8/2017 3:00,22.908,0,
801,8/8/2017 4:00,22.812,0,
802,8/8/2017 5:00,22.812,0,
803,8/8/2017 6:00,22.717,0,
804,8/8/2017 7:00,22.621,43.1,
805,8/8/2017 8:00,23.004,398.3,
806,8/8/2017 9:00,23.196,1001,
807,8/8/2017 10:00,23.1,2238.9,
808,8/8/2017 11:00,23.773,1550,
809,8/8/2017 12:00,23.581,473.6,181.85
810,8/8/2017 13:00,23.484,193.8,
811,8/8/2017 14:00,23.677,172.2,
812,8/8/2017 15:00,24.158,1550,
813,8/8/2017 16:00,24.255,129.2,
814,8/8/2017 17:00,24.351,527.4,
815,8/8/2017 18:00,24.351,441.3,
816,8/8/2017 19:00,24.062,43.1,
817,8/8/2017 20:00,24.062,10.8,
818,8/8/2017 21:00,24.062,0,
819,8/8/2017 22:00,24.062,0,
820,8/8/2017 23:00,23.966,0,
821,8/9/2017 0:00,23.869,0,
822,8/9/2017 1:00,23.773,0,
823,8/9/2017 2:00,23.773,0,
824,8/9/2017 3:00,23.773,0,
825,8/9/2017 4:00,23.677,0,
826,8/9/2017 5:00,23.484,0,
827,8/9/2017 6:00,23.388,0,
828,8/9/2017 7:00,23.388,32.3,
829,8/9/2017 8:00,23.581,236.8,
830,8/9/2017 9:00,24.158,549,
831,8/9/2017 10:00,25.319,828.8,
832,8/9/2017 11:00,24.738,1205.6,
833,8/9/2017 12:00,24.255,366,186.412
834,8/9/2017 13:00,24.545,462.9,
835,8/9/2017 14:00,24.738,796.5,
836,8/9/2017 15:00,24.835,1636.1,
837,8/9/2017 16:00,24.931,387.5,
838,8/9/2017 17:00,25.028,409,
839,8/9/2017 18:00,24.738,1894.5,
840,8/9/2017 19:00,24.641,53.8,
841,8/9/2017 20:00,24.448,279.9,
842,8/9/2017 21:00,24.448,0,
843,8/9/2017 22:00,24.351,0,
844,8/9/2017 23:00,24.255,0,
845,8/10/2017 0:00,24.255,0,
846,8/10/2017 1:00,24.158,0,
847,8/10/2017 2:00,24.062,0,
848,8/10/2017 3:00,24.062,0,
849,8/10/2017 4:00,24.062,0,
850,8/10/2017 5:00,23.966,0,
851,8/10/2017 6:00,23.966,0,
852,8/10/2017 7:00,23.966,96.9,
853,8/10/2017 8:00,24.062,322.9,
854,8/10/2017 9:00,24.545,1722.2,
855,8/10/2017 10:00,24.641,936.5,
856,8/10/2017 11:00,25.222,2066.7,
857,8/10/2017 12:00,24.931,1162.5,191.432
858,8/10/2017 13:00,25.319,344.4,
859,8/10/2017 14:00,25.319,570.5,
860,8/10/2017 15:00,25.513,161.5,
861,8/10/2017 16:00,25.708,269.1,
862,8/10/2017 17:00,25.708,96.9,
863,8/10/2017 18:00,25.61,333.7,
864,8/10/2017 19:00,25.319,43.1,
865,8/10/2017 20:00,25.222,32.3,
866,8/10/2017 21:00,25.125,0,
867,8/10/2017 22:00,24.931,0,
868,8/10/2017 23:00,24.931,0,
869,8/11/2017 0:00,24.931,0,
870,8/11/2017 1:00,24.835,0,
871,8/11/2017 2:00,24.738,0,
872,8/11/2017 3:00,24.641,0,
873,8/11/2017 4:00,24.641,0,
874,8/11/2017 5:00,24.545,0,
875,8/11/2017 6:00,24.448,0,
876,8/11/2017 7:00,24.448,0,
877,8/11/2017 8:00,24.448,32.3,
878,8/11/2017 9:00,24.448,64.6,
879,8/11/2017 10:00,24.545,721.2,
880,8/11/2017 11:00,25.125,2325,
881,8/11/2017 12:00,24.641,215.3,196.318
882,8/11/2017 13:00,25.028,484.4,
883,8/11/2017 14:00,25.028,484.4,
884,8/11/2017 15:00,25.222,247.6,
885,8/11/2017 16:00,25.125,204.5,
886,8/11/2017 17:00,25.222,53.8,
887,8/11/2017 18:00,24.835,215.3,
888,8/11/2017 19:00,25.028,398.3,
889,8/11/2017 20:00,24.835,64.6,
890,8/11/2017 21:00,24.738,0,
891,8/11/2017 22:00,24.545,0,
892,8/11/2017 23:00,24.545,0,
893,8/12/2017 0:00,24.641,0,
894,8/12/2017 1:00,24.448,0,
895,8/12/2017 2:00,24.448,0,
896,8/12/2017 3:00,24.448,0,
897,8/12/2017 4:00,24.351,0,
898,8/12/2017 5:00,24.255,0,
899,8/12/2017 6:00,24.158,0,
900,8/12/2017 7:00,24.062,215.3,
901,8/12/2017 8:00,24.255,2066.7,
902,8/12/2017 9:00,24.545,6200,
903,8/12/2017 10:00,24.738,3961.1,
904,8/12/2017 11:00,24.062,1065.6,
905,8/12/2017 12:00,24.351,8611.2,200.94
906,8/12/2017 13:00,24.545,2669.5,
907,8/12/2017 14:00,24.641,2497.2,
908,8/12/2017 15:00,24.835,624.3,
909,8/12/2017 16:00,24.641,1463.9,
910,8/12/2017 17:00,24.738,645.8,
911,8/12/2017 18:00,25.028,236.8,
912,8/12/2017 19:00,24.738,452.1,
913,8/12/2017 20:00,24.448,64.6,
914,8/12/2017 21:00,24.255,0,
915,8/12/2017 22:00,24.255,0,
916,8/12/2017 23:00,24.158,0,
917,8/13/2017 0:00,24.158,0,
918,8/13/2017 1:00,24.158,0,
919,8/13/2017 2:00,24.062,0,
920,8/13/2017 3:00,24.062,0,
921,8/13/2017 4:00,23.966,0,
922,8/13/2017 5:00,23.966,0,
923,8/13/2017 6:00,23.869,0,
924,8/13/2017 7:00,23.869,139.9,
925,8/13/2017 8:00,24.062,1808.3,
926,8/13/2017 9:00,24.448,1291.7,
927,8/13/2017 10:00,24.641,3100,
928,8/13/2017 11:00,25.125,2411.1,
929,8/13/2017 12:00,24.931,1011.8,205.677
930,8/13/2017 13:00,24.931,3444.5,
931,8/13/2017 14:00,25.028,785.8,
932,8/13/2017 15:00,24.931,129.2,
933,8/13/2017 16:00,25.222,215.3,
934,8/13/2017 17:00,25.319,269.1,
935,8/13/2017 18:00,25.222,538.2,
936,8/13/2017 19:00,25.125,86.1,
937,8/13/2017 20:00,25.028,32.3,
938,8/13/2017 21:00,24.738,0,
939,8/13/2017 22:00,24.738,0,
940,8/13/2017 23:00,24.641,0,
941,8/14/2017 0:00,24.641,0,
942,8/14/2017 1:00,24.545,0,
943,8/14/2017 2:00,24.448,0,
944,8/14/2017 3:00,24.448,0,
945,8/14/2017 4:00,24.448,0,
946,8/14/2017 5:00,24.351,0,
947,8/14/2017 6:00,24.255,0,
948,8/14/2017 7:00,24.255,53.8,
949,8/14/2017 8:00,24.448,118.4,
950,8/14/2017 9:00,24.931,1722.2,
951,8/14/2017 10:00,24.835,947.2,
952,8/14/2017 11:00,25.028,1356.3,
953,8/14/2017 12:00,25.222,2755.6,210.739
954,8/14/2017 13:00,25.222,183,
955,8/14/2017 14:00,25.416,430.6,
956,8/14/2017 15:00,25.513,118.4,
957,8/14/2017 16:00,25.61,893.4,
958,8/14/2017 17:00,25.61,484.4,
959,8/14/2017 18:00,25.416,129.2,
960,8/14/2017 19:00,25.416,53.8,
961,8/14/2017 20:00,25.222,10.8,
962,8/14/2017 21:00,25.028,0,
963,8/14/2017 22:00,24.931,0,
964,8/14/2017 23:00,24.931,0,
965,8/15/2017 0:00,24.931,0,
966,8/15/2017 1:00,24.835,0,
967,8/15/2017 2:00,24.835,0,
968,8/15/2017 3:00,24.835,0,
969,8/15/2017 4:00,24.835,0,
970,8/15/2017 5:00,24.835,0,
971,8/15/2017 6:00,24.641,0,
972,8/15/2017 7:00,24.641,0,
973,8/15/2017 8:00,24.545,0,
974,8/15/2017 9:00,24.545,21.5,
975,8/15/2017 10:00,24.738,290.6,
976,8/15/2017 11:00,24.545,279.9,
977,8/15/2017 12:00,24.738,581.3,215.907
978,8/15/2017 13:00,24.931,236.8,
979,8/15/2017 14:00,25.416,301.4,
980,8/15/2017 15:00,25.319,247.6,
981,8/15/2017 16:00,25.61,129.2,
982,8/15/2017 17:00,25.513,150.7,
983,8/15/2017 18:00,25.416,21.5,
984,8/15/2017 19:00,25.513,75.3,
985,8/15/2017 20:00,25.416,43.1,
986,8/15/2017 21:00,25.222,0,
987,8/15/2017 22:00,25.125,0,
988,8/15/2017 23:00,25.028,0,
989,8/16/2017 0:00,24.931,0,
990,8/16/2017 1:00,24.835,0,
991,8/16/2017 2:00,24.835,0,
992,8/16/2017 3:00,24.641,0,
993,8/16/2017 4:00,24.641,0,
994,8/16/2017 5:00,24.641,0,
995,8/16/2017 6:00,24.545,0,
996,8/16/2017 7:00,24.448,21.5,
997,8/16/2017 8:00,24.545,279.9,
998,8/16/2017 9:00,25.125,1980.6,
999,8/16/2017 10:00,25.319,3272.2,
1000,8/16/2017 11:00,25.61,2927.8,
1001,8/16/2017 12:00,25.319,645.8,221.226
1002,8/16/2017 13:00,25.61,312.2,
1003,8/16/2017 14:00,25.708,247.6,
1004,8/16/2017 15:00,25.805,172.2,
1005,8/16/2017 16:00,25.902,75.3,
1006,8/16/2017 17:00,25.902,53.8,
1007,8/16/2017 18:00,25.902,53.8,
1008,8/16/2017 19:00,25.708,21.5,
1009,8/16/2017 20:00,25.61,64.6,
1010,8/16/2017 21:00,25.416,0,
1011,8/16/2017 22:00,25.319,0,
1012,8/16/2017 23:00,25.222,0,
1013,8/17/2017 0:00,25.222,0,
1014,8/17/2017 1:00,25.125,0,
1015,8/17/2017 2:00,25.028,0,
1016,8/17/2017 3:00,25.028,0,
1017,8/17/2017 4:00,24.931,0,
1018,8/17/2017 5:00,24.835,0,
1019,8/17/2017 6:00,24.738,0,
1020,8/17/2017 7:00,24.641,0,
1021,8/17/2017 8:00,24.738,10.8,
1022,8/17/2017 9:00,24.738,53.8,
1023,8/17/2017 10:00,24.931,387.5,
1024,8/17/2017 11:00,24.835,344.4,
1025,8/17/2017 12:00,25.319,8266.7,226.243
1026,8/17/2017 13:00,25.319,1259.4,
1027,8/17/2017 14:00,25.125,118.4,
1028,8/17/2017 15:00,25.125,452.1,
1029,8/17/2017 16:00,25.222,742.7,
1030,8/17/2017 17:00,25.222,592,
1031,8/17/2017 18:00,25.125,64.6,
1032,8/17/2017 19:00,25.222,53.8,
1033,8/17/2017 20:00,25.125,0,
1034,8/17/2017 21:00,25.125,0,
1035,8/17/2017 22:00,24.931,0,
1036,8/17/2017 23:00,24.835,0,
1037,8/18/2017 0:00,24.931,0,
1038,8/18/2017 1:00,24.738,0,
1039,8/18/2017 2:00,24.545,0,
1040,8/18/2017 3:00,24.545,0,
1041,8/18/2017 4:00,24.545,0,
1042,8/18/2017 5:00,24.351,0,
1043,8/18/2017 6:00,24.351,0,
1044,8/18/2017 7:00,24.448,75.3,
1045,8/18/2017 8:00,24.641,602.8,
1046,8/18/2017 9:00,24.835,893.4,
1047,8/18/2017 10:00,25.222,2927.8,
1048,8/18/2017 11:00,24.835,710.4,
1049,8/18/2017 12:00,24.738,2066.7,231.094
1050,8/18/2017 13:00,24.835,527.4,
1051,8/18/2017 14:00,24.931,1636.1,
1052,8/18/2017 15:00,24.931,1377.8,
1053,8/18/2017 16:00,24.931,452.1,
1054,8/18/2017 17:00,25.028,333.7,
1055,8/18/2017 18:00,24.931,258.3,
1056,8/18/2017 19:00,24.448,139.9,
1057,8/18/2017 20:00,24.641,43.1,
1058,8/18/2017 21:00,24.641,0,
1059,8/18/2017 22:00,24.448,0,
1060,8/18/2017 23:00,24.351,0,
1061,8/19/2017 0:00,24.351,0,
1062,8/19/2017 1:00,24.158,0,
1063,8/19/2017 2:00,24.062,0,
1064,8/19/2017 3:00,23.869,0,
1065,8/19/2017 4:00,23.869,0,
1066,8/19/2017 5:00,23.869,0,
1067,8/19/2017 6:00,23.869,0,
1068,8/19/2017 7:00,23.869,312.2,
1069,8/19/2017 8:00,23.773,150.7,
1070,8/19/2017 9:00,23.773,312.2,
1071,8/19/2017 10:00,24.255,3444.5,
1072,8/19/2017 11:00,24.641,2927.8,
1073,8/19/2017 12:00,24.545,1980.6,235.426
1074,8/19/2017 13:00,24.448,2066.7,
1075,8/19/2017 14:00,24.641,409,
1076,8/19/2017 15:00,24.545,656.6,
1077,8/19/2017 16:00,24.738,150.7,
1078,8/19/2017 17:00,24.738,64.6,
1079,8/19/2017 18:00,24.738,172.2,
1080,8/19/2017 19:00,24.545,139.9,
1081,8/19/2017 20:00,24.448,10.8,
1082,8/19/2017 21:00,24.351,0,
1083,8/19/2017 22:00,24.255,0,
1084,8/19/2017 23:00,24.255,0,
1085,8/20/2017 0:00,24.255,0,
1086,8/20/2017 1:00,24.255,0,
1087,8/20/2017 2:00,24.255,0,
1088,8/20/2017 3:00,24.158,0,
1089,8/20/2017 4:00,24.158,0,
1090,8/20/2017 5:00,24.062,0,
1091,8/20/2017 6:00,23.966,0,
1092,8/20/2017 7:00,23.966,21.5,
1093,8/20/2017 8:00,24.158,322.9,
1094,8/20/2017 9:00,24.545,1463.9,
1095,8/20/2017 10:00,24.835,5511.1,
1096,8/20/2017 11:00,25.125,10677.8,
1097,8/20/2017 12:00,25.125,4305.6,240.384
1098,8/20/2017 13:00,24.931,5338.9,
1099,8/20/2017 14:00,25.125,4305.6,
1100,8/20/2017 15:00,25.319,2411.1,
1101,8/20/2017 16:00,25.416,785.8,
1102,8/20/2017 17:00,25.61,3616.7,
1103,8/20/2017 18:00,25.513,247.6,
1104,8/20/2017 19:00,25.513,1130.2,
1105,8/20/2017 20:00,25.416,10.8,
1106,8/20/2017 21:00,25.319,0,
1107,8/20/2017 22:00,25.222,0,
1108,8/20/2017 23:00,24.931,0,
1109,8/21/2017 0:00,24.835,0,
1110,8/21/2017 1:00,24.931,0,
1111,8/21/2017 2:00,24.931,0,
1112,8/21/2017 3:00,24.835,0,
1113,8/21/2017 4:00,24.835,0,
1114,8/21/2017 5:00,24.738,0,
1115,8/21/2017 6:00,24.738,0,
1116,8/21/2017 7:00,24.641,86.1,
1117,8/21/2017 8:00,24.835,549,
1118,8/21/2017 9:00,25.028,4133.4,
1119,8/21/2017 10:00,25.319,4994.5,
1120,8/21/2017 11:00,25.61,2066.7,
1121,8/21/2017 12:00,25.708,1636.1,245.835
1122,8/21/2017 13:00,26,2497.2,
1123,8/21/2017 14:00,25.61,258.3,
1124,8/21/2017 15:00,25.513,215.3,
1125,8/21/2017 16:00,26,1011.8,
1126,8/21/2017 17:00,25.902,979.5,
1127,8/21/2017 18:00,25.805,839.6,
1128,8/21/2017 19:00,25.708,247.6,
1129,8/21/2017 20:00,25.61,64.6,
1130,8/21/2017 21:00,25.513,0,
1131,8/21/2017 22:00,25.513,0,
1132,8/21/2017 23:00,25.513,0,
1133,8/22/2017 0:00,25.513,0,
1134,8/22/2017 1:00,25.416,0,
1135,8/22/2017 2:00,25.416,0,
1136,8/22/2017 3:00,25.319,0,
1137,8/22/2017 4:00,25.319,0,
1138,8/22/2017 5:00,25.319,0,
1139,8/22/2017 6:00,25.222,0,
1140,8/22/2017 7:00,25.222,43.1,
1141,8/22/2017 8:00,25.222,64.6,
1142,8/22/2017 9:00,25.222,473.6,
1143,8/22/2017 10:00,25.222,1463.9,
1144,8/22/2017 11:00,25.319,1324,
1145,8/22/2017 12:00,25.222,2066.7,251.162
1146,8/22/2017 13:00,25.222,4477.8,
1147,8/22/2017 14:00,25.319,2066.7,
1148,8/22/2017 15:00,25.319,1377.8,
1149,8/22/2017 16:00,25.222,1033.3,
1150,8/22/2017 17:00,25.61,559.7,
1151,8/22/2017 18:00,25.805,678.1,
1152,8/22/2017 19:00,25.319,764.2,
1153,8/22/2017 20:00,25.319,43.1,
1154,8/22/2017 21:00,25.125,0,
1155,8/22/2017 22:00,24.835,0,
1156,8/22/2017 23:00,24.835,0,
1157,8/23/2017 0:00,24.641,0,
1158,8/23/2017 1:00,24.641,0,
1159,8/23/2017 2:00,24.448,0,
1160,8/23/2017 3:00,24.351,0,
1161,8/23/2017 4:00,24.158,0,
1162,8/23/2017 5:00,24.062,0,
1163,8/23/2017 6:00,23.966,0,
1164,8/23/2017 7:00,23.966,290.6,
1165,8/23/2017 8:00,24.062,1980.6,
1166,8/23/2017 9:00,24.255,6544.5,
1167,8/23/2017 10:00,24.738,9300.1,
1168,8/23/2017 11:00,24.931,8611.2,
1169,8/23/2017 12:00,24.448,5166.7,255.652
1170,8/23/2017 13:00,24.448,4650,
1171,8/23/2017 14:00,24.738,3100,
1172,8/23/2017 15:00,24.641,1205.6,
1173,8/23/2017 16:00,24.545,785.8,
1174,8/23/2017 17:00,24.448,258.3,
1175,8/23/2017 18:00,24.255,505.9,
1176,8/23/2017 19:00,24.255,236.8,
1177,8/23/2017 20:00,24.158,344.4,
1178,8/23/2017 21:00,24.062,0,
1179,8/23/2017 22:00,24.062,0,
1180,8/23/2017 23:00,23.966,0,
1181,8/24/2017 0:00,23.869,0,
1182,8/24/2017 1:00,23.966,0,
1183,8/24/2017 2:00,23.677,0,
1184,8/24/2017 3:00,23.484,0,
1185,8/24/2017 4:00,23.292,0,
1186,8/24/2017 5:00,23.292,0,
1187,8/24/2017 6:00,23.196,0,
1188,8/24/2017 7:00,23.1,32.3,
1189,8/24/2017 8:00,23.004,1550,
1190,8/24/2017 9:00,23.388,4994.5,
1191,8/24/2017 10:00,23.484,20666.8,
1192,8/24/2017 11:00,23.677,6200,
1193,8/24/2017 12:00,23.388,1151.7,259.004
1194,8/24/2017 13:00,23.484,3100,
1195,8/24/2017 14:00,23.484,1722.2,
1196,8/24/2017 15:00,23.388,904.2,
1197,8/24/2017 16:00,23.484,2755.6,
1198,8/24/2017 17:00,23.581,613.5,
1199,8/24/2017 18:00,23.388,753.5,
1200,8/24/2017 19:00,23.196,312.2,
1201,8/24/2017 20:00,22.812,43.1,
1202,8/24/2017 21:00,22.717,0,
1203,8/24/2017 22:00,22.621,0,
1204,8/24/2017 23:00,22.525,0,
1205,8/25/2017 0:00,22.429,0,
1206,8/25/2017 1:00,22.333,0,
1207,8/25/2017 2:00,22.238,0,
1208,8/25/2017 3:00,22.142,0,
1209,8/25/2017 4:00,22.046,0,
1210,8/25/2017 5:00,21.855,0,
1211,8/25/2017 6:00,21.76,0,
1212,8/25/2017 7:00,21.664,21.5,
1213,8/25/2017 8:00,21.664,1216.3,
1214,8/25/2017 9:00,21.951,2238.9,
1215,8/25/2017 10:00,22.238,5166.7,
1216,8/25/2017 11:00,22.621,6544.5,
1217,8/25/2017 12:00,22.333,1550,261.589
1218,8/25/2017 13:00,22.525,1722.2,
1219,8/25/2017 14:00,22.812,592,
1220,8/25/2017 15:00,22.908,322.9,
1221,8/25/2017 16:00,22.812,473.6,
1222,8/25/2017 17:00,23.196,462.9,
1223,8/25/2017 18:00,23.004,1550,
1224,8/25/2017 19:00,22.908,172.2,
1225,8/25/2017 20:00,22.812,10.8,
1226,8/25/2017 21:00,22.717,0,
1227,8/25/2017 22:00,22.621,0,
1228,8/25/2017 23:00,22.525,0,
1229,8/26/2017 0:00,22.525,0,
1230,8/26/2017 1:00,22.238,0,
1231,8/26/2017 2:00,22.046,0,
1232,8/26/2017 3:00,21.76,0,
1233,8/26/2017 4:00,21.664,0,
1234,8/26/2017 5:00,21.473,0,
1235,8/26/2017 6:00,21.378,0,
1236,8/26/2017 7:00,21.378,53.8,
1237,8/26/2017 8:00,21.569,2755.6,
1238,8/26/2017 9:00,21.76,10677.8,
1239,8/26/2017 10:00,21.951,8266.7,
1240,8/26/2017 11:00,22.525,6200,
1241,8/26/2017 12:00,22.429,2152.8,263.946
1242,8/26/2017 13:00,22.717,979.5,
1243,8/26/2017 14:00,22.812,1141,
1244,8/26/2017 15:00,22.812,204.5,
1245,8/26/2017 16:00,23.004,785.8,
1246,8/26/2017 17:00,22.908,1894.5,
1247,8/26/2017 18:00,22.812,215.3,
1248,8/26/2017 19:00,22.621,279.9,
1249,8/26/2017 20:00,22.717,0,
1250,8/26/2017 21:00,22.812,0,
1251,8/26/2017 22:00,22.717,0,
1252,8/26/2017 23:00,22.525,0,
1253,8/27/2017 0:00,22.333,0,
1254,8/27/2017 1:00,22.142,0,
1255,8/27/2017 2:00,22.046,0,
1256,8/27/2017 3:00,21.951,0,
1257,8/27/2017 4:00,21.664,0,
1258,8/27/2017 5:00,21.664,0,
1259,8/27/2017 6:00,21.664,0,
1260,8/27/2017 7:00,21.664,0,
1261,8/27/2017 8:00,21.664,86.1,
1262,8/27/2017 9:00,21.664,269.1,
1263,8/27/2017 10:00,21.855,613.5,
1264,8/27/2017 11:00,21.951,441.3,
1265,8/27/2017 12:00,22.046,1550,266.042
1266,8/27/2017 13:00,21.76,581.3,
1267,8/27/2017 14:00,22.142,290.6,
1268,8/27/2017 15:00,22.333,161.5,
1269,8/27/2017 16:00,22.333,118.4,
1270,8/27/2017 17:00,22.429,366,
1271,8/27/2017 18:00,22.333,139.9,
1272,8/27/2017 19:00,22.238,129.2,
1273,8/27/2017 20:00,22.142,0,
1274,8/27/2017 21:00,21.951,0,
1275,8/27/2017 22:00,22.238,0,
1276,8/27/2017 23:00,22.333,0,
1277,8/28/2017 0:00,22.333,0,
1278,8/28/2017 1:00,22.238,0,
1279,8/28/2017 2:00,22.142,0,
1280,8/28/2017 3:00,21.951,0,
1281,8/28/2017 4:00,21.855,0,
1282,8/28/2017 5:00,21.855,0,
1283,8/28/2017 6:00,21.664,0,
1284,8/28/2017 7:00,21.569,0,
1285,8/28/2017 8:00,21.664,53.8,
1286,8/28/2017 9:00,21.76,236.8,
1287,8/28/2017 10:00,21.951,226,
1288,8/28/2017 11:00,21.664,226,
1289,8/28/2017 12:00,21.855,602.8,268.042
1290,8/28/2017 13:00,21.76,226,
1291,8/28/2017 14:00,21.76,204.5,
1292,8/28/2017 15:00,21.951,204.5,
1293,8/28/2017 16:00,22.142,129.2,
1294,8/28/2017 17:00,22.142,495.1,
1295,8/28/2017 18:00,22.142,21.5,
1296,8/28/2017 19:00,21.855,0,
1297,8/28/2017 20:00,22.142,0,
1298,8/28/2017 21:00,22.238,0,
1299,8/28/2017 22:00,22.238,0,
1300,8/28/2017 23:00,21.951,0,
1301,8/29/2017 0:00,21.855,0,
1302,8/29/2017 1:00,21.664,0,
1303,8/29/2017 2:00,21.569,0,
1304,8/29/2017 3:00,21.569,0,
1305,8/29/2017 4:00,21.473,0,
1306,8/29/2017 5:00,21.664,0,
1307,8/29/2017 6:00,21.664,0,
1308,8/29/2017 7:00,21.569,0,
1309,8/29/2017 8:00,21.664,75.3,
1310,8/29/2017 9:00,21.664,247.6,
1311,8/29/2017 10:00,21.76,118.4,
1312,8/29/2017 11:00,21.855,118.4,
1313,8/29/2017 12:00,21.951,183,269.765
1314,8/29/2017 13:00,21.951,710.4,
1315,8/29/2017 14:00,21.76,247.6,
1316,8/29/2017 15:00,21.76,279.9,
1317,8/29/2017 16:00,21.855,43.1,
1318,8/29/2017 17:00,21.855,96.9,
1319,8/29/2017 18:00,21.76,150.7,
1320,8/29/2017 19:00,21.855,53.8,
1321,8/29/2017 20:00,21.664,0,
1322,8/29/2017 21:00,21.569,0,
1323,8/29/2017 22:00,21.473,0,
1324,8/29/2017 23:00,21.473,0,
1325,8/30/2017 0:00,21.473,0,
1326,8/30/2017 1:00,21.569,0,
1327,8/30/2017 2:00,21.473,0,
1328,8/30/2017 3:00,21.282,0,
1329,8/30/2017 4:00,21.187,0,
1330,8/30/2017 5:00,21.187,0,
1331,8/30/2017 6:00,21.187,0,
1332,8/30/2017 7:00,21.187,0,
1333,8/30/2017 8:00,21.187,150.7,
1334,8/30/2017 9:00,21.282,344.4,
1335,8/30/2017 10:00,21.378,764.2,
1336,8/30/2017 11:00,21.473,818.1,
1337,8/30/2017 12:00,21.664,904.2,271.687
1338,8/30/2017 13:00,21.855,731.9,
1339,8/30/2017 14:00,21.951,322.9,
1340,8/30/2017 15:00,22.046,118.4,
1341,8/30/2017 16:00,22.333,96.9,
1342,8/30/2017 17:00,22.333,64.6,
1343,8/30/2017 18:00,22.429,193.8,
1344,8/30/2017 19:00,22.429,21.5,
1345,8/30/2017 20:00,22.429,0,
1346,8/30/2017 21:00,22.333,0,
1347,8/30/2017 22:00,22.333,0,
1348,8/30/2017 23:00,22.333,0,
1349,8/31/2017 0:00,22.238,0,
1350,8/31/2017 1:00,22.142,0,
1351,8/31/2017 2:00,22.046,0,
1352,8/31/2017 3:00,22.046,0,
1353,8/31/2017 4:00,21.76,0,
1354,8/31/2017 5:00,21.855,0,
1355,8/31/2017 6:00,21.76,0,
1356,8/31/2017 7:00,21.76,0,
1357,8/31/2017 8:00,21.664,269.1,
1358,8/31/2017 9:00,21.76,538.2,
1359,8/31/2017 10:00,21.951,818.1,
1360,8/31/2017 11:00,21.855,785.8,
1361,8/31/2017 12:00,21.855,958,273.61
1362,8/31/2017 13:00,22.046,968.8,
1363,8/31/2017 14:00,22.046,269.1,
1364,8/31/2017 15:00,22.142,1065.6,
1365,8/31/2017 16:00,22.333,161.5,
1366,8/31/2017 17:00,22.429,107.6,
1367,8/31/2017 18:00,22.333,43.1,
1368,8/31/2017 19:00,21.951,118.4,
1369,8/31/2017 20:00,22.046,0,
1370,8/31/2017 21:00,21.664,0,
1371,8/31/2017 22:00,21.569,0,
1372,8/31/2017 23:00,21.282,0,
1373,9/1/2017 0:00,21.187,0,
1374,9/1/2017 1:00,20.901,0,
1375,9/1/2017 2:00,20.71,0,
1376,9/1/2017 3:00,20.901,0,
1377,9/1/2017 4:00,20.519,0,
1378,9/1/2017 5:00,20.329,0,
1379,9/1/2017 6:00,20.138,0,
1380,9/1/2017 7:00,20.138,0,
1381,9/1/2017 8:00,20.234,301.4,
1382,9/1/2017 9:00,20.234,269.1,
1383,9/1/2017 10:00,20.234,904.2,
1384,9/1/2017 11:00,20.71,1108.7,
1385,9/1/2017 12:00,20.901,1259.4,274.267
1386,9/1/2017 13:00,21.091,742.7,
1387,9/1/2017 14:00,20.71,505.9,
1388,9/1/2017 15:00,20.805,333.7,
1389,9/1/2017 16:00,20.996,161.5,
1390,9/1/2017 17:00,20.805,139.9,
1391,9/1/2017 18:00,20.805,75.3,
1392,9/1/2017 19:00,20.615,161.5,
1393,9/1/2017 20:00,20.71,0,
1394,9/1/2017 21:00,20.519,0,
1395,9/1/2017 22:00,20.138,0,
1396,9/1/2017 23:00,19.853,0,
1397,9/2/2017 0:00,19.853,0,
1398,9/2/2017 1:00,19.948,0,
1399,9/2/2017 2:00,19.853,0,
1400,9/2/2017 3:00,19.758,0,
1401,9/2/2017 4:00,19.662,0,
1402,9/2/2017 5:00,19.092,0,
1403,9/2/2017 6:00,19.472,0,
1404,9/2/2017 7:00,19.282,0,
1405,9/2/2017 8:00,19.662,419.8,
1406,9/2/2017 9:00,19.567,1097.9,
1407,9/2/2017 10:00,19.187,505.9,
1408,9/2/2017 11:00,19.567,1550,
1409,9/2/2017 12:00,19.472,4133.4,274.385
1410,9/2/2017 13:00,19.758,613.5,
1411,9/2/2017 14:00,19.472,1097.9,
1412,9/2/2017 15:00,19.948,419.8,
1413,9/2/2017 16:00,20.234,161.5,
1414,9/2/2017 17:00,20.424,107.6,
1415,9/2/2017 18:00,19.853,86.1,
1416,9/2/2017 19:00,20.043,107.6,
1417,9/2/2017 20:00,19.472,0,
1418,9/2/2017 21:00,19.853,0,
1419,9/2/2017 22:00,19.948,0,
1420,9/2/2017 23:00,19.472,0,
1421,9/3/2017 0:00,19.282,0,
1422,9/3/2017 1:00,19.187,0,
1423,9/3/2017 2:00,19.092,0,
1424,9/3/2017 3:00,19.092,0,
1425,9/3/2017 4:00,19.092,0,
1426,9/3/2017 5:00,19.282,0,
1427,9/3/2017 6:00,19.377,0,
1428,9/3/2017 7:00,19.377,0,
1429,9/3/2017 8:00,19.187,64.6,
1430,9/3/2017 9:00,19.092,688.9,
1431,9/3/2017 10:00,19.187,839.6,
1432,9/3/2017 11:00,19.377,1259.4,
1433,9/3/2017 12:00,19.377,990.3,274.385
1434,9/3/2017 13:00,19.567,979.5,
1435,9/3/2017 14:00,19.853,624.3,
1436,9/3/2017 15:00,19.853,441.3,
1437,9/3/2017 16:00,19.758,86.1,
1438,9/3/2017 17:00,19.853,118.4,
1439,9/3/2017 18:00,19.948,139.9,
1440,9/3/2017 19:00,19.948,129.2,
1441,9/3/2017 20:00,19.853,0,
1442,9/3/2017 21:00,19.853,0,
1443,9/3/2017 22:00,19.758,0,
1444,9/3/2017 23:00,19.853,0,
1445,9/4/2017 0:00,20.043,0,
1446,9/4/2017 1:00,20.043,0,
1447,9/4/2017 2:00,20.043,0,
1448,9/4/2017 3:00,19.853,0,
1449,9/4/2017 4:00,19.758,0,
1450,9/4/2017 5:00,19.662,0,
1451,9/4/2017 6:00,19.567,0,
1452,9/4/2017 7:00,19.567,0,
1453,9/4/2017 8:00,19.662,452.1,
1454,9/4/2017 9:00,19.567,322.9,
1455,9/4/2017 10:00,19.662,247.6,
1456,9/4/2017 11:00,19.758,1065.6,
1457,9/4/2017 12:00,19.948,1097.9,274.692
1458,9/4/2017 13:00,20.138,925.7,
1459,9/4/2017 14:00,20.424,839.6,
1460,9/4/2017 15:00,20.234,387.5,
1461,9/4/2017 16:00,20.329,473.6,
1462,9/4/2017 17:00,20.71,409,
1463,9/4/2017 18:00,20.615,0,
1464,9/4/2017 19:00,20.71,0,
1465,9/4/2017 20:00,20.615,0,
1466,9/4/2017 21:00,20.519,0,
1467,9/4/2017 22:00,20.519,0,
1468,9/4/2017 23:00,20.329,0,
1469,9/5/2017 0:00,20.234,0,
1470,9/5/2017 1:00,20.138,0,
1471,9/5/2017 2:00,20.043,0,
1472,9/5/2017 3:00,20.043,0,
1473,9/5/2017 4:00,20.043,0,
1474,9/5/2017 5:00,20.043,0,
1475,9/5/2017 6:00,20.043,0,
1476,9/5/2017 7:00,20.043,0,
1477,9/5/2017 8:00,19.948,322.9,
1478,9/5/2017 9:00,19.948,150.7,
1479,9/5/2017 10:00,19.948,258.3,
1480,9/5/2017 11:00,20.138,409,
1481,9/5/2017 12:00,20.329,538.2,274.955
1482,9/5/2017 13:00,20.424,1141,
1483,9/5/2017 14:00,20.424,742.7,
1484,9/5/2017 15:00,20.424,247.6,
1485,9/5/2017 16:00,20.424,204.5,
1486,9/5/2017 17:00,20.424,279.9,
1487,9/5/2017 18:00,20.519,64.6,
1488,9/5/2017 19:00,20.519,53.8,
1489,9/5/2017 20:00,20.424,0,
1490,9/5/2017 21:00,20.424,0,
1491,9/5/2017 22:00,20.329,0,
1492,9/5/2017 23:00,20.329,0,
1493,9/6/2017 0:00,20.043,0,
1494,9/6/2017 1:00,20.138,0,
1495,9/6/2017 2:00,19.948,0,
1496,9/6/2017 3:00,19.853,0,
1497,9/6/2017 4:00,19.948,0,
1498,9/6/2017 5:00,19.948,0,
1499,9/6/2017 6:00,19.853,0,
1500,9/6/2017 7:00,19.853,0,
1501,9/6/2017 8:00,19.758,150.7,
1502,9/6/2017 9:00,19.758,333.7,
1503,9/6/2017 10:00,19.948,667.4,
1504,9/6/2017 11:00,19.948,678.1,
1505,9/6/2017 12:00,20.043,1334.7,275.072
1506,9/6/2017 13:00,20.043,635.1,
1507,9/6/2017 14:00,20.329,495.1,
1508,9/6/2017 15:00,20.234,322.9,
1509,9/6/2017 16:00,20.234,172.2,
1510,9/6/2017 17:00,20.329,161.5,
1511,9/6/2017 18:00,20.329,96.9,
1512,9/6/2017 19:00,20.234,0,
1513,9/6/2017 20:00,20.234,0,
1514,9/6/2017 21:00,20.234,0,
1515,9/6/2017 22:00,20.234,0,
1516,9/6/2017 23:00,20.138,0,
1517,9/7/2017 0:00,20.043,0,
1518,9/7/2017 1:00,20.043,0,
1519,9/7/2017 2:00,19.948,0,
1520,9/7/2017 3:00,19.948,0,
1521,9/7/2017 4:00,19.853,0,
1522,9/7/2017 5:00,19.758,0,
1523,9/7/2017 6:00,19.662,0,
1524,9/7/2017 7:00,19.567,0,
1525,9/7/2017 8:00,19.472,107.6,
1526,9/7/2017 9:00,19.567,279.9,
1527,9/7/2017 10:00,19.662,473.6,
1528,9/7/2017 11:00,19.567,893.4,
1529,9/7/2017 12:00,19.567,1033.3,275.072
1530,9/7/2017 13:00,19.853,1044.1,
1531,9/7/2017 14:00,19.758,559.7,
1532,9/7/2017 15:00,19.662,312.2,
1533,9/7/2017 16:00,19.758,247.6,
1534,9/7/2017 17:00,19.758,139.9,
1535,9/7/2017 18:00,19.758,86.1,
1536,9/7/2017 19:00,19.853,43.1,
1537,9/7/2017 20:00,19.758,0,
1538,9/7/2017 21:00,19.567,0,
1539,9/7/2017 22:00,19.377,0,
1540,9/7/2017 23:00,19.472,0,
1541,9/8/2017 0:00,19.377,0,
1542,9/8/2017 1:00,19.282,0,
1543,9/8/2017 2:00,19.377,0,
1544,9/8/2017 3:00,19.187,0,
1545,9/8/2017 4:00,19.092,0,
1546,9/8/2017 5:00,19.092,0,
1547,9/8/2017 6:00,18.996,0,
1548,9/8/2017 7:00,18.901,0,
1549,9/8/2017 8:00,18.901,161.5,
1550,9/8/2017 9:00,18.996,344.4,
1551,9/8/2017 10:00,18.996,376.7,
1552,9/8/2017 11:00,18.996,742.7,
1553,9/8/2017 12:00,19.187,1722.2,275.072
1554,9/8/2017 13:00,19.282,613.5,
1555,9/8/2017 14:00,19.282,1033.3,
1556,9/8/2017 15:00,19.282,1162.5,
1557,9/8/2017 16:00,19.282,850.4,
1558,9/8/2017 17:00,19.567,344.4,
1559,9/8/2017 18:00,19.567,118.4,
1560,9/8/2017 19:00,19.377,43.1,
1561,9/8/2017 20:00,18.996,0,
1562,9/8/2017 21:00,18.806,0,
1563,9/8/2017 22:00,18.806,0,
1564,9/8/2017 23:00,18.806,0,
1565,9/9/2017 0:00,18.616,0,
1566,9/9/2017 1:00,18.616,0,
1567,9/9/2017 2:00,18.426,0,
1568,9/9/2017 3:00,18.426,0,
1569,9/9/2017 4:00,18.331,0,
1570,9/9/2017 5:00,18.236,0,
1571,9/9/2017 6:00,18.045,0,
1572,9/9/2017 7:00,17.95,0,
1573,9/9/2017 8:00,18.045,107.6,
1574,9/9/2017 9:00,17.95,366,
1575,9/9/2017 10:00,18.14,1463.9,
1576,9/9/2017 11:00,18.331,1463.9,
1577,9/9/2017 12:00,18.426,721.2,275.072
1578,9/9/2017 13:00,18.711,1377.8,
1579,9/9/2017 14:00,18.996,839.6,
1580,9/9/2017 15:00,19.187,344.4,
1581,9/9/2017 16:00,19.377,161.5,
1582,9/9/2017 17:00,19.377,32.3,
1583,9/9/2017 18:00,19.282,75.3,
1584,9/9/2017 19:00,19.092,53.8,
1585,9/9/2017 20:00,19.092,0,
1586,9/9/2017 21:00,19.187,0,
1587,9/9/2017 22:00,18.996,0,
1588,9/9/2017 23:00,18.806,0,
1589,9/10/2017 0:00,18.521,0,
1590,9/10/2017 1:00,18.331,0,
1591,9/10/2017 2:00,18.236,0,
1592,9/10/2017 3:00,18.331,0,
1593,9/10/2017 4:00,18.331,0,
1594,9/10/2017 5:00,18.236,0,
1595,9/10/2017 6:00,18.14,0,
1596,9/10/2017 7:00,18.045,0,
1597,9/10/2017 8:00,17.855,215.3,
1598,9/10/2017 9:00,18.045,376.7,
1599,9/10/2017 10:00,18.236,775,
1600,9/10/2017 11:00,18.236,1097.9,
1601,9/10/2017 12:00,18.331,1808.3,275.072
1602,9/10/2017 13:00,18.521,710.4,
1603,9/10/2017 14:00,18.711,279.9,
1604,9/10/2017 15:00,18.806,710.4,
1605,9/10/2017 16:00,18.806,236.8,
1606,9/10/2017 17:00,18.996,139.9,
1607,9/10/2017 18:00,18.996,183,
1608,9/10/2017 19:00,18.996,64.6,
1609,9/10/2017 20:00,18.996,0,
1610,9/10/2017 21:00,18.996,0,
1611,9/10/2017 22:00,18.996,0,
1612,9/10/2017 23:00,19.092,0,
1613,9/11/2017 0:00,18.996,0,
1614,9/11/2017 1:00,18.996,0,
1615,9/11/2017 2:00,18.901,0,
1616,9/11/2017 3:00,18.806,0,
1617,9/11/2017 4:00,18.806,0,
1618,9/11/2017 5:00,18.806,0,
1619,9/11/2017 6:00,18.616,0,
1620,9/11/2017 7:00,18.426,0,
1621,9/11/2017 8:00,18.521,387.5,
1622,9/11/2017 9:00,18.521,839.6,
1623,9/11/2017 10:00,18.426,441.3,
1624,9/11/2017 11:00,18.616,1022.6,
1625,9/11/2017 12:00,18.711,2152.8,275.072
1626,9/11/2017 13:00,18.806,1227.1,
1627,9/11/2017 14:00,18.996,484.4,
1628,9/11/2017 15:00,19.092,376.7,
1629,9/11/2017 16:00,19.282,226,
1630,9/11/2017 17:00,19.377,204.5,
1631,9/11/2017 18:00,19.472,139.9,
1632,9/11/2017 19:00,19.472,21.5,
1633,9/11/2017 20:00,19.472,0,
1634,9/11/2017 21:00,19.472,0,
1635,9/11/2017 22:00,19.377,0,
1636,9/11/2017 23:00,19.377,0,
1637,9/12/2017 0:00,19.377,0,
1638,9/12/2017 1:00,19.377,0,
1639,9/12/2017 2:00,19.377,0,
1640,9/12/2017 3:00,19.282,0,
1641,9/12/2017 4:00,19.282,0,
1642,9/12/2017 5:00,19.092,0,
1643,9/12/2017 6:00,19.092,0,
1644,9/12/2017 7:00,18.996,0,
1645,9/12/2017 8:00,18.996,150.7,
1646,9/12/2017 9:00,19.092,215.3,
1647,9/12/2017 10:00,19.092,484.4,
1648,9/12/2017 11:00,19.187,462.9,
1649,9/12/2017 12:00,19.377,990.3,275.072
1650,9/12/2017 13:00,19.567,1184,
1651,9/12/2017 14:00,19.567,602.8,
1652,9/12/2017 15:00,19.662,419.8,
1653,9/12/2017 16:00,19.758,226,
1654,9/12/2017 17:00,19.853,96.9,
1655,9/12/2017 18:00,19.948,150.7,
1656,9/12/2017 19:00,19.948,10.8,
1657,9/12/2017 20:00,19.948,0,
1658,9/12/2017 21:00,19.853,0,
1659,9/12/2017 22:00,19.853,0,
1660,9/12/2017 23:00,19.853,0,
1661,9/13/2017 0:00,19.758,0,
1662,9/13/2017 1:00,19.758,0,
1663,9/13/2017 2:00,19.662,0,
1664,9/13/2017 3:00,19.662,0,
1665,9/13/2017 4:00,19.567,0,
1666,9/13/2017 5:00,19.567,0,
1667,9/13/2017 6:00,19.567,0,
1668,9/13/2017 7:00,19.567,0,
1669,9/13/2017 8:00,19.472,53.8,
1670,9/13/2017 9:00,19.567,139.9,
1671,9/13/2017 10:00,19.567,968.8,
1672,9/13/2017 11:00,19.758,936.5,
1673,9/13/2017 12:00,19.853,2755.6,278.538
1674,9/13/2017 13:00,25.805,126756.4,
1675,9/13/2017 14:00,20.329,914.9,
1676,9/13/2017 15:00,20.519,871.9,
1677,9/13/2017 16:00,20.519,473.6,
1678,9/13/2017 17:00,20.71,387.5,
1679,9/13/2017 18:00,20.615,409,
1680,9/13/2017 19:00,20.519,215.3,
1681,9/13/2017 20:00,20.424,0,
1682,9/13/2017 21:00,20.329,0,
1683,9/13/2017 22:00,20.329,0,
1684,9/13/2017 23:00,20.234,0,
1685,9/14/2017 0:00,20.234,0,
1686,9/14/2017 1:00,20.138,0,
1687,9/14/2017 2:00,20.138,0,
1688,9/14/2017 3:00,20.138,0,
1689,9/14/2017 4:00,20.043,0,
1690,9/14/2017 5:00,20.043,0,
1691,9/14/2017 6:00,20.043,0,
1692,9/14/2017 7:00,19.948,0,
1693,9/14/2017 8:00,19.948,86.1,
1694,9/14/2017 9:00,20.043,355.2,
1695,9/14/2017 10:00,20.138,527.4,
1696,9/14/2017 11:00,20.424,279.9,
1697,9/14/2017 12:00,20.71,226,279.465
1698,9/14/2017 13:00,20.805,204.5,
1699,9/14/2017 14:00,21.091,150.7,
1700,9/14/2017 15:00,21.187,161.5,
1701,9/14/2017 16:00,21.378,366,
1702,9/14/2017 17:00,21.569,441.3,
1703,9/14/2017 18:00,21.378,247.6,
1704,9/14/2017 19:00,21.187,64.6,
1705,9/14/2017 20:00,21.091,0,
1706,9/14/2017 21:00,20.996,0,
1707,9/14/2017 22:00,20.901,0,
1708,9/14/2017 23:00,20.901,0,
1709,9/15/2017 0:00,20.805,0,
1710,9/15/2017 1:00,20.805,0,
1711,9/15/2017 2:00,20.71,0,
1712,9/15/2017 3:00,20.71,0,
1713,9/15/2017 4:00,20.805,0,
1714,9/15/2017 5:00,20.71,0,
1715,9/15/2017 6:00,20.71,0,
1716,9/15/2017 7:00,20.71,0,
1717,9/15/2017 8:00,20.615,247.6,
1718,9/15/2017 9:00,20.805,1636.1,
1719,9/15/2017 10:00,20.901,473.6,
1720,9/15/2017 11:00,21.282,290.6,
1721,9/15/2017 12:00,21.664,312.2,281.18
1722,9/15/2017 13:00,21.951,742.7,
1723,9/15/2017 14:00,22.333,1216.3,
1724,9/15/2017 15:00,22.333,376.7,
1725,9/15/2017 16:00,22.429,505.9,
1726,9/15/2017 17:00,22.333,549,
1727,9/15/2017 18:00,22.046,452.1,
1728,9/15/2017 19:00,21.855,161.5,
1729,9/15/2017 20:00,21.664,0,
1730,9/15/2017 21:00,21.569,0,
1731,9/15/2017 22:00,21.569,0,
1732,9/15/2017 23:00,21.473,0,
1733,9/16/2017 0:00,21.473,0,
1734,9/16/2017 1:00,21.473,0,
1735,9/16/2017 2:00,21.378,0,
1736,9/16/2017 3:00,21.378,0,
1737,9/16/2017 4:00,21.473,0,
1738,9/16/2017 5:00,21.473,0,
1739,9/16/2017 6:00,21.378,0,
1740,9/16/2017 7:00,21.282,0,
1741,9/16/2017 8:00,21.282,75.3,
1742,9/16/2017 9:00,21.378,1463.9,
1743,9/16/2017 10:00,21.569,592,
1744,9/16/2017 11:00,21.855,1377.8,
1745,9/16/2017 12:00,21.951,667.4,283.441
1746,9/16/2017 13:00,22.142,635.1,
1747,9/16/2017 14:00,22.525,279.9,
1748,9/16/2017 15:00,22.717,279.9,
1749,9/16/2017 16:00,22.717,193.8,
1750,9/16/2017 17:00,22.908,290.6,
1751,9/16/2017 18:00,22.621,183,
1752,9/16/2017 19:00,22.525,96.9,
1753,9/16/2017 20:00,22.333,0,
1754,9/16/2017 21:00,22.333,0,
1755,9/16/2017 22:00,22.238,0,
1756,9/16/2017 23:00,22.238,0,
1757,9/17/2017 0:00,22.238,0,
1758,9/17/2017 1:00,22.238,0,
1759,9/17/2017 2:00,22.142,0,
1760,9/17/2017 3:00,22.142,0,
1761,9/17/2017 4:00,22.046,0,
1762,9/17/2017 5:00,22.046,0,
1763,9/17/2017 6:00,22.046,0,
1764,9/17/2017 7:00,22.046,0,
1765,9/17/2017 8:00,22.046,129.2,
1766,9/17/2017 9:00,22.142,1550,
1767,9/17/2017 10:00,22.238,322.9,
1768,9/17/2017 11:00,22.525,764.2,
1769,9/17/2017 12:00,22.812,301.4,286.348
1770,9/17/2017 13:00,23.004,441.3,
1771,9/17/2017 14:00,23.196,161.5,
1772,9/17/2017 15:00,23.292,549,
1773,9/17/2017 16:00,23.388,193.8,
1774,9/17/2017 17:00,23.484,269.1,
1775,9/17/2017 18:00,23.292,129.2,
1776,9/17/2017 19:00,23.004,86.1,
1777,9/17/2017 20:00,23.004,0,
1778,9/17/2017 21:00,22.812,0,
1779,9/17/2017 22:00,22.812,0,
1780,9/17/2017 23:00,22.812,0,
1781,9/18/2017 0:00,22.812,0,
1782,9/18/2017 1:00,22.812,0,
1783,9/18/2017 2:00,22.812,0,
1784,9/18/2017 3:00,22.717,0,
1785,9/18/2017 4:00,22.717,0,
1786,9/18/2017 5:00,22.621,0,
1787,9/18/2017 6:00,22.717,0,
1788,9/18/2017 7:00,22.717,0,
1789,9/18/2017 8:00,22.717,21.5,
1790,9/18/2017 9:00,22.812,139.9,
1791,9/18/2017 10:00,22.812,366,
1792,9/18/2017 11:00,22.812,118.4,
1793,9/18/2017 12:00,22.812,150.7,288.862
1794,9/18/2017 13:00,22.717,742.7,
1795,9/18/2017 14:00,22.717,1377.8,
1796,9/18/2017 15:00,22.717,333.7,
1797,9/18/2017 16:00,22.621,818.1,
1798,9/18/2017 17:00,22.525,226,
1799,9/18/2017 18:00,22.429,150.7,
1800,9/18/2017 19:00,22.333,32.3,
1801,9/18/2017 20:00,22.333,0,
1802,9/18/2017 21:00,22.333,0,
1803,9/18/2017 22:00,22.238,0,
1804,9/18/2017 23:00,22.238,0,
1805,9/19/2017 0:00,22.142,0,
1806,9/19/2017 1:00,22.142,0,
1807,9/19/2017 2:00,22.142,0,
1808,9/19/2017 3:00,22.046,0,
1809,9/19/2017 4:00,22.046,0,
1810,9/19/2017 5:00,22.046,0,
1811,9/19/2017 6:00,22.046,0,
1812,9/19/2017 7:00,21.951,0,
1813,9/19/2017 8:00,21.951,10.8,
1814,9/19/2017 9:00,21.951,215.3,
1815,9/19/2017 10:00,22.046,258.3,
1816,9/19/2017 11:00,22.333,1463.9,
1817,9/19/2017 12:00,22.333,947.2,291.123
1818,9/19/2017 13:00,22.333,183,
1819,9/19/2017 14:00,22.238,549,
1820,9/19/2017 15:00,22.525,441.3,
1821,9/19/2017 16:00,22.525,161.5,
1822,9/19/2017 17:00,22.429,183,
1823,9/19/2017 18:00,22.333,64.6,
1824,9/19/2017 19:00,22.333,10.8,
1825,9/19/2017 20:00,22.333,0,
1826,9/19/2017 21:00,22.333,0,
1827,9/19/2017 22:00,22.238,0,
1828,9/19/2017 23:00,22.238,0,
1829,9/20/2017 0:00,22.238,0,
1830,9/20/2017 1:00,22.238,0,
1831,9/20/2017 2:00,22.142,0,
1832,9/20/2017 3:00,22.142,0,
1833,9/20/2017 4:00,22.142,0,
1834,9/20/2017 5:00,22.046,0,
1835,9/20/2017 6:00,21.951,0,
1836,9/20/2017 7:00,21.951,0,
1837,9/20/2017 8:00,22.046,21.5,
1838,9/20/2017 9:00,22.046,107.6,
1839,9/20/2017 10:00,22.142,269.1,
1840,9/20/2017 11:00,22.429,150.7,
1841,9/20/2017 12:00,22.621,107.6,294.057
1842,9/20/2017 13:00,22.621,129.2,
1843,9/20/2017 14:00,22.908,64.6,
1844,9/20/2017 15:00,22.908,226,
1845,9/20/2017 16:00,23.388,312.2,
1846,9/20/2017 17:00,23.581,376.7,
1847,9/20/2017 18:00,23.292,139.9,
1848,9/20/2017 19:00,23.196,96.9,
1849,9/20/2017 20:00,23.004,0,
1850,9/20/2017 21:00,22.908,0,
1851,9/20/2017 22:00,22.908,0,
1852,9/20/2017 23:00,22.812,0,
1853,9/21/2017 0:00,22.717,0,
1854,9/21/2017 1:00,22.717,0,
1855,9/21/2017 2:00,22.621,0,
1856,9/21/2017 3:00,22.621,0,
1857,9/21/2017 4:00,22.621,0,
1858,9/21/2017 5:00,22.621,0,
1859,9/21/2017 6:00,22.621,0,
1860,9/21/2017 7:00,22.621,0,
1861,9/21/2017 8:00,22.525,118.4,
1862,9/21/2017 9:00,22.621,409,
1863,9/21/2017 10:00,22.812,333.7,
1864,9/21/2017 11:00,23.1,279.9,
1865,9/21/2017 12:00,23.484,193.8,297.751
1866,9/21/2017 13:00,23.581,150.7,
1867,9/21/2017 14:00,23.966,183,
1868,9/21/2017 15:00,24.158,139.9,
1869,9/21/2017 16:00,24.448,355.2,
1870,9/21/2017 17:00,24.351,322.9,
1871,9/21/2017 18:00,24.062,64.6,
1872,9/21/2017 19:00,23.869,21.5,
1873,9/21/2017 20:00,23.677,0,
1874,9/21/2017 21:00,23.581,0,
1875,9/21/2017 22:00,23.484,0,
1876,9/21/2017 23:00,23.484,0,
1877,9/22/2017 0:00,23.388,0,
1878,9/22/2017 1:00,23.388,0,
1879,9/22/2017 2:00,23.292,0,
1880,9/22/2017 3:00,23.196,0,
1881,9/22/2017 4:00,23.292,0,
1882,9/22/2017 5:00,23.292,0,
1883,9/22/2017 6:00,23.292,0,
1884,9/22/2017 7:00,23.196,0,
1885,9/22/2017 8:00,23.196,376.7,
1886,9/22/2017 9:00,23.292,1108.7,
1887,9/22/2017 10:00,23.484,258.3,
1888,9/22/2017 11:00,23.773,172.2,
1889,9/22/2017 12:00,24.062,172.2,301.75
1890,9/22/2017 13:00,24.062,96.9,
1891,9/22/2017 14:00,24.158,107.6,
1892,9/22/2017 15:00,24.255,86.1,
1893,9/22/2017 16:00,24.351,118.4,
1894,9/22/2017 17:00,24.545,355.2,
1895,9/22/2017 18:00,24.448,64.6,
1896,9/22/2017 19:00,24.351,43.1,
1897,9/22/2017 20:00,24.255,0,
1898,9/22/2017 21:00,24.158,0,
1899,9/22/2017 22:00,24.062,0,
1900,9/22/2017 23:00,24.062,0,
1901,9/23/2017 0:00,24.062,0,
1902,9/23/2017 1:00,23.966,0,
1903,9/23/2017 2:00,23.966,0,
1904,9/23/2017 3:00,23.869,0,
1905,9/23/2017 4:00,23.869,0,
1906,9/23/2017 5:00,23.773,0,
1907,9/23/2017 6:00,23.773,0,
1908,9/23/2017 7:00,23.773,0,
1909,9/23/2017 8:00,23.773,710.4,
1910,9/23/2017 9:00,23.773,118.4,
1911,9/23/2017 10:00,23.869,279.9,
1912,9/23/2017 11:00,24.158,258.3,
1913,9/23/2017 12:00,24.351,150.7,306.391
1914,9/23/2017 13:00,24.738,86.1,
1915,9/23/2017 14:00,24.738,107.6,
1916,9/23/2017 15:00,25.028,107.6,
1917,9/23/2017 16:00,25.028,64.6,
1918,9/23/2017 17:00,25.222,559.7,
1919,9/23/2017 18:00,24.931,107.6,
1920,9/23/2017 19:00,24.835,21.5,
1921,9/23/2017 20:00,24.738,0,
1922,9/23/2017 21:00,24.738,0,
1923,9/23/2017 22:00,24.641,0,
1924,9/23/2017 23:00,24.545,0,
1925,9/24/2017 0:00,24.545,0,
1926,9/24/2017 1:00,24.448,0,
1927,9/24/2017 2:00,24.448,0,
1928,9/24/2017 3:00,24.351,0,
1929,9/24/2017 4:00,24.351,0,
1930,9/24/2017 5:00,24.351,0,
1931,9/24/2017 6:00,24.351,0,
1932,9/24/2017 7:00,24.351,0,
1933,9/24/2017 8:00,24.255,183,
1934,9/24/2017 9:00,24.351,990.3,
1935,9/24/2017 10:00,24.448,301.4,
1936,9/24/2017 11:00,24.835,215.3,
1937,9/24/2017 12:00,24.931,139.9,311.578
1938,9/24/2017 13:00,25.125,43.1,
1939,9/24/2017 14:00,25.222,139.9,
1940,9/24/2017 15:00,25.416,183,
1941,9/24/2017 16:00,25.708,64.6,
1942,9/24/2017 17:00,25.805,193.8,
1943,9/24/2017 18:00,25.513,129.2,
1944,9/24/2017 19:00,25.416,75.3,
1945,9/24/2017 20:00,25.319,0,
1946,9/24/2017 21:00,25.416,0,
1947,9/24/2017 22:00,25.319,0,
1948,9/24/2017 23:00,25.319,0,
1949,9/25/2017 0:00,25.319,0,
1950,9/25/2017 1:00,25.416,0,
1951,9/25/2017 2:00,25.319,0,
1952,9/25/2017 3:00,25.319,0,
1953,9/25/2017 4:00,25.222,0,
1954,9/25/2017 5:00,25.125,0,
1955,9/25/2017 6:00,25.028,0,
1956,9/25/2017 7:00,24.931,0,
1957,9/25/2017 8:00,24.835,75.3,
1958,9/25/2017 9:00,24.835,6200,
1959,9/25/2017 10:00,25.125,355.2,
1960,9/25/2017 11:00,25.319,387.5,
1961,9/25/2017 12:00,25.513,193.8,317.285
1962,9/25/2017 13:00,25.708,258.3,
1963,9/25/2017 14:00,25.902,258.3,
1964,9/25/2017 15:00,26.097,226,
1965,9/25/2017 16:00,26.195,247.6,
1966,9/25/2017 17:00,26.292,333.7,
1967,9/25/2017 18:00,26.097,107.6,
1968,9/25/2017 19:00,26,21.5,
1969,9/25/2017 20:00,25.805,0,
1970,9/25/2017 21:00,25.708,0,
1971,9/25/2017 22:00,25.61,0,
1972,9/25/2017 23:00,25.513,0,
1973,9/26/2017 0:00,25.513,0,
1974,9/26/2017 1:00,25.61,0,
1975,9/26/2017 2:00,25.61,0,
1976,9/26/2017 3:00,25.513,0,
1977,9/26/2017 4:00,25.416,0,
1978,9/26/2017 5:00,25.319,0,
1979,9/26/2017 6:00,25.125,0,
1980,9/26/2017 7:00,25.125,0,
1981,9/26/2017 8:00,25.222,96.9,
1982,9/26/2017 9:00,25.222,215.3,
1983,9/26/2017 10:00,25.319,602.8,
1984,9/26/2017 11:00,25.513,183,
1985,9/26/2017 12:00,25.805,570.5,323.285
1986,9/26/2017 13:00,26,161.5,
1987,9/26/2017 14:00,26.097,236.8,
1988,9/26/2017 15:00,26.292,75.3,
1989,9/26/2017 16:00,26.488,419.8,
1990,9/26/2017 17:00,26.585,312.2,
1991,9/26/2017 18:00,26.195,139.9,
1992,9/26/2017 19:00,26.097,21.5,
1993,9/26/2017 20:00,26,0,
1994,9/26/2017 21:00,25.902,0,
1995,9/26/2017 22:00,25.805,0,
1996,9/26/2017 23:00,25.708,0,
1997,9/27/2017 0:00,25.708,0,
1998,9/27/2017 1:00,25.61,0,
1999,9/27/2017 2:00,25.513,0,
2000,9/27/2017 3:00,25.416,0,
2001,9/27/2017 4:00,25.416,0,
2002,9/27/2017 5:00,25.416,0,
2003,9/27/2017 6:00,25.319,0,
2004,9/27/2017 7:00,25.319,0,
2005,9/27/2017 8:00,25.319,172.2,
2006,9/27/2017 9:00,25.319,1151.7,
2007,9/27/2017 10:00,25.222,139.9,
2008,9/27/2017 11:00,25.125,150.7,
2009,9/27/2017 12:00,25.125,279.9,328.374
2010,9/27/2017 13:00,25.222,139.9,
2011,9/27/2017 14:00,25.416,204.5,
2012,9/27/2017 15:00,25.222,269.1,
2013,9/27/2017 16:00,25.319,398.3,
2014,9/27/2017 17:00,25.416,645.8,
2015,9/27/2017 18:00,25.319,139.9,
2016,9/27/2017 19:00,25.125,21.5,
2017,9/27/2017 20:00,24.835,0,
2018,9/27/2017 21:00,24.738,0,
2019,9/27/2017 22:00,24.545,0,
2020,9/27/2017 23:00,24.158,0,
2021,9/28/2017 0:00,24.158,0,
2022,9/28/2017 1:00,24.062,0,
2023,9/28/2017 2:00,23.581,0,
2024,9/28/2017 3:00,23.388,0,
2025,9/28/2017 4:00,23.196,0,
2026,9/28/2017 5:00,22.908,0,
2027,9/28/2017 6:00,22.812,0,
2028,9/28/2017 7:00,22.525,0,
2029,9/28/2017 8:00,22.525,183,
2030,9/28/2017 9:00,22.525,828.8,
2031,9/28/2017 10:00,22.525,538.2,
2032,9/28/2017 11:00,22.717,527.4,
2033,9/28/2017 12:00,22.812,1377.8,331.709
2034,9/28/2017 13:00,22.812,721.2,
2035,9/28/2017 14:00,22.908,775,
2036,9/28/2017 15:00,22.908,215.3,
2037,9/28/2017 16:00,22.908,183,
2038,9/28/2017 17:00,22.908,333.7,
2039,9/28/2017 18:00,22.717,139.9,
2040,9/28/2017 19:00,22.429,32.3,
2041,9/28/2017 20:00,22.238,0,
2042,9/28/2017 21:00,22.238,0,
2043,9/28/2017 22:00,22.238,0,
2044,9/28/2017 23:00,22.142,0,
2045,9/29/2017 0:00,22.046,0,
2046,9/29/2017 1:00,22.046,0,
2047,9/29/2017 2:00,22.046,0,
2048,9/29/2017 3:00,22.046,0,
2049,9/29/2017 4:00,21.951,0,
2050,9/29/2017 5:00,21.76,0,
2051,9/29/2017 6:00,21.664,0,
2052,9/29/2017 7:00,21.569,0,
2053,9/29/2017 8:00,21.76,32.3,
2054,9/29/2017 9:00,21.569,882.6,
2055,9/29/2017 10:00,21.569,344.4,
2056,9/29/2017 11:00,21.569,333.7,
2057,9/29/2017 12:00,21.76,462.9,332.94
2058,9/29/2017 13:00,21.473,226,
2059,9/29/2017 14:00,21.76,193.8,
2060,9/29/2017 15:00,21.76,301.4,
2061,9/29/2017 16:00,21.664,376.7,
2062,9/29/2017 17:00,21.951,495.1,
2063,9/29/2017 18:00,21.378,505.9,
2064,9/29/2017 19:00,21.091,32.3,
2065,9/29/2017 20:00,20.71,0,
2066,9/29/2017 21:00,20.615,0,
2067,9/29/2017 22:00,20.234,0,
2068,9/29/2017 23:00,20.234,0,
2069,9/30/2017 0:00,19.948,0,
2070,9/30/2017 1:00,19.853,0,
2071,9/30/2017 2:00,19.853,0,
2072,9/30/2017 3:00,19.472,0,
2073,9/30/2017 4:00,19.282,0,
2074,9/30/2017 5:00,19.282,0,
2075,9/30/2017 6:00,19.092,0,
2076,9/30/2017 7:00,18.711,0,
2077,9/30/2017 8:00,18.616,172.2,
2078,9/30/2017 9:00,18.426,9300.1,
2079,9/30/2017 10:00,18.616,430.6,
2080,9/30/2017 11:00,18.806,236.8,
2081,9/30/2017 12:00,19.187,688.9,332.94
2082,9/30/2017 13:00,19.282,462.9,
2083,9/30/2017 14:00,19.567,226,
2084,9/30/2017 15:00,19.758,96.9,
2085,9/30/2017 16:00,19.567,172.2,
2086,9/30/2017 17:00,19.948,376.7,
2087,9/30/2017 18:00,19.567,118.4,
2088,9/30/2017 19:00,19.377,21.5,
2089,9/30/2017 20:00,19.282,0,
2090,9/30/2017 21:00,19.187,0,
2091,9/30/2017 22:00,19.187,0,
2092,9/30/2017 23:00,19.187,0,
2093,10/1/2017 0:00,19.092,0,
2094,10/1/2017 1:00,19.092,0,
2095,10/1/2017 2:00,18.996,0,
2096,10/1/2017 3:00,19.092,0,
2097,10/1/2017 4:00,18.996,0,
2098,10/1/2017 5:00,18.711,0,
2099,10/1/2017 6:00,18.521,0,
2100,10/1/2017 7:00,18.331,0,
2101,10/1/2017 8:00,18.14,107.6,
2102,10/1/2017 9:00,18.331,1636.1,
2103,10/1/2017 10:00,18.616,376.7,
2104,10/1/2017 11:00,18.711,43.1,
2105,10/1/2017 12:00,18.901,161.5,332.94
2106,10/1/2017 13:00,19.187,129.2,
2107,10/1/2017 14:00,19.567,107.6,
2108,10/1/2017 15:00,19.662,258.3,
2109,10/1/2017 16:00,19.758,129.2,
2110,10/1/2017 17:00,19.758,290.6,
2111,10/1/2017 18:00,18.996,107.6,
2112,10/1/2017 19:00,18.996,0,
2113,10/1/2017 20:00,18.901,0,
2114,10/1/2017 21:00,19.092,0,
2115,10/1/2017 22:00,18.996,0,
2116,10/1/2017 23:00,18.806,0,
2117,10/2/2017 0:00,18.521,0,
2118,10/2/2017 1:00,18.331,0,
2119,10/2/2017 2:00,18.711,0,
2120,10/2/2017 3:00,18.806,0,
2121,10/2/2017 4:00,18.711,0,
2122,10/2/2017 5:00,18.616,0,
2123,10/2/2017 6:00,18.521,0,
2124,10/2/2017 7:00,18.331,0,
2125,10/2/2017 8:00,18.045,139.9,
2126,10/2/2017 9:00,18.14,635.1,
2127,10/2/2017 10:00,18.331,419.8,
2128,10/2/2017 11:00,18.806,183,
2129,10/2/2017 12:00,18.711,96.9,332.94
2130,10/2/2017 13:00,18.996,107.6,
2131,10/2/2017 14:00,18.521,107.6,
2132,10/2/2017 15:00,18.521,96.9,
2133,10/2/2017 16:00,18.616,269.1,
2134,10/2/2017 17:00,19.377,430.6,
2135,10/2/2017 18:00,19.092,96.9,
2136,10/2/2017 19:00,18.996,0,
2137,10/2/2017 20:00,18.901,0,
2138,10/2/2017 21:00,18.806,0,
2139,10/2/2017 22:00,18.806,0,
2140,10/2/2017 23:00,18.806,0,
2141,10/3/2017 0:00,18.901,0,
2142,10/3/2017 1:00,18.711,0,
2143,10/3/2017 2:00,18.616,0,
2144,10/3/2017 3:00,18.711,0,
2145,10/3/2017 4:00,18.521,0,
2146,10/3/2017 5:00,18.521,0,
2147,10/3/2017 6:00,18.426,0,
2148,10/3/2017 7:00,18.426,0,
2149,10/3/2017 8:00,18.331,129.2,
2150,10/3/2017 9:00,18.521,2152.8,
2151,10/3/2017 10:00,18.616,441.3,
2152,10/3/2017 11:00,18.711,236.8,
2153,10/3/2017 12:00,18.996,193.8,332.94
2154,10/3/2017 13:00,19.282,53.8,
2155,10/3/2017 14:00,19.377,96.9,
2156,10/3/2017 15:00,19.472,183,
2157,10/3/2017 16:00,19.662,139.9,
2158,10/3/2017 17:00,20.043,333.7,
2159,10/3/2017 18:00,19.567,53.8,
2160,10/3/2017 19:00,19.567,0,
2161,10/3/2017 20:00,19.472,0,
2162,10/3/2017 21:00,19.472,0,
2163,10/3/2017 22:00,19.377,0,
2164,10/3/2017 23:00,19.377,0,
2165,10/4/2017 0:00,19.377,0,
2166,10/4/2017 1:00,19.282,0,
2167,10/4/2017 2:00,19.282,0,
2168,10/4/2017 3:00,19.187,0,
2169,10/4/2017 4:00,19.187,0,
2170,10/4/2017 5:00,19.282,0,
2171,10/4/2017 6:00,19.282,0,
2172,10/4/2017 7:00,19.187,0,
2173,10/4/2017 8:00,19.187,10.8,
2174,10/4/2017 9:00,19.282,129.2,
2175,10/4/2017 10:00,19.282,118.4,
2176,10/4/2017 11:00,19.472,269.1,
2177,10/4/2017 12:00,19.567,505.9,335.649
2178,10/4/2017 13:00,19.567,452.1,
2179,10/4/2017 14:00,19.662,495.1,
2180,10/4/2017 15:00,19.662,226,
2181,10/4/2017 16:00,19.758,484.4,
2182,10/4/2017 17:00,24.448,43.1,
2183,10/4/2017 18:00,24.738,0,
2184,10/4/2017 19:00,24.641,86.1,
2185,10/4/2017 20:00,19.567,0,
2186,10/4/2017 21:00,19.853,0,
2187,10/4/2017 22:00,19.853,0,
2188,10/4/2017 23:00,20.043,0,
2189,10/5/2017 0:00,20.329,0,
2190,10/5/2017 1:00,20.138,0,
2191,10/5/2017 2:00,20.424,0,
2192,10/5/2017 3:00,20.424,0,
2193,10/5/2017 4:00,20.519,0,
2194,10/5/2017 5:00,20.329,0,
2195,10/5/2017 6:00,20.329,0,
2196,10/5/2017 7:00,20.234,0,
2197,10/5/2017 8:00,20.138,0,
2198,10/5/2017 9:00,20.329,0,
2199,10/5/2017 10:00,20.901,0,
2200,10/5/2017 11:00,21.091,0,
2201,10/5/2017 12:00,20.996,0,336.231
2202,10/5/2017 13:00,21.282,0,
2203,10/5/2017 14:00,21.091,0,
2204,10/5/2017 15:00,20.996,0,
2205,10/5/2017 16:00,20.805,0,
2206,10/5/2017 17:00,20.71,0,
2207,10/5/2017 18:00,20.71,0,
2208,10/5/2017 19:00,20.519,0,
2209,10/5/2017 20:00,20.329,0,
2210,10/5/2017 21:00,19.187,0,
2211,10/5/2017 22:00,20.138,0,
2212,10/5/2017 23:00,19.853,0,
2213,10/6/2017 0:00,19.948,0,
2214,10/6/2017 1:00,20.138,0,
2215,10/6/2017 2:00,21.187,0,
2216,10/6/2017 3:00,22.238,0,
2217,10/6/2017 4:00,22.525,0,
2218,10/6/2017 5:00,22.621,0,
2219,10/6/2017 6:00,22.525,0,
2220,10/6/2017 7:00,22.429,0,
2221,10/6/2017 8:00,22.238,0,
2222,10/6/2017 9:00,22.142,0,
2223,10/6/2017 10:00,22.142,0,
2224,10/6/2017 11:00,22.046,0,
2225,10/6/2017 12:00,21.282,0,337.827
2226,10/6/2017 13:00,21.473,0,
2227,10/6/2017 14:00,21.473,0,
2228,10/6/2017 15:00,20.996,0,
2229,10/6/2017 16:00,20.805,0,
2230,10/6/2017 17:00,21.76,366,
2231,10/6/2017 18:00,21.378,419.8,
2232,10/6/2017 19:00,21.282,419.8,
2233,10/6/2017 20:00,21.091,0,
2234,10/6/2017 21:00,20.615,0,
2235,10/6/2017 22:00,20.615,0,
2236,10/6/2017 23:00,20.71,0,
2237,10/7/2017 0:00,20.71,0,
2238,10/7/2017 1:00,20.424,0,
2239,10/7/2017 2:00,20.615,0,
2240,10/7/2017 3:00,20.615,0,
2241,10/7/2017 4:00,20.615,0,
2242,10/7/2017 5:00,20.615,0,
2243,10/7/2017 6:00,20.519,0,
2244,10/7/2017 7:00,20.615,0,
2245,10/7/2017 8:00,20.519,0,
2246,10/7/2017 9:00,20.996,0,
2247,10/7/2017 10:00,20.519,0,
2248,10/7/2017 11:00,20.615,0,
2249,10/7/2017 12:00,20.519,0,340.477
2250,10/7/2017 13:00,20.329,0,
2251,10/7/2017 14:00,24.062,0,
2252,10/7/2017 15:00,23.196,0,
2253,10/7/2017 16:00,23.773,0,
2254,10/7/2017 17:00,23.388,0,
2255,10/7/2017 18:00,22.812,0,
2256,10/7/2017 19:00,21.282,0,
2257,10/7/2017 20:00,20.424,0,
2258,10/7/2017 21:00,21.091,0,
2259,10/7/2017 22:00,20.996,0,
2260,10/7/2017 23:00,20.805,0,
2261,10/8/2017 0:00,20.519,0,
2262,10/8/2017 1:00,20.519,0,
2263,10/8/2017 2:00,20.615,0,
2264,10/8/2017 3:00,20.615,0,
2265,10/8/2017 4:00,20.615,0,
2266,10/8/2017 5:00,20.615,0,
2267,10/8/2017 6:00,20.615,0,
2268,10/8/2017 7:00,20.519,0,
2269,10/8/2017 8:00,20.519,0,
2270,10/8/2017 9:00,20.424,0,
2271,10/8/2017 10:00,20.519,0,
2272,10/8/2017 11:00,20.996,0,
2273,10/8/2017 12:00,20.71,0,342.366
2274,10/8/2017 13:00,21.378,0,
2275,10/8/2017 14:00,22.812,0,
2276,10/8/2017 15:00,21.76,0,
2277,10/8/2017 16:00,21.855,0,
2278,10/8/2017 17:00,21.187,0,
2279,10/8/2017 18:00,20.424,0,
2280,10/8/2017 19:00,21.473,0,
2281,10/8/2017 20:00,21.855,0,
2282,10/8/2017 21:00,21.569,0,
2283,10/8/2017 22:00,21.473,0,
2284,10/8/2017 23:00,21.664,0,
2285,10/9/2017 0:00,21.569,0,
2286,10/9/2017 1:00,21.569,0,
2287,10/9/2017 2:00,21.473,0,
2288,10/9/2017 3:00,21.473,0,
2289,10/9/2017 4:00,21.473,0,
2290,10/9/2017 5:00,21.378,0,
2291,10/9/2017 6:00,21.282,0,
2292,10/9/2017 7:00,21.187,0,
2293,10/9/2017 8:00,21.091,0,
2294,10/9/2017 9:00,20.424,0,
2295,10/9/2017 10:00,20.234,0,
2296,10/9/2017 11:00,20.234,0,
2297,10/9/2017 12:00,20.615,0,345.008
2298,10/9/2017 13:00,20.615,0,
2299,10/9/2017 14:00,22.429,0,
2300,10/9/2017 15:00,24.158,0,
2301,10/9/2017 16:00,23.004,0,
2302,10/9/2017 17:00,24.062,0,
2303,10/9/2017 18:00,23.1,0,
2304,10/9/2017 19:00,22.621,0,
2305,10/9/2017 20:00,22.238,0,
2306,10/9/2017 21:00,20.615,0,
2307,10/9/2017 22:00,20.138,0,
2308,10/9/2017 23:00,20.519,0,
2309,10/10/2017 0:00,21.473,0,
2310,10/10/2017 1:00,21.855,0,
2311,10/10/2017 2:00,21.951,0,
2312,10/10/2017 3:00,21.951,0,
2313,10/10/2017 4:00,21.951,0,
2314,10/10/2017 5:00,21.855,0,
2315,10/10/2017 6:00,21.855,0,
2316,10/10/2017 7:00,21.76,0,
2317,10/10/2017 8:00,21.76,0,
2318,10/10/2017 9:00,21.664,0,
2319,10/10/2017 10:00,21.187,0,
2320,10/10/2017 11:00,20.805,0,
2321,10/10/2017 12:00,20.71,0,346.047
2322,10/10/2017 13:00,20.71,0,
2323,10/10/2017 14:00,20.615,0,
2324,10/10/2017 15:00,20.519,0,
2325,10/10/2017 16:00,20.519,0,
2326,10/10/2017 17:00,20.424,0,
2327,10/10/2017 18:00,20.424,0,
2328,10/10/2017 19:00,20.329,0,
2329,10/10/2017 20:00,19.472,0,
2330,10/10/2017 21:00,21.282,0,
2331,10/10/2017 22:00,21.569,0,
2332,10/10/2017 23:00,21.664,0,
2333,10/11/2017 0:00,21.664,0,
2334,10/11/2017 1:00,21.664,0,
2335,10/11/2017 2:00,21.664,0,
2336,10/11/2017 3:00,21.664,0,
2337,10/11/2017 4:00,22.429,0,
2338,10/11/2017 5:00,21.76,0,
2339,10/11/2017 6:00,21.378,0,
2340,10/11/2017 7:00,21.187,0,
2341,10/11/2017 8:00,20.901,0,
2342,10/11/2017 9:00,20.71,0,
2343,10/11/2017 10:00,20.615,0,
2344,10/11/2017 11:00,20.519,0,
2345,10/11/2017 12:00,20.329,0,347.658
2346,10/11/2017 13:00,20.519,0,
2347,10/11/2017 14:00,21.187,0,
2348,10/11/2017 15:00,21.473,0,
2349,10/11/2017 16:00,21.473,0,
2350,10/11/2017 17:00,21.569,0,
2351,10/11/2017 18:00,21.569,0,
2352,10/11/2017 19:00,21.473,0,
2353,10/11/2017 20:00,21.473,0,
2354,10/11/2017 21:00,21.378,0,
2355,10/11/2017 22:00,21.473,0,
2356,10/11/2017 23:00,21.378,0,
2357,10/12/2017 0:00,21.378,0,
2358,10/12/2017 1:00,21.282,0,
2359,10/12/2017 2:00,21.091,0,
2360,10/12/2017 3:00,20.615,0,
2361,10/12/2017 4:00,20.138,0,
2362,10/12/2017 5:00,19.853,0,
2363,10/12/2017 6:00,19.662,0,
2364,10/12/2017 7:00,19.567,0,
2365,10/12/2017 8:00,19.472,0,
2366,10/12/2017 9:00,19.377,0,
2367,10/12/2017 10:00,19.377,0,
2368,10/12/2017 11:00,19.853,0,
2369,10/12/2017 12:00,20.043,0,348.328
2370,10/12/2017 13:00,19.662,0,
2371,10/12/2017 14:00,19.662,0,
2372,10/12/2017 15:00,19.567,43.1,
2373,10/12/2017 16:00,19.567,43.1,
2374,10/12/2017 17:00,19.567,10.8,
2375,10/12/2017 18:00,19.567,0,
2376,10/12/2017 19:00,19.567,0,
2377,10/12/2017 20:00,19.853,0,
2378,10/12/2017 21:00,20.043,0,
2379,10/12/2017 22:00,19.853,0,
2380,10/12/2017 23:00,19.758,0,
2381,10/13/2017 0:00,20.043,0,
2382,10/13/2017 1:00,19.948,0,
2383,10/13/2017 2:00,19.948,0,
2384,10/13/2017 3:00,19.948,0,
2385,10/13/2017 4:00,19.948,0,
2386,10/13/2017 5:00,19.948,0,
2387,10/13/2017 6:00,19.853,0,
2388,10/13/2017 7:00,19.853,0,
2389,10/13/2017 8:00,19.758,0,
2390,10/13/2017 9:00,19.853,10.8,
2391,10/13/2017 10:00,20.615,43.1,
2392,10/13/2017 11:00,20.424,75.3,
2393,10/13/2017 12:00,20.329,129.2,350.838
2394,10/13/2017 13:00,20.996,570.5,
2395,10/13/2017 14:00,22.429,419.8,
2396,10/13/2017 15:00,23.388,107.6,
2397,10/13/2017 16:00,23.677,53.8,
2398,10/13/2017 17:00,24.158,215.3,
2399,10/13/2017 18:00,24.062,0,
2400,10/13/2017 19:00,23.869,0,
2401,10/13/2017 20:00,23.773,0,
2402,10/13/2017 21:00,23.677,0,
2403,10/13/2017 22:00,23.581,0,
2404,10/13/2017 23:00,23.581,0,
2405,10/14/2017 0:00,23.484,0,
2406,10/14/2017 1:00,23.484,0,
2407,10/14/2017 2:00,23.388,0,
2408,10/14/2017 3:00,22.908,0,
2409,10/14/2017 4:00,22.621,0,
2410,10/14/2017 5:00,22.333,0,
2411,10/14/2017 6:00,22.046,0,
2412,10/14/2017 7:00,21.855,0,
2413,10/14/2017 8:00,21.76,0,
2414,10/14/2017 9:00,21.664,0,
2415,10/14/2017 10:00,21.569,0,
2416,10/14/2017 11:00,21.378,10.8,
2417,10/14/2017 12:00,21.282,10.8,353.224
2418,10/14/2017 13:00,21.187,10.8,
2419,10/14/2017 14:00,21.091,0,
2420,10/14/2017 15:00,21.091,0,
2421,10/14/2017 16:00,21.091,0,
2422,10/14/2017 17:00,20.996,0,
2423,10/14/2017 18:00,20.996,0,
2424,10/14/2017 19:00,20.901,0,
2425,10/14/2017 20:00,20.901,0,
2426,10/14/2017 21:00,20.805,0,
2427,10/14/2017 22:00,20.71,0,
2428,10/14/2017 23:00,20.71,0,
2429,10/15/2017 0:00,20.615,0,
2430,10/15/2017 1:00,20.615,0,
2431,10/15/2017 2:00,20.519,0,
2432,10/15/2017 3:00,20.519,0,
2433,10/15/2017 4:00,20.901,0,
2434,10/15/2017 5:00,21.282,0,
2435,10/15/2017 6:00,21.473,0,
2436,10/15/2017 7:00,21.282,0,
2437,10/15/2017 8:00,21.091,0,
2438,10/15/2017 9:00,21.091,0,
2439,10/15/2017 10:00,21.282,10.8,
2440,10/15/2017 11:00,21.378,10.8,
2441,10/15/2017 12:00,22.238,21.5,355.026
2442,10/15/2017 13:00,22.621,64.6,
2443,10/15/2017 14:00,22.333,32.3,
2444,10/15/2017 15:00,22.238,21.5,
2445,10/15/2017 16:00,22.525,96.9,
2446,10/15/2017 17:00,22.429,269.1,
2447,10/15/2017 18:00,22.046,10.8,
2448,10/15/2017 19:00,21.569,0,
2449,10/15/2017 20:00,21.091,0,
2450,10/15/2017 21:00,21.282,0,
2451,10/15/2017 22:00,21.378,0,
2452,10/15/2017 23:00,20.71,0,
2453,10/16/2017 0:00,20.996,0,
2454,10/16/2017 1:00,20.615,0,
2455,10/16/2017 2:00,20.234,0,
2456,10/16/2017 3:00,19.662,0,
2457,10/16/2017 4:00,19.187,0,
2458,10/16/2017 5:00,18.806,0,
2459,10/16/2017 6:00,18.616,0,
2460,10/16/2017 7:00,18.331,0,
2461,10/16/2017 8:00,18.711,0,
2462,10/16/2017 9:00,18.236,21.5,
2463,10/16/2017 10:00,18.14,21.5,
2464,10/16/2017 11:00,18.14,21.5,
2465,10/16/2017 12:00,19.092,409,355.594
2466,10/16/2017 13:00,20.329,419.8,
2467,10/16/2017 14:00,20.805,419.8,
2468,10/16/2017 15:00,21.473,64.6,
2469,10/16/2017 16:00,21.282,462.9,
2470,10/16/2017 17:00,21.187,21.5,
2471,10/16/2017 18:00,20.71,0,
2472,10/16/2017 19:00,20.329,0,
2473,10/16/2017 20:00,20.615,0,
2474,10/16/2017 21:00,20.234,0,
2475,10/16/2017 22:00,20.138,0,
2476,10/16/2017 23:00,19.948,0,
2477,10/17/2017 0:00,19.282,0,
2478,10/17/2017 1:00,18.901,0,
2479,10/17/2017 2:00,18.521,0,
2480,10/17/2017 3:00,18.331,0,
2481,10/17/2017 4:00,18.045,0,
2482,10/17/2017 5:00,17.76,0,
2483,10/17/2017 6:00,17.57,0,
2484,10/17/2017 7:00,17.379,0,
2485,10/17/2017 8:00,17.284,0,
2486,10/17/2017 9:00,17.189,21.5,
2487,10/17/2017 10:00,17.189,21.5,
2488,10/17/2017 11:00,18.14,32.3,
2489,10/17/2017 12:00,19.377,409,356.231
2490,10/17/2017 13:00,20.234,366,
2491,10/17/2017 14:00,20.424,441.3,
2492,10/17/2017 15:00,21.282,419.8,
2493,10/17/2017 16:00,21.76,376.7,
2494,10/17/2017 17:00,21.664,183,
2495,10/17/2017 18:00,21.091,0,
2496,10/17/2017 19:00,20.71,0,
2497,10/17/2017 20:00,20.424,0,
2498,10/17/2017 21:00,20.615,0,
2499,10/17/2017 22:00,20.901,0,
2500,10/17/2017 23:00,20.996,0,
2501,10/18/2017 0:00,20.805,0,
2502,10/18/2017 1:00,20.519,0,
2503,10/18/2017 2:00,20.138,0,
2504,10/18/2017 3:00,19.758,0,
2505,10/18/2017 4:00,19.472,0,
2506,10/18/2017 5:00,19.282,0,
2507,10/18/2017 6:00,18.996,0,
2508,10/18/2017 7:00,18.711,0,
2509,10/18/2017 8:00,18.426,0,
2510,10/18/2017 9:00,18.331,21.5,
2511,10/18/2017 10:00,18.331,32.3,
2512,10/18/2017 11:00,18.14,32.3,
2513,10/18/2017 12:00,19.377,441.3,
2514,10/18/2017 13:00,21.282,430.6,
2515,10/18/2017 14:00,21.473,462.9,
2516,10/18/2017 15:00,22.812,839.6,
2517,10/18/2017 16:00,23.581,1162.5,
