#,"Date Time, GMT-04:00",Temp,Intensity,"GDD, DDc (LGR S/N: 10977420)"
1,7/6/2017 12:32,27.075,86.1,
2,7/6/2017 13:32,23.292,0,
3,7/6/2017 14:32,23.581,2325,
4,7/6/2017 15:32,24.448,5166.7,
5,7/6/2017 16:32,24.351,1463.9,
6,7/6/2017 17:32,23.869,839.6,
7,7/6/2017 18:32,24.158,947.2,
8,7/6/2017 19:32,24.158,958,
9,7/6/2017 20:32,24.062,1636.1,
10,7/6/2017 21:32,23.773,0,
11,7/6/2017 22:32,23.677,0,
12,7/6/2017 23:32,23.484,0,
13,7/7/2017 0:32,23.484,0,
14,7/7/2017 1:32,23.484,0,
15,7/7/2017 2:32,23.388,0,
16,7/7/2017 3:32,23.292,0,
17,7/7/2017 4:32,23.196,0,
18,7/7/2017 5:32,23.1,0,
19,7/7/2017 6:32,23.004,96.9,
20,7/7/2017 7:32,23.1,322.9,
21,7/7/2017 8:32,23.196,678.1,
22,7/7/2017 9:32,23.196,796.5,
23,7/7/2017 10:32,23.388,818.1,
24,7/7/2017 11:32,23.966,796.5,
25,7/7/2017 12:00,,,4.732
26,7/7/2017 12:32,24.255,893.4,
27,7/7/2017 13:32,24.641,968.8,
28,7/7/2017 14:32,25.125,925.7,
29,7/7/2017 15:32,25.416,4477.8,
30,7/7/2017 16:32,25.319,764.2,
31,7/7/2017 17:32,25.805,1377.8,
32,7/7/2017 18:32,25.805,818.1,
33,7/7/2017 19:32,25.125,1550,
34,7/7/2017 20:32,24.738,312.2,
35,7/7/2017 21:32,24.448,0,
36,7/7/2017 22:32,24.255,0,
37,7/7/2017 23:32,24.062,0,
38,7/8/2017 0:32,23.869,0,
39,7/8/2017 1:32,23.677,0,
40,7/8/2017 2:32,23.484,0,
41,7/8/2017 3:32,23.388,0,
42,7/8/2017 4:32,23.1,0,
43,7/8/2017 5:32,22.812,0,
44,7/8/2017 6:32,22.525,43.1,
45,7/8/2017 7:32,22.908,678.1,
46,7/8/2017 8:32,23.292,1377.8,
47,7/8/2017 9:32,23.677,2927.8,
48,7/8/2017 10:32,23.869,2927.8,
49,7/8/2017 11:32,24.062,3444.5,
50,7/8/2017 12:00,,,8.734
51,7/8/2017 12:32,24.062,1377.8,
52,7/8/2017 13:32,24.062,1377.8,
53,7/8/2017 14:32,24.351,4133.4,
54,7/8/2017 15:32,24.835,104711.8,
55,7/8/2017 16:32,24.931,10333.4,
56,7/8/2017 17:32,24.738,4305.6,
57,7/8/2017 18:32,24.738,1377.8,
58,7/8/2017 19:32,24.448,6544.5,
59,7/8/2017 20:32,24.158,1280.9,
60,7/8/2017 21:32,23.869,0,
61,7/8/2017 22:32,23.869,0,
62,7/8/2017 23:32,23.677,0,
63,7/9/2017 0:32,23.388,0,
64,7/9/2017 1:32,23.196,0,
65,7/9/2017 2:32,23.004,0,
66,7/9/2017 3:32,22.908,0,
67,7/9/2017 4:32,22.908,0,
68,7/9/2017 5:32,22.908,0,
69,7/9/2017 6:32,22.812,150.7,
70,7/9/2017 7:32,22.908,462.9,
71,7/9/2017 8:32,23.004,871.9,
72,7/9/2017 9:32,23.196,1808.3,
73,7/9/2017 10:32,23.484,2066.7,
74,7/9/2017 11:32,23.677,2669.5,
75,7/9/2017 12:00,,,12.778
76,7/9/2017 12:32,23.677,4477.8,
77,7/9/2017 13:32,24.062,3272.2,
78,7/9/2017 14:32,24.351,3788.9,
79,7/9/2017 15:32,24.641,4477.8,
80,7/9/2017 16:32,24.835,4305.6,
81,7/9/2017 17:32,24.641,3961.1,
82,7/9/2017 18:32,24.448,387.5,
83,7/9/2017 19:32,24.351,247.6,
84,7/9/2017 20:32,24.255,96.9,
85,7/9/2017 21:32,24.158,10.8,
86,7/9/2017 22:32,23.966,0,
87,7/9/2017 23:32,23.196,0,
88,7/10/2017 0:32,23.196,0,
89,7/10/2017 1:32,23.004,0,
90,7/10/2017 2:32,22.812,0,
91,7/10/2017 3:32,22.717,0,
92,7/10/2017 4:32,22.621,0,
93,7/10/2017 5:32,22.621,0,
94,7/10/2017 6:32,22.621,139.9,
95,7/10/2017 7:32,22.621,495.1,
96,7/10/2017 8:32,22.812,2497.2,
97,7/10/2017 9:32,22.717,882.6,
98,7/10/2017 10:32,23.1,2325,
99,7/10/2017 11:32,23.966,2152.8,
100,7/10/2017 12:00,,,17.681
101,7/10/2017 12:32,24.255,4822.3,
102,7/10/2017 13:32,24.738,1130.2,
103,7/10/2017 14:32,25.125,1980.6,
104,7/10/2017 15:32,25.222,1808.3,
105,7/10/2017 16:32,25.513,2669.5,
106,7/10/2017 17:32,26,3444.5,
107,7/10/2017 18:32,26.292,4994.5,
108,7/10/2017 19:32,26.292,1151.7,
109,7/10/2017 20:32,26,333.7,
110,7/10/2017 21:32,25.61,10.8,
111,7/10/2017 22:32,25.319,0,
112,7/10/2017 23:32,25.125,0,
113,7/11/2017 0:32,24.931,0,
114,7/11/2017 1:32,24.835,0,
115,7/11/2017 2:32,24.641,0,
116,7/11/2017 3:32,24.448,0,
117,7/11/2017 4:32,24.351,0,
118,7/11/2017 5:32,24.158,0,
119,7/11/2017 6:32,24.062,344.4,
120,7/11/2017 7:32,24.158,1894.5,
121,7/11/2017 8:32,24.158,505.9,
122,7/11/2017 9:32,24.351,1205.6,
123,7/11/2017 10:32,25.125,2583.4,
124,7/11/2017 11:32,25.319,1184,
125,7/11/2017 12:00,,,23.857
126,7/11/2017 12:32,25.805,2238.9,
127,7/11/2017 13:32,27.272,1894.5,
128,7/11/2017 14:32,27.468,3100,
129,7/11/2017 15:32,26.195,3272.2,
130,7/11/2017 16:32,27.37,1463.9,
131,7/11/2017 17:32,26.683,4133.4,
132,7/11/2017 18:32,26.39,1076.4,
133,7/11/2017 19:32,25.416,1248.6,
134,7/11/2017 20:32,25.513,279.9,
135,7/11/2017 21:32,25.319,0,
136,7/11/2017 22:32,25.222,0,
137,7/11/2017 23:32,25.319,0,
138,7/12/2017 0:32,25.125,0,
139,7/12/2017 1:32,24.835,0,
140,7/12/2017 2:32,24.641,0,
141,7/12/2017 3:32,24.545,0,
142,7/12/2017 4:32,24.351,0,
143,7/12/2017 5:32,24.255,0,
144,7/12/2017 6:32,24.158,21.5,
145,7/12/2017 7:32,23.966,236.8,
146,7/12/2017 8:32,23.677,1011.8,
147,7/12/2017 9:32,23.677,645.8,
148,7/12/2017 10:32,23.388,1377.8,
149,7/12/2017 11:32,23.196,731.9,
150,7/12/2017 12:00,,,27.808
151,7/12/2017 12:32,23.388,1894.5,
152,7/12/2017 13:32,23.292,2325,
153,7/12/2017 14:32,23.292,1377.8,
154,7/12/2017 15:32,23.1,495.1,
155,7/12/2017 16:32,23.1,430.6,
156,7/12/2017 17:32,23.004,430.6,
157,7/12/2017 18:32,22.812,183,
158,7/12/2017 19:32,22.717,96.9,
159,7/12/2017 20:32,22.525,0,
160,7/12/2017 21:32,22.238,0,
161,7/12/2017 22:32,22.142,0,
162,7/12/2017 23:32,22.046,0,
163,7/13/2017 0:32,21.664,0,
164,7/13/2017 1:32,21.473,0,
165,7/13/2017 2:32,21.473,0,
166,7/13/2017 3:32,21.569,0,
167,7/13/2017 4:32,21.569,0,
168,7/13/2017 5:32,21.569,0,
169,7/13/2017 6:32,21.473,10.8,
170,7/13/2017 7:32,21.378,53.8,
171,7/13/2017 8:32,21.282,172.2,
172,7/13/2017 9:32,21.187,312.2,
173,7/13/2017 10:32,20.996,462.9,
174,7/13/2017 11:32,21.187,753.5,
175,7/13/2017 12:00,,,29.104
176,7/13/2017 12:32,21.091,1550,
177,7/13/2017 13:32,21.187,312.2,
178,7/13/2017 14:32,21.282,914.9,
179,7/13/2017 15:32,21.282,1044.1,
180,7/13/2017 16:32,21.282,1011.8,
181,7/13/2017 17:32,21.187,473.6,
182,7/13/2017 18:32,21.091,118.4,
183,7/13/2017 19:32,20.996,290.6,
184,7/13/2017 20:32,20.805,53.8,
185,7/13/2017 21:32,20.901,0,
186,7/13/2017 22:32,20.805,0,
187,7/13/2017 23:32,20.805,0,
188,7/14/2017 0:32,20.615,0,
189,7/14/2017 1:32,20.615,0,
190,7/14/2017 2:32,20.805,0,
191,7/14/2017 3:32,20.805,0,
192,7/14/2017 4:32,20.71,0,
193,7/14/2017 5:32,20.519,0,
194,7/14/2017 6:32,20.424,53.8,
195,7/14/2017 7:32,20.329,150.7,
196,7/14/2017 8:32,20.424,742.7,
197,7/14/2017 9:32,20.424,581.3,
198,7/14/2017 10:32,20.519,387.5,
199,7/14/2017 11:32,20.519,1248.6,
200,7/14/2017 12:00,,,30.289
201,7/14/2017 12:32,20.615,1463.9,
202,7/14/2017 13:32,20.71,279.9,
203,7/14/2017 14:32,21.187,3616.7,
204,7/14/2017 15:32,21.282,1270.1,
205,7/14/2017 16:32,21.282,1313.2,
206,7/14/2017 17:32,21.664,462.9,
207,7/14/2017 18:32,21.76,419.8,
208,7/14/2017 19:32,21.569,549,
209,7/14/2017 20:32,21.378,269.1,
210,7/14/2017 21:32,21.282,21.5,
211,7/14/2017 22:32,21.187,0,
212,7/14/2017 23:32,21.091,0,
213,7/15/2017 0:32,20.996,0,
214,7/15/2017 1:32,20.901,0,
215,7/15/2017 2:32,20.805,0,
216,7/15/2017 3:32,20.615,0,
217,7/15/2017 4:32,20.615,0,
218,7/15/2017 5:32,20.615,0,
219,7/15/2017 6:32,20.424,247.6,
220,7/15/2017 7:32,20.329,645.8,
221,7/15/2017 8:32,20.329,1636.1,
222,7/15/2017 9:32,20.71,6200,
223,7/15/2017 10:32,21.187,1894.5,
224,7/15/2017 11:32,21.378,7233.4,
225,7/15/2017 12:00,,,32.266
226,7/15/2017 12:32,21.855,2927.8,
227,7/15/2017 13:32,22.238,1722.2,
228,7/15/2017 14:32,22.621,3100,
229,7/15/2017 15:32,22.621,5511.1,
230,7/15/2017 16:32,23.004,11022.3,
231,7/15/2017 17:32,22.525,6544.5,
232,7/15/2017 18:32,22.238,505.9,
233,7/15/2017 19:32,22.908,1345.5,
234,7/15/2017 20:32,22.717,161.5,
235,7/15/2017 21:32,22.525,0,
236,7/15/2017 22:32,22.238,0,
237,7/15/2017 23:32,22.142,0,
238,7/16/2017 0:32,21.951,0,
239,7/16/2017 1:32,21.855,0,
240,7/16/2017 2:32,21.76,0,
241,7/16/2017 3:32,21.664,0,
242,7/16/2017 4:32,21.664,0,
243,7/16/2017 5:32,21.569,0,
244,7/16/2017 6:32,21.473,75.3,
245,7/16/2017 7:32,21.282,53.8,
246,7/16/2017 8:32,21.282,247.6,
247,7/16/2017 9:32,21.378,958,
248,7/16/2017 10:32,21.378,1463.9,
249,7/16/2017 11:32,21.76,1377.8,
250,7/16/2017 12:00,,,35.202
251,7/16/2017 12:32,22.046,2152.8,
252,7/16/2017 13:32,22.525,1636.1,
253,7/16/2017 14:32,23.004,3100,
254,7/16/2017 15:32,23.581,1722.2,
255,7/16/2017 16:32,23.966,1636.1,
256,7/16/2017 17:32,23.869,1205.6,
257,7/16/2017 18:32,23.869,1808.3,
258,7/16/2017 19:32,23.869,1291.7,
259,7/16/2017 20:32,23.677,409,
260,7/16/2017 21:32,23.388,10.8,
261,7/16/2017 22:32,23.196,0,
262,7/16/2017 23:32,22.908,0,
263,7/17/2017 0:32,22.717,0,
264,7/17/2017 1:32,22.525,0,
265,7/17/2017 2:32,22.333,0,
266,7/17/2017 3:32,22.142,0,
267,7/17/2017 4:32,21.951,0,
268,7/17/2017 5:32,21.76,0,
269,7/17/2017 6:32,21.664,64.6,
270,7/17/2017 7:32,21.855,172.2,
271,7/17/2017 8:32,21.76,2325,
272,7/17/2017 9:32,22.333,1054.9,
273,7/17/2017 10:32,22.525,2927.8,
274,7/17/2017 11:32,23.292,710.4,
275,7/17/2017 12:00,,,39.571
276,7/17/2017 12:32,23.196,1162.5,
277,7/17/2017 13:32,24.351,3444.5,
278,7/17/2017 14:32,24.931,7233.4,
279,7/17/2017 15:32,24.158,2497.2,
280,7/17/2017 16:32,26,1184,
281,7/17/2017 17:32,24.738,3100,
282,7/17/2017 18:32,24.255,3100,
283,7/17/2017 19:32,23.869,1377.8,
284,7/17/2017 20:32,23.773,925.7,
285,7/17/2017 21:32,23.292,0,
286,7/17/2017 22:32,22.717,0,
287,7/17/2017 23:32,22.333,0,
288,7/18/2017 0:32,22.333,0,
289,7/18/2017 1:32,22.238,0,
290,7/18/2017 2:32,22.142,0,
291,7/18/2017 3:32,22.046,0,
292,7/18/2017 4:32,21.951,0,
293,7/18/2017 5:32,21.855,0,
294,7/18/2017 6:32,21.664,118.4,
295,7/18/2017 7:32,21.76,3616.7,
296,7/18/2017 8:32,21.76,1302.4,
297,7/18/2017 9:32,21.76,1377.8,
298,7/18/2017 10:32,22.142,4133.4,
299,7/18/2017 11:32,22.429,4133.4,
300,7/18/2017 12:00,,,43.136
301,7/18/2017 12:32,22.812,3616.7,
302,7/18/2017 13:32,23.388,10677.8,
303,7/18/2017 14:32,23.677,1313.2,
304,7/18/2017 15:32,24.062,19977.9,
305,7/18/2017 16:32,24.158,1162.5,
306,7/18/2017 17:32,24.738,1550,
307,7/18/2017 18:32,24.738,516.7,
308,7/18/2017 19:32,24.738,290.6,
309,7/18/2017 20:32,24.351,10.8,
310,7/18/2017 21:32,24.158,0,
311,7/18/2017 22:32,24.062,0,
312,7/18/2017 23:32,23.869,0,
313,7/19/2017 0:32,23.773,0,
314,7/19/2017 1:32,23.677,0,
315,7/19/2017 2:32,23.581,0,
316,7/19/2017 3:32,23.484,0,
317,7/19/2017 4:32,23.388,0,
318,7/19/2017 5:32,23.292,0,
319,7/19/2017 6:32,23.196,53.8,
320,7/19/2017 7:32,23.1,322.9,
321,7/19/2017 8:32,23.1,2583.4,
322,7/19/2017 9:32,23.292,3961.1,
323,7/19/2017 10:32,23.869,828.8,
324,7/19/2017 11:32,24.641,3100,
325,7/19/2017 12:00,,,47.779
326,7/19/2017 12:32,24.931,5166.7,
327,7/19/2017 13:32,25.125,1980.6,
328,7/19/2017 14:32,25.222,871.9,
329,7/19/2017 15:32,25.028,1044.1,
330,7/19/2017 16:32,25.319,5511.1,
331,7/19/2017 17:32,25.513,850.4,
332,7/19/2017 18:32,25.61,2152.8,
333,7/19/2017 19:32,25.513,3788.9,
334,7/19/2017 20:32,25.319,893.4,
335,7/19/2017 21:32,24.835,0,
336,7/19/2017 22:32,24.738,0,
337,7/19/2017 23:32,24.545,0,
338,7/20/2017 0:32,24.448,0,
339,7/20/2017 1:32,24.351,0,
340,7/20/2017 2:32,24.255,0,
341,7/20/2017 3:32,24.062,0,
342,7/20/2017 4:32,23.966,0,
343,7/20/2017 5:32,23.869,0,
344,7/20/2017 6:32,23.773,53.8,
345,7/20/2017 7:32,23.773,1550,
346,7/20/2017 8:32,23.966,1722.2,
347,7/20/2017 9:32,24.158,2669.5,
348,7/20/2017 10:32,24.158,1722.2,
349,7/20/2017 11:32,24.351,958,
350,7/20/2017 12:00,,,53.225
351,7/20/2017 12:32,24.738,2583.4,
352,7/20/2017 13:32,25.222,99200.7,
353,7/20/2017 14:32,25.513,1377.8,
354,7/20/2017 15:32,25.708,2325,
355,7/20/2017 16:32,26,5166.7,
356,7/20/2017 17:32,26.488,968.8,
357,7/20/2017 18:32,26.39,1054.9,
358,7/20/2017 19:32,26.195,1248.6,
359,7/20/2017 20:32,25.902,710.4,
360,7/20/2017 21:32,25.708,10.8,
361,7/20/2017 22:32,25.513,0,
362,7/20/2017 23:32,25.319,0,
363,7/21/2017 0:32,25.125,0,
364,7/21/2017 1:32,25.028,0,
365,7/21/2017 2:32,24.835,0,
366,7/21/2017 3:32,24.641,0,
367,7/21/2017 4:32,24.545,0,
368,7/21/2017 5:32,24.448,0,
369,7/21/2017 6:32,24.351,139.9,
370,7/21/2017 7:32,24.255,570.5,
371,7/21/2017 8:32,24.448,1324,
372,7/21/2017 9:32,24.545,1980.6,
373,7/21/2017 10:32,24.835,2583.4,
374,7/21/2017 11:32,25.319,2583.4,
375,7/21/2017 12:00,,,58.908
376,7/21/2017 12:32,26,2497.2,
377,7/21/2017 13:32,25.902,3444.5,
378,7/21/2017 14:32,26,2755.6,
379,7/21/2017 15:32,26.195,2411.1,
380,7/21/2017 16:32,26.195,925.7,
381,7/21/2017 17:32,26.292,1227.1,
382,7/21/2017 18:32,26.585,699.7,
383,7/21/2017 19:32,26.488,1065.6,
384,7/21/2017 20:32,26.292,172.2,
385,7/21/2017 21:32,26.097,0,
386,7/21/2017 22:32,25.805,0,
387,7/21/2017 23:32,25.708,0,
388,7/22/2017 0:32,25.61,0,
389,7/22/2017 1:32,25.513,0,
390,7/22/2017 2:32,25.416,0,
391,7/22/2017 3:32,25.222,0,
392,7/22/2017 4:32,25.125,0,
393,7/22/2017 5:32,24.931,0,
394,7/22/2017 6:32,24.835,32.3,
395,7/22/2017 7:32,24.835,161.5,
396,7/22/2017 8:32,24.835,1324,
397,7/22/2017 9:32,24.931,764.2,
398,7/22/2017 10:32,24.931,1194.8,
399,7/22/2017 11:32,24.931,3272.2,
400,7/22/2017 12:00,,,64.492
401,7/22/2017 12:32,25.125,2066.7,
402,7/22/2017 13:32,25.222,2066.7,
403,7/22/2017 14:32,25.416,1722.2,
404,7/22/2017 15:32,25.61,1130.2,
405,7/22/2017 16:32,26.097,2755.6,
406,7/22/2017 17:32,26,6200,
407,7/22/2017 18:32,25.805,1022.6,
408,7/22/2017 19:32,25.805,183,
409,7/22/2017 20:32,25.708,107.6,
410,7/22/2017 21:32,25.513,0,
411,7/22/2017 22:32,25.416,0,
412,7/22/2017 23:32,25.319,0,
413,7/23/2017 0:32,25.222,0,
414,7/23/2017 1:32,25.028,0,
415,7/23/2017 2:32,24.738,0,
416,7/23/2017 3:32,24.641,0,
417,7/23/2017 4:32,24.448,0,
418,7/23/2017 5:32,24.351,0,
419,7/23/2017 6:32,24.255,10.8,
420,7/23/2017 7:32,24.255,183,
421,7/23/2017 8:32,24.255,107.6,
422,7/23/2017 9:32,24.158,333.7,
423,7/23/2017 10:32,24.158,1463.9,
424,7/23/2017 11:32,24.158,258.3,
425,7/23/2017 12:00,,,68.783
426,7/23/2017 12:32,24.062,861.1,
427,7/23/2017 13:32,23.869,32.3,
428,7/23/2017 14:32,23.869,958,
429,7/23/2017 15:32,24.062,1463.9,
430,7/23/2017 16:32,23.966,430.6,
431,7/23/2017 17:32,23.869,139.9,
432,7/23/2017 18:32,23.773,53.8,
433,7/23/2017 19:32,23.581,86.1,
434,7/23/2017 20:32,23.388,0,
435,7/23/2017 21:32,23.388,0,
436,7/23/2017 22:32,23.004,0,
437,7/23/2017 23:32,22.812,0,
438,7/24/2017 0:32,22.621,0,
439,7/24/2017 1:32,22.429,0,
440,7/24/2017 2:32,22.333,0,
441,7/24/2017 3:32,22.238,0,
442,7/24/2017 4:32,22.142,0,
443,7/24/2017 5:32,21.951,0,
444,7/24/2017 6:32,21.855,32.3,
445,7/24/2017 7:32,21.76,624.3,
446,7/24/2017 8:32,21.855,527.4,
447,7/24/2017 9:32,22.046,818.1,
448,7/24/2017 10:32,22.238,1463.9,
449,7/24/2017 11:32,22.812,1216.3,
450,7/24/2017 12:00,,,72.754
451,7/24/2017 12:32,23.292,2927.8,
452,7/24/2017 13:32,23.677,2927.8,
453,7/24/2017 14:32,24.062,2669.5,
454,7/24/2017 15:32,24.545,3100,
455,7/24/2017 16:32,24.931,2755.6,
456,7/24/2017 17:32,25.319,2755.6,
457,7/24/2017 18:32,25.319,1248.6,
458,7/24/2017 19:32,24.738,1377.8,
459,7/24/2017 20:32,24.545,96.9,
460,7/24/2017 21:32,24.255,0,
461,7/24/2017 22:32,23.869,0,
462,7/24/2017 23:32,23.773,0,
463,7/25/2017 0:32,23.581,0,
464,7/25/2017 1:32,23.388,0,
465,7/25/2017 2:32,23.196,0,
466,7/25/2017 3:32,23.004,0,
467,7/25/2017 4:32,22.812,0,
468,7/25/2017 5:32,22.717,0,
469,7/25/2017 6:32,22.621,21.5,
470,7/25/2017 7:32,22.717,226,
471,7/25/2017 8:32,22.812,1119.5,
472,7/25/2017 9:32,22.908,1248.6,
473,7/25/2017 10:32,23.388,1722.2,
474,7/25/2017 11:32,23.677,1636.1,
475,7/25/2017 12:00,,,77.781
476,7/25/2017 12:32,23.966,936.5,
477,7/25/2017 13:32,24.545,1087.2,
478,7/25/2017 14:32,25.708,13777.9,
479,7/25/2017 15:32,26,1722.2,
480,7/25/2017 16:32,25.902,1463.9,
481,7/25/2017 17:32,26.488,2755.6,
482,7/25/2017 18:32,26.097,1722.2,
483,7/25/2017 19:32,25.222,2066.7,
484,7/25/2017 20:32,24.931,247.6,
485,7/25/2017 21:32,24.835,0,
486,7/25/2017 22:32,24.738,0,
487,7/25/2017 23:32,24.545,0,
488,7/26/2017 0:32,24.448,0,
489,7/26/2017 1:32,24.255,0,
490,7/26/2017 2:32,24.158,0,
491,7/26/2017 3:32,24.062,0,
492,7/26/2017 4:32,23.869,0,
493,7/26/2017 5:32,23.773,0,
494,7/26/2017 6:32,23.677,0,
495,7/26/2017 7:32,23.388,559.7,
496,7/26/2017 8:32,22.908,107.6,
497,7/26/2017 9:32,22.908,64.6,
498,7/26/2017 10:32,22.908,3272.2,
499,7/26/2017 11:32,22.812,538.2,
500,7/26/2017 12:00,,,81.44
501,7/26/2017 12:32,22.812,2755.6,
502,7/26/2017 13:32,22.717,409,
503,7/26/2017 14:32,22.621,172.2,
504,7/26/2017 15:32,22.621,2238.9,
505,7/26/2017 16:32,22.717,1130.2,
506,7/26/2017 17:32,22.812,236.8,
507,7/26/2017 18:32,22.717,118.4,
508,7/26/2017 19:32,22.621,484.4,
509,7/26/2017 20:32,22.525,53.8,
510,7/26/2017 21:32,22.525,0,
511,7/26/2017 22:32,22.429,0,
512,7/26/2017 23:32,22.429,0,
513,7/27/2017 0:32,22.429,0,
514,7/27/2017 1:32,22.333,0,
515,7/27/2017 2:32,22.333,0,
516,7/27/2017 3:32,22.238,0,
517,7/27/2017 4:32,22.238,0,
518,7/27/2017 5:32,22.142,0,
519,7/27/2017 6:32,22.046,107.6,
520,7/27/2017 7:32,22.142,871.9,
521,7/27/2017 8:32,22.238,1636.1,
522,7/27/2017 9:32,22.429,1022.6,
523,7/27/2017 10:32,22.621,1808.3,
524,7/27/2017 11:32,23.1,3272.2,
525,7/27/2017 12:00,,,85.329
526,7/27/2017 12:32,23.292,18600.1,
527,7/27/2017 13:32,23.966,2755.6,
528,7/27/2017 14:32,24.641,5166.7,
529,7/27/2017 15:32,24.931,4305.6,
530,7/27/2017 16:32,25.028,2411.1,
531,7/27/2017 17:32,25.028,5166.7,
532,7/27/2017 18:32,24.931,2325,
533,7/27/2017 19:32,24.641,495.1,
534,7/27/2017 20:32,24.255,139.9,
535,7/27/2017 21:32,24.062,0,
536,7/27/2017 22:32,23.869,0,
537,7/27/2017 23:32,23.677,0,
538,7/28/2017 0:32,23.484,0,
539,7/28/2017 1:32,23.388,0,
540,7/28/2017 2:32,23.292,0,
541,7/28/2017 3:32,23.196,0,
542,7/28/2017 4:32,23.004,0,
543,7/28/2017 5:32,22.717,0,
544,7/28/2017 6:32,22.525,43.1,
545,7/28/2017 7:32,22.525,193.8,
546,7/28/2017 8:32,22.525,678.1,
547,7/28/2017 9:32,22.717,667.4,
548,7/28/2017 10:32,23.677,785.8,
549,7/28/2017 11:32,23.581,2927.8,
550,7/28/2017 12:00,,,89.27
551,7/28/2017 12:32,23.773,3100,
552,7/28/2017 13:32,23.773,4477.8,
553,7/28/2017 14:32,23.869,1980.6,
554,7/28/2017 15:32,23.966,1141,
555,7/28/2017 16:32,24.158,1119.5,
556,7/28/2017 17:32,24.835,1022.6,
557,7/28/2017 18:32,24.738,6200,
558,7/28/2017 19:32,24.738,2669.5,
559,7/28/2017 20:32,24.448,183,
560,7/28/2017 21:32,24.062,0,
561,7/28/2017 22:32,23.966,0,
562,7/28/2017 23:32,23.773,0,
563,7/29/2017 0:32,23.581,0,
564,7/29/2017 1:32,23.388,0,
565,7/29/2017 2:32,23.292,0,
566,7/29/2017 3:32,23.196,0,
567,7/29/2017 4:32,23.1,0,
568,7/29/2017 5:32,22.908,0,
569,7/29/2017 6:32,22.812,86.1,
570,7/29/2017 7:32,22.812,968.8,
571,7/29/2017 8:32,22.812,22044.6,
572,7/29/2017 9:32,22.908,2755.6,
573,7/29/2017 10:32,23.388,5511.1,
574,7/29/2017 11:32,23.677,1022.6,
575,7/29/2017 12:00,,,94.118
576,7/29/2017 12:32,24.255,3100,
577,7/29/2017 13:32,24.255,1184,
578,7/29/2017 14:32,24.351,8266.7,
579,7/29/2017 15:32,25.319,14466.8,
580,7/29/2017 16:32,25.708,4305.6,
581,7/29/2017 17:32,26.097,678.1,
582,7/29/2017 18:32,25.319,1463.9,
583,7/29/2017 19:32,24.931,409,
584,7/29/2017 20:32,24.448,64.6,
585,7/29/2017 21:32,24.158,0,
586,7/29/2017 22:32,23.966,0,
587,7/29/2017 23:32,23.773,0,
588,7/30/2017 0:32,23.773,0,
589,7/30/2017 1:32,23.677,0,
590,7/30/2017 2:32,23.581,0,
591,7/30/2017 3:32,23.388,0,
592,7/30/2017 4:32,23.292,0,
593,7/30/2017 5:32,23.1,0,
594,7/30/2017 6:32,23.004,21.5,
595,7/30/2017 7:32,23.004,322.9,
596,7/30/2017 8:32,23.1,1345.5,
597,7/30/2017 9:32,23.292,2497.2,
598,7/30/2017 10:32,23.484,1463.9,
599,7/30/2017 11:32,23.869,1377.8,
600,7/30/2017 12:00,,,98.85
601,7/30/2017 12:32,23.966,1001,
602,7/30/2017 13:32,24.158,990.3,
603,7/30/2017 14:32,24.738,5511.1,
604,7/30/2017 15:32,25.125,1076.4,
605,7/30/2017 16:32,25.805,4650,
606,7/30/2017 17:32,25.319,904.2,
607,7/30/2017 18:32,25.513,807.3,
608,7/30/2017 19:32,25.222,161.5,
609,7/30/2017 20:32,25.222,107.6,
610,7/30/2017 21:32,25.028,0,
611,7/30/2017 22:32,24.738,0,
612,7/30/2017 23:32,24.545,0,
613,7/31/2017 0:32,24.351,0,
614,7/31/2017 1:32,24.255,0,
615,7/31/2017 2:32,24.158,0,
616,7/31/2017 3:32,24.062,0,
617,7/31/2017 4:32,23.966,0,
618,7/31/2017 5:32,23.869,0,
619,7/31/2017 6:32,23.773,43.1,
620,7/31/2017 7:32,23.773,635.1,
621,7/31/2017 8:32,23.869,1808.3,
622,7/31/2017 9:32,24.158,5166.7,
623,7/31/2017 10:32,24.351,2669.5,
624,7/31/2017 11:32,25.222,3100,
625,7/31/2017 12:00,,,104.608
626,7/31/2017 12:32,25.125,990.3,
627,7/31/2017 13:32,25.513,5338.9,
628,7/31/2017 14:32,25.708,4305.6,
629,7/31/2017 15:32,26.195,678.1,
630,7/31/2017 16:32,26.977,645.8,
631,7/31/2017 17:32,26.879,688.9,
632,7/31/2017 18:32,26.879,742.7,
633,7/31/2017 19:32,26.488,678.1,
634,7/31/2017 20:32,26.292,64.6,
635,7/31/2017 21:32,26.097,0,
636,7/31/2017 22:32,25.805,0,
637,7/31/2017 23:32,25.61,0,
638,8/1/2017 0:32,25.513,0,
639,8/1/2017 1:32,25.416,0,
640,8/1/2017 2:32,25.319,0,
641,8/1/2017 3:32,25.222,0,
642,8/1/2017 4:32,25.028,0,
643,8/1/2017 5:32,24.931,0,
644,8/1/2017 6:32,24.835,75.3,
645,8/1/2017 7:32,24.738,505.9,
646,8/1/2017 8:32,25.028,775,
647,8/1/2017 9:32,25.125,1722.2,
648,8/1/2017 10:32,25.513,1463.9,
649,8/1/2017 11:32,25.902,10333.4,
650,8/1/2017 12:00,,,110.84
651,8/1/2017 12:32,26.097,3961.1,
652,8/1/2017 13:32,26.488,2755.6,
653,8/1/2017 14:32,26.585,1367,
654,8/1/2017 15:32,26.977,1808.3,
655,8/1/2017 16:32,27.075,4650,
656,8/1/2017 17:32,26.977,5166.7,
657,8/1/2017 18:32,27.173,344.4,
658,8/1/2017 19:32,27.173,3788.9,
659,8/1/2017 20:32,26.781,398.3,
660,8/1/2017 21:32,26.39,0,
661,8/1/2017 22:32,26.292,0,
662,8/1/2017 23:32,26.292,0,
663,8/2/2017 0:32,26,0,
664,8/2/2017 1:32,25.708,0,
665,8/2/2017 2:32,25.416,0,
666,8/2/2017 3:32,25.319,0,
667,8/2/2017 4:32,25.125,0,
668,8/2/2017 5:32,25.028,0,
669,8/2/2017 6:32,24.931,0,
670,8/2/2017 7:32,24.835,53.8,
671,8/2/2017 8:32,24.835,150.7,
672,8/2/2017 9:32,24.835,699.7,
673,8/2/2017 10:32,24.931,549,
674,8/2/2017 11:32,24.931,419.8,
675,8/2/2017 12:00,,,116.548
676,8/2/2017 12:32,25.028,1894.5,
677,8/2/2017 13:32,25.513,1463.9,
678,8/2/2017 14:32,25.902,1808.3,
679,8/2/2017 15:32,26,1722.2,
680,8/2/2017 16:32,26,893.4,
681,8/2/2017 17:32,26.195,1065.6,
682,8/2/2017 18:32,26.292,9300.1,
683,8/2/2017 19:32,26.195,2152.8,
684,8/2/2017 20:32,26,226,
685,8/2/2017 21:32,25.805,0,
686,8/2/2017 22:32,25.61,0,
687,8/2/2017 23:32,25.416,0,
688,8/3/2017 0:32,25.222,0,
689,8/3/2017 1:32,25.125,0,
690,8/3/2017 2:32,24.931,0,
691,8/3/2017 3:32,24.835,0,
692,8/3/2017 4:32,24.641,0,
693,8/3/2017 5:32,24.545,0,
694,8/3/2017 6:32,24.351,0,
695,8/3/2017 7:32,24.062,161.5,
696,8/3/2017 8:32,23.869,430.6,
697,8/3/2017 9:32,24.062,1097.9,
698,8/3/2017 10:32,24.062,3961.1,
699,8/3/2017 11:32,24.158,753.5,
700,8/3/2017 12:00,,,120.77
701,8/3/2017 12:32,24.158,226,
702,8/3/2017 13:32,24.158,6544.5,
703,8/3/2017 14:32,24.255,1636.1,
704,8/3/2017 15:32,24.255,2411.1,
705,8/3/2017 16:32,24.158,1141,
706,8/3/2017 17:32,24.062,1550,
707,8/3/2017 18:32,23.966,150.7,
708,8/3/2017 19:32,23.773,43.1,
709,8/3/2017 20:32,23.484,0,
710,8/3/2017 21:32,23.292,0,
711,8/3/2017 22:32,23.1,0,
712,8/3/2017 23:32,22.621,0,
713,8/4/2017 0:32,22.812,0,
714,8/4/2017 1:32,22.812,0,
715,8/4/2017 2:32,22.717,0,
716,8/4/2017 3:32,22.621,0,
717,8/4/2017 4:32,22.525,0,
718,8/4/2017 5:32,22.333,0,
719,8/4/2017 6:32,22.046,0,
720,8/4/2017 7:32,21.951,53.8,
721,8/4/2017 8:32,21.951,409,
722,8/4/2017 9:32,22.429,753.5,
723,8/4/2017 10:32,23.292,19289,
724,8/4/2017 11:32,23.292,8266.7,
725,8/4/2017 12:00,,,123.704
726,8/4/2017 12:32,23.388,1722.2,
727,8/4/2017 13:32,23.388,6544.5,
728,8/4/2017 14:32,23.581,5166.7,
729,8/4/2017 15:32,23.388,7233.4,
730,8/4/2017 16:32,23.196,678.1,
731,8/4/2017 17:32,23.292,183,
732,8/4/2017 18:32,22.908,64.6,
733,8/4/2017 19:32,22.717,21.5,
734,8/4/2017 20:32,22.621,0,
735,8/4/2017 21:32,22.429,0,
736,8/4/2017 22:32,22.238,0,
737,8/4/2017 23:32,22.046,0,
738,8/5/2017 0:32,21.855,0,
739,8/5/2017 1:32,21.664,0,
740,8/5/2017 2:32,21.664,0,
741,8/5/2017 3:32,21.473,0,
742,8/5/2017 4:32,21.378,0,
743,8/5/2017 5:32,21.187,0,
744,8/5/2017 6:32,20.996,10.8,
745,8/5/2017 7:32,20.901,247.6,
746,8/5/2017 8:32,20.901,721.2,
747,8/5/2017 9:32,21.091,635.1,
748,8/5/2017 10:32,21.664,850.4,
749,8/5/2017 11:32,21.855,893.4,
750,8/5/2017 12:00,,,126.439
751,8/5/2017 12:32,22.142,1463.9,
752,8/5/2017 13:32,22.429,1722.2,
753,8/5/2017 14:32,22.908,4477.8,
754,8/5/2017 15:32,23.004,2669.5,
755,8/5/2017 16:32,23.196,2927.8,
756,8/5/2017 17:32,23.869,6544.5,
757,8/5/2017 18:32,23.773,2238.9,
758,8/5/2017 19:32,23.484,8266.7,
759,8/5/2017 20:32,22.908,398.3,
760,8/5/2017 21:32,22.525,0,
761,8/5/2017 22:32,22.429,0,
762,8/5/2017 23:32,22.333,0,
763,8/6/2017 0:32,22.142,0,
764,8/6/2017 1:32,22.046,0,
765,8/6/2017 2:32,21.855,0,
766,8/6/2017 3:32,21.76,0,
767,8/6/2017 4:32,21.664,0,
768,8/6/2017 5:32,21.569,0,
769,8/6/2017 6:32,21.569,10.8,
770,8/6/2017 7:32,21.473,322.9,
771,8/6/2017 8:32,21.569,581.3,
772,8/6/2017 9:32,21.855,742.7,
773,8/6/2017 10:32,22.333,1141,
774,8/6/2017 11:32,22.621,4305.6,
775,8/6/2017 12:00,,,129.689
776,8/6/2017 12:32,22.812,1636.1,
777,8/6/2017 13:32,23.1,1722.2,
778,8/6/2017 14:32,23.484,1894.5,
779,8/6/2017 15:32,23.966,7233.4,
780,8/6/2017 16:32,24.158,1894.5,
781,8/6/2017 17:32,24.255,2927.8,
782,8/6/2017 18:32,24.351,4305.6,
783,8/6/2017 19:32,24.062,1076.4,
784,8/6/2017 20:32,23.773,53.8,
785,8/6/2017 21:32,23.484,0,
786,8/6/2017 22:32,23.292,0,
787,8/6/2017 23:32,23.1,0,
788,8/7/2017 0:32,22.908,0,
789,8/7/2017 1:32,22.812,0,
790,8/7/2017 2:32,22.717,0,
791,8/7/2017 3:32,22.525,0,
792,8/7/2017 4:32,22.429,0,
793,8/7/2017 5:32,22.333,0,
794,8/7/2017 6:32,22.142,21.5,
795,8/7/2017 7:32,21.951,226,
796,8/7/2017 8:32,22.046,441.3,
797,8/7/2017 9:32,22.142,1184,
798,8/7/2017 10:32,22.238,775,
799,8/7/2017 11:32,22.621,1108.7,
800,8/7/2017 12:00,,,133.113
801,8/7/2017 12:32,22.908,2927.8,
802,8/7/2017 13:32,23.196,1044.1,
803,8/7/2017 14:32,23.773,947.2,
804,8/7/2017 15:32,24.255,1894.5,
805,8/7/2017 16:32,24.351,2755.6,
806,8/7/2017 17:32,24.351,18600.1,
807,8/7/2017 18:32,24.062,861.1,
808,8/7/2017 19:32,23.869,2927.8,
809,8/7/2017 20:32,23.484,86.1,
810,8/7/2017 21:32,23.196,0,
811,8/7/2017 22:32,23.004,0,
812,8/7/2017 23:32,22.812,0,
813,8/8/2017 0:32,22.621,0,
814,8/8/2017 1:32,22.525,0,
815,8/8/2017 2:32,22.333,0,
816,8/8/2017 3:32,22.333,0,
817,8/8/2017 4:32,22.142,0,
818,8/8/2017 5:32,22.046,0,
819,8/8/2017 6:32,21.951,0,
820,8/8/2017 7:32,21.855,129.2,
821,8/8/2017 8:32,22.046,936.5,
822,8/8/2017 9:32,22.046,1722.2,
823,8/8/2017 10:32,22.142,2325,
824,8/8/2017 11:32,22.429,6200,
825,8/8/2017 12:00,,,136.81
826,8/8/2017 12:32,22.621,828.8,
827,8/8/2017 13:32,23.004,1808.3,
828,8/8/2017 14:32,23.292,775,
829,8/8/2017 15:32,23.773,4477.8,
830,8/8/2017 16:32,24.351,613.5,
831,8/8/2017 17:32,24.835,5511.1,
832,8/8/2017 18:32,24.448,258.3,
833,8/8/2017 19:32,24.158,118.4,
834,8/8/2017 20:32,23.773,150.7,
835,8/8/2017 21:32,23.677,0,
836,8/8/2017 22:32,23.484,0,
837,8/8/2017 23:32,23.388,0,
838,8/9/2017 0:32,23.292,0,
839,8/9/2017 1:32,23.196,0,
840,8/9/2017 2:32,23.004,0,
841,8/9/2017 3:32,22.908,0,
842,8/9/2017 4:32,22.812,0,
843,8/9/2017 5:32,22.717,0,
844,8/9/2017 6:32,22.621,0,
845,8/9/2017 7:32,22.621,129.2,
846,8/9/2017 8:32,22.812,1980.6,
847,8/9/2017 9:32,23.196,4822.3,
848,8/9/2017 10:32,23.484,1980.6,
849,8/9/2017 11:32,23.292,1119.5,
850,8/9/2017 12:00,,,141.278
851,8/9/2017 12:32,23.966,5166.7,
852,8/9/2017 13:32,24.351,1636.1,
853,8/9/2017 14:32,24.835,6544.5,
854,8/9/2017 15:32,25.61,1334.7,
855,8/9/2017 16:32,25.416,2411.1,
856,8/9/2017 17:32,25.61,979.5,
857,8/9/2017 18:32,25.319,1894.5,
858,8/9/2017 19:32,24.448,409,
859,8/9/2017 20:32,24.255,64.6,
860,8/9/2017 21:32,24.255,0,
861,8/9/2017 22:32,23.966,0,
862,8/9/2017 23:32,23.773,0,
863,8/10/2017 0:32,23.581,0,
864,8/10/2017 1:32,23.484,0,
865,8/10/2017 2:32,23.388,0,
866,8/10/2017 3:32,23.292,0,
867,8/10/2017 4:32,23.196,0,
868,8/10/2017 5:32,23.1,0,
869,8/10/2017 6:32,22.908,0,
870,8/10/2017 7:32,23.004,118.4,
871,8/10/2017 8:32,23.004,1184,
872,8/10/2017 9:32,22.812,193.8,
873,8/10/2017 10:32,22.812,1377.8,
874,8/10/2017 11:32,22.812,570.5,
875,8/10/2017 12:00,,,144.421
876,8/10/2017 12:32,23.004,1636.1,
877,8/10/2017 13:32,22.908,785.8,
878,8/10/2017 14:32,22.812,430.6,
879,8/10/2017 15:32,22.908,839.6,
880,8/10/2017 16:32,23.004,785.8,
881,8/10/2017 17:32,22.908,699.7,
882,8/10/2017 18:32,22.908,419.8,
883,8/10/2017 19:32,22.812,204.5,
884,8/10/2017 20:32,22.717,32.3,
885,8/10/2017 21:32,22.717,0,
886,8/10/2017 22:32,22.621,0,
887,8/10/2017 23:32,22.525,0,
888,8/11/2017 0:32,22.525,0,
889,8/11/2017 1:32,22.429,0,
890,8/11/2017 2:32,22.238,0,
891,8/11/2017 3:32,22.142,0,
892,8/11/2017 4:32,22.046,0,
893,8/11/2017 5:32,21.951,0,
894,8/11/2017 6:32,21.951,0,
895,8/11/2017 7:32,21.951,419.8,
896,8/11/2017 8:32,22.046,1184,
897,8/11/2017 9:32,22.142,602.8,
898,8/11/2017 10:32,22.238,893.4,
899,8/11/2017 11:32,22.621,2583.4,
900,8/11/2017 12:00,,,147.048
901,8/11/2017 12:32,22.812,269.1,
902,8/11/2017 13:32,22.525,2583.4,
903,8/11/2017 14:32,22.717,4650,
904,8/11/2017 15:32,23.004,2411.1,
905,8/11/2017 16:32,22.908,419.8,
906,8/11/2017 17:32,23.1,2152.8,
907,8/11/2017 18:32,23.004,247.6,
908,8/11/2017 19:32,23.004,344.4,
909,8/11/2017 20:32,22.812,21.5,
910,8/11/2017 21:32,22.717,0,
911,8/11/2017 22:32,22.717,0,
912,8/11/2017 23:32,22.621,0,
913,8/12/2017 0:32,22.621,0,
914,8/12/2017 1:32,22.525,0,
915,8/12/2017 2:32,22.429,0,
916,8/12/2017 3:32,22.333,0,
917,8/12/2017 4:32,22.238,0,
918,8/12/2017 5:32,22.142,0,
919,8/12/2017 6:32,22.046,0,
920,8/12/2017 7:32,21.951,258.3,
921,8/12/2017 8:32,21.76,861.1,
922,8/12/2017 9:32,21.76,366,
923,8/12/2017 10:32,21.951,785.8,
924,8/12/2017 11:32,22.525,4822.3,
925,8/12/2017 12:00,,,150.219
926,8/12/2017 12:32,23.1,1636.1,
927,8/12/2017 13:32,23.388,2152.8,
928,8/12/2017 14:32,23.484,18600.1,
929,8/12/2017 15:32,23.773,11022.3,
930,8/12/2017 16:32,23.966,3272.2,
931,8/12/2017 17:32,23.966,9644.5,
932,8/12/2017 18:32,24.062,1636.1,
933,8/12/2017 19:32,23.677,2411.1,
934,8/12/2017 20:32,23.388,269.1,
935,8/12/2017 21:32,23.292,0,
936,8/12/2017 22:32,23.1,0,
937,8/12/2017 23:32,22.908,0,
938,8/13/2017 0:32,22.812,0,
939,8/13/2017 1:32,22.621,0,
940,8/13/2017 2:32,22.429,0,
941,8/13/2017 3:32,22.333,0,
942,8/13/2017 4:32,22.238,0,
943,8/13/2017 5:32,22.238,0,
944,8/13/2017 6:32,22.142,43.1,
945,8/13/2017 7:32,22.046,1808.3,
946,8/13/2017 8:32,22.238,4994.5,
947,8/13/2017 9:32,22.621,8266.7,
948,8/13/2017 10:32,22.525,3272.2,
949,8/13/2017 11:32,22.525,1108.7,
950,8/13/2017 12:00,,,153.801
951,8/13/2017 12:32,22.717,2066.7,
952,8/13/2017 13:32,23.388,2411.1,
953,8/13/2017 14:32,23.869,68889.3,
954,8/13/2017 15:32,23.966,10677.8,
955,8/13/2017 16:32,24.062,2411.1,
956,8/13/2017 17:32,24.448,2325,
957,8/13/2017 18:32,24.545,2927.8,
958,8/13/2017 19:32,24.255,3272.2,
959,8/13/2017 20:32,23.869,53.8,
960,8/13/2017 21:32,23.677,0,
961,8/13/2017 22:32,23.484,0,
962,8/13/2017 23:32,23.292,0,
963,8/14/2017 0:32,23.196,0,
964,8/14/2017 1:32,23.1,0,
965,8/14/2017 2:32,23.004,0,
966,8/14/2017 3:32,22.908,0,
967,8/14/2017 4:32,22.717,0,
968,8/14/2017 5:32,22.621,0,
969,8/14/2017 6:32,22.525,0,
970,8/14/2017 7:32,22.429,226,
971,8/14/2017 8:32,22.429,1076.4,
972,8/14/2017 9:32,22.525,1054.9,
973,8/14/2017 10:32,23.388,1808.3,
974,8/14/2017 11:32,23.484,1108.7,
975,8/14/2017 12:00,,,157.767
976,8/14/2017 12:32,23.773,656.6,
977,8/14/2017 13:32,24.062,581.3,
978,8/14/2017 14:32,23.966,710.4,
979,8/14/2017 15:32,24.158,1324,
980,8/14/2017 16:32,24.931,2325,
981,8/14/2017 17:32,24.545,1151.7,
982,8/14/2017 18:32,24.062,850.4,
983,8/14/2017 19:32,23.869,527.4,
984,8/14/2017 20:32,23.677,107.6,
985,8/14/2017 21:32,23.484,0,
986,8/14/2017 22:32,23.196,0,
987,8/14/2017 23:32,23.1,0,
988,8/15/2017 0:32,23.1,0,
989,8/15/2017 1:32,23.004,0,
990,8/15/2017 2:32,22.908,0,
991,8/15/2017 3:32,22.812,0,
992,8/15/2017 4:32,22.812,0,
993,8/15/2017 5:32,22.717,0,
994,8/15/2017 6:32,22.621,0,
995,8/15/2017 7:32,22.525,355.2,
996,8/15/2017 8:32,22.717,914.9,
997,8/15/2017 9:32,22.908,1463.9,
998,8/15/2017 10:32,23.1,3100,
999,8/15/2017 11:32,23.388,1313.2,
1000,8/15/2017 12:00,,,161.769
1001,8/15/2017 12:32,23.869,3444.5,
1002,8/15/2017 13:32,24.255,2755.6,
1003,8/15/2017 14:32,24.931,5166.7,
1004,8/15/2017 15:32,24.641,2238.9,
1005,8/15/2017 16:32,24.641,17911.2,
1006,8/15/2017 17:32,24.835,44089.2,
1007,8/15/2017 18:32,24.351,1377.8,
1008,8/15/2017 19:32,24.255,22044.6,
1009,8/15/2017 20:32,23.966,96.9,
1010,8/15/2017 21:32,23.869,0,
1011,8/15/2017 22:32,23.581,0,
1012,8/15/2017 23:32,23.388,0,
1013,8/16/2017 0:32,23.292,0,
1014,8/16/2017 1:32,23.196,0,
1015,8/16/2017 2:32,23.196,0,
1016,8/16/2017 3:32,23.1,0,
1017,8/16/2017 4:32,23.004,0,
1018,8/16/2017 5:32,22.812,0,
1019,8/16/2017 6:32,22.717,21.5,
1020,8/16/2017 7:32,22.717,1334.7,
1021,8/16/2017 8:32,22.621,2152.8,
1022,8/16/2017 9:32,22.621,1162.5,
1023,8/16/2017 10:32,22.908,4477.8,
1024,8/16/2017 11:32,23.581,3444.5,
1025,8/16/2017 12:00,,,165.929
1026,8/16/2017 12:32,23.581,4994.5,
1027,8/16/2017 13:32,23.677,3100,
1028,8/16/2017 14:32,24.158,2152.8,
1029,8/16/2017 15:32,24.738,4305.6,
1030,8/16/2017 16:32,24.931,2755.6,
1031,8/16/2017 17:32,25.125,6200,
1032,8/16/2017 18:32,24.835,3788.9,
1033,8/16/2017 19:32,24.738,2152.8,
1034,8/16/2017 20:32,24.448,172.2,
1035,8/16/2017 21:32,24.158,0,
1036,8/16/2017 22:32,24.062,0,
1037,8/16/2017 23:32,23.966,0,
1038,8/17/2017 0:32,23.677,0,
1039,8/17/2017 1:32,23.388,0,
1040,8/17/2017 2:32,23.196,0,
1041,8/17/2017 3:32,23.1,0,
1042,8/17/2017 4:32,23.004,0,
1043,8/17/2017 5:32,22.908,0,
1044,8/17/2017 6:32,22.717,0,
1045,8/17/2017 7:32,22.621,86.1,
1046,8/17/2017 8:32,22.621,139.9,
1047,8/17/2017 9:32,22.525,312.2,
1048,8/17/2017 10:32,22.525,538.2,
1049,8/17/2017 11:32,22.142,247.6,
1050,8/17/2017 12:00,,,168.993
1051,8/17/2017 12:32,22.429,882.6,
1052,8/17/2017 13:32,22.333,387.5,
1053,8/17/2017 14:32,22.238,1044.1,
1054,8/17/2017 15:32,22.429,1227.1,
1055,8/17/2017 16:32,22.717,1980.6,
1056,8/17/2017 17:32,22.812,430.6,
1057,8/17/2017 18:32,22.908,473.6,
1058,8/17/2017 19:32,22.812,581.3,
1059,8/17/2017 20:32,22.621,21.5,
1060,8/17/2017 21:32,22.621,0,
1061,8/17/2017 22:32,22.525,0,
1062,8/17/2017 23:32,22.525,0,
1063,8/18/2017 0:32,22.429,0,
1064,8/18/2017 1:32,22.333,0,
1065,8/18/2017 2:32,22.333,0,
1066,8/18/2017 3:32,22.238,0,
1067,8/18/2017 4:32,22.238,0,
1068,8/18/2017 5:32,22.238,0,
1069,8/18/2017 6:32,22.333,0,
1070,8/18/2017 7:32,22.238,21.5,
1071,8/18/2017 8:32,22.238,183,
1072,8/18/2017 9:32,22.142,656.6,
1073,8/18/2017 10:32,22.142,495.1,
1074,8/18/2017 11:32,22.046,107.6,
1075,8/18/2017 12:00,,,170.95
1076,8/18/2017 12:32,22.142,1550,
1077,8/18/2017 13:32,22.046,193.8,
1078,8/18/2017 14:32,22.046,1044.1,
1079,8/18/2017 15:32,22.046,1377.8,
1080,8/18/2017 16:32,21.951,505.9,
1081,8/18/2017 17:32,21.855,183,
1082,8/18/2017 18:32,21.76,129.2,
1083,8/18/2017 19:32,21.664,64.6,
1084,8/18/2017 20:32,21.473,0,
1085,8/18/2017 21:32,21.378,0,
1086,8/18/2017 22:32,21.282,0,
1087,8/18/2017 23:32,21.282,0,
1088,8/19/2017 0:32,21.187,0,
1089,8/19/2017 1:32,21.187,0,
1090,8/19/2017 2:32,21.091,0,
1091,8/19/2017 3:32,20.996,0,
1092,8/19/2017 4:32,20.901,0,
1093,8/19/2017 5:32,20.805,0,
1094,8/19/2017 6:32,20.805,0,
1095,8/19/2017 7:32,20.71,172.2,
1096,8/19/2017 8:32,20.71,990.3,
1097,8/19/2017 9:32,20.901,4133.4,
1098,8/19/2017 10:32,21.187,4822.3,
1099,8/19/2017 11:32,21.664,2411.1,
1100,8/19/2017 12:00,,,173.188
1101,8/19/2017 12:32,21.76,2927.8,
1102,8/19/2017 13:32,21.951,2669.5,
1103,8/19/2017 14:32,22.333,1377.8,
1104,8/19/2017 15:32,22.717,1011.8,
1105,8/19/2017 16:32,23.1,742.7,
1106,8/19/2017 17:32,23.196,3616.7,
1107,8/19/2017 18:32,23.004,312.2,
1108,8/19/2017 19:32,23.1,904.2,
1109,8/19/2017 20:32,22.812,43.1,
1110,8/19/2017 21:32,22.525,0,
1111,8/19/2017 22:32,22.525,0,
1112,8/19/2017 23:32,22.429,0,
1113,8/20/2017 0:32,22.238,0,
1114,8/20/2017 1:32,22.046,0,
1115,8/20/2017 2:32,22.046,0,
1116,8/20/2017 3:32,21.951,0,
1117,8/20/2017 4:32,21.855,0,
1118,8/20/2017 5:32,21.664,0,
1119,8/20/2017 6:32,21.569,0,
1120,8/20/2017 7:32,21.473,301.4,
1121,8/20/2017 8:32,21.569,742.7,
1122,8/20/2017 9:32,21.855,3616.7,
1123,8/20/2017 10:32,22.142,925.7,
1124,8/20/2017 11:32,22.525,1248.6,
1125,8/20/2017 12:00,,,176.254
1126,8/20/2017 12:32,22.812,4650,
1127,8/20/2017 13:32,23.196,7577.8,
1128,8/20/2017 14:32,23.484,4650,
1129,8/20/2017 15:32,23.677,5166.7,
1130,8/20/2017 16:32,23.484,5511.1,
1131,8/20/2017 17:32,23.677,1980.6,
1132,8/20/2017 18:32,23.677,3961.1,
1133,8/20/2017 19:32,24.062,1377.8,
1134,8/20/2017 20:32,23.677,107.6,
1135,8/20/2017 21:32,23.581,0,
1136,8/20/2017 22:32,23.388,0,
1137,8/20/2017 23:32,23.1,0,
1138,8/21/2017 0:32,22.908,0,
1139,8/21/2017 1:32,22.621,0,
1140,8/21/2017 2:32,22.525,0,
1141,8/21/2017 3:32,22.525,0,
1142,8/21/2017 4:32,22.525,0,
1143,8/21/2017 5:32,22.525,0,
1144,8/21/2017 6:32,22.429,0,
1145,8/21/2017 7:32,22.429,53.8,
1146,8/21/2017 8:32,22.525,387.5,
1147,8/21/2017 9:32,23.004,5511.1,
1148,8/21/2017 10:32,23.196,1216.3,
1149,8/21/2017 11:32,23.677,4477.8,
1150,8/21/2017 12:00,,,180.098
1151,8/21/2017 12:32,23.773,1636.1,
1152,8/21/2017 13:32,24.641,2583.4,
1153,8/21/2017 14:32,24.738,1377.8,
1154,8/21/2017 15:32,24.545,2325,
1155,8/21/2017 16:32,24.351,1463.9,
1156,8/21/2017 17:32,24.738,1636.1,
1157,8/21/2017 18:32,24.545,1011.8,
1158,8/21/2017 19:32,24.255,258.3,
1159,8/21/2017 20:32,23.869,0,
1160,8/21/2017 21:32,23.677,0,
1161,8/21/2017 22:32,23.581,0,
1162,8/21/2017 23:32,23.484,0,
1163,8/22/2017 0:32,23.388,0,
1164,8/22/2017 1:32,23.292,0,
1165,8/22/2017 2:32,23.292,0,
1166,8/22/2017 3:32,23.196,0,
1167,8/22/2017 4:32,23.196,0,
1168,8/22/2017 5:32,23.1,0,
1169,8/22/2017 6:32,23.1,0,
1170,8/22/2017 7:32,23.004,333.7,
1171,8/22/2017 8:32,22.812,452.1,
1172,8/22/2017 9:32,22.621,1377.8,
1173,8/22/2017 10:32,22.525,958,
1174,8/22/2017 11:32,22.621,1076.4,
1175,8/22/2017 12:00,,,183.223
1176,8/22/2017 12:32,23.1,8611.2,
1177,8/22/2017 13:32,23.004,1808.3,
1178,8/22/2017 14:32,23.196,1980.6,
1179,8/22/2017 15:32,23.484,1808.3,
1180,8/22/2017 16:32,23.773,645.8,
1181,8/22/2017 17:32,23.677,5166.7,
1182,8/22/2017 18:32,23.388,2927.8,
1183,8/22/2017 19:32,23.1,1119.5,
1184,8/22/2017 20:32,22.812,0,
1185,8/22/2017 21:32,22.621,0,
1186,8/22/2017 22:32,22.238,0,
1187,8/22/2017 23:32,22.142,0,
1188,8/23/2017 0:32,22.046,0,
1189,8/23/2017 1:32,21.855,0,
1190,8/23/2017 2:32,21.855,0,
1191,8/23/2017 3:32,21.664,0,
1192,8/23/2017 4:32,21.473,0,
1193,8/23/2017 5:32,21.378,0,
1194,8/23/2017 6:32,21.282,0,
1195,8/23/2017 7:32,21.187,721.2,
1196,8/23/2017 8:32,21.091,1151.7,
1197,8/23/2017 9:32,21.282,1184,
1198,8/23/2017 10:32,21.282,731.9,
1199,8/23/2017 11:32,21.378,2152.8,
1200,8/23/2017 12:00,,,184.798
1201,8/23/2017 12:32,21.664,1636.1,
1202,8/23/2017 13:32,21.569,4822.3,
1203,8/23/2017 14:32,21.569,2927.8,
1204,8/23/2017 15:32,21.569,1377.8,
1205,8/23/2017 16:32,21.76,3616.7,
1206,8/23/2017 17:32,21.664,4305.6,
1207,8/23/2017 18:32,21.664,3444.5,
1208,8/23/2017 19:32,21.378,236.8,
1209,8/23/2017 20:32,21.282,21.5,
1210,8/23/2017 21:32,21.091,0,
1211,8/23/2017 22:32,20.996,0,
1212,8/23/2017 23:32,20.901,0,
1213,8/24/2017 0:32,20.71,0,
1214,8/24/2017 1:32,20.615,0,
1215,8/24/2017 2:32,20.519,0,
1216,8/24/2017 3:32,20.329,0,
1217,8/24/2017 4:32,20.234,0,
1218,8/24/2017 5:32,20.043,0,
1219,8/24/2017 6:32,19.758,0,
1220,8/24/2017 7:32,19.662,333.7,
1221,8/24/2017 8:32,19.662,1722.2,
1222,8/24/2017 9:32,19.758,3100,
1223,8/24/2017 10:32,19.758,1808.3,
1224,8/24/2017 11:32,20.043,3272.2,
1225,8/24/2017 12:00,,,185.704
1226,8/24/2017 12:32,21.091,2497.2,
1227,8/24/2017 13:32,20.901,1151.7,
1228,8/24/2017 14:32,20.901,2669.5,
1229,8/24/2017 15:32,21.187,2497.2,
1230,8/24/2017 16:32,21.569,3272.2,
1231,8/24/2017 17:32,21.664,3444.5,
1232,8/24/2017 18:32,21.473,4994.5,
1233,8/24/2017 19:32,21.091,452.1,
1234,8/24/2017 20:32,20.901,10.8,
1235,8/24/2017 21:32,20.71,0,
1236,8/24/2017 22:32,20.615,0,
1237,8/24/2017 23:32,20.424,0,
1238,8/25/2017 0:32,20.424,0,
1239,8/25/2017 1:32,20.234,0,
1240,8/25/2017 2:32,20.043,0,
1241,8/25/2017 3:32,19.948,0,
1242,8/25/2017 4:32,19.758,0,
1243,8/25/2017 5:32,19.567,0,
1244,8/25/2017 6:32,19.472,0,
1245,8/25/2017 7:32,19.472,398.3,
1246,8/25/2017 8:32,19.567,1722.2,
1247,8/25/2017 9:32,19.662,2411.1,
1248,8/25/2017 10:32,20.043,9644.5,
1249,8/25/2017 11:32,20.424,1636.1,
1250,8/25/2017 12:00,,,186.802
1251,8/25/2017 12:32,21.187,2927.8,
1252,8/25/2017 13:32,21.473,2066.7,
1253,8/25/2017 14:32,21.378,6200,
1254,8/25/2017 15:32,22.046,2927.8,
1255,8/25/2017 16:32,21.951,3272.2,
1256,8/25/2017 17:32,21.76,1980.6,
1257,8/25/2017 18:32,21.378,1173.3,
1258,8/25/2017 19:32,21.187,549,
1259,8/25/2017 20:32,20.805,10.8,
1260,8/25/2017 21:32,20.329,0,
1261,8/25/2017 22:32,20.234,0,
1262,8/25/2017 23:32,20.138,0,
1263,8/26/2017 0:32,20.138,0,
1264,8/26/2017 1:32,19.948,0,
1265,8/26/2017 2:32,19.853,0,
1266,8/26/2017 3:32,19.758,0,
1267,8/26/2017 4:32,19.662,0,
1268,8/26/2017 5:32,19.472,0,
1269,8/26/2017 6:32,19.282,0,
1270,8/26/2017 7:32,19.282,172.2,
1271,8/26/2017 8:32,19.377,1065.6,
1272,8/26/2017 9:32,19.758,2325,
1273,8/26/2017 10:32,20.329,2325,
1274,8/26/2017 11:32,20.71,8266.7,
1275,8/26/2017 12:00,,,188.152
1276,8/26/2017 12:32,20.71,2755.6,
1277,8/26/2017 13:32,21.187,2238.9,
1278,8/26/2017 14:32,21.473,1550,
1279,8/26/2017 15:32,22.142,3272.2,
1280,8/26/2017 16:32,22.525,2066.7,
1281,8/26/2017 17:32,22.525,5166.7,
1282,8/26/2017 18:32,21.951,1463.9,
1283,8/26/2017 19:32,21.76,516.7,
1284,8/26/2017 20:32,21.569,0,
1285,8/26/2017 21:32,21.282,0,
1286,8/26/2017 22:32,20.901,0,
1287,8/26/2017 23:32,20.805,0,
1288,8/27/2017 0:32,20.615,0,
1289,8/27/2017 1:32,20.519,0,
1290,8/27/2017 2:32,20.424,0,
1291,8/27/2017 3:32,20.043,0,
1292,8/27/2017 4:32,20.043,0,
1293,8/27/2017 5:32,19.948,0,
1294,8/27/2017 6:32,19.853,0,
1295,8/27/2017 7:32,19.758,150.7,
1296,8/27/2017 8:32,19.758,204.5,
1297,8/27/2017 9:32,19.662,742.7,
1298,8/27/2017 10:32,19.758,1216.3,
1299,8/27/2017 11:32,19.948,1980.6,
1300,8/27/2017 12:00,,,188.375
1301,8/27/2017 12:32,20.043,2238.9,
1302,8/27/2017 13:32,20.043,7233.4,
1303,8/27/2017 14:32,20.138,1550,
1304,8/27/2017 15:32,20.043,1324,
1305,8/27/2017 16:32,19.948,1550,
1306,8/27/2017 17:32,19.948,1463.9,
1307,8/27/2017 18:32,19.948,258.3,
1308,8/27/2017 19:32,19.853,43.1,
1309,8/27/2017 20:32,19.662,0,
1310,8/27/2017 21:32,19.567,0,
1311,8/27/2017 22:32,19.377,0,
1312,8/27/2017 23:32,19.282,0,
1313,8/28/2017 0:32,19.187,0,
1314,8/28/2017 1:32,19.092,0,
1315,8/28/2017 2:32,19.092,0,
1316,8/28/2017 3:32,19.092,0,
1317,8/28/2017 4:32,18.996,0,
1318,8/28/2017 5:32,18.996,0,
1319,8/28/2017 6:32,18.996,0,
1320,8/28/2017 7:32,18.901,43.1,
1321,8/28/2017 8:32,18.901,86.1,
1322,8/28/2017 9:32,18.901,226,
1323,8/28/2017 10:32,18.996,839.6,
1324,8/28/2017 11:32,19.187,1302.4,
1325,8/28/2017 12:00,,,188.388
1326,8/28/2017 12:32,19.187,979.5,
1327,8/28/2017 13:32,19.472,5166.7,
1328,8/28/2017 14:32,19.758,2927.8,
1329,8/28/2017 15:32,20.138,5166.7,
1330,8/28/2017 16:32,20.043,2927.8,
1331,8/28/2017 17:32,19.948,570.5,
1332,8/28/2017 18:32,19.948,990.3,
1333,8/28/2017 19:32,19.853,258.3,
1334,8/28/2017 20:32,19.853,10.8,
1335,8/28/2017 21:32,19.758,0,
1336,8/28/2017 22:32,19.758,0,
1337,8/28/2017 23:32,19.758,0,
1338,8/29/2017 0:32,19.662,0,
1339,8/29/2017 1:32,19.567,0,
1340,8/29/2017 2:32,19.472,0,
1341,8/29/2017 3:32,19.472,0,
1342,8/29/2017 4:32,19.377,0,
1343,8/29/2017 5:32,19.377,0,
1344,8/29/2017 6:32,19.377,0,
1345,8/29/2017 7:32,19.377,86.1,
1346,8/29/2017 8:32,19.377,344.4,
1347,8/29/2017 9:32,19.377,549,
1348,8/29/2017 10:32,19.472,624.3,
1349,8/29/2017 11:32,19.662,818.1,
1350,8/29/2017 12:00,,,188.671
1351,8/29/2017 12:32,19.758,2755.6,
1352,8/29/2017 13:32,20.043,2238.9,
1353,8/29/2017 14:32,20.043,2152.8,
1354,8/29/2017 15:32,20.138,1463.9,
1355,8/29/2017 16:32,20.519,2497.2,
1356,8/29/2017 17:32,20.615,1313.2,
1357,8/29/2017 18:32,20.71,3961.1,
1358,8/29/2017 19:32,20.519,204.5,
1359,8/29/2017 20:32,20.424,0,
1360,8/29/2017 21:32,20.424,0,
1361,8/29/2017 22:32,20.329,0,
1362,8/29/2017 23:32,20.329,0,
1363,8/30/2017 0:32,20.234,0,
1364,8/30/2017 1:32,20.234,0,
1365,8/30/2017 2:32,20.234,0,
1366,8/30/2017 3:32,20.138,0,
1367,8/30/2017 4:32,20.043,0,
1368,8/30/2017 5:32,20.043,0,
1369,8/30/2017 6:32,19.948,0,
1370,8/30/2017 7:32,19.853,204.5,
1371,8/30/2017 8:32,19.948,904.2,
1372,8/30/2017 9:32,20.234,1722.2,
1373,8/30/2017 10:32,20.519,2411.1,
1374,8/30/2017 11:32,20.805,1722.2,
1375,8/30/2017 12:00,,,189.508
1376,8/30/2017 12:32,21.187,2325,
1377,8/30/2017 13:32,21.187,1377.8,
1378,8/30/2017 14:32,21.187,1237.9,
1379,8/30/2017 15:32,21.187,2927.8,
1380,8/30/2017 16:32,21.473,2927.8,
1381,8/30/2017 17:32,21.473,3272.2,
1382,8/30/2017 18:32,21.282,1130.2,
1383,8/30/2017 19:32,21.187,764.2,
1384,8/30/2017 20:32,20.901,0,
1385,8/30/2017 21:32,20.71,0,
1386,8/30/2017 22:32,20.519,0,
1387,8/30/2017 23:32,20.424,0,
1388,8/31/2017 0:32,20.424,0,
1389,8/31/2017 1:32,20.329,0,
1390,8/31/2017 2:32,20.138,0,
1391,8/31/2017 3:32,19.948,0,
1392,8/31/2017 4:32,19.567,0,
1393,8/31/2017 5:32,19.472,0,
1394,8/31/2017 6:32,19.377,0,
1395,8/31/2017 7:32,19.282,161.5,
1396,8/31/2017 8:32,19.282,2152.8,
1397,8/31/2017 9:32,19.377,2927.8,
1398,8/31/2017 10:32,19.282,1377.8,
1399,8/31/2017 11:32,19.472,2066.7,
1400,8/31/2017 12:00,,,190.049
1401,8/31/2017 12:32,19.758,2152.8,
1402,8/31/2017 13:32,19.758,1097.9,
1403,8/31/2017 14:32,20.234,1216.3,
1404,8/31/2017 15:32,20.424,1636.1,
1405,8/31/2017 16:32,21.187,33066.9,
1406,8/31/2017 17:32,21.091,1980.6,
1407,8/31/2017 18:32,20.901,2325,
1408,8/31/2017 19:32,20.805,322.9,
1409,8/31/2017 20:32,20.615,0,
1410,8/31/2017 21:32,20.519,0,
1411,8/31/2017 22:32,20.424,0,
1412,8/31/2017 23:32,20.234,0,
1413,9/1/2017 0:32,20.043,0,
1414,9/1/2017 1:32,19.948,0,
1415,9/1/2017 2:32,19.758,0,
1416,9/1/2017 3:32,19.567,0,
1417,9/1/2017 4:32,19.377,0,
1418,9/1/2017 5:32,19.187,0,
1419,9/1/2017 6:32,18.901,0,
1420,9/1/2017 7:32,18.711,613.5,
1421,9/1/2017 8:32,18.711,1463.9,
1422,9/1/2017 9:32,19.092,1463.9,
1423,9/1/2017 10:32,19.377,68889.3,
1424,9/1/2017 11:32,19.662,23422.4,
1425,9/1/2017 12:00,,,190.571
1426,9/1/2017 12:32,20.043,4305.6,
1427,9/1/2017 13:32,20.138,1636.1,
1428,9/1/2017 14:32,20.519,1248.6,
1429,9/1/2017 15:32,20.71,1377.8,
1430,9/1/2017 16:32,20.996,2927.8,
1431,9/1/2017 17:32,21.187,2238.9,
1432,9/1/2017 18:32,21.282,430.6,
1433,9/1/2017 19:32,20.996,247.6,
1434,9/1/2017 20:32,20.71,0,
1435,9/1/2017 21:32,20.424,0,
1436,9/1/2017 22:32,20.138,0,
1437,9/1/2017 23:32,19.948,0,
1438,9/2/2017 0:32,19.853,0,
1439,9/2/2017 1:32,19.758,0,
1440,9/2/2017 2:32,19.662,0,
1441,9/2/2017 3:32,19.472,0,
1442,9/2/2017 4:32,19.282,0,
1443,9/2/2017 5:32,19.092,0,
1444,9/2/2017 6:32,18.901,0,
1445,9/2/2017 7:32,18.806,731.9,
1446,9/2/2017 8:32,18.711,3444.5,
1447,9/2/2017 9:32,18.616,2152.8,
1448,9/2/2017 10:32,19.092,52355.9,
1449,9/2/2017 11:32,18.711,9644.5,
1450,9/2/2017 12:00,,,190.711
1451,9/2/2017 12:32,18.996,1722.2,
1452,9/2/2017 13:32,19.567,699.7,
1453,9/2/2017 14:32,19.758,19977.9,
1454,9/2/2017 15:32,20.519,5511.1,
1455,9/2/2017 16:32,20.138,2152.8,
1456,9/2/2017 17:32,20.138,635.1,
1457,9/2/2017 18:32,19.948,2669.5,
1458,9/2/2017 19:32,19.758,32.3,
1459,9/2/2017 20:32,19.662,0,
1460,9/2/2017 21:32,19.567,0,
1461,9/2/2017 22:32,19.567,0,
1462,9/2/2017 23:32,19.472,0,
1463,9/3/2017 0:32,19.377,0,
1464,9/3/2017 1:32,19.377,0,
1465,9/3/2017 2:32,19.282,0,
1466,9/3/2017 3:32,19.187,0,
1467,9/3/2017 4:32,19.187,0,
1468,9/3/2017 5:32,18.996,0,
1469,9/3/2017 6:32,18.996,0,
1470,9/3/2017 7:32,18.996,21.5,
1471,9/3/2017 8:32,18.996,118.4,
1472,9/3/2017 9:32,19.092,1550,
1473,9/3/2017 10:32,19.092,3616.7,
1474,9/3/2017 11:32,19.662,742.7,
1475,9/3/2017 12:00,,,191.108
1476,9/3/2017 12:32,19.948,6200,
1477,9/3/2017 13:32,20.043,5166.7,
1478,9/3/2017 14:32,20.424,4305.6,
1479,9/3/2017 15:32,20.805,893.4,
1480,9/3/2017 16:32,20.996,2152.8,
1481,9/3/2017 17:32,20.996,17222.3,
1482,9/3/2017 18:32,20.901,785.8,
1483,9/3/2017 19:32,20.805,2152.8,
1484,9/3/2017 20:32,20.901,0,
1485,9/3/2017 21:32,20.138,0,
1486,9/3/2017 22:32,20.043,0,
1487,9/3/2017 23:32,19.853,0,
1488,9/4/2017 0:32,19.662,0,
1489,9/4/2017 1:32,19.567,0,
1490,9/4/2017 2:32,19.567,0,
1491,9/4/2017 3:32,19.567,0,
1492,9/4/2017 4:32,19.472,0,
1493,9/4/2017 5:32,19.472,0,
1494,9/4/2017 6:32,19.472,0,
1495,9/4/2017 7:32,19.472,0,
1496,9/4/2017 8:32,19.377,118.4,
1497,9/4/2017 9:32,19.377,161.5,
1498,9/4/2017 10:32,19.187,161.5,
1499,9/4/2017 11:32,19.282,1463.9,
1500,9/4/2017 12:00,,,191.153
1501,9/4/2017 12:32,19.853,4994.5,
1502,9/4/2017 13:32,20.138,3100,
1503,9/4/2017 14:32,20.138,1463.9,
1504,9/4/2017 15:32,20.234,1636.1,
1505,9/4/2017 16:32,20.234,5166.7,
1506,9/4/2017 17:32,20.138,5166.7,
1507,9/4/2017 18:32,20.043,710.4,
1508,9/4/2017 19:32,19.567,301.4,
1509,9/4/2017 20:32,19.662,0,
1510,9/4/2017 21:32,19.472,0,
1511,9/4/2017 22:32,19.472,0,
1512,9/4/2017 23:32,19.377,0,
1513,9/5/2017 0:32,19.282,0,
1514,9/5/2017 1:32,19.187,0,
1515,9/5/2017 2:32,19.092,0,
1516,9/5/2017 3:32,19.092,0,
1517,9/5/2017 4:32,18.901,0,
1518,9/5/2017 5:32,18.711,0,
1519,9/5/2017 6:32,18.616,0,
1520,9/5/2017 7:32,18.521,21.5,
1521,9/5/2017 8:32,18.521,678.1,
1522,9/5/2017 9:32,18.806,3961.1,
1523,9/5/2017 10:32,18.901,1377.8,
1524,9/5/2017 11:32,18.996,1377.8,
1525,9/5/2017 12:00,,,191.153
1526,9/5/2017 12:32,19.187,1894.5,
1527,9/5/2017 13:32,19.187,452.1,
1528,9/5/2017 14:32,19.377,3100,
1529,9/5/2017 15:32,19.377,366,
1530,9/5/2017 16:32,19.377,527.4,
1531,9/5/2017 17:32,19.948,785.8,
1532,9/5/2017 18:32,19.758,645.8,
1533,9/5/2017 19:32,19.377,204.5,
1534,9/5/2017 20:32,19.187,0,
1535,9/5/2017 21:32,19.092,0,
1536,9/5/2017 22:32,18.996,0,
1537,9/5/2017 23:32,18.806,0,
1538,9/6/2017 0:32,18.711,0,
1539,9/6/2017 1:32,18.616,0,
1540,9/6/2017 2:32,18.616,0,
1541,9/6/2017 3:32,18.521,0,
1542,9/6/2017 4:32,18.426,0,
1543,9/6/2017 5:32,18.236,0,
1544,9/6/2017 6:32,17.855,0,
1545,9/6/2017 7:32,17.57,32.3,
1546,9/6/2017 8:32,17.76,172.2,
1547,9/6/2017 9:32,17.855,419.8,
1548,9/6/2017 10:32,17.95,430.6,
1549,9/6/2017 11:32,18.331,1980.6,
1550,9/6/2017 12:00,,,191.153
1551,9/6/2017 12:32,18.901,1313.2,
1552,9/6/2017 13:32,19.092,1377.8,
1553,9/6/2017 14:32,19.948,3100,
1554,9/6/2017 15:32,19.567,441.3,
1555,9/6/2017 16:32,19.662,366,
1556,9/6/2017 17:32,19.472,129.2,
1557,9/6/2017 18:32,19.377,75.3,
1558,9/6/2017 19:32,19.282,64.6,
1559,9/6/2017 20:32,19.187,0,
1560,9/6/2017 21:32,19.092,0,
1561,9/6/2017 22:32,18.996,0,
1562,9/6/2017 23:32,18.806,0,
1563,9/7/2017 0:32,18.616,0,
1564,9/7/2017 1:32,18.521,0,
1565,9/7/2017 2:32,18.426,0,
1566,9/7/2017 3:32,18.331,0,
1567,9/7/2017 4:32,18.236,0,
1568,9/7/2017 5:32,18.045,0,
1569,9/7/2017 6:32,17.95,0,
1570,9/7/2017 7:32,17.95,64.6,
1571,9/7/2017 8:32,17.95,215.3,
1572,9/7/2017 9:32,17.95,269.1,
1573,9/7/2017 10:32,18.14,527.4,
1574,9/7/2017 11:32,18.236,549,
1575,9/7/2017 12:00,,,191.153
1576,9/7/2017 12:32,18.426,861.1,
1577,9/7/2017 13:32,18.901,2927.8,
1578,9/7/2017 14:32,19.187,4133.4,
1579,9/7/2017 15:32,19.282,2411.1,
1580,9/7/2017 16:32,19.092,3100,
1581,9/7/2017 17:32,19.472,721.2,
1582,9/7/2017 18:32,19.092,807.3,
1583,9/7/2017 19:32,18.901,64.6,
1584,9/7/2017 20:32,18.711,0,
1585,9/7/2017 21:32,18.711,0,
1586,9/7/2017 22:32,18.711,0,
1587,9/7/2017 23:32,18.616,0,
1588,9/8/2017 0:32,18.521,0,
1589,9/8/2017 1:32,18.426,0,
1590,9/8/2017 2:32,18.426,0,
1591,9/8/2017 3:32,18.331,0,
1592,9/8/2017 4:32,18.236,0,
1593,9/8/2017 5:32,18.045,0,
1594,9/8/2017 6:32,17.95,0,
1595,9/8/2017 7:32,17.76,215.3,
1596,9/8/2017 8:32,17.665,5511.1,
1597,9/8/2017 9:32,18.14,19977.9,
1598,9/8/2017 10:32,18.331,3100,
1599,9/8/2017 11:32,18.331,13089,
1600,9/8/2017 12:00,,,191.153
1601,9/8/2017 12:32,18.806,1808.3,
1602,9/8/2017 13:32,19.187,1377.8,
1603,9/8/2017 14:32,19.567,1550,
1604,9/8/2017 15:32,19.662,7233.4,
1605,9/8/2017 16:32,19.758,6200,
1606,9/8/2017 17:32,19.758,3100,
1607,9/8/2017 18:32,19.853,1722.2,
1608,9/8/2017 19:32,19.758,1184,
1609,9/8/2017 20:32,19.377,0,
1610,9/8/2017 21:32,19.187,0,
1611,9/8/2017 22:32,18.996,0,
1612,9/8/2017 23:32,18.901,0,
1613,9/9/2017 0:32,18.616,0,
1614,9/9/2017 1:32,18.521,0,
1615,9/9/2017 2:32,18.331,0,
1616,9/9/2017 3:32,18.14,0,
1617,9/9/2017 4:32,17.95,0,
1618,9/9/2017 5:32,17.855,0,
1619,9/9/2017 6:32,17.665,0,
1620,9/9/2017 7:32,17.57,204.5,
1621,9/9/2017 8:32,17.57,925.7,
1622,9/9/2017 9:32,18.045,1377.8,
1623,9/9/2017 10:32,18.521,14466.8,
1624,9/9/2017 11:32,18.711,2669.5,
1625,9/9/2017 12:00,,,191.153
1626,9/9/2017 12:32,18.616,4133.4,
1627,9/9/2017 13:32,18.806,2238.9,
1628,9/9/2017 14:32,18.996,1636.1,
1629,9/9/2017 15:32,19.377,1636.1,
1630,9/9/2017 16:32,19.758,3444.5,
1631,9/9/2017 17:32,19.662,1722.2,
1632,9/9/2017 18:32,19.377,990.3,
1633,9/9/2017 19:32,19.092,613.5,
1634,9/9/2017 20:32,18.996,0,
1635,9/9/2017 21:32,18.806,0,
1636,9/9/2017 22:32,18.711,0,
1637,9/9/2017 23:32,18.521,0,
1638,9/10/2017 0:32,18.426,0,
1639,9/10/2017 1:32,18.331,0,
1640,9/10/2017 2:32,18.236,0,
1641,9/10/2017 3:32,18.14,0,
1642,9/10/2017 4:32,17.855,0,
1643,9/10/2017 5:32,17.57,0,
1644,9/10/2017 6:32,17.475,0,
1645,9/10/2017 7:32,17.284,129.2,
1646,9/10/2017 8:32,17.284,570.5,
1647,9/10/2017 9:32,17.284,1162.5,
1648,9/10/2017 10:32,17.57,3100,
1649,9/10/2017 11:32,18.616,3616.7,
1650,9/10/2017 12:00,,,191.401
1651,9/10/2017 12:32,19.092,4305.6,
1652,9/10/2017 13:32,18.996,3444.5,
1653,9/10/2017 14:32,19.567,1205.6,
1654,9/10/2017 15:32,20.901,2066.7,
1655,9/10/2017 16:32,20.234,4822.3,
1656,9/10/2017 17:32,19.758,2755.6,
1657,9/10/2017 18:32,19.758,592,
1658,9/10/2017 19:32,19.187,107.6,
1659,9/10/2017 20:32,18.901,0,
1660,9/10/2017 21:32,18.711,0,
1661,9/10/2017 22:32,18.426,0,
1662,9/10/2017 23:32,18.331,0,
1663,9/11/2017 0:32,18.236,0,
1664,9/11/2017 1:32,18.045,0,
1665,9/11/2017 2:32,17.95,0,
1666,9/11/2017 3:32,17.855,0,
1667,9/11/2017 4:32,17.76,0,
1668,9/11/2017 5:32,17.57,0,
1669,9/11/2017 6:32,17.475,0,
1670,9/11/2017 7:32,17.379,86.1,
1671,9/11/2017 8:32,17.379,301.4,
1672,9/11/2017 9:32,17.475,419.8,
1673,9/11/2017 10:32,17.665,1033.3,
1674,9/11/2017 11:32,17.95,3961.1,
1675,9/11/2017 12:00,,,191.428
1676,9/11/2017 12:32,18.521,678.1,
1677,9/11/2017 13:32,18.711,1463.9,
1678,9/11/2017 14:32,19.187,2411.1,
1679,9/11/2017 15:32,19.377,4477.8,
1680,9/11/2017 16:32,20.234,495.1,
1681,9/11/2017 17:32,20.234,462.9,
1682,9/11/2017 18:32,19.662,1313.2,
1683,9/11/2017 19:32,19.377,64.6,
1684,9/11/2017 20:32,19.282,0,
1685,9/11/2017 21:32,19.187,0,
1686,9/11/2017 22:32,19.092,0,
1687,9/11/2017 23:32,18.901,0,
1688,9/12/2017 0:32,18.806,0,
1689,9/12/2017 1:32,18.806,0,
1690,9/12/2017 2:32,18.806,0,
1691,9/12/2017 3:32,18.711,0,
1692,9/12/2017 4:32,18.711,0,
1693,9/12/2017 5:32,18.331,0,
1694,9/12/2017 6:32,18.14,0,
1695,9/12/2017 7:32,18.045,75.3,
1696,9/12/2017 8:32,18.14,344.4,
1697,9/12/2017 9:32,18.426,710.4,
1698,9/12/2017 10:32,18.616,5166.7,
1699,9/12/2017 11:32,19.377,2755.6,
1700,9/12/2017 12:00,,,192.19
1701,9/12/2017 12:32,20.234,2497.2,
1702,9/12/2017 13:32,20.043,635.1,
1703,9/12/2017 14:32,21.378,1808.3,
1704,9/12/2017 15:32,21.855,3100,
1705,9/12/2017 16:32,20.996,1054.9,
1706,9/12/2017 17:32,20.805,2066.7,
1707,9/12/2017 18:32,21.282,279.9,
1708,9/12/2017 19:32,20.519,96.9,
1709,9/12/2017 20:32,19.853,0,
1710,9/12/2017 21:32,19.282,0,
1711,9/12/2017 22:32,19.187,0,
1712,9/12/2017 23:32,19.092,0,
1713,9/13/2017 0:32,18.996,0,
1714,9/13/2017 1:32,18.806,0,
1715,9/13/2017 2:32,18.806,0,
1716,9/13/2017 3:32,18.711,0,
1717,9/13/2017 4:32,18.711,0,
1718,9/13/2017 5:32,18.616,0,
1719,9/13/2017 6:32,18.521,0,
1720,9/13/2017 7:32,18.426,129.2,
1721,9/13/2017 8:32,18.806,322.9,
1722,9/13/2017 9:32,19.282,581.3,
1723,9/13/2017 10:32,19.567,936.5,
1724,9/13/2017 11:32,20.234,947.2,
1725,9/13/2017 12:00,,,193.323
1726,9/13/2017 12:32,20.615,1980.6,
1727,9/13/2017 13:32,20.424,5511.1,
1728,9/13/2017 14:32,21.76,3100,
1729,9/13/2017 15:32,21.378,2927.8,
1730,9/13/2017 16:32,22.429,775,
1731,9/13/2017 17:32,22.142,882.6,
1732,9/13/2017 18:32,20.996,398.3,
1733,9/13/2017 19:32,20.424,53.8,
1734,9/13/2017 20:32,20.043,0,
1735,9/13/2017 21:32,19.758,0,
1736,9/13/2017 22:32,19.758,0,
1737,9/13/2017 23:32,19.662,0,
1738,9/14/2017 0:32,19.662,0,
1739,9/14/2017 1:32,19.472,0,
1740,9/14/2017 2:32,19.377,0,
1741,9/14/2017 3:32,19.282,0,
1742,9/14/2017 4:32,19.187,0,
1743,9/14/2017 5:32,19.282,0,
1744,9/14/2017 6:32,19.187,0,
1745,9/14/2017 7:32,19.187,43.1,
1746,9/14/2017 8:32,19.092,301.4,
1747,9/14/2017 9:32,19.187,656.6,
1748,9/14/2017 10:32,19.758,1044.1,
1749,9/14/2017 11:32,19.853,2238.9,
1750,9/14/2017 12:00,,,194.515
1751,9/14/2017 12:32,20.615,4822.3,
1752,9/14/2017 13:32,20.519,4994.5,
1753,9/14/2017 14:32,21.951,3100,
1754,9/14/2017 15:32,22.333,1636.1,
1755,9/14/2017 16:32,22.238,1808.3,
1756,9/14/2017 17:32,22.333,1044.1,
1757,9/14/2017 18:32,22.238,645.8,
1758,9/14/2017 19:32,21.951,96.9,
1759,9/14/2017 20:32,21.855,0,
1760,9/14/2017 21:32,21.76,0,
1761,9/14/2017 22:32,21.664,0,
1762,9/14/2017 23:32,21.473,0,
1763,9/15/2017 0:32,21.378,0,
1764,9/15/2017 1:32,21.378,0,
1765,9/15/2017 2:32,21.187,0,
1766,9/15/2017 3:32,21.091,0,
1767,9/15/2017 4:32,20.901,0,
1768,9/15/2017 5:32,20.805,0,
1769,9/15/2017 6:32,20.71,0,
1770,9/15/2017 7:32,20.615,161.5,
1771,9/15/2017 8:32,20.519,559.7,
1772,9/15/2017 9:32,20.805,2411.1,
1773,9/15/2017 10:32,21.187,2411.1,
1774,9/15/2017 11:32,21.378,2669.5,
1775,9/15/2017 12:00,,,196.5
1776,9/15/2017 12:32,21.855,699.7,
1777,9/15/2017 13:32,22.238,2583.4,
1778,9/15/2017 14:32,22.333,9300.1,
1779,9/15/2017 15:32,22.621,41333.6,
1780,9/15/2017 16:32,22.621,4994.5,
1781,9/15/2017 17:32,22.908,1280.9,
1782,9/15/2017 18:32,22.717,13089,
1783,9/15/2017 19:32,22.525,86.1,
1784,9/15/2017 20:32,22.525,0,
1785,9/15/2017 21:32,22.238,0,
1786,9/15/2017 22:32,22.142,0,
1787,9/15/2017 23:32,22.046,0,
1788,9/16/2017 0:32,22.046,0,
1789,9/16/2017 1:32,21.951,0,
1790,9/16/2017 2:32,21.855,0,
1791,9/16/2017 3:32,21.76,0,
1792,9/16/2017 4:32,21.76,0,
1793,9/16/2017 5:32,21.76,0,
1794,9/16/2017 6:32,21.569,0,
1795,9/16/2017 7:32,21.473,107.6,
1796,9/16/2017 8:32,21.473,473.6,
1797,9/16/2017 9:32,21.664,1894.5,
1798,9/16/2017 10:32,21.855,1162.5,
1799,9/16/2017 11:32,22.429,764.2,
1800,9/16/2017 12:00,,,199.566
1801,9/16/2017 12:32,23.004,6544.5,
1802,9/16/2017 13:32,23.388,818.1,
1803,9/16/2017 14:32,23.773,3788.9,
1804,9/16/2017 15:32,23.869,3788.9,
1805,9/16/2017 16:32,23.966,549,
1806,9/16/2017 17:32,23.869,538.2,
1807,9/16/2017 18:32,24.062,366,
1808,9/16/2017 19:32,23.581,107.6,
1809,9/16/2017 20:32,23.484,0,
1810,9/16/2017 21:32,23.196,0,
1811,9/16/2017 22:32,23.004,0,
1812,9/16/2017 23:32,22.908,0,
1813,9/17/2017 0:32,22.908,0,
1814,9/17/2017 1:32,22.812,0,
1815,9/17/2017 2:32,22.717,0,
1816,9/17/2017 3:32,22.717,0,
1817,9/17/2017 4:32,22.621,0,
1818,9/17/2017 5:32,22.429,0,
1819,9/17/2017 6:32,22.333,0,
1820,9/17/2017 7:32,22.333,269.1,
1821,9/17/2017 8:32,22.429,10333.4,
1822,9/17/2017 9:32,22.621,19977.9,
1823,9/17/2017 10:32,22.525,2927.8,
1824,9/17/2017 11:32,22.717,15155.7,
1825,9/17/2017 12:00,,,202.691
1826,9/17/2017 12:32,23.1,1550,
1827,9/17/2017 13:32,23.773,1722.2,
1828,9/17/2017 14:32,23.292,1636.1,
1829,9/17/2017 15:32,23.004,2152.8,
1830,9/17/2017 16:32,22.812,1302.4,
1831,9/17/2017 17:32,22.908,301.4,
1832,9/17/2017 18:32,22.812,10.8,
1833,9/17/2017 19:32,22.621,0,
1834,9/17/2017 20:32,22.429,0,
1835,9/17/2017 21:32,22.333,0,
1836,9/17/2017 22:32,22.142,0,
1837,9/17/2017 23:32,22.142,0,
1838,9/18/2017 0:32,22.046,0,
1839,9/18/2017 1:32,21.951,0,
1840,9/18/2017 2:32,21.664,0,
1841,9/18/2017 3:32,21.378,0,
1842,9/18/2017 4:32,21.378,0,
1843,9/18/2017 5:32,21.187,0,
1844,9/18/2017 6:32,21.091,0,
1845,9/18/2017 7:32,20.996,53.8,
1846,9/18/2017 8:32,20.996,2583.4,
1847,9/18/2017 9:32,21.091,2755.6,
1848,9/18/2017 10:32,21.282,14466.8,
1849,9/18/2017 11:32,21.569,2755.6,
1850,9/18/2017 12:00,,,205.278
1851,9/18/2017 12:32,22.238,4133.4,
1852,9/18/2017 13:32,22.908,1313.2,
1853,9/18/2017 14:32,23.484,1377.8,
1854,9/18/2017 15:32,23.581,839.6,
1855,9/18/2017 16:32,23.388,9300.1,
1856,9/18/2017 17:32,23.196,1237.9,
1857,9/18/2017 18:32,23.1,958,
1858,9/18/2017 19:32,22.812,21.5,
1859,9/18/2017 20:32,22.621,0,
1860,9/18/2017 21:32,22.429,0,
1861,9/18/2017 22:32,22.333,0,
1862,9/18/2017 23:32,22.142,0,
1863,9/19/2017 0:32,22.046,0,
1864,9/19/2017 1:32,21.951,0,
1865,9/19/2017 2:32,21.76,0,
1866,9/19/2017 3:32,21.664,0,
1867,9/19/2017 4:32,21.569,0,
1868,9/19/2017 5:32,21.378,0,
1869,9/19/2017 6:32,21.282,0,
1870,9/19/2017 7:32,21.091,32.3,
1871,9/19/2017 8:32,21.091,409,
1872,9/19/2017 9:32,21.187,699.7,
1873,9/19/2017 10:32,21.569,1550,
1874,9/19/2017 11:32,21.378,3961.1,
1875,9/19/2017 12:00,,,207.104
1876,9/19/2017 12:32,21.569,635.1,
1877,9/19/2017 13:32,21.855,5511.1,
1878,9/19/2017 14:32,22.333,1550,
1879,9/19/2017 15:32,22.238,1184,
1880,9/19/2017 16:32,22.046,1808.3,
1881,9/19/2017 17:32,22.046,1550,
1882,9/19/2017 18:32,21.664,462.9,
1883,9/19/2017 19:32,21.473,64.6,
1884,9/19/2017 20:32,21.378,0,
1885,9/19/2017 21:32,21.187,0,
1886,9/19/2017 22:32,21.091,0,
1887,9/19/2017 23:32,21.091,0,
1888,9/20/2017 0:32,20.805,0,
1889,9/20/2017 1:32,20.805,0,
1890,9/20/2017 2:32,20.71,0,
1891,9/20/2017 3:32,20.615,0,
1892,9/20/2017 4:32,20.71,0,
1893,9/20/2017 5:32,20.615,0,
1894,9/20/2017 6:32,20.615,0,
1895,9/20/2017 7:32,20.615,129.2,
1896,9/20/2017 8:32,20.71,172.2,
1897,9/20/2017 9:32,20.71,710.4,
1898,9/20/2017 10:32,21.282,882.6,
1899,9/20/2017 11:32,21.569,1194.8,
1900,9/20/2017 12:00,,,208.941
1901,9/20/2017 12:32,21.473,1894.5,
1902,9/20/2017 13:32,22.238,839.6,
1903,9/20/2017 14:32,22.142,1894.5,
1904,9/20/2017 15:32,22.525,9644.5,
1905,9/20/2017 16:32,22.621,3444.5,
1906,9/20/2017 17:32,22.621,1087.2,
1907,9/20/2017 18:32,22.142,2066.7,
1908,9/20/2017 19:32,21.951,43.1,
1909,9/20/2017 20:32,21.76,0,
1910,9/20/2017 21:32,21.664,0,
1911,9/20/2017 22:32,21.569,0,
1912,9/20/2017 23:32,21.473,0,
1913,9/21/2017 0:32,21.378,0,
1914,9/21/2017 1:32,21.378,0,
1915,9/21/2017 2:32,21.378,0,
1916,9/21/2017 3:32,21.282,0,
1917,9/21/2017 4:32,21.378,0,
1918,9/21/2017 5:32,21.187,0,
1919,9/21/2017 6:32,21.187,0,
1920,9/21/2017 7:32,21.187,21.5,
1921,9/21/2017 8:32,21.187,398.3,
1922,9/21/2017 9:32,21.282,947.2,
1923,9/21/2017 10:32,21.855,3616.7,
1924,9/21/2017 11:32,22.429,4650,
1925,9/21/2017 12:00,,,212.026
1926,9/21/2017 12:32,22.525,3444.5,
1927,9/21/2017 13:32,23.388,2152.8,
1928,9/21/2017 14:32,23.677,3444.5,
1929,9/21/2017 15:32,24.255,1022.6,
1930,9/21/2017 16:32,24.062,1722.2,
1931,9/21/2017 17:32,23.484,731.9,
1932,9/21/2017 18:32,23.196,344.4,
1933,9/21/2017 19:32,23.004,32.3,
1934,9/21/2017 20:32,23.1,0,
1935,9/21/2017 21:32,23.004,0,
1936,9/21/2017 22:32,22.812,0,
1937,9/21/2017 23:32,22.908,0,
1938,9/22/2017 0:32,22.717,0,
1939,9/22/2017 1:32,22.621,0,
1940,9/22/2017 2:32,22.525,0,
1941,9/22/2017 3:32,22.333,0,
1942,9/22/2017 4:32,22.238,0,
1943,9/22/2017 5:32,22.142,0,
1944,9/22/2017 6:32,22.046,0,
1945,9/22/2017 7:32,21.951,21.5,
1946,9/22/2017 8:32,22.142,247.6,
1947,9/22/2017 9:32,22.429,656.6,
1948,9/22/2017 10:32,22.812,2238.9,
1949,9/22/2017 11:32,23.388,1377.8,
1950,9/22/2017 12:00,,,215.819
1951,9/22/2017 12:32,23.581,807.3,
1952,9/22/2017 13:32,24.641,882.6,
1953,9/22/2017 14:32,24.931,6200,
1954,9/22/2017 15:32,24.931,925.7,
1955,9/22/2017 16:32,24.835,1808.3,
1956,9/22/2017 17:32,24.448,430.6,
1957,9/22/2017 18:32,24.351,139.9,
1958,9/22/2017 19:32,24.062,21.5,
1959,9/22/2017 20:32,23.484,0,
1960,9/22/2017 21:32,23.484,0,
1961,9/22/2017 22:32,23.388,0,
1962,9/22/2017 23:32,23.196,0,
1963,9/23/2017 0:32,23.1,0,
1964,9/23/2017 1:32,23.004,0,
1965,9/23/2017 2:32,23.004,0,
1966,9/23/2017 3:32,22.908,0,
1967,9/23/2017 4:32,22.908,0,
1968,9/23/2017 5:32,22.812,0,
1969,9/23/2017 6:32,22.717,0,
1970,9/23/2017 7:32,22.621,53.8,
1971,9/23/2017 8:32,22.717,753.5,
1972,9/23/2017 9:32,23.004,904.2,
1973,9/23/2017 10:32,23.1,1636.1,
1974,9/23/2017 11:32,23.196,1033.3,
1975,9/23/2017 12:00,,,220.103
1976,9/23/2017 12:32,23.581,850.4,
1977,9/23/2017 13:32,23.869,925.7,
1978,9/23/2017 14:32,24.545,1065.6,
1979,9/23/2017 15:32,25.319,1205.6,
1980,9/23/2017 16:32,25.222,1022.6,
1981,9/23/2017 17:32,25.125,430.6,
1982,9/23/2017 18:32,24.931,333.7,
1983,9/23/2017 19:32,24.545,10.8,
1984,9/23/2017 20:32,24.448,0,
1985,9/23/2017 21:32,24.255,0,
1986,9/23/2017 22:32,24.255,0,
1987,9/23/2017 23:32,24.062,0,
1988,9/24/2017 0:32,23.966,0,
1989,9/24/2017 1:32,23.869,0,
1990,9/24/2017 2:32,23.773,0,
1991,9/24/2017 3:32,23.677,0,
1992,9/24/2017 4:32,23.581,0,
1993,9/24/2017 5:32,23.484,0,
1994,9/24/2017 6:32,23.484,0,
1995,9/24/2017 7:32,23.388,32.3,
1996,9/24/2017 8:32,23.581,290.6,
1997,9/24/2017 9:32,24.062,538.2,
1998,9/24/2017 10:32,24.158,1194.8,
1999,9/24/2017 11:32,24.835,721.2,
2000,9/24/2017 12:00,,,225.409
2001,9/24/2017 12:32,24.931,947.2,
2002,9/24/2017 13:32,25.222,818.1,
2003,9/24/2017 14:32,25.708,807.3,
2004,9/24/2017 15:32,26,7577.8,
2005,9/24/2017 16:32,26.488,6200,
2006,9/24/2017 17:32,26.097,2583.4,
2007,9/24/2017 18:32,25.513,1377.8,
2008,9/24/2017 19:32,25.222,32.3,
2009,9/24/2017 20:32,25.028,0,
2010,9/24/2017 21:32,24.835,0,
2011,9/24/2017 22:32,24.738,0,
2012,9/24/2017 23:32,24.545,0,
2013,9/25/2017 0:32,24.448,0,
2014,9/25/2017 1:32,24.351,0,
2015,9/25/2017 2:32,24.255,0,
2016,9/25/2017 3:32,24.158,0,
2017,9/25/2017 4:32,24.062,0,
2018,9/25/2017 5:32,23.966,0,
2019,9/25/2017 6:32,23.773,0,
2020,9/25/2017 7:32,23.773,21.5,
2021,9/25/2017 8:32,23.869,183,
2022,9/25/2017 9:32,23.677,538.2,
2023,9/25/2017 10:32,24.158,1808.3,
2024,9/25/2017 11:32,24.448,2066.7,
2025,9/25/2017 12:00,,,230.447
2026,9/25/2017 12:32,24.738,925.7,
2027,9/25/2017 13:32,24.931,936.5,
2028,9/25/2017 14:32,25.513,2583.4,
2029,9/25/2017 15:32,25.902,721.2,
2030,9/25/2017 16:32,25.222,2152.8,
2031,9/25/2017 17:32,25.513,6544.5,
2032,9/25/2017 18:32,25.222,322.9,
2033,9/25/2017 19:32,25.028,10.8,
2034,9/25/2017 20:32,24.835,0,
2035,9/25/2017 21:32,24.738,0,
2036,9/25/2017 22:32,24.641,0,
2037,9/25/2017 23:32,24.545,0,
2038,9/26/2017 0:32,24.545,0,
2039,9/26/2017 1:32,24.351,0,
2040,9/26/2017 2:32,24.255,0,
2041,9/26/2017 3:32,24.158,0,
2042,9/26/2017 4:32,24.062,0,
2043,9/26/2017 5:32,23.966,0,
2044,9/26/2017 6:32,23.869,0,
2045,9/26/2017 7:32,23.773,21.5,
2046,9/26/2017 8:32,23.773,226,
2047,9/26/2017 9:32,24.062,861.1,
2048,9/26/2017 10:32,24.351,936.5,
2049,9/26/2017 11:32,24.641,2755.6,
2050,9/26/2017 12:00,,,235.273
2051,9/26/2017 12:32,24.835,2583.4,
2052,9/26/2017 13:32,25.028,1980.6,
2053,9/26/2017 14:32,25.513,4650,
2054,9/26/2017 15:32,24.931,5338.9,
2055,9/26/2017 16:32,24.835,1141,
2056,9/26/2017 17:32,24.835,968.8,
2057,9/26/2017 18:32,24.738,301.4,
2058,9/26/2017 19:32,24.545,0,
2059,9/26/2017 20:32,24.448,0,
2060,9/26/2017 21:32,24.351,0,
2061,9/26/2017 22:32,24.158,0,
2062,9/26/2017 23:32,23.966,0,
2063,9/27/2017 0:32,23.869,0,
2064,9/27/2017 1:32,23.773,0,
2065,9/27/2017 2:32,23.773,0,
2066,9/27/2017 3:32,23.484,0,
2067,9/27/2017 4:32,23.484,0,
2068,9/27/2017 5:32,23.292,0,
2069,9/27/2017 6:32,23.196,0,
2070,9/27/2017 7:32,23.004,0,
2071,9/27/2017 8:32,22.717,139.9,
2072,9/27/2017 9:32,22.717,527.4,
2073,9/27/2017 10:32,22.429,549,
2074,9/27/2017 11:32,22.621,2238.9,
2075,9/27/2017 12:00,,,238.112
2076,9/27/2017 12:32,22.621,473.6,
2077,9/27/2017 13:32,23.004,2152.8,
2078,9/27/2017 14:32,23.004,1076.4,
2079,9/27/2017 15:32,23.004,4133.4,
2080,9/27/2017 16:32,22.717,495.1,
2081,9/27/2017 17:32,22.908,936.5,
2082,9/27/2017 18:32,22.333,129.2,
2083,9/27/2017 19:32,22.046,0,
2084,9/27/2017 20:32,21.76,0,
2085,9/27/2017 21:32,21.569,0,
2086,9/27/2017 22:32,21.282,0,
2087,9/27/2017 23:32,21.187,0,
2088,9/28/2017 0:32,21.091,0,
2089,9/28/2017 1:32,20.996,0,
2090,9/28/2017 2:32,20.901,0,
2091,9/28/2017 3:32,20.901,0,
2092,9/28/2017 4:32,20.71,0,
2093,9/28/2017 5:32,20.71,0,
2094,9/28/2017 6:32,20.615,0,
2095,9/28/2017 7:32,20.615,32.3,
2096,9/28/2017 8:32,20.615,581.3,
2097,9/28/2017 9:32,20.615,581.3,
2098,9/28/2017 10:32,21.187,1894.5,
2099,9/28/2017 11:32,21.282,2411.1,
2100,9/28/2017 12:00,,,239.332
2101,9/28/2017 12:32,21.282,1808.3,
2102,9/28/2017 13:32,21.282,484.4,
2103,9/28/2017 14:32,21.378,505.9,
2104,9/28/2017 15:32,21.282,409,
2105,9/28/2017 16:32,21.76,3272.2,
2106,9/28/2017 17:32,21.187,1550,
2107,9/28/2017 18:32,20.996,613.5,
2108,9/28/2017 19:32,20.805,0,
2109,9/28/2017 20:32,20.71,0,
2110,9/28/2017 21:32,20.519,0,
2111,9/28/2017 22:32,20.424,0,
2112,9/28/2017 23:32,20.424,0,
2113,9/29/2017 0:32,20.329,0,
2114,9/29/2017 1:32,20.138,0,
2115,9/29/2017 2:32,20.043,0,
2116,9/29/2017 3:32,20.043,0,
2117,9/29/2017 4:32,19.853,0,
2118,9/29/2017 5:32,19.758,0,
2119,9/29/2017 6:32,19.662,0,
2120,9/29/2017 7:32,19.472,0,
2121,9/29/2017 8:32,19.472,107.6,
2122,9/29/2017 9:32,19.377,387.5,
2123,9/29/2017 10:32,19.758,1722.2,
2124,9/29/2017 11:32,19.567,1808.3,
2125,9/29/2017 12:00,,,239.533
2126,9/29/2017 12:32,19.758,3788.9,
2127,9/29/2017 13:32,19.758,3788.9,
2128,9/29/2017 14:32,20.043,1463.9,
2129,9/29/2017 15:32,19.948,904.2,
2130,9/29/2017 16:32,20.615,7233.4,
2131,9/29/2017 17:32,20.234,1033.3,
2132,9/29/2017 18:32,19.948,731.9,
2133,9/29/2017 19:32,19.758,0,
2134,9/29/2017 20:32,19.567,0,
2135,9/29/2017 21:32,19.377,0,
2136,9/29/2017 22:32,19.187,0,
2137,9/29/2017 23:32,18.996,0,
2138,9/30/2017 0:32,18.806,0,
2139,9/30/2017 1:32,18.711,0,
2140,9/30/2017 2:32,18.521,0,
2141,9/30/2017 3:32,18.711,0,
2142,9/30/2017 4:32,18.426,0,
2143,9/30/2017 5:32,18.426,0,
2144,9/30/2017 6:32,18.331,0,
2145,9/30/2017 7:32,18.236,10.8,
2146,9/30/2017 8:32,18.236,366,
2147,9/30/2017 9:32,18.236,990.3,
2148,9/30/2017 10:32,18.616,1463.9,
2149,9/30/2017 11:32,18.996,1550,
2150,9/30/2017 12:00,,,239.593
2151,9/30/2017 12:32,19.187,2411.1,
2152,9/30/2017 13:32,19.567,1270.1,
2153,9/30/2017 14:32,20.043,6200,
2154,9/30/2017 15:32,20.329,990.3,
2155,9/30/2017 16:32,20.329,5166.7,
2156,9/30/2017 17:32,19.948,1313.2,
2157,9/30/2017 18:32,19.567,279.9,
2158,9/30/2017 19:32,19.377,0,
2159,9/30/2017 20:32,19.092,0,
2160,9/30/2017 21:32,18.996,0,
2161,9/30/2017 22:32,18.806,0,
2162,9/30/2017 23:32,18.711,0,
2163,10/1/2017 0:32,18.521,0,
2164,10/1/2017 1:32,18.426,0,
2165,10/1/2017 2:32,18.236,0,
2166,10/1/2017 3:32,18.14,0,
2167,10/1/2017 4:32,17.855,0,
2168,10/1/2017 5:32,17.665,0,
2169,10/1/2017 6:32,17.475,0,
2170,10/1/2017 7:32,17.284,129.2,
2171,10/1/2017 8:32,17.094,914.9,
2172,10/1/2017 9:32,17.094,1808.3,
2173,10/1/2017 10:32,17.189,1722.2,
2174,10/1/2017 11:32,17.379,27555.7,
2175,10/1/2017 12:00,,,239.593
2176,10/1/2017 12:32,17.665,5338.9,
2177,10/1/2017 13:32,18.616,1001,
2178,10/1/2017 14:32,18.996,1033.3,
2179,10/1/2017 15:32,19.092,8266.7,
2180,10/1/2017 16:32,18.996,559.7,
2181,10/1/2017 17:32,18.996,1980.6,
2182,10/1/2017 18:32,18.616,635.1,
2183,10/1/2017 19:32,18.616,0,
2184,10/1/2017 20:32,18.521,0,
2185,10/1/2017 21:32,18.331,0,
2186,10/1/2017 22:32,18.236,0,
2187,10/1/2017 23:32,17.95,0,
2188,10/2/2017 0:32,17.665,0,
2189,10/2/2017 1:32,17.57,0,
2190,10/2/2017 2:32,17.475,0,
2191,10/2/2017 3:32,17.475,0,
2192,10/2/2017 4:32,17.379,0,
2193,10/2/2017 5:32,17.284,0,
2194,10/2/2017 6:32,17.189,0,
2195,10/2/2017 7:32,17.094,43.1,
2196,10/2/2017 8:32,16.999,1205.6,
2197,10/2/2017 9:32,17.094,4305.6,
2198,10/2/2017 10:32,17.379,2497.2,
2199,10/2/2017 11:32,18.14,2066.7,
2200,10/2/2017 12:00,,,239.593
2201,10/2/2017 12:32,18.331,1259.4,
2202,10/2/2017 13:32,18.711,2583.4,
2203,10/2/2017 14:32,18.521,2066.7,
2204,10/2/2017 15:32,18.426,3616.7,
2205,10/2/2017 16:32,18.236,882.6,
2206,10/2/2017 17:32,17.95,1033.3,
2207,10/2/2017 18:32,17.95,129.2,
2208,10/2/2017 19:32,17.855,0,
2209,10/2/2017 20:32,17.855,0,
2210,10/2/2017 21:32,17.76,0,
2211,10/2/2017 22:32,17.665,0,
2212,10/2/2017 23:32,17.665,0,
2213,10/3/2017 0:32,17.665,0,
2214,10/3/2017 1:32,17.57,0,
2215,10/3/2017 2:32,17.475,0,
2216,10/3/2017 3:32,17.475,0,
2217,10/3/2017 4:32,17.475,0,
2218,10/3/2017 5:32,17.379,0,
2219,10/3/2017 6:32,17.189,0,
2220,10/3/2017 7:32,17.094,10.8,
2221,10/3/2017 8:32,17.094,204.5,
2222,10/3/2017 9:32,17.189,1722.2,
2223,10/3/2017 10:32,17.475,2583.4,
2224,10/3/2017 11:32,17.665,2152.8,
2225,10/3/2017 12:00,,,239.593
2226,10/3/2017 12:32,18.426,16533.4,
2227,10/3/2017 13:32,18.14,1463.9,
2228,10/3/2017 14:32,18.521,5511.1,
2229,10/3/2017 15:32,18.996,5166.7,
2230,10/3/2017 16:32,19.187,958,
2231,10/3/2017 17:32,18.901,1044.1,
2232,10/3/2017 18:32,18.996,75.3,
2233,10/3/2017 19:32,19.282,0,
2234,10/3/2017 20:32,18.996,0,
2235,10/3/2017 21:32,18.521,0,
2236,10/3/2017 22:32,18.426,0,
2237,10/3/2017 23:32,18.521,0,
2238,10/4/2017 0:32,18.521,0,
2239,10/4/2017 1:32,18.521,0,
2240,10/4/2017 2:32,18.521,0,
2241,10/4/2017 3:32,18.521,0,
2242,10/4/2017 4:32,18.426,0,
2243,10/4/2017 5:32,18.521,0,
2244,10/4/2017 6:32,18.426,0,
2245,10/4/2017 7:32,18.331,0,
2246,10/4/2017 8:32,18.331,183,
2247,10/4/2017 9:32,18.331,193.8,
2248,10/4/2017 10:32,18.426,645.8,
2249,10/4/2017 11:32,18.426,516.7,
2250,10/4/2017 12:00,,,239.593
2251,10/4/2017 12:32,18.616,2583.4,
2252,10/4/2017 13:32,19.092,17222.3,
2253,10/4/2017 14:32,18.901,818.1,
2254,10/4/2017 15:32,19.282,34444.7,
2255,10/4/2017 16:32,19.282,55111.5,
2256,10/4/2017 17:32,18.806,2669.5,
2257,10/4/2017 18:32,18.806,495.1,
2258,10/4/2017 19:32,18.521,0,
2259,10/4/2017 20:32,18.426,0,
2260,10/4/2017 21:32,18.331,0,
2261,10/4/2017 22:32,18.331,0,
2262,10/4/2017 23:32,18.236,0,
2263,10/5/2017 0:32,18.14,0,
2264,10/5/2017 1:32,18.045,0,
2265,10/5/2017 2:32,17.95,0,
2266,10/5/2017 3:32,17.855,0,
2267,10/5/2017 4:32,17.665,0,
2268,10/5/2017 5:32,17.57,0,
2269,10/5/2017 6:32,17.475,0,
2270,10/5/2017 7:32,17.379,0,
2271,10/5/2017 8:32,17.379,290.6,
2272,10/5/2017 9:32,17.379,570.5,
2273,10/5/2017 10:32,17.57,3100,
2274,10/5/2017 11:32,17.76,2238.9,
2275,10/5/2017 12:00,,,239.593
2276,10/5/2017 12:32,17.855,6544.5,
2277,10/5/2017 13:32,18.14,12400.1,
2278,10/5/2017 14:32,18.045,1108.7,
2279,10/5/2017 15:32,17.855,452.1,
2280,10/5/2017 16:32,18.045,473.6,
2281,10/5/2017 17:32,17.855,226,
2282,10/5/2017 18:32,17.855,204.5,
2283,10/5/2017 19:32,17.665,0,
2284,10/5/2017 20:32,17.475,0,
2285,10/5/2017 21:32,17.379,0,
2286,10/5/2017 22:32,17.284,0,
2287,10/5/2017 23:32,17.189,0,
2288,10/6/2017 0:32,17.189,0,
2289,10/6/2017 1:32,17.094,0,
2290,10/6/2017 2:32,16.999,0,
2291,10/6/2017 3:32,16.999,0,
2292,10/6/2017 4:32,16.999,0,
2293,10/6/2017 5:32,16.903,0,
2294,10/6/2017 6:32,16.903,0,
2295,10/6/2017 7:32,16.713,0,
2296,10/6/2017 8:32,16.808,667.4,
2297,10/6/2017 9:32,17.094,419.8,
2298,10/6/2017 10:32,17.094,505.9,
2299,10/6/2017 11:32,17.189,1044.1,
2300,10/6/2017 12:00,,,239.593
2301,10/6/2017 12:32,17.665,731.9,
2302,10/6/2017 13:32,18.236,861.1,
2303,10/6/2017 14:32,18.236,839.6,
2304,10/6/2017 15:32,18.521,828.8,
2305,10/6/2017 16:32,17.95,1550,
2306,10/6/2017 17:32,17.855,645.8,
2307,10/6/2017 18:32,17.855,215.3,
2308,10/6/2017 19:32,17.76,0,
2309,10/6/2017 20:32,17.57,0,
2310,10/6/2017 21:32,17.379,0,
2311,10/6/2017 22:32,17.379,0,
2312,10/6/2017 23:32,17.189,0,
2313,10/7/2017 0:32,17.094,0,
2314,10/7/2017 1:32,16.903,0,
2315,10/7/2017 2:32,16.903,0,
2316,10/7/2017 3:32,16.903,0,
2317,10/7/2017 4:32,16.903,0,
2318,10/7/2017 5:32,16.999,0,
2319,10/7/2017 6:32,16.903,0,
2320,10/7/2017 7:32,16.903,0,
2321,10/7/2017 8:32,16.999,43.1,
2322,10/7/2017 9:32,16.903,129.2,
2323,10/7/2017 10:32,16.999,979.5,
2324,10/7/2017 11:32,17.189,387.5,
2325,10/7/2017 12:00,,,239.593
2326,10/7/2017 12:32,17.284,753.5,
2327,10/7/2017 13:32,17.379,376.7,
2328,10/7/2017 14:32,17.475,742.7,
2329,10/7/2017 15:32,17.57,9644.5,
2330,10/7/2017 16:32,17.665,3272.2,
2331,10/7/2017 17:32,17.665,936.5,
2332,10/7/2017 18:32,17.665,247.6,
2333,10/7/2017 19:32,17.57,0,
2334,10/7/2017 20:32,17.57,0,
2335,10/7/2017 21:32,17.57,0,
2336,10/7/2017 22:32,17.57,0,
2337,10/7/2017 23:32,17.57,0,
2338,10/8/2017 0:32,17.57,0,
2339,10/8/2017 1:32,17.475,0,
2340,10/8/2017 2:32,17.475,0,
2341,10/8/2017 3:32,17.475,0,
2342,10/8/2017 4:32,17.379,0,
2343,10/8/2017 5:32,17.284,0,
2344,10/8/2017 6:32,17.189,0,
2345,10/8/2017 7:32,17.094,0,
2346,10/8/2017 8:32,17.094,495.1,
2347,10/8/2017 9:32,17.475,5511.1,
2348,10/8/2017 10:32,17.76,9300.1,
2349,10/8/2017 11:32,17.855,1894.5,
2350,10/8/2017 12:00,,,239.663
2351,10/8/2017 12:32,18.331,2066.7,
2352,10/8/2017 13:32,18.806,8611.2,
2353,10/8/2017 14:32,18.996,55111.5,
2354,10/8/2017 15:32,19.187,28933.5,
2355,10/8/2017 16:32,20.519,0,
2356,10/8/2017 17:32,20.805,0,
2357,10/8/2017 18:32,1.98,0,
2358,10/8/2017 19:32,-6.12,0,
2359,10/8/2017 20:32,-8.713,0,
2360,10/8/2017 21:32,-6.754,0,
2361,10/8/2017 22:32,-8.58,0,
2362,10/8/2017 23:32,-10.353,0,
2363,10/9/2017 0:32,-11.2,0,
2364,10/9/2017 1:32,-10.353,0,
2365,10/9/2017 2:32,-10.916,0,
2366,10/9/2017 3:32,-12.658,0,
2367,10/9/2017 4:32,-12.658,0,
2368,10/9/2017 5:32,-13.409,0,
2369,10/9/2017 6:32,-16.597,0,
2370,10/9/2017 7:32,-17.274,0,
2371,10/9/2017 8:32,-17.966,0,
2372,10/9/2017 9:32,-18.142,0,
2373,10/9/2017 10:32,-13.868,0,
2374,10/9/2017 11:32,0.784,0,
2375,10/9/2017 12:00,,,240.46
2376,10/9/2017 12:32,3.998,0,
2377,10/9/2017 13:32,5.347,0,
2378,10/9/2017 14:32,6.064,0,
2379,10/9/2017 15:32,7.179,0,
2380,10/9/2017 16:32,7.782,0,
2381,10/9/2017 17:32,24.255,0,
2382,10/9/2017 18:32,22.908,0,
2383,10/9/2017 19:32,22.046,0,
2384,10/9/2017 20:32,21.473,0,
2385,10/9/2017 21:32,20.234,0,
2386,10/9/2017 22:32,20.329,0,
2387,10/9/2017 23:32,20.329,0,
2388,10/10/2017 0:32,21.76,0,
2389,10/10/2017 1:32,21.951,0,
2390,10/10/2017 2:32,22.046,0,
2391,10/10/2017 3:32,22.046,0,
2392,10/10/2017 4:32,21.951,0,
2393,10/10/2017 5:32,21.855,0,
2394,10/10/2017 6:32,21.76,0,
2395,10/10/2017 7:32,21.76,0,
2396,10/10/2017 8:32,21.76,0,
2397,10/10/2017 9:32,20.329,0,
2398,10/10/2017 10:32,20.901,0,
2399,10/10/2017 11:32,20.805,0,
2400,10/10/2017 12:00,,,241.827
2401,10/10/2017 12:32,20.805,0,
2402,10/10/2017 13:32,20.805,0,
2403,10/10/2017 14:32,20.71,0,
2404,10/10/2017 15:32,20.615,0,
2405,10/10/2017 16:32,20.615,0,
2406,10/10/2017 17:32,20.519,0,
2407,10/10/2017 18:32,20.519,0,
2408,10/10/2017 19:32,20.519,0,
2409,10/10/2017 20:32,20.615,0,
2410,10/10/2017 21:32,21.569,0,
2411,10/10/2017 22:32,21.76,0,
2412,10/10/2017 23:32,21.76,0,
2413,10/11/2017 0:32,21.76,0,
2414,10/11/2017 1:32,21.76,0,
2415,10/11/2017 2:32,21.76,0,
2416,10/11/2017 3:32,21.76,0,
2417,10/11/2017 4:32,22.142,0,
2418,10/11/2017 5:32,21.569,0,
2419,10/11/2017 6:32,21.282,0,
2420,10/11/2017 7:32,20.996,0,
2421,10/11/2017 8:32,20.805,0,
2422,10/11/2017 9:32,20.615,0,
2423,10/11/2017 10:32,20.519,0,
2424,10/11/2017 11:32,20.329,0,
2425,10/11/2017 12:00,,,243.186
2426,10/11/2017 12:32,20.138,0,
2427,10/11/2017 13:32,20.901,0,
2428,10/11/2017 14:32,21.282,32.3,
2429,10/11/2017 15:32,21.473,0,
2430,10/11/2017 16:32,21.473,0,
2431,10/11/2017 17:32,21.473,0,
2432,10/11/2017 18:32,21.378,0,
2433,10/11/2017 19:32,21.378,0,
2434,10/11/2017 20:32,21.378,0,
2435,10/11/2017 21:32,21.378,0,
2436,10/11/2017 22:32,21.282,0,
2437,10/11/2017 23:32,21.282,0,
2438,10/12/2017 0:32,21.282,0,
2439,10/12/2017 1:32,21.187,0,
2440,10/12/2017 2:32,20.901,0,
2441,10/12/2017 3:32,20.234,0,
2442,10/12/2017 4:32,19.948,0,
2443,10/12/2017 5:32,19.758,0,
2444,10/12/2017 6:32,19.567,0,
2445,10/12/2017 7:32,19.472,0,
2446,10/12/2017 8:32,19.377,0,
2447,10/12/2017 9:32,19.377,0,
2448,10/12/2017 10:32,19.472,0,
2449,10/12/2017 11:32,19.758,0,
2450,10/12/2017 12:00,,,243.799
2451,10/12/2017 12:32,19.662,10.8,
2452,10/12/2017 13:32,19.567,0,
2453,10/12/2017 14:32,19.662,75.3,
2454,10/12/2017 15:32,19.662,96.9,
2455,10/12/2017 16:32,19.662,64.6,
2456,10/12/2017 17:32,19.662,21.5,
2457,10/12/2017 18:32,19.758,0,
2458,10/12/2017 19:32,20.043,0,
2459,10/12/2017 20:32,20.234,0,
2460,10/12/2017 21:32,20.138,0,
2461,10/12/2017 22:32,19.662,0,
2462,10/12/2017 23:32,20.234,0,
2463,10/13/2017 0:32,20.138,0,
2464,10/13/2017 1:32,20.043,0,
2465,10/13/2017 2:32,20.043,0,
2466,10/13/2017 3:32,20.043,0,
2467,10/13/2017 4:32,20.043,0,
2468,10/13/2017 5:32,19.948,0,
2469,10/13/2017 6:32,19.948,0,
2470,10/13/2017 7:32,19.853,0,
2471,10/13/2017 8:32,19.853,0,
2472,10/13/2017 9:32,20.901,43.1,
2473,10/13/2017 10:32,20.71,107.6,
2474,10/13/2017 11:32,20.519,161.5,
2475,10/13/2017 12:00,,,246.402
2476,10/13/2017 12:32,20.805,796.5,
2477,10/13/2017 13:32,22.046,247.6,
2478,10/13/2017 14:32,23.388,947.2,
2479,10/13/2017 15:32,23.484,904.2,
2480,10/13/2017 16:32,24.255,775,
2481,10/13/2017 17:32,24.255,96.9,
2482,10/13/2017 18:32,24.062,0,
2483,10/13/2017 19:32,23.869,0,
2484,10/13/2017 20:32,23.773,0,
2485,10/13/2017 21:32,23.677,0,
2486,10/13/2017 22:32,23.677,0,
2487,10/13/2017 23:32,23.581,0,
2488,10/14/2017 0:32,23.581,0,
2489,10/14/2017 1:32,23.484,0,
2490,10/14/2017 2:32,23.1,0,
2491,10/14/2017 3:32,22.812,0,
2492,10/14/2017 4:32,22.525,0,
2493,10/14/2017 5:32,22.238,0,
2494,10/14/2017 6:32,22.046,0,
2495,10/14/2017 7:32,21.855,0,
2496,10/14/2017 8:32,21.76,0,
2497,10/14/2017 9:32,21.664,10.8,
2498,10/14/2017 10:32,21.473,64.6,
2499,10/14/2017 11:32,21.282,43.1,
2500,10/14/2017 12:00,,,248.85
2501,10/14/2017 12:32,21.187,43.1,
2502,10/14/2017 13:32,21.187,10.8,
2503,10/14/2017 14:32,21.187,10.8,
2504,10/14/2017 15:32,21.091,0,
2505,10/14/2017 16:32,21.091,0,
2506,10/14/2017 17:32,20.996,0,
2507,10/14/2017 18:32,20.901,0,
2508,10/14/2017 19:32,20.901,10.8,
2509,10/14/2017 20:32,20.805,0,
2510,10/14/2017 21:32,20.71,0,
2511,10/14/2017 22:32,20.71,0,
2512,10/14/2017 23:32,20.615,0,
2513,10/15/2017 0:32,20.615,0,
2514,10/15/2017 1:32,20.615,0,
2515,10/15/2017 2:32,20.519,0,
2516,10/15/2017 3:32,20.519,0,
2517,10/15/2017 4:32,20.996,0,
2518,10/15/2017 5:32,21.282,0,
2519,10/15/2017 6:32,21.378,0,
2520,10/15/2017 7:32,21.091,0,
2521,10/15/2017 8:32,21.091,0,
2522,10/15/2017 9:32,21.187,43.1,
2523,10/15/2017 10:32,21.378,10.8,
2524,10/15/2017 11:32,21.951,96.9,
2525,10/15/2017 12:00,,,250.591
2526,10/15/2017 12:32,22.525,64.6,
2527,10/15/2017 13:32,22.429,64.6,
2528,10/15/2017 14:32,22.238,312.2,
2529,10/15/2017 15:32,22.333,247.6,
2530,10/15/2017 16:32,22.525,53.8,
2531,10/15/2017 17:32,22.238,10.8,
2532,10/15/2017 18:32,21.76,0,
2533,10/15/2017 19:32,21.282,0,
2534,10/15/2017 20:32,21.091,0,
2535,10/15/2017 21:32,21.282,0,
2536,10/15/2017 22:32,20.805,0,
2537,10/15/2017 23:32,20.805,0,
2538,10/16/2017 0:32,20.71,0,
2539,10/16/2017 1:32,20.424,0,
2540,10/16/2017 2:32,19.853,0,
2541,10/16/2017 3:32,19.282,0,
2542,10/16/2017 4:32,18.806,0,
2543,10/16/2017 5:32,18.521,0,
2544,10/16/2017 6:32,18.331,0,
2545,10/16/2017 7:32,18.045,0,
2546,10/16/2017 8:32,18.14,21.5,
2547,10/16/2017 9:32,18.045,43.1,
2548,10/16/2017 10:32,18.045,43.1,
2549,10/16/2017 11:32,18.331,721.2,
2550,10/16/2017 12:00,,,251.25
2551,10/16/2017 12:32,19.948,753.5,
2552,10/16/2017 13:32,20.71,721.2,
2553,10/16/2017 14:32,21.473,904.2,
2554,10/16/2017 15:32,21.664,1087.2,
2555,10/16/2017 16:32,21.664,904.2,
2556,10/16/2017 17:32,21.091,43.1,
2557,10/16/2017 18:32,20.615,21.5,
2558,10/16/2017 19:32,20.519,10.8,
2559,10/16/2017 20:32,20.615,0,
2560,10/16/2017 21:32,20.138,0,
2561,10/16/2017 22:32,20.138,0,
2562,10/16/2017 23:32,19.567,0,
2563,10/17/2017 0:32,18.996,0,
2564,10/17/2017 1:32,18.616,0,
2565,10/17/2017 2:32,18.331,0,
2566,10/17/2017 3:32,18.045,0,
2567,10/17/2017 4:32,17.855,0,
2568,10/17/2017 5:32,17.665,0,
2569,10/17/2017 6:32,17.475,0,
2570,10/17/2017 7:32,17.379,0,
2571,10/17/2017 8:32,17.284,21.5,
2572,10/17/2017 9:32,17.189,75.3,
2573,10/17/2017 10:32,18.616,53.8,
2574,10/17/2017 11:32,18.806,624.3,
2575,10/17/2017 12:00,,,252.082
2576,10/17/2017 12:32,19.948,775,
2577,10/17/2017 13:32,20.424,484.4,
2578,10/17/2017 14:32,21.187,828.8,
2579,10/17/2017 15:32,21.951,968.8,
2580,10/17/2017 16:32,22.142,764.2,
2581,10/17/2017 17:32,21.569,32.3,
2582,10/17/2017 18:32,20.996,0,
2583,10/17/2017 19:32,20.71,0,
2584,10/17/2017 20:32,20.424,0,
2585,10/17/2017 21:32,20.805,0,
2586,10/17/2017 22:32,20.996,10.8,
2587,10/17/2017 23:32,20.901,0,
2588,10/18/2017 0:32,20.71,0,
2589,10/18/2017 1:32,20.329,0,
2590,10/18/2017 2:32,19.853,0,
2591,10/18/2017 3:32,19.567,0,
2592,10/18/2017 4:32,19.377,0,
2593,10/18/2017 5:32,19.092,0,
2594,10/18/2017 6:32,18.806,0,
2595,10/18/2017 7:32,18.521,0,
2596,10/18/2017 8:32,18.236,21.5,
2597,10/18/2017 9:32,18.14,75.3,
2598,10/18/2017 10:32,18.14,64.6,
2599,10/18/2017 11:32,18.426,753.5,
2600,10/18/2017 12:32,20.615,796.5,
2601,10/18/2017 13:32,21.569,914.9,
2602,10/18/2017 14:32,22.717,1076.4,
2603,10/18/2017 15:32,23.388,1722.2,
