#,"Date Time, GMT-04:00",Temp,Intensity,"GDD, DDc (LGR S/N: 20055140)"
1,7/5/2017 20:00,36.295,0,
2,7/5/2017 21:00,33.743,0,
3,7/5/2017 22:00,29.452,0,
4,7/5/2017 23:00,26.39,0,
5,7/6/2017 0:00,24.351,0,
6,7/6/2017 1:00,22.812,0,
7,7/6/2017 2:00,21.473,0,
8,7/6/2017 3:00,20.424,0,
9,7/6/2017 4:00,19.472,0,
10,7/6/2017 5:00,18.711,0,
11,7/6/2017 6:00,18.045,0,
12,7/6/2017 7:00,17.57,0,
13,7/6/2017 8:00,18.236,0,
14,7/6/2017 9:00,19.092,0,
15,7/6/2017 10:00,20.805,0,
16,7/6/2017 11:00,27.468,0,
17,7/6/2017 12:00,26.39,2583.4,4.687
18,7/6/2017 13:00,27.272,2066.7,
19,7/6/2017 14:00,27.468,2583.4,
20,7/6/2017 15:00,27.468,2927.8,
21,7/6/2017 16:00,28.555,4477.8,
22,7/6/2017 17:00,28.456,355.2,
23,7/6/2017 18:00,26.39,215.3,
24,7/6/2017 19:00,26.683,139.9,
25,7/6/2017 20:00,26.585,75.3,
26,7/6/2017 21:00,26.39,0,
27,7/6/2017 22:00,25.902,0,
28,7/6/2017 23:00,25.805,0,
29,7/7/2017 0:00,25.708,0,
30,7/7/2017 1:00,25.513,0,
31,7/7/2017 2:00,25.416,0,
32,7/7/2017 3:00,25.222,0,
33,7/7/2017 4:00,25.125,0,
34,7/7/2017 5:00,24.931,0,
35,7/7/2017 6:00,24.835,0,
36,7/7/2017 7:00,24.641,0,
37,7/7/2017 8:00,25.028,258.3,
38,7/7/2017 9:00,25.222,430.6,
39,7/7/2017 10:00,25.708,1377.8,
40,7/7/2017 11:00,26.488,2927.8,
41,7/7/2017 12:00,27.075,3272.2,11.765
42,7/7/2017 13:00,27.468,2669.5,
43,7/7/2017 14:00,28.159,1980.6,
44,7/7/2017 15:00,27.961,624.3,
45,7/7/2017 16:00,28.555,1980.6,
46,7/7/2017 17:00,28.06,570.5,
47,7/7/2017 18:00,28.06,32.3,
48,7/7/2017 19:00,27.862,204.5,
49,7/7/2017 20:00,27.567,172.2,
50,7/7/2017 21:00,27.173,0,
51,7/7/2017 22:00,26.977,0,
52,7/7/2017 23:00,26.879,0,
53,7/8/2017 0:00,26.683,0,
54,7/8/2017 1:00,26.488,0,
55,7/8/2017 2:00,26.292,0,
56,7/8/2017 3:00,26.195,0,
57,7/8/2017 4:00,26,0,
58,7/8/2017 5:00,25.902,0,
59,7/8/2017 6:00,25.708,0,
60,7/8/2017 7:00,25.61,75.3,
61,7/8/2017 8:00,25.61,290.6,
62,7/8/2017 9:00,25.708,602.8,
63,7/8/2017 10:00,26,958,
64,7/8/2017 11:00,25.708,441.3,
65,7/8/2017 12:00,26.097,2755.6,18.378
66,7/8/2017 13:00,26.585,2583.4,
67,7/8/2017 14:00,26.977,2927.8,
68,7/8/2017 15:00,27.075,2669.5,
69,7/8/2017 16:00,27.272,3444.5,
70,7/8/2017 17:00,26.781,473.6,
71,7/8/2017 18:00,26.585,107.6,
72,7/8/2017 19:00,26.585,96.9,
73,7/8/2017 20:00,26.39,53.8,
74,7/8/2017 21:00,26.292,0,
75,7/8/2017 22:00,26.097,0,
76,7/8/2017 23:00,26,0,
77,7/9/2017 0:00,25.902,0,
78,7/9/2017 1:00,25.805,0,
79,7/9/2017 2:00,25.513,0,
80,7/9/2017 3:00,25.416,0,
81,7/9/2017 4:00,25.416,0,
82,7/9/2017 5:00,25.319,0,
83,7/9/2017 6:00,25.319,0,
84,7/9/2017 7:00,25.222,43.1,
85,7/9/2017 8:00,25.222,107.6,
86,7/9/2017 9:00,25.319,247.6,
87,7/9/2017 10:00,25.805,2325,
88,7/9/2017 11:00,26.097,3788.9,
89,7/9/2017 12:00,26.585,4477.8,25.038
90,7/9/2017 13:00,27.075,990.3,
91,7/9/2017 14:00,27.567,2325,
92,7/9/2017 15:00,27.272,538.2,
93,7/9/2017 16:00,27.468,1001,
94,7/9/2017 17:00,27.075,796.5,
95,7/9/2017 18:00,26.781,269.1,
96,7/9/2017 19:00,26.488,215.3,
97,7/9/2017 20:00,26.39,129.2,
98,7/9/2017 21:00,26.195,0,
99,7/9/2017 22:00,26,0,
100,7/9/2017 23:00,25.902,0,
101,7/10/2017 0:00,25.708,0,
102,7/10/2017 1:00,25.61,0,
103,7/10/2017 2:00,25.513,0,
104,7/10/2017 3:00,25.416,0,
105,7/10/2017 4:00,25.222,0,
106,7/10/2017 5:00,25.125,0,
107,7/10/2017 6:00,25.125,0,
108,7/10/2017 7:00,25.125,32.3,
109,7/10/2017 8:00,24.931,96.9,
110,7/10/2017 9:00,24.931,64.6,
111,7/10/2017 10:00,24.931,0,
112,7/10/2017 11:00,24.835,43.1,
113,7/10/2017 12:00,24.835,129.2,30.374
114,7/10/2017 13:00,24.931,366,
115,7/10/2017 14:00,24.835,247.6,
116,7/10/2017 15:00,24.931,290.6,
117,7/10/2017 16:00,25.028,279.9,
118,7/10/2017 17:00,25.222,462.9,
119,7/10/2017 18:00,25.416,312.2,
120,7/10/2017 19:00,25.61,236.8,
121,7/10/2017 20:00,25.513,86.1,
122,7/10/2017 21:00,25.319,0,
123,7/10/2017 22:00,25.222,0,
124,7/10/2017 23:00,25.125,0,
125,7/11/2017 0:00,24.931,0,
126,7/11/2017 1:00,24.835,0,
127,7/11/2017 2:00,24.738,0,
128,7/11/2017 3:00,24.641,0,
129,7/11/2017 4:00,24.641,0,
130,7/11/2017 5:00,24.641,0,
131,7/11/2017 6:00,24.545,0,
132,7/11/2017 7:00,24.545,75.3,
133,7/11/2017 8:00,24.641,161.5,
134,7/11/2017 9:00,24.835,301.4,
135,7/11/2017 10:00,25.125,592,
136,7/11/2017 11:00,25.805,1722.2,
137,7/11/2017 12:00,25.513,613.5,35.976
138,7/11/2017 13:00,25.708,947.2,
139,7/11/2017 14:00,25.319,409,
140,7/11/2017 15:00,25.61,2411.1,
141,7/11/2017 16:00,25.708,2583.4,
142,7/11/2017 17:00,25.61,473.6,
143,7/11/2017 18:00,25.513,269.1,
144,7/11/2017 19:00,25.61,290.6,
145,7/11/2017 20:00,25.319,75.3,
146,7/11/2017 21:00,25.319,0,
147,7/11/2017 22:00,25.416,0,
148,7/11/2017 23:00,26,0,
149,7/12/2017 0:00,26.292,0,
150,7/12/2017 1:00,26.195,0,
151,7/12/2017 2:00,26.097,0,
152,7/12/2017 3:00,26,0,
153,7/12/2017 4:00,25.902,0,
154,7/12/2017 5:00,25.902,0,
155,7/12/2017 6:00,25.805,0,
156,7/12/2017 7:00,25.805,32.3,
157,7/12/2017 8:00,25.708,53.8,
158,7/12/2017 9:00,25.61,53.8,
159,7/12/2017 10:00,25.708,215.3,
160,7/12/2017 11:00,25.902,570.5,
161,7/12/2017 12:00,25.805,139.9,41.895
162,7/12/2017 13:00,25.708,32.3,
163,7/12/2017 14:00,25.708,312.2,
164,7/12/2017 15:00,25.902,656.6,
165,7/12/2017 16:00,25.708,1377.8,
166,7/12/2017 17:00,25.416,301.4,
167,7/12/2017 18:00,26.097,376.7,
168,7/12/2017 19:00,26,150.7,
169,7/12/2017 20:00,26,64.6,
170,7/12/2017 21:00,25.805,0,
171,7/12/2017 22:00,25.708,0,
172,7/12/2017 23:00,25.61,0,
173,7/13/2017 0:00,25.513,0,
174,7/13/2017 1:00,25.416,0,
175,7/13/2017 2:00,25.319,0,
176,7/13/2017 3:00,25.319,0,
177,7/13/2017 4:00,25.222,0,
178,7/13/2017 5:00,25.319,0,
179,7/13/2017 6:00,25.222,0,
180,7/13/2017 7:00,25.222,10.8,
181,7/13/2017 8:00,25.222,21.5,
182,7/13/2017 9:00,25.319,269.1,
183,7/13/2017 10:00,25.805,1065.6,
184,7/13/2017 11:00,25.61,376.7,
185,7/13/2017 12:00,25.61,258.3,47.992
186,7/13/2017 13:00,25.805,333.7,
187,7/13/2017 14:00,26,398.3,
188,7/13/2017 15:00,26.195,613.5,
189,7/13/2017 16:00,26.488,1334.7,
190,7/13/2017 17:00,26.488,290.6,
191,7/13/2017 18:00,26.585,656.6,
192,7/13/2017 19:00,26.683,129.2,
193,7/13/2017 20:00,26.585,53.8,
194,7/13/2017 21:00,26.488,0,
195,7/13/2017 22:00,26.195,0,
196,7/13/2017 23:00,26,0,
197,7/14/2017 0:00,25.902,0,
198,7/14/2017 1:00,25.708,0,
199,7/14/2017 2:00,25.61,0,
200,7/14/2017 3:00,25.513,0,
201,7/14/2017 4:00,25.416,0,
202,7/14/2017 5:00,25.319,0,
203,7/14/2017 6:00,25.222,0,
204,7/14/2017 7:00,25.125,53.8,
205,7/14/2017 8:00,25.125,129.2,
206,7/14/2017 9:00,25.222,322.9,
207,7/14/2017 10:00,25.805,1550,
208,7/14/2017 11:00,26.097,1980.6,
209,7/14/2017 12:00,26.585,2238.9,54.365
210,7/14/2017 13:00,26.879,2238.9,
211,7/14/2017 14:00,26.879,678.1,
212,7/14/2017 15:00,27.173,2411.1,
213,7/14/2017 16:00,27.173,1377.8,
214,7/14/2017 17:00,26.879,462.9,
215,7/14/2017 18:00,26.683,183,
216,7/14/2017 19:00,26.585,96.9,
217,7/14/2017 20:00,26.292,32.3,
218,7/14/2017 21:00,26.097,0,
219,7/14/2017 22:00,25.902,0,
220,7/14/2017 23:00,25.805,0,
221,7/15/2017 0:00,25.708,0,
222,7/15/2017 1:00,25.61,0,
223,7/15/2017 2:00,25.513,0,
224,7/15/2017 3:00,25.416,0,
225,7/15/2017 4:00,25.319,0,
226,7/15/2017 5:00,25.222,0,
227,7/15/2017 6:00,25.125,0,
228,7/15/2017 7:00,25.125,43.1,
229,7/15/2017 8:00,25.125,107.6,
230,7/15/2017 9:00,25.319,215.3,
231,7/15/2017 10:00,25.805,1808.3,
232,7/15/2017 11:00,25.513,236.8,
233,7/15/2017 12:00,25.805,516.7,61.366
234,7/15/2017 13:00,26.683,2066.7,
235,7/15/2017 14:00,27.37,1894.5,
236,7/15/2017 15:00,27.567,1808.3,
237,7/15/2017 16:00,28.159,1636.1,
238,7/15/2017 17:00,28.159,236.8,
239,7/15/2017 18:00,28.06,86.1,
240,7/15/2017 19:00,27.961,53.8,
241,7/15/2017 20:00,27.665,32.3,
242,7/15/2017 21:00,27.37,0,
243,7/15/2017 22:00,26.977,0,
244,7/15/2017 23:00,26.683,0,
245,7/16/2017 0:00,26.488,0,
246,7/16/2017 1:00,26.292,0,
247,7/16/2017 2:00,26.195,0,
248,7/16/2017 3:00,26,0,
249,7/16/2017 4:00,25.902,0,
250,7/16/2017 5:00,25.805,0,
251,7/16/2017 6:00,25.61,0,
252,7/16/2017 7:00,25.513,21.5,
253,7/16/2017 8:00,25.513,107.6,
254,7/16/2017 9:00,25.61,204.5,
255,7/16/2017 10:00,26,484.4,
256,7/16/2017 11:00,26.097,1173.3,
257,7/16/2017 12:00,26.292,549,67.374
258,7/16/2017 13:00,26.292,613.5,
259,7/16/2017 14:00,26.292,344.4,
260,7/16/2017 15:00,26.097,129.2,
261,7/16/2017 16:00,26.097,2669.5,
262,7/16/2017 17:00,26.195,5166.7,
263,7/16/2017 18:00,26.195,1808.3,
264,7/16/2017 19:00,26.097,1216.3,
265,7/16/2017 20:00,25.902,721.2,
266,7/16/2017 21:00,25.805,86.1,
267,7/16/2017 22:00,25.708,0,
268,7/16/2017 23:00,25.513,0,
269,7/17/2017 0:00,25.319,0,
270,7/17/2017 1:00,25.319,0,
271,7/17/2017 2:00,25.222,0,
272,7/17/2017 3:00,25.222,0,
273,7/17/2017 4:00,25.125,0,
274,7/17/2017 5:00,25.028,0,
275,7/17/2017 6:00,24.931,0,
276,7/17/2017 7:00,24.835,322.9,
277,7/17/2017 8:00,24.835,1227.1,
278,7/17/2017 9:00,24.835,2583.4,
279,7/17/2017 10:00,25.416,4477.8,
280,7/17/2017 11:00,25.708,3444.5,
281,7/17/2017 12:00,26,8611.2,74.144
282,7/17/2017 13:00,26.195,3444.5,
283,7/17/2017 14:00,26.683,22044.6,
284,7/17/2017 15:00,27.468,24800.2,
285,7/17/2017 16:00,27.665,9644.5,
286,7/17/2017 17:00,27.764,4305.6,
287,7/17/2017 18:00,27.862,979.5,
288,7/17/2017 19:00,27.961,678.1,
289,7/17/2017 20:00,27.862,376.7,
290,7/17/2017 21:00,27.665,64.6,
291,7/17/2017 22:00,27.272,0,
292,7/17/2017 23:00,26.977,0,
293,7/18/2017 0:00,26.781,0,
294,7/18/2017 1:00,26.585,0,
295,7/18/2017 2:00,26.39,0,
296,7/18/2017 3:00,26.195,0,
297,7/18/2017 4:00,26.097,0,
298,7/18/2017 5:00,25.902,0,
299,7/18/2017 6:00,25.805,0,
300,7/18/2017 7:00,25.708,236.8,
301,7/18/2017 8:00,25.708,473.6,
302,7/18/2017 9:00,25.805,1022.6,
303,7/18/2017 10:00,26.195,2583.4,
304,7/18/2017 11:00,26.585,3100,
305,7/18/2017 12:00,26.879,2583.4,82.117
306,7/18/2017 13:00,27.665,2927.8,
307,7/18/2017 14:00,28.258,11711.2,
308,7/18/2017 15:00,28.655,3616.7,
309,7/18/2017 16:00,28.754,7577.8,
310,7/18/2017 17:00,28.555,2927.8,
311,7/18/2017 18:00,29.053,1054.9,
312,7/18/2017 19:00,29.352,473.6,
313,7/18/2017 20:00,28.853,473.6,
314,7/18/2017 21:00,28.655,43.1,
315,7/18/2017 22:00,28.159,0,
316,7/18/2017 23:00,27.567,0,
317,7/19/2017 0:00,26.781,0,
318,7/19/2017 1:00,26.39,0,
319,7/19/2017 2:00,26.39,0,
320,7/19/2017 3:00,26.195,0,
321,7/19/2017 4:00,26.097,0,
322,7/19/2017 5:00,26.097,0,
323,7/19/2017 6:00,26.097,0,
324,7/19/2017 7:00,26,279.9,
325,7/19/2017 8:00,26,1119.5,
326,7/19/2017 9:00,26,1377.8,
327,7/19/2017 10:00,26.39,2238.9,
328,7/19/2017 11:00,26.781,2755.6,
329,7/19/2017 12:00,27.272,6544.5,90.771
330,7/19/2017 13:00,27.468,6544.5,
331,7/19/2017 14:00,28.555,11022.3,
332,7/19/2017 15:00,30.154,13089,
333,7/19/2017 16:00,30.255,4477.8,
334,7/19/2017 17:00,30.255,4477.8,
335,7/19/2017 18:00,30.255,979.5,
336,7/19/2017 19:00,30.154,1550,
337,7/19/2017 20:00,29.552,871.9,
338,7/19/2017 21:00,28.953,21.5,
339,7/19/2017 22:00,28.655,0,
340,7/19/2017 23:00,28.357,0,
341,7/20/2017 0:00,28.258,0,
342,7/20/2017 1:00,28.06,0,
343,7/20/2017 2:00,27.961,0,
344,7/20/2017 3:00,27.764,0,
345,7/20/2017 4:00,27.665,0,
346,7/20/2017 5:00,27.567,0,
347,7/20/2017 6:00,27.468,0,
348,7/20/2017 7:00,27.37,441.3,
349,7/20/2017 8:00,27.272,871.9,
350,7/20/2017 9:00,27.272,1345.5,
351,7/20/2017 10:00,27.173,3272.2,
352,7/20/2017 11:00,27.37,1722.2,
353,7/20/2017 12:00,27.567,1108.7,99.339
354,7/20/2017 13:00,27.961,1463.9,
355,7/20/2017 14:00,28.853,667.4,
356,7/20/2017 15:00,28.953,247.6,
357,7/20/2017 16:00,29.152,635.1,
358,7/20/2017 17:00,29.452,301.4,
359,7/20/2017 18:00,29.452,107.6,
360,7/20/2017 19:00,29.252,64.6,
361,7/20/2017 20:00,29.053,21.5,
362,7/20/2017 21:00,28.754,0,
363,7/20/2017 22:00,28.06,0,
364,7/20/2017 23:00,27.961,0,
365,7/21/2017 0:00,27.764,0,
366,7/21/2017 1:00,27.665,0,
367,7/21/2017 2:00,27.567,0,
368,7/21/2017 3:00,27.468,0,
369,7/21/2017 4:00,27.272,0,
370,7/21/2017 5:00,27.173,0,
371,7/21/2017 6:00,27.075,0,
372,7/21/2017 7:00,26.977,43.1,
373,7/21/2017 8:00,26.879,129.2,
374,7/21/2017 9:00,26.977,150.7,
375,7/21/2017 10:00,27.075,376.7,
376,7/21/2017 11:00,27.468,2066.7,
377,7/21/2017 12:00,27.961,1980.6,108.056
378,7/21/2017 13:00,28.159,1463.9,
379,7/21/2017 14:00,28.953,893.4,
380,7/21/2017 15:00,29.352,1377.8,
381,7/21/2017 16:00,29.853,958,
382,7/21/2017 17:00,29.452,322.9,
383,7/21/2017 18:00,29.452,183,
384,7/21/2017 19:00,29.252,107.6,
385,7/21/2017 20:00,28.754,32.3,
386,7/21/2017 21:00,28.555,0,
387,7/21/2017 22:00,28.357,0,
388,7/21/2017 23:00,28.258,0,
389,7/22/2017 0:00,28.159,0,
390,7/22/2017 1:00,27.961,0,
391,7/22/2017 2:00,27.862,0,
392,7/22/2017 3:00,27.862,0,
393,7/22/2017 4:00,27.764,0,
394,7/22/2017 5:00,27.665,0,
395,7/22/2017 6:00,27.665,0,
396,7/22/2017 7:00,27.567,0,
397,7/22/2017 8:00,27.468,0,
398,7/22/2017 9:00,27.468,43.1,
399,7/22/2017 10:00,27.468,107.6,
400,7/22/2017 11:00,27.468,118.4,
401,7/22/2017 12:00,27.468,118.4,116.161
402,7/22/2017 13:00,27.665,398.3,
403,7/22/2017 14:00,27.961,602.8,
404,7/22/2017 15:00,28.357,538.2,
405,7/22/2017 16:00,28.555,462.9,
406,7/22/2017 17:00,28.159,139.9,
407,7/22/2017 18:00,28.06,107.6,
408,7/22/2017 19:00,28.06,75.3,
409,7/22/2017 20:00,28.159,43.1,
410,7/22/2017 21:00,28.06,0,
411,7/22/2017 22:00,27.862,0,
412,7/22/2017 23:00,27.862,0,
413,7/23/2017 0:00,27.665,0,
414,7/23/2017 1:00,27.567,0,
415,7/23/2017 2:00,27.468,0,
416,7/23/2017 3:00,27.37,0,
417,7/23/2017 4:00,27.272,0,
418,7/23/2017 5:00,27.173,0,
419,7/23/2017 6:00,27.173,0,
420,7/23/2017 7:00,27.075,0,
421,7/23/2017 8:00,26.977,21.5,
422,7/23/2017 9:00,26.977,139.9,
423,7/23/2017 10:00,27.173,1076.4,
424,7/23/2017 11:00,27.468,549,
425,7/23/2017 12:00,27.862,742.7,124.85
426,7/23/2017 13:00,27.862,322.9,
427,7/23/2017 14:00,28.357,505.9,
428,7/23/2017 15:00,29.252,1173.3,
429,7/23/2017 16:00,29.352,839.6,
430,7/23/2017 17:00,29.652,635.1,
431,7/23/2017 18:00,29.652,86.1,
432,7/23/2017 19:00,29.752,86.1,
433,7/23/2017 20:00,29.552,107.6,
434,7/23/2017 21:00,29.252,0,
435,7/23/2017 22:00,29.053,0,
436,7/23/2017 23:00,28.754,0,
437,7/24/2017 0:00,28.456,0,
438,7/24/2017 1:00,28.258,0,
439,7/24/2017 2:00,27.961,0,
440,7/24/2017 3:00,27.764,0,
441,7/24/2017 4:00,27.567,0,
442,7/24/2017 5:00,27.37,0,
443,7/24/2017 6:00,27.272,0,
444,7/24/2017 7:00,27.075,10.8,
445,7/24/2017 8:00,26.683,64.6,
446,7/24/2017 9:00,26.683,279.9,
447,7/24/2017 10:00,26.292,441.3,
448,7/24/2017 11:00,26.39,290.6,
449,7/24/2017 12:00,26.292,301.4,132.252
450,7/24/2017 13:00,26.292,893.4,
451,7/24/2017 14:00,26.292,753.5,
452,7/24/2017 15:00,26.39,301.4,
453,7/24/2017 16:00,26.683,1377.8,
454,7/24/2017 17:00,26.585,1001,
455,7/24/2017 18:00,26.292,118.4,
456,7/24/2017 19:00,26.292,64.6,
457,7/24/2017 20:00,26.097,32.3,
458,7/24/2017 21:00,26,0,
459,7/24/2017 22:00,25.805,0,
460,7/24/2017 23:00,25.805,0,
461,7/25/2017 0:00,25.708,0,
462,7/25/2017 1:00,25.513,0,
463,7/25/2017 2:00,25.61,0,
464,7/25/2017 3:00,25.513,0,
465,7/25/2017 4:00,25.319,0,
466,7/25/2017 5:00,25.222,0,
467,7/25/2017 6:00,25.222,0,
468,7/25/2017 7:00,25.125,21.5,
469,7/25/2017 8:00,25.125,53.8,
470,7/25/2017 9:00,25.222,301.4,
471,7/25/2017 10:00,25.513,1248.6,
472,7/25/2017 11:00,25.708,1216.3,
473,7/25/2017 12:00,26.097,2066.7,138.564
474,7/25/2017 13:00,26.39,1722.2,
475,7/25/2017 14:00,26.683,1463.9,
476,7/25/2017 15:00,26.683,990.3,
477,7/25/2017 16:00,27.075,1980.6,
478,7/25/2017 17:00,26.977,527.4,
479,7/25/2017 18:00,26.683,139.9,
480,7/25/2017 19:00,26.781,107.6,
481,7/25/2017 20:00,26.585,21.5,
482,7/25/2017 21:00,26.292,0,
483,7/25/2017 22:00,26.195,0,
484,7/25/2017 23:00,25.902,0,
485,7/26/2017 0:00,25.902,0,
486,7/26/2017 1:00,25.805,0,
487,7/26/2017 2:00,25.708,0,
488,7/26/2017 3:00,25.61,0,
489,7/26/2017 4:00,25.513,0,
490,7/26/2017 5:00,25.513,0,
491,7/26/2017 6:00,25.416,0,
492,7/26/2017 7:00,25.319,10.8,
493,7/26/2017 8:00,25.319,139.9,
494,7/26/2017 9:00,25.319,172.2,
495,7/26/2017 10:00,25.319,312.2,
496,7/26/2017 11:00,25.708,958,
497,7/26/2017 12:00,26,764.2,144.883
498,7/26/2017 13:00,26.292,710.4,
499,7/26/2017 14:00,26.683,818.1,
500,7/26/2017 15:00,26.585,333.7,
501,7/26/2017 16:00,26.683,462.9,
502,7/26/2017 17:00,26.977,409,
503,7/26/2017 18:00,26.781,204.5,
504,7/26/2017 19:00,26.39,107.6,
505,7/26/2017 20:00,26.195,21.5,
506,7/26/2017 21:00,26,0,
507,7/26/2017 22:00,25.902,0,
508,7/26/2017 23:00,25.805,0,
509,7/27/2017 0:00,25.805,0,
510,7/27/2017 1:00,25.805,0,
511,7/27/2017 2:00,25.805,0,
512,7/27/2017 3:00,25.708,0,
513,7/27/2017 4:00,25.61,0,
514,7/27/2017 5:00,25.61,0,
515,7/27/2017 6:00,25.61,0,
516,7/27/2017 7:00,25.513,10.8,
517,7/27/2017 8:00,25.513,43.1,
518,7/27/2017 9:00,25.513,161.5,
519,7/27/2017 10:00,25.61,215.3,
520,7/27/2017 11:00,25.708,290.6,
521,7/27/2017 12:00,25.708,279.9,151.023
522,7/27/2017 13:00,26.195,1636.1,
523,7/27/2017 14:00,26.292,376.7,
524,7/27/2017 15:00,26.195,516.7,
525,7/27/2017 16:00,26.39,344.4,
526,7/27/2017 17:00,26.585,258.3,
527,7/27/2017 18:00,26.488,193.8,
528,7/27/2017 19:00,26.292,64.6,
529,7/27/2017 20:00,26.195,21.5,
530,7/27/2017 21:00,26.097,0,
531,7/27/2017 22:00,26,0,
532,7/27/2017 23:00,26,0,
533,7/28/2017 0:00,25.902,0,
534,7/28/2017 1:00,25.805,0,
535,7/28/2017 2:00,25.61,0,
536,7/28/2017 3:00,25.61,0,
537,7/28/2017 4:00,25.513,0,
538,7/28/2017 5:00,25.513,0,
539,7/28/2017 6:00,25.319,0,
540,7/28/2017 7:00,25.319,10.8,
541,7/28/2017 8:00,25.222,75.3,
542,7/28/2017 9:00,25.222,118.4,
543,7/28/2017 10:00,25.319,344.4,
544,7/28/2017 11:00,25.513,968.8,
545,7/28/2017 12:00,25.805,559.7,156.626
546,7/28/2017 13:00,25.708,1313.2,
547,7/28/2017 14:00,25.805,2497.2,
548,7/28/2017 15:00,26.195,1894.5,
549,7/28/2017 16:00,26.097,613.5,
550,7/28/2017 17:00,26.292,505.9,
551,7/28/2017 18:00,25.61,43.1,
552,7/28/2017 19:00,25.513,32.3,
553,7/28/2017 20:00,25.222,32.3,
554,7/28/2017 21:00,25.028,0,
555,7/28/2017 22:00,24.738,0,
556,7/28/2017 23:00,24.641,0,
557,7/29/2017 0:00,24.545,0,
558,7/29/2017 1:00,24.545,0,
559,7/29/2017 2:00,24.351,0,
560,7/29/2017 3:00,24.255,0,
561,7/29/2017 4:00,24.158,0,
562,7/29/2017 5:00,24.062,0,
563,7/29/2017 6:00,23.966,0,
564,7/29/2017 7:00,23.966,10.8,
565,7/29/2017 8:00,23.966,64.6,
566,7/29/2017 9:00,24.158,376.7,
567,7/29/2017 10:00,24.351,1345.5,
568,7/29/2017 11:00,24.641,1227.1,
569,7/29/2017 12:00,24.835,1097.9,161.645
570,7/29/2017 13:00,25.028,1237.9,
571,7/29/2017 14:00,25.319,1550,
572,7/29/2017 15:00,25.416,1980.6,
573,7/29/2017 16:00,25.61,1324,
574,7/29/2017 17:00,25.708,473.6,
575,7/29/2017 18:00,25.222,32.3,
576,7/29/2017 19:00,25.222,32.3,
577,7/29/2017 20:00,25.028,21.5,
578,7/29/2017 21:00,24.931,0,
579,7/29/2017 22:00,24.835,0,
580,7/29/2017 23:00,24.641,0,
581,7/30/2017 0:00,24.545,0,
582,7/30/2017 1:00,24.545,0,
583,7/30/2017 2:00,24.545,0,
584,7/30/2017 3:00,24.448,0,
585,7/30/2017 4:00,24.351,0,
586,7/30/2017 5:00,24.351,0,
587,7/30/2017 6:00,24.255,0,
588,7/30/2017 7:00,24.255,21.5,
589,7/30/2017 8:00,24.255,75.3,
590,7/30/2017 9:00,24.351,376.7,
591,7/30/2017 10:00,24.641,1808.3,
592,7/30/2017 11:00,24.931,1324,
593,7/30/2017 12:00,25.416,1108.7,168.016
594,7/30/2017 13:00,25.902,1270.1,
595,7/30/2017 14:00,26.781,958,
596,7/30/2017 15:00,27.272,796.5,
597,7/30/2017 16:00,27.665,1011.8,
598,7/30/2017 17:00,27.567,409,
599,7/30/2017 18:00,27.37,129.2,
600,7/30/2017 19:00,27.075,86.1,
601,7/30/2017 20:00,26.879,32.3,
602,7/30/2017 21:00,26.683,0,
603,7/30/2017 22:00,26.39,0,
604,7/30/2017 23:00,26.292,0,
605,7/31/2017 0:00,26.195,0,
606,7/31/2017 1:00,26,0,
607,7/31/2017 2:00,25.805,0,
608,7/31/2017 3:00,25.61,0,
609,7/31/2017 4:00,25.416,0,
610,7/31/2017 5:00,25.319,0,
611,7/31/2017 6:00,25.222,0,
612,7/31/2017 7:00,25.125,10.8,
613,7/31/2017 8:00,25.125,43.1,
614,7/31/2017 9:00,25.125,301.4,
615,7/31/2017 10:00,25.416,3616.7,
616,7/31/2017 11:00,25.61,990.3,
617,7/31/2017 12:00,26,904.2,175.144
618,7/31/2017 13:00,26.781,1205.6,
619,7/31/2017 14:00,26.781,1087.2,
620,7/31/2017 15:00,27.764,1162.5,
621,7/31/2017 16:00,28.06,1108.7,
622,7/31/2017 17:00,28.357,409,
623,7/31/2017 18:00,28.06,64.6,
624,7/31/2017 19:00,27.961,43.1,
625,7/31/2017 20:00,27.862,10.8,
626,7/31/2017 21:00,27.37,0,
627,7/31/2017 22:00,27.075,0,
628,7/31/2017 23:00,26.781,0,
629,8/1/2017 0:00,26.585,0,
630,8/1/2017 1:00,26.488,0,
631,8/1/2017 2:00,26.292,0,
632,8/1/2017 3:00,26.097,0,
633,8/1/2017 4:00,26,0,
634,8/1/2017 5:00,25.902,0,
635,8/1/2017 6:00,25.805,0,
636,8/1/2017 7:00,25.708,10.8,
637,8/1/2017 8:00,25.708,53.8,
638,8/1/2017 9:00,25.805,301.4,
639,8/1/2017 10:00,26,2755.6,
640,8/1/2017 11:00,26.195,839.6,
641,8/1/2017 12:00,26.683,914.9,182.926
642,8/1/2017 13:00,27.272,1722.2,
643,8/1/2017 14:00,28.06,1141,
644,8/1/2017 15:00,28.555,958,
645,8/1/2017 16:00,29.053,828.8,
646,8/1/2017 17:00,28.953,549,
647,8/1/2017 18:00,28.655,96.9,
648,8/1/2017 19:00,28.357,53.8,
649,8/1/2017 20:00,28.159,21.5,
650,8/1/2017 21:00,27.764,0,
651,8/1/2017 22:00,27.37,0,
652,8/1/2017 23:00,27.272,0,
653,8/2/2017 0:00,27.075,0,
654,8/2/2017 1:00,26.977,0,
655,8/2/2017 2:00,26.781,0,
656,8/2/2017 3:00,26.683,0,
657,8/2/2017 4:00,26.585,0,
658,8/2/2017 5:00,26.488,0,
659,8/2/2017 6:00,26.292,0,
660,8/2/2017 7:00,26.195,21.5,
661,8/2/2017 8:00,26.097,96.9,
662,8/2/2017 9:00,26.195,1377.8,
663,8/2/2017 10:00,26.585,1334.7,
664,8/2/2017 11:00,26.879,850.4,
665,8/2/2017 12:00,27.37,452.1,190.343
666,8/2/2017 13:00,27.764,1636.1,
667,8/2/2017 14:00,28.258,1636.1,
668,8/2/2017 15:00,27.764,118.4,
669,8/2/2017 16:00,27.468,21.5,
670,8/2/2017 17:00,27.075,10.8,
671,8/2/2017 18:00,27.173,882.6,
672,8/2/2017 19:00,26.977,183,
673,8/2/2017 20:00,26.879,107.6,
674,8/2/2017 21:00,26.781,0,
675,8/2/2017 22:00,26.585,0,
676,8/2/2017 23:00,26.488,0,
677,8/3/2017 0:00,26.39,0,
678,8/3/2017 1:00,26.292,0,
679,8/3/2017 2:00,26.195,0,
680,8/3/2017 3:00,26.097,0,
681,8/3/2017 4:00,26,0,
682,8/3/2017 5:00,26,0,
683,8/3/2017 6:00,25.902,0,
684,8/3/2017 7:00,25.805,21.5,
685,8/3/2017 8:00,25.902,139.9,
686,8/3/2017 9:00,26.585,452.1,
687,8/3/2017 10:00,27.37,882.6,
688,8/3/2017 11:00,27.862,1463.9,
689,8/3/2017 12:00,27.272,2066.7,197.367
690,8/3/2017 13:00,26.39,32.3,
691,8/3/2017 14:00,26.195,107.6,
692,8/3/2017 15:00,26.977,1808.3,
693,8/3/2017 16:00,26.879,2583.4,
694,8/3/2017 17:00,26.39,53.8,
695,8/3/2017 18:00,26.195,0,
696,8/3/2017 19:00,25.902,0,
697,8/3/2017 20:00,25.708,0,
698,8/3/2017 21:00,25.708,0,
699,8/3/2017 22:00,25.708,0,
700,8/3/2017 23:00,25.708,0,
701,8/4/2017 0:00,25.805,0,
702,8/4/2017 1:00,25.805,0,
703,8/4/2017 2:00,25.708,0,
704,8/4/2017 3:00,25.61,0,
705,8/4/2017 4:00,25.61,0,
706,8/4/2017 5:00,25.513,0,
707,8/4/2017 6:00,25.416,0,
708,8/4/2017 7:00,25.319,21.5,
709,8/4/2017 8:00,25.319,107.6,
710,8/4/2017 9:00,25.319,462.9,
711,8/4/2017 10:00,25.222,86.1,
712,8/4/2017 11:00,25.319,828.8,
713,8/4/2017 12:00,25.513,818.1,202.989
714,8/4/2017 13:00,26.195,2497.2,
715,8/4/2017 14:00,26.292,3444.5,
716,8/4/2017 15:00,26.488,2755.6,
717,8/4/2017 16:00,26.39,3100,
718,8/4/2017 17:00,25.902,398.3,
719,8/4/2017 18:00,25.708,150.7,
720,8/4/2017 19:00,25.416,193.8,
721,8/4/2017 20:00,25.028,10.8,
722,8/4/2017 21:00,24.835,0,
723,8/4/2017 22:00,24.545,0,
724,8/4/2017 23:00,24.448,0,
725,8/5/2017 0:00,24.255,0,
726,8/5/2017 1:00,24.158,0,
727,8/5/2017 2:00,24.062,0,
728,8/5/2017 3:00,23.966,0,
729,8/5/2017 4:00,23.966,0,
730,8/5/2017 5:00,23.869,0,
731,8/5/2017 6:00,23.773,0,
732,8/5/2017 7:00,23.773,43.1,
733,8/5/2017 8:00,23.773,215.3,
734,8/5/2017 9:00,24.062,828.8,
735,8/5/2017 10:00,24.545,1377.8,
736,8/5/2017 11:00,24.738,2152.8,
737,8/5/2017 12:00,24.738,2583.4,207.567
738,8/5/2017 13:00,25.028,1065.6,
739,8/5/2017 14:00,25.125,516.7,
740,8/5/2017 15:00,24.835,1248.6,
741,8/5/2017 16:00,24.931,4305.6,
742,8/5/2017 17:00,24.931,3100,
743,8/5/2017 18:00,24.641,505.9,
744,8/5/2017 19:00,24.641,366,
745,8/5/2017 20:00,24.641,107.6,
746,8/5/2017 21:00,24.448,0,
747,8/5/2017 22:00,24.351,0,
748,8/5/2017 23:00,24.255,0,
749,8/6/2017 0:00,24.158,0,
750,8/6/2017 1:00,23.966,0,
751,8/6/2017 2:00,23.966,0,
752,8/6/2017 3:00,23.869,0,
753,8/6/2017 4:00,23.773,0,
754,8/6/2017 5:00,23.677,0,
755,8/6/2017 6:00,23.677,0,
756,8/6/2017 7:00,23.581,32.3,
757,8/6/2017 8:00,23.581,215.3,
758,8/6/2017 9:00,24.062,1044.1,
759,8/6/2017 10:00,24.158,958,
760,8/6/2017 11:00,24.448,1550,
761,8/6/2017 12:00,24.641,2152.8,212.323
762,8/6/2017 13:00,24.738,1184,
763,8/6/2017 14:00,25.028,1270.1,
764,8/6/2017 15:00,25.222,2583.4,
765,8/6/2017 16:00,25.222,731.9,
766,8/6/2017 17:00,25.416,925.7,
767,8/6/2017 18:00,25.513,613.5,
768,8/6/2017 19:00,25.319,441.3,
769,8/6/2017 20:00,25.028,53.8,
770,8/6/2017 21:00,24.545,0,
771,8/6/2017 22:00,24.448,0,
772,8/6/2017 23:00,24.158,0,
773,8/7/2017 0:00,23.966,0,
774,8/7/2017 1:00,23.869,0,
775,8/7/2017 2:00,23.773,0,
776,8/7/2017 3:00,23.677,0,
777,8/7/2017 4:00,23.581,0,
778,8/7/2017 5:00,23.581,0,
779,8/7/2017 6:00,23.484,0,
780,8/7/2017 7:00,23.388,32.3,
781,8/7/2017 8:00,23.388,193.8,
782,8/7/2017 9:00,23.581,516.7,
783,8/7/2017 10:00,24.158,1248.6,
784,8/7/2017 11:00,24.062,1173.3,
785,8/7/2017 12:00,24.062,1356.3,216.885
786,8/7/2017 13:00,24.448,2325,
787,8/7/2017 14:00,24.255,1270.1,
788,8/7/2017 15:00,25.028,3100,
789,8/7/2017 16:00,25.222,3444.5,
790,8/7/2017 17:00,25.319,2927.8,
791,8/7/2017 18:00,25.028,505.9,
792,8/7/2017 19:00,24.931,161.5,
793,8/7/2017 20:00,24.738,75.3,
794,8/7/2017 21:00,24.545,0,
795,8/7/2017 22:00,24.448,0,
796,8/7/2017 23:00,24.255,0,
797,8/8/2017 0:00,24.158,0,
798,8/8/2017 1:00,24.158,0,
799,8/8/2017 2:00,23.966,0,
800,8/8/2017 3:00,23.966,0,
801,8/8/2017 4:00,23.773,0,
802,8/8/2017 5:00,23.677,0,
803,8/8/2017 6:00,23.581,0,
804,8/8/2017 7:00,23.581,43.1,
805,8/8/2017 8:00,23.484,204.5,
806,8/8/2017 9:00,24.158,818.1,
807,8/8/2017 10:00,24.545,1345.5,
808,8/8/2017 11:00,24.738,1894.5,
809,8/8/2017 12:00,24.931,1808.3,222.35
810,8/8/2017 13:00,25.513,2325,
811,8/8/2017 14:00,25.805,2755.6,
812,8/8/2017 15:00,26.195,3100,
813,8/8/2017 16:00,26.683,3100,
814,8/8/2017 17:00,26.683,1808.3,
815,8/8/2017 18:00,26.683,570.5,
816,8/8/2017 19:00,26.488,290.6,
817,8/8/2017 20:00,26.097,75.3,
818,8/8/2017 21:00,25.61,0,
819,8/8/2017 22:00,25.222,0,
820,8/8/2017 23:00,25.028,0,
821,8/9/2017 0:00,24.931,0,
822,8/9/2017 1:00,24.738,0,
823,8/9/2017 2:00,24.545,0,
824,8/9/2017 3:00,24.448,0,
825,8/9/2017 4:00,24.351,0,
826,8/9/2017 5:00,24.255,0,
827,8/9/2017 6:00,24.158,0,
828,8/9/2017 7:00,24.158,53.8,
829,8/9/2017 8:00,24.062,247.6,
830,8/9/2017 9:00,24.545,796.5,
831,8/9/2017 10:00,24.835,1248.6,
832,8/9/2017 11:00,25.222,1808.3,
833,8/9/2017 12:00,25.61,2755.6,228.401
834,8/9/2017 13:00,25.708,3444.5,
835,8/9/2017 14:00,26.195,3616.7,
836,8/9/2017 15:00,26.488,1130.2,
837,8/9/2017 16:00,26.488,5166.7,
838,8/9/2017 17:00,27.272,2583.4,
839,8/9/2017 18:00,27.272,678.1,
840,8/9/2017 19:00,27.173,322.9,
841,8/9/2017 20:00,26.585,107.6,
842,8/9/2017 21:00,26.292,0,
843,8/9/2017 22:00,25.902,0,
844,8/9/2017 23:00,25.708,0,
845,8/10/2017 0:00,25.513,0,
846,8/10/2017 1:00,25.319,0,
847,8/10/2017 2:00,25.222,0,
848,8/10/2017 3:00,25.028,0,
849,8/10/2017 4:00,24.835,0,
850,8/10/2017 5:00,24.738,0,
851,8/10/2017 6:00,24.641,0,
852,8/10/2017 7:00,24.448,53.8,
853,8/10/2017 8:00,24.448,344.4,
854,8/10/2017 9:00,24.545,409,
855,8/10/2017 10:00,25.125,1636.1,
856,8/10/2017 11:00,25.61,2583.4,
857,8/10/2017 12:00,26,3961.1,233.712
858,8/10/2017 13:00,25.61,4305.6,
859,8/10/2017 14:00,25.319,1356.3,
860,8/10/2017 15:00,25.319,1377.8,
861,8/10/2017 16:00,25.319,1216.3,
862,8/10/2017 17:00,25.513,2755.6,
863,8/10/2017 18:00,25.222,667.4,
864,8/10/2017 19:00,24.931,333.7,
865,8/10/2017 20:00,24.641,75.3,
866,8/10/2017 21:00,24.545,0,
867,8/10/2017 22:00,24.448,0,
868,8/10/2017 23:00,24.351,0,
869,8/11/2017 0:00,24.255,0,
870,8/11/2017 1:00,24.351,0,
871,8/11/2017 2:00,24.351,0,
872,8/11/2017 3:00,24.255,0,
873,8/11/2017 4:00,24.351,0,
874,8/11/2017 5:00,24.351,0,
875,8/11/2017 6:00,24.255,0,
876,8/11/2017 7:00,24.158,0,
877,8/11/2017 8:00,24.158,64.6,
878,8/11/2017 9:00,24.158,312.2,
879,8/11/2017 10:00,24.448,1194.8,
880,8/11/2017 11:00,24.448,990.3,
881,8/11/2017 12:00,24.738,1022.6,238.739
882,8/11/2017 13:00,25.125,1270.1,
883,8/11/2017 14:00,25.61,5338.9,
884,8/11/2017 15:00,25.125,688.9,
885,8/11/2017 16:00,25.416,3616.7,
886,8/11/2017 17:00,25.319,21.5,
887,8/11/2017 18:00,25.222,656.6,
888,8/11/2017 19:00,25.319,107.6,
889,8/11/2017 20:00,25.222,86.1,
890,8/11/2017 21:00,25.028,0,
891,8/11/2017 22:00,24.835,0,
892,8/11/2017 23:00,24.738,0,
893,8/12/2017 0:00,24.545,0,
894,8/12/2017 1:00,24.448,0,
895,8/12/2017 2:00,24.448,0,
896,8/12/2017 3:00,24.255,0,
897,8/12/2017 4:00,24.062,0,
898,8/12/2017 5:00,23.966,0,
899,8/12/2017 6:00,23.869,0,
900,8/12/2017 7:00,23.869,10.8,
901,8/12/2017 8:00,23.966,172.2,
902,8/12/2017 9:00,23.966,193.8,
903,8/12/2017 10:00,24.545,1550,
904,8/12/2017 11:00,24.062,721.2,
905,8/12/2017 12:00,24.448,904.2,243.476
906,8/12/2017 13:00,24.835,2497.2,
907,8/12/2017 14:00,25.319,2927.8,
908,8/12/2017 15:00,25.125,538.2,
909,8/12/2017 16:00,25.125,355.2,
910,8/12/2017 17:00,25.125,2411.1,
911,8/12/2017 18:00,24.931,473.6,
912,8/12/2017 19:00,24.931,129.2,
913,8/12/2017 20:00,24.738,32.3,
914,8/12/2017 21:00,24.641,0,
915,8/12/2017 22:00,24.545,0,
916,8/12/2017 23:00,24.448,0,
917,8/13/2017 0:00,24.351,0,
918,8/13/2017 1:00,24.158,0,
919,8/13/2017 2:00,24.062,0,
920,8/13/2017 3:00,24.062,0,
921,8/13/2017 4:00,23.966,0,
922,8/13/2017 5:00,23.869,0,
923,8/13/2017 6:00,23.869,0,
924,8/13/2017 7:00,23.869,32.3,
925,8/13/2017 8:00,23.869,204.5,
926,8/13/2017 9:00,24.545,785.8,
927,8/13/2017 10:00,24.835,1141,
928,8/13/2017 11:00,25.416,1636.1,
929,8/13/2017 12:00,25.61,1894.5,248.832
930,8/13/2017 13:00,26,2325,
931,8/13/2017 14:00,26.292,2325,
932,8/13/2017 15:00,26.195,2927.8,
933,8/13/2017 16:00,26,484.4,
934,8/13/2017 17:00,25.902,559.7,
935,8/13/2017 18:00,25.805,419.8,
936,8/13/2017 19:00,25.61,269.1,
937,8/13/2017 20:00,25.416,75.3,
938,8/13/2017 21:00,24.931,0,
939,8/13/2017 22:00,24.641,0,
940,8/13/2017 23:00,24.351,0,
941,8/14/2017 0:00,24.255,0,
942,8/14/2017 1:00,24.255,0,
943,8/14/2017 2:00,24.255,0,
944,8/14/2017 3:00,24.158,0,
945,8/14/2017 4:00,23.966,0,
946,8/14/2017 5:00,23.966,0,
947,8/14/2017 6:00,24.062,0,
948,8/14/2017 7:00,23.966,0,
949,8/14/2017 8:00,23.966,118.4,
950,8/14/2017 9:00,24.158,322.9,
951,8/14/2017 10:00,24.448,581.3,
952,8/14/2017 11:00,25.125,1377.8,
953,8/14/2017 12:00,25.222,1722.2,253.604
954,8/14/2017 13:00,25.319,1808.3,
955,8/14/2017 14:00,25.319,2583.4,
956,8/14/2017 15:00,24.931,990.3,
957,8/14/2017 16:00,24.931,2497.2,
958,8/14/2017 17:00,24.931,1722.2,
959,8/14/2017 18:00,24.738,538.2,
960,8/14/2017 19:00,24.641,172.2,
961,8/14/2017 20:00,24.641,32.3,
962,8/14/2017 21:00,24.641,0,
963,8/14/2017 22:00,24.545,0,
964,8/14/2017 23:00,24.641,0,
965,8/15/2017 0:00,24.641,0,
966,8/15/2017 1:00,24.545,0,
967,8/15/2017 2:00,24.545,0,
968,8/15/2017 3:00,24.545,0,
969,8/15/2017 4:00,24.448,0,
970,8/15/2017 5:00,24.351,0,
971,8/15/2017 6:00,24.351,0,
972,8/15/2017 7:00,24.351,0,
973,8/15/2017 8:00,24.255,21.5,
974,8/15/2017 9:00,24.255,150.7,
975,8/15/2017 10:00,24.448,452.1,
976,8/15/2017 11:00,24.738,1108.7,
977,8/15/2017 12:00,25.61,1980.6,259.412
978,8/15/2017 13:00,26,1636.1,
979,8/15/2017 14:00,26.39,3272.2,
980,8/15/2017 15:00,26.683,3444.5,
981,8/15/2017 16:00,26.683,2411.1,
982,8/15/2017 17:00,26.781,1162.5,
983,8/15/2017 18:00,26.683,516.7,
984,8/15/2017 19:00,26.585,161.5,
985,8/15/2017 20:00,26.39,43.1,
986,8/15/2017 21:00,26.195,0,
987,8/15/2017 22:00,26,0,
988,8/15/2017 23:00,25.902,0,
989,8/16/2017 0:00,25.805,0,
990,8/16/2017 1:00,25.708,0,
991,8/16/2017 2:00,25.513,0,
992,8/16/2017 3:00,25.416,0,
993,8/16/2017 4:00,25.319,0,
994,8/16/2017 5:00,25.222,0,
995,8/16/2017 6:00,25.125,0,
996,8/16/2017 7:00,25.028,10.8,
997,8/16/2017 8:00,25.028,172.2,
998,8/16/2017 9:00,25.513,570.5,
999,8/16/2017 10:00,25.902,904.2,
1000,8/16/2017 11:00,26.097,1313.2,
1001,8/16/2017 12:00,26.097,1808.3,265.058
1002,8/16/2017 13:00,25.902,1141,
1003,8/16/2017 14:00,26.097,2411.1,
1004,8/16/2017 15:00,26.195,2755.6,
1005,8/16/2017 16:00,26.097,2669.5,
1006,8/16/2017 17:00,26,871.9,
1007,8/16/2017 18:00,25.61,419.8,
1008,8/16/2017 19:00,25.513,150.7,
1009,8/16/2017 20:00,25.222,43.1,
1010,8/16/2017 21:00,25.125,0,
1011,8/16/2017 22:00,24.931,0,
1012,8/16/2017 23:00,24.835,0,
1013,8/17/2017 0:00,25.028,0,
1014,8/17/2017 1:00,25.028,0,
1015,8/17/2017 2:00,24.931,0,
1016,8/17/2017 3:00,24.931,0,
1017,8/17/2017 4:00,24.931,0,
1018,8/17/2017 5:00,24.931,0,
1019,8/17/2017 6:00,24.835,0,
1020,8/17/2017 7:00,24.835,10.8,
1021,8/17/2017 8:00,24.835,10.8,
1022,8/17/2017 9:00,24.738,172.2,
1023,8/17/2017 10:00,24.931,322.9,
1024,8/17/2017 11:00,24.931,333.7,
1025,8/17/2017 12:00,25.125,366,270.482
1026,8/17/2017 13:00,25.222,193.8,
1027,8/17/2017 14:00,25.319,376.7,
1028,8/17/2017 15:00,25.416,193.8,
1029,8/17/2017 16:00,25.902,1377.8,
1030,8/17/2017 17:00,25.416,355.2,
1031,8/17/2017 18:00,25.708,678.1,
1032,8/17/2017 19:00,25.513,129.2,
1033,8/17/2017 20:00,25.513,10.8,
1034,8/17/2017 21:00,25.319,0,
1035,8/17/2017 22:00,25.125,0,
1036,8/17/2017 23:00,25.028,0,
1037,8/18/2017 0:00,24.931,0,
1038,8/18/2017 1:00,24.738,0,
1039,8/18/2017 2:00,24.641,0,
1040,8/18/2017 3:00,24.641,0,
1041,8/18/2017 4:00,24.545,0,
1042,8/18/2017 5:00,24.545,0,
1043,8/18/2017 6:00,24.448,0,
1044,8/18/2017 7:00,24.351,10.8,
1045,8/18/2017 8:00,24.351,129.2,
1046,8/18/2017 9:00,24.641,419.8,
1047,8/18/2017 10:00,24.351,398.3,
1048,8/18/2017 11:00,24.545,333.7,
1049,8/18/2017 12:00,25.222,2583.4,275.359
1050,8/18/2017 13:00,25.125,3272.2,
1051,8/18/2017 14:00,25.125,1463.9,
1052,8/18/2017 15:00,25.319,7577.8,
1053,8/18/2017 16:00,25.125,775,
1054,8/18/2017 17:00,25.125,861.1,
1055,8/18/2017 18:00,25.125,301.4,
1056,8/18/2017 19:00,24.835,139.9,
1057,8/18/2017 20:00,24.545,32.3,
1058,8/18/2017 21:00,24.448,0,
1059,8/18/2017 22:00,24.351,0,
1060,8/18/2017 23:00,24.255,0,
1061,8/19/2017 0:00,24.255,0,
1062,8/19/2017 1:00,24.158,0,
1063,8/19/2017 2:00,24.158,0,
1064,8/19/2017 3:00,24.158,0,
1065,8/19/2017 4:00,24.158,0,
1066,8/19/2017 5:00,24.062,0,
1067,8/19/2017 6:00,23.966,0,
1068,8/19/2017 7:00,23.966,32.3,
1069,8/19/2017 8:00,23.966,193.8,
1070,8/19/2017 9:00,23.966,172.2,
1071,8/19/2017 10:00,24.545,1022.6,
1072,8/19/2017 11:00,24.738,1636.1,
1073,8/19/2017 12:00,24.545,1033.3,280.441
1074,8/19/2017 13:00,24.835,796.5,
1075,8/19/2017 14:00,25.125,1001,
1076,8/19/2017 15:00,25.513,2927.8,
1077,8/19/2017 16:00,25.805,4133.4,
1078,8/19/2017 17:00,25.61,990.3,
1079,8/19/2017 18:00,25.61,473.6,
1080,8/19/2017 19:00,25.513,150.7,
1081,8/19/2017 20:00,25.416,43.1,
1082,8/19/2017 21:00,25.222,0,
1083,8/19/2017 22:00,25.028,0,
1084,8/19/2017 23:00,24.931,0,
1085,8/20/2017 0:00,24.835,0,
1086,8/20/2017 1:00,24.738,0,
1087,8/20/2017 2:00,24.641,0,
1088,8/20/2017 3:00,24.545,0,
1089,8/20/2017 4:00,24.448,0,
1090,8/20/2017 5:00,24.351,0,
1091,8/20/2017 6:00,24.255,0,
1092,8/20/2017 7:00,24.158,10.8,
1093,8/20/2017 8:00,24.158,549,
1094,8/20/2017 9:00,24.448,2669.5,
1095,8/20/2017 10:00,24.835,2755.6,
1096,8/20/2017 11:00,25.222,2755.6,
1097,8/20/2017 12:00,25.805,6544.5,286.589
1098,8/20/2017 13:00,26.488,6200,
1099,8/20/2017 14:00,26.683,7577.8,
1100,8/20/2017 15:00,27.37,5166.7,
1101,8/20/2017 16:00,27.37,4477.8,
1102,8/20/2017 17:00,26.683,1377.8,
1103,8/20/2017 18:00,27.075,861.1,
1104,8/20/2017 19:00,26.683,279.9,
1105,8/20/2017 20:00,26.195,32.3,
1106,8/20/2017 21:00,25.708,0,
1107,8/20/2017 22:00,25.416,0,
1108,8/20/2017 23:00,25.319,0,
1109,8/21/2017 0:00,25.125,0,
1110,8/21/2017 1:00,24.931,0,
1111,8/21/2017 2:00,24.835,0,
1112,8/21/2017 3:00,24.835,0,
1113,8/21/2017 4:00,24.738,0,
1114,8/21/2017 5:00,24.641,0,
1115,8/21/2017 6:00,24.641,0,
1116,8/21/2017 7:00,24.641,53.8,
1117,8/21/2017 8:00,24.738,516.7,
1118,8/21/2017 9:00,24.931,1065.6,
1119,8/21/2017 10:00,25.416,3788.9,
1120,8/21/2017 11:00,25.902,4994.5,
1121,8/21/2017 12:00,26.879,5166.7,292.912
1122,8/21/2017 13:00,27.37,5511.1,
1123,8/21/2017 14:00,26.195,2497.2,
1124,8/21/2017 15:00,25.416,430.6,
1125,8/21/2017 16:00,25.805,5338.9,
1126,8/21/2017 17:00,25.708,1463.9,
1127,8/21/2017 18:00,25.708,710.4,
1128,8/21/2017 19:00,25.416,398.3,
1129,8/21/2017 20:00,25.319,53.8,
1130,8/21/2017 21:00,25.222,0,
1131,8/21/2017 22:00,25.125,0,
1132,8/21/2017 23:00,25.125,0,
1133,8/22/2017 0:00,25.028,0,
1134,8/22/2017 1:00,24.931,0,
1135,8/22/2017 2:00,24.835,0,
1136,8/22/2017 3:00,24.931,0,
1137,8/22/2017 4:00,24.835,0,
1138,8/22/2017 5:00,24.738,0,
1139,8/22/2017 6:00,24.738,0,
1140,8/22/2017 7:00,24.641,10.8,
1141,8/22/2017 8:00,24.545,118.4,
1142,8/22/2017 9:00,24.545,441.3,
1143,8/22/2017 10:00,24.545,516.7,
1144,8/22/2017 11:00,24.641,1377.8,
1145,8/22/2017 12:00,24.641,807.3,298.072
1146,8/22/2017 13:00,24.835,1980.6,
1147,8/22/2017 14:00,24.931,1980.6,
1148,8/22/2017 15:00,25.028,1377.8,
1149,8/22/2017 16:00,25.61,5166.7,
1150,8/22/2017 17:00,25.708,1463.9,
1151,8/22/2017 18:00,25.416,818.1,
1152,8/22/2017 19:00,25.125,312.2,
1153,8/22/2017 20:00,24.835,53.8,
1154,8/22/2017 21:00,24.545,0,
1155,8/22/2017 22:00,24.448,0,
1156,8/22/2017 23:00,24.448,0,
1157,8/23/2017 0:00,24.351,0,
1158,8/23/2017 1:00,24.255,0,
1159,8/23/2017 2:00,24.158,0,
1160,8/23/2017 3:00,24.062,0,
1161,8/23/2017 4:00,23.966,0,
1162,8/23/2017 5:00,23.966,0,
1163,8/23/2017 6:00,23.869,0,
1164,8/23/2017 7:00,23.869,32.3,
1165,8/23/2017 8:00,23.773,366,
1166,8/23/2017 9:00,23.966,968.8,
1167,8/23/2017 10:00,24.158,1808.3,
1168,8/23/2017 11:00,24.351,2152.8,
1169,8/23/2017 12:00,24.351,5166.7,302.65
1170,8/23/2017 13:00,24.545,9300.1,
1171,8/23/2017 14:00,24.641,7233.4,
1172,8/23/2017 15:00,24.835,7577.8,
1173,8/23/2017 16:00,25.125,9300.1,
1174,8/23/2017 17:00,24.738,322.9,
1175,8/23/2017 18:00,24.641,549,
1176,8/23/2017 19:00,24.641,366,
1177,8/23/2017 20:00,24.351,53.8,
1178,8/23/2017 21:00,24.255,0,
1179,8/23/2017 22:00,24.158,0,
1180,8/23/2017 23:00,23.966,0,
1181,8/24/2017 0:00,23.869,0,
1182,8/24/2017 1:00,23.677,0,
1183,8/24/2017 2:00,23.581,0,
1184,8/24/2017 3:00,23.484,0,
1185,8/24/2017 4:00,23.484,0,
1186,8/24/2017 5:00,23.484,0,
1187,8/24/2017 6:00,23.388,0,
1188,8/24/2017 7:00,23.388,21.5,
1189,8/24/2017 8:00,23.388,581.3,
1190,8/24/2017 9:00,23.484,753.5,
1191,8/24/2017 10:00,23.581,1463.9,
1192,8/24/2017 11:00,23.677,3788.9,
1193,8/24/2017 12:00,24.062,5166.7,306.273
1194,8/24/2017 13:00,23.869,1636.1,
1195,8/24/2017 14:00,23.869,1001,
1196,8/24/2017 15:00,23.677,538.2,
1197,8/24/2017 16:00,23.581,1636.1,
1198,8/24/2017 17:00,23.581,1151.7,
1199,8/24/2017 18:00,23.388,581.3,
1200,8/24/2017 19:00,23.292,236.8,
1201,8/24/2017 20:00,23.196,43.1,
1202,8/24/2017 21:00,23.004,0,
1203,8/24/2017 22:00,23.004,0,
1204,8/24/2017 23:00,23.004,0,
1205,8/25/2017 0:00,23.004,0,
1206,8/25/2017 1:00,22.812,0,
1207,8/25/2017 2:00,22.812,0,
1208,8/25/2017 3:00,22.812,0,
1209,8/25/2017 4:00,22.717,0,
1210,8/25/2017 5:00,22.717,0,
1211,8/25/2017 6:00,22.717,0,
1212,8/25/2017 7:00,22.621,10.8,
1213,8/25/2017 8:00,22.525,495.1,
1214,8/25/2017 9:00,22.717,1130.2,
1215,8/25/2017 10:00,22.812,2927.8,
1216,8/25/2017 11:00,23.004,5166.7,
1217,8/25/2017 12:00,23.196,5166.7,309.782
1218,8/25/2017 13:00,23.292,6200,
1219,8/25/2017 14:00,23.773,5511.1,
1220,8/25/2017 15:00,23.869,1894.5,
1221,8/25/2017 16:00,24.158,3616.7,
1222,8/25/2017 17:00,24.158,1216.3,
1223,8/25/2017 18:00,24.158,764.2,
1224,8/25/2017 19:00,24.062,215.3,
1225,8/25/2017 20:00,23.966,43.1,
1226,8/25/2017 21:00,23.773,0,
1227,8/25/2017 22:00,23.581,0,
1228,8/25/2017 23:00,23.388,0,
1229,8/26/2017 0:00,23.292,0,
1230,8/26/2017 1:00,23.196,0,
1231,8/26/2017 2:00,23.004,0,
1232,8/26/2017 3:00,22.908,0,
1233,8/26/2017 4:00,22.812,0,
1234,8/26/2017 5:00,22.621,0,
1235,8/26/2017 6:00,22.525,0,
1236,8/26/2017 7:00,22.429,10.8,
1237,8/26/2017 8:00,22.333,387.5,
1238,8/26/2017 9:00,22.429,1302.4,
1239,8/26/2017 10:00,22.812,2411.1,
1240,8/26/2017 11:00,23.196,3788.9,
1241,8/26/2017 12:00,23.484,4822.3,313.591
1242,8/26/2017 13:00,23.773,5338.9,
1243,8/26/2017 14:00,23.966,5511.1,
1244,8/26/2017 15:00,24.351,4822.3,
1245,8/26/2017 16:00,24.738,3616.7,
1246,8/26/2017 17:00,24.545,1302.4,
1247,8/26/2017 18:00,24.448,613.5,
1248,8/26/2017 19:00,24.351,279.9,
1249,8/26/2017 20:00,24.062,21.5,
1250,8/26/2017 21:00,23.773,0,
1251,8/26/2017 22:00,23.677,0,
1252,8/26/2017 23:00,23.484,0,
1253,8/27/2017 0:00,23.388,0,
1254,8/27/2017 1:00,23.292,0,
1255,8/27/2017 2:00,23.1,0,
1256,8/27/2017 3:00,23.004,0,
1257,8/27/2017 4:00,22.908,0,
1258,8/27/2017 5:00,22.812,0,
1259,8/27/2017 6:00,22.717,0,
1260,8/27/2017 7:00,22.621,10.8,
1261,8/27/2017 8:00,22.621,387.5,
1262,8/27/2017 9:00,22.717,904.2,
1263,8/27/2017 10:00,22.908,2325,
1264,8/27/2017 11:00,22.908,1808.3,
1265,8/27/2017 12:00,23.004,2238.9,316.759
1266,8/27/2017 13:00,23.484,4305.6,
1267,8/27/2017 14:00,23.581,6200,
1268,8/27/2017 15:00,23.677,4822.3,
1269,8/27/2017 16:00,23.581,3272.2,
1270,8/27/2017 17:00,23.292,1463.9,
1271,8/27/2017 18:00,23.1,818.1,
1272,8/27/2017 19:00,22.908,322.9,
1273,8/27/2017 20:00,22.621,10.8,
1274,8/27/2017 21:00,22.525,0,
1275,8/27/2017 22:00,22.525,0,
1276,8/27/2017 23:00,22.525,0,
1277,8/28/2017 0:00,22.429,0,
1278,8/28/2017 1:00,22.238,0,
1279,8/28/2017 2:00,22.142,0,
1280,8/28/2017 3:00,22.142,0,
1281,8/28/2017 4:00,22.333,0,
1282,8/28/2017 5:00,22.238,0,
1283,8/28/2017 6:00,22.238,0,
1284,8/28/2017 7:00,22.238,0,
1285,8/28/2017 8:00,22.238,172.2,
1286,8/28/2017 9:00,22.429,1087.2,
1287,8/28/2017 10:00,22.525,1291.7,
1288,8/28/2017 11:00,23.004,2669.5,
1289,8/28/2017 12:00,23.004,2238.9,319.395
1290,8/28/2017 13:00,22.908,1259.4,
1291,8/28/2017 14:00,22.908,710.4,
1292,8/28/2017 15:00,22.812,968.8,
1293,8/28/2017 16:00,22.812,1130.2,
1294,8/28/2017 17:00,22.812,215.3,
1295,8/28/2017 18:00,22.525,10.8,
1296,8/28/2017 19:00,22.525,150.7,
1297,8/28/2017 20:00,22.429,0,
1298,8/28/2017 21:00,22.333,0,
1299,8/28/2017 22:00,22.238,0,
1300,8/28/2017 23:00,22.238,0,
1301,8/29/2017 0:00,22.142,0,
1302,8/29/2017 1:00,22.046,0,
1303,8/29/2017 2:00,21.951,0,
1304,8/29/2017 3:00,22.046,0,
1305,8/29/2017 4:00,22.142,0,
1306,8/29/2017 5:00,22.142,0,
1307,8/29/2017 6:00,22.046,0,
1308,8/29/2017 7:00,22.142,0,
1309,8/29/2017 8:00,22.142,290.6,
1310,8/29/2017 9:00,22.238,688.9,
1311,8/29/2017 10:00,22.238,710.4,
1312,8/29/2017 11:00,22.238,570.5,
1313,8/29/2017 12:00,22.333,731.9,321.779
1314,8/29/2017 13:00,22.717,5166.7,
1315,8/29/2017 14:00,22.525,1259.4,
1316,8/29/2017 15:00,22.717,2497.2,
1317,8/29/2017 16:00,22.525,796.5,
1318,8/29/2017 17:00,22.621,1022.6,
1319,8/29/2017 18:00,22.621,710.4,
1320,8/29/2017 19:00,22.429,258.3,
1321,8/29/2017 20:00,22.333,43.1,
1322,8/29/2017 21:00,22.333,0,
1323,8/29/2017 22:00,22.238,0,
1324,8/29/2017 23:00,22.238,0,
1325,8/30/2017 0:00,22.142,0,
1326,8/30/2017 1:00,22.142,0,
1327,8/30/2017 2:00,22.046,0,
1328,8/30/2017 3:00,22.046,0,
1329,8/30/2017 4:00,21.951,0,
1330,8/30/2017 5:00,21.951,0,
1331,8/30/2017 6:00,21.951,0,
1332,8/30/2017 7:00,21.951,0,
1333,8/30/2017 8:00,21.951,172.2,
1334,8/30/2017 9:00,22.046,538.2,
1335,8/30/2017 10:00,22.142,1377.8,
1336,8/30/2017 11:00,22.812,5166.7,
1337,8/30/2017 12:00,23.196,6544.5,326.625
1338,8/30/2017 13:00,23.292,7233.4,
1339,8/30/2017 14:00,23.773,850.4,
1340,8/30/2017 15:00,25.222,290.6,
1341,8/30/2017 16:00,26.292,1022.6,
1342,8/30/2017 17:00,26.585,538.2,
1343,8/30/2017 18:00,25.805,129.2,
1344,8/30/2017 19:00,25.222,32.3,
1345,8/30/2017 20:00,24.835,0,
1346,8/30/2017 21:00,24.641,0,
1347,8/30/2017 22:00,24.351,0,
1348,8/30/2017 23:00,24.062,0,
1349,8/31/2017 0:00,23.966,0,
1350,8/31/2017 1:00,23.677,0,
1351,8/31/2017 2:00,23.388,0,
1352,8/31/2017 3:00,23.388,0,
1353,8/31/2017 4:00,23.196,0,
1354,8/31/2017 5:00,23.1,0,
1355,8/31/2017 6:00,22.908,0,
1356,8/31/2017 7:00,22.717,0,
1357,8/31/2017 8:00,22.621,419.8,
1358,8/31/2017 9:00,22.621,1550,
1359,8/31/2017 10:00,22.621,1808.3,
1360,8/31/2017 11:00,22.621,818.1,
1361,8/31/2017 12:00,22.908,3100,329.873
1362,8/31/2017 13:00,23.1,4477.8,
1363,8/31/2017 14:00,23.292,7233.4,
1364,8/31/2017 15:00,23.484,8611.2,
1365,8/31/2017 16:00,23.388,7233.4,
1366,8/31/2017 17:00,23.196,2497.2,
1367,8/31/2017 18:00,22.908,1324,
1368,8/31/2017 19:00,22.717,279.9,
1369,8/31/2017 20:00,22.525,10.8,
1370,8/31/2017 21:00,22.429,0,
1371,8/31/2017 22:00,22.238,0,
1372,8/31/2017 23:00,22.238,0,
1373,9/1/2017 0:00,22.142,0,
1374,9/1/2017 1:00,22.046,0,
1375,9/1/2017 2:00,22.046,0,
1376,9/1/2017 3:00,21.951,0,
1377,9/1/2017 4:00,21.855,0,
1378,9/1/2017 5:00,21.76,0,
1379,9/1/2017 6:00,21.664,0,
1380,9/1/2017 7:00,21.664,0,
1381,9/1/2017 8:00,21.569,322.9,
1382,9/1/2017 9:00,21.664,1141,
1383,9/1/2017 10:00,21.855,1302.4,
1384,9/1/2017 11:00,22.142,2411.1,
1385,9/1/2017 12:00,22.142,4133.4,331.743
1386,9/1/2017 13:00,22.142,1291.7,
1387,9/1/2017 14:00,22.142,2669.5,
1388,9/1/2017 15:00,22.238,2755.6,
1389,9/1/2017 16:00,22.142,1356.3,
1390,9/1/2017 17:00,22.142,1033.3,
1391,9/1/2017 18:00,22.046,452.1,
1392,9/1/2017 19:00,21.855,150.7,
1393,9/1/2017 20:00,21.76,0,
1394,9/1/2017 21:00,21.664,0,
1395,9/1/2017 22:00,21.569,0,
1396,9/1/2017 23:00,21.473,0,
1397,9/2/2017 0:00,21.378,0,
1398,9/2/2017 1:00,21.378,0,
1399,9/2/2017 2:00,21.282,0,
1400,9/2/2017 3:00,21.282,0,
1401,9/2/2017 4:00,21.187,0,
1402,9/2/2017 5:00,21.091,0,
1403,9/2/2017 6:00,20.996,0,
1404,9/2/2017 7:00,20.805,0,
1405,9/2/2017 8:00,20.805,538.2,
1406,9/2/2017 9:00,20.996,2152.8,
1407,9/2/2017 10:00,21.282,5511.1,
1408,9/2/2017 11:00,21.569,4994.5,
1409,9/2/2017 12:00,21.76,4650,333.032
1410,9/2/2017 13:00,21.76,4305.6,
1411,9/2/2017 14:00,21.76,3444.5,
1412,9/2/2017 15:00,21.76,2755.6,
1413,9/2/2017 16:00,21.569,1377.8,
1414,9/2/2017 17:00,21.473,710.4,
1415,9/2/2017 18:00,21.282,258.3,
1416,9/2/2017 19:00,20.996,86.1,
1417,9/2/2017 20:00,20.901,0,
1418,9/2/2017 21:00,20.805,0,
1419,9/2/2017 22:00,20.805,0,
1420,9/2/2017 23:00,20.71,0,
1421,9/3/2017 0:00,20.615,0,
1422,9/3/2017 1:00,20.519,0,
1423,9/3/2017 2:00,20.424,0,
1424,9/3/2017 3:00,20.519,0,
1425,9/3/2017 4:00,20.519,0,
1426,9/3/2017 5:00,20.424,0,
1427,9/3/2017 6:00,20.424,0,
1428,9/3/2017 7:00,20.424,0,
1429,9/3/2017 8:00,20.329,64.6,
1430,9/3/2017 9:00,20.615,2411.1,
1431,9/3/2017 10:00,20.805,5338.9,
1432,9/3/2017 11:00,20.901,3616.7,
1433,9/3/2017 12:00,20.996,1377.8,334.643
1434,9/3/2017 13:00,21.091,1237.9,
1435,9/3/2017 14:00,21.76,570.5,
1436,9/3/2017 15:00,22.046,1270.1,
1437,9/3/2017 16:00,22.429,753.5,
1438,9/3/2017 17:00,22.429,376.7,
1439,9/3/2017 18:00,22.238,96.9,
1440,9/3/2017 19:00,22.238,21.5,
1441,9/3/2017 20:00,21.664,0,
1442,9/3/2017 21:00,21.569,0,
1443,9/3/2017 22:00,21.378,0,
1444,9/3/2017 23:00,21.282,0,
1445,9/4/2017 0:00,21.187,0,
1446,9/4/2017 1:00,21.091,0,
1447,9/4/2017 2:00,20.996,0,
1448,9/4/2017 3:00,20.996,0,
1449,9/4/2017 4:00,20.901,0,
1450,9/4/2017 5:00,20.805,0,
1451,9/4/2017 6:00,20.805,0,
1452,9/4/2017 7:00,20.71,0,
1453,9/4/2017 8:00,20.615,53.8,
1454,9/4/2017 9:00,20.615,75.3,
1455,9/4/2017 10:00,20.615,129.2,
1456,9/4/2017 11:00,20.996,1162.5,
1457,9/4/2017 12:00,21.473,1076.4,336.296
1458,9/4/2017 13:00,21.855,979.5,
1459,9/4/2017 14:00,22.142,775,
1460,9/4/2017 15:00,22.142,861.1,
1461,9/4/2017 16:00,22.238,688.9,
1462,9/4/2017 17:00,22.333,247.6,
1463,9/4/2017 18:00,22.142,0,
1464,9/4/2017 19:00,22.142,0,
1465,9/4/2017 20:00,21.951,0,
1466,9/4/2017 21:00,21.569,0,
1467,9/4/2017 22:00,21.378,0,
1468,9/4/2017 23:00,21.282,0,
1469,9/5/2017 0:00,20.996,0,
1470,9/5/2017 1:00,20.996,0,
1471,9/5/2017 2:00,20.901,0,
1472,9/5/2017 3:00,20.901,0,
1473,9/5/2017 4:00,20.901,0,
1474,9/5/2017 5:00,20.805,0,
1475,9/5/2017 6:00,20.71,0,
1476,9/5/2017 7:00,20.615,0,
1477,9/5/2017 8:00,20.615,107.6,
1478,9/5/2017 9:00,20.615,785.8,
1479,9/5/2017 10:00,20.615,441.3,
1480,9/5/2017 11:00,20.996,344.4,
1481,9/5/2017 12:00,21.282,1636.1,337.889
1482,9/5/2017 13:00,21.187,215.3,
1483,9/5/2017 14:00,21.473,473.6,
1484,9/5/2017 15:00,21.951,1216.3,
1485,9/5/2017 16:00,21.951,409,
1486,9/5/2017 17:00,22.238,430.6,
1487,9/5/2017 18:00,21.664,129.2,
1488,9/5/2017 19:00,21.569,32.3,
1489,9/5/2017 20:00,21.378,0,
1490,9/5/2017 21:00,21.187,0,
1491,9/5/2017 22:00,20.901,0,
1492,9/5/2017 23:00,20.805,0,
1493,9/6/2017 0:00,20.71,0,
1494,9/6/2017 1:00,20.805,0,
1495,9/6/2017 2:00,20.615,0,
1496,9/6/2017 3:00,20.615,0,
1497,9/6/2017 4:00,20.519,0,
1498,9/6/2017 5:00,20.424,0,
1499,9/6/2017 6:00,20.329,0,
1500,9/6/2017 7:00,20.329,0,
1501,9/6/2017 8:00,20.234,204.5,
1502,9/6/2017 9:00,20.329,968.8,
1503,9/6/2017 10:00,20.615,1463.9,
1504,9/6/2017 11:00,20.901,2152.8,
1505,9/6/2017 12:00,21.282,1808.3,339.161
1506,9/6/2017 13:00,21.664,1550,
1507,9/6/2017 14:00,21.76,269.1,
1508,9/6/2017 15:00,21.76,139.9,
1509,9/6/2017 16:00,21.855,258.3,
1510,9/6/2017 17:00,21.951,452.1,
1511,9/6/2017 18:00,21.473,64.6,
1512,9/6/2017 19:00,21.378,21.5,
1513,9/6/2017 20:00,21.187,0,
1514,9/6/2017 21:00,21.091,0,
1515,9/6/2017 22:00,21.091,0,
1516,9/6/2017 23:00,20.901,0,
1517,9/7/2017 0:00,20.71,0,
1518,9/7/2017 1:00,20.615,0,
1519,9/7/2017 2:00,20.519,0,
1520,9/7/2017 3:00,20.329,0,
1521,9/7/2017 4:00,20.138,0,
1522,9/7/2017 5:00,20.043,0,
1523,9/7/2017 6:00,19.948,0,
1524,9/7/2017 7:00,19.853,0,
1525,9/7/2017 8:00,19.758,75.3,
1526,9/7/2017 9:00,19.948,1216.3,
1527,9/7/2017 10:00,20.138,1334.7,
1528,9/7/2017 11:00,20.424,1808.3,
1529,9/7/2017 12:00,20.519,2583.4,339.794
1530,9/7/2017 13:00,20.615,1324,
1531,9/7/2017 14:00,20.805,484.4,
1532,9/7/2017 15:00,20.996,731.9,
1533,9/7/2017 16:00,21.187,764.2,
1534,9/7/2017 17:00,20.996,107.6,
1535,9/7/2017 18:00,20.519,183,
1536,9/7/2017 19:00,20.424,43.1,
1537,9/7/2017 20:00,20.234,0,
1538,9/7/2017 21:00,20.234,0,
1539,9/7/2017 22:00,20.138,0,
1540,9/7/2017 23:00,20.043,0,
1541,9/8/2017 0:00,19.948,0,
1542,9/8/2017 1:00,19.948,0,
1543,9/8/2017 2:00,19.853,0,
1544,9/8/2017 3:00,19.758,0,
1545,9/8/2017 4:00,19.662,0,
1546,9/8/2017 5:00,19.567,0,
1547,9/8/2017 6:00,19.472,0,
1548,9/8/2017 7:00,19.377,0,
1549,9/8/2017 8:00,19.282,75.3,
1550,9/8/2017 9:00,19.472,2238.9,
1551,9/8/2017 10:00,19.662,4994.5,
1552,9/8/2017 11:00,19.853,4133.4,
1553,9/8/2017 12:00,20.138,3788.9,340.279
1554,9/8/2017 13:00,20.805,5166.7,
1555,9/8/2017 14:00,21.091,1022.6,
1556,9/8/2017 15:00,20.996,2583.4,
1557,9/8/2017 16:00,20.615,1130.2,
1558,9/8/2017 17:00,20.424,344.4,
1559,9/8/2017 18:00,20.329,236.8,
1560,9/8/2017 19:00,20.138,64.6,
1561,9/8/2017 20:00,19.948,0,
1562,9/8/2017 21:00,19.853,0,
1563,9/8/2017 22:00,19.758,0,
1564,9/8/2017 23:00,19.662,0,
1565,9/9/2017 0:00,19.567,0,
1566,9/9/2017 1:00,19.472,0,
1567,9/9/2017 2:00,19.282,0,
1568,9/9/2017 3:00,19.282,0,
1569,9/9/2017 4:00,19.187,0,
1570,9/9/2017 5:00,19.187,0,
1571,9/9/2017 6:00,19.092,0,
1572,9/9/2017 7:00,19.092,0,
1573,9/9/2017 8:00,19.187,505.9,
1574,9/9/2017 9:00,19.567,2066.7,
1575,9/9/2017 10:00,20.043,3100,
1576,9/9/2017 11:00,20.329,3788.9,
1577,9/9/2017 12:00,20.805,3788.9,340.584
1578,9/9/2017 13:00,20.519,645.8,
1579,9/9/2017 14:00,20.519,828.8,
1580,9/9/2017 15:00,20.138,398.3,
1581,9/9/2017 16:00,20.138,462.9,
1582,9/9/2017 17:00,20.138,376.7,
1583,9/9/2017 18:00,20.043,172.2,
1584,9/9/2017 19:00,19.853,64.6,
1585,9/9/2017 20:00,19.758,0,
1586,9/9/2017 21:00,19.662,0,
1587,9/9/2017 22:00,19.567,0,
1588,9/9/2017 23:00,19.472,0,
1589,9/10/2017 0:00,19.282,0,
1590,9/10/2017 1:00,19.282,0,
1591,9/10/2017 2:00,19.187,0,
1592,9/10/2017 3:00,19.092,0,
1593,9/10/2017 4:00,19.092,0,
1594,9/10/2017 5:00,18.901,0,
1595,9/10/2017 6:00,18.806,0,
1596,9/10/2017 7:00,18.806,0,
1597,9/10/2017 8:00,18.806,312.2,
1598,9/10/2017 9:00,18.996,9300.1,
1599,9/10/2017 10:00,19.282,6544.5,
1600,9/10/2017 11:00,19.567,6544.5,
1601,9/10/2017 12:00,20.234,9300.1,340.724
1602,9/10/2017 13:00,20.424,5166.7,
1603,9/10/2017 14:00,20.519,3961.1,
1604,9/10/2017 15:00,20.234,2755.6,
1605,9/10/2017 16:00,20.138,753.5,
1606,9/10/2017 17:00,20.043,807.3,
1607,9/10/2017 18:00,19.853,301.4,
1608,9/10/2017 19:00,19.377,161.5,
1609,9/10/2017 20:00,19.092,0,
1610,9/10/2017 21:00,18.901,0,
1611,9/10/2017 22:00,18.806,0,
1612,9/10/2017 23:00,18.711,0,
1613,9/11/2017 0:00,18.616,0,
1614,9/11/2017 1:00,18.521,0,
1615,9/11/2017 2:00,18.521,0,
1616,9/11/2017 3:00,18.426,0,
1617,9/11/2017 4:00,18.426,0,
1618,9/11/2017 5:00,18.426,0,
1619,9/11/2017 6:00,18.331,0,
1620,9/11/2017 7:00,18.236,0,
1621,9/11/2017 8:00,18.331,527.4,
1622,9/11/2017 9:00,18.711,2152.8,
1623,9/11/2017 10:00,19.377,3616.7,
1624,9/11/2017 11:00,20.043,4305.6,
1625,9/11/2017 12:00,20.805,4305.6,341.885
1626,9/11/2017 13:00,21.378,2927.8,
1627,9/11/2017 14:00,22.525,1980.6,
1628,9/11/2017 15:00,21.855,1463.9,
1629,9/11/2017 16:00,22.429,1356.3,
1630,9/11/2017 17:00,21.282,635.1,
1631,9/11/2017 18:00,20.424,215.3,
1632,9/11/2017 19:00,19.758,107.6,
1633,9/11/2017 20:00,19.282,0,
1634,9/11/2017 21:00,19.092,0,
1635,9/11/2017 22:00,19.187,0,
1636,9/11/2017 23:00,18.996,0,
1637,9/12/2017 0:00,18.901,0,
1638,9/12/2017 1:00,18.806,0,
1639,9/12/2017 2:00,18.901,0,
1640,9/12/2017 3:00,18.901,0,
1641,9/12/2017 4:00,18.996,0,
1642,9/12/2017 5:00,18.901,0,
1643,9/12/2017 6:00,18.901,0,
1644,9/12/2017 7:00,18.996,0,
1645,9/12/2017 8:00,18.996,462.9,
1646,9/12/2017 9:00,19.282,1722.2,
1647,9/12/2017 10:00,19.853,3444.5,
1648,9/12/2017 11:00,20.234,3788.9,
1649,9/12/2017 12:00,20.805,3616.7,342.798
1650,9/12/2017 13:00,21.282,3272.2,
1651,9/12/2017 14:00,21.951,2238.9,
1652,9/12/2017 15:00,21.473,3272.2,
1653,9/12/2017 16:00,21.091,1636.1,
1654,9/12/2017 17:00,20.996,839.6,
1655,9/12/2017 18:00,20.71,688.9,
1656,9/12/2017 19:00,20.424,193.8,
1657,9/12/2017 20:00,20.234,0,
1658,9/12/2017 21:00,20.138,0,
1659,9/12/2017 22:00,19.948,0,
1660,9/12/2017 23:00,19.948,0,
1661,9/13/2017 0:00,19.948,0,
1662,9/13/2017 1:00,19.948,0,
1663,9/13/2017 2:00,19.948,0,
1664,9/13/2017 3:00,19.853,0,
1665,9/13/2017 4:00,19.758,0,
1666,9/13/2017 5:00,19.662,0,
1667,9/13/2017 6:00,19.662,0,
1668,9/13/2017 7:00,19.662,0,
1669,9/13/2017 8:00,19.662,753.5,
1670,9/13/2017 9:00,19.662,366,
1671,9/13/2017 10:00,19.853,667.4,
1672,9/13/2017 11:00,20.329,710.4,
1673,9/13/2017 12:00,21.473,2583.4,344.47
1674,9/13/2017 13:00,23.004,3616.7,
1675,9/13/2017 14:00,22.908,731.9,
1676,9/13/2017 15:00,21.473,226,
1677,9/13/2017 16:00,21.282,721.2,
1678,9/13/2017 17:00,21.378,1334.7,
1679,9/13/2017 18:00,20.996,215.3,
1680,9/13/2017 19:00,20.71,75.3,
1681,9/13/2017 20:00,20.234,0,
1682,9/13/2017 21:00,19.758,0,
1683,9/13/2017 22:00,19.662,0,
1684,9/13/2017 23:00,19.472,0,
1685,9/14/2017 0:00,19.377,0,
1686,9/14/2017 1:00,19.377,0,
1687,9/14/2017 2:00,19.472,0,
1688,9/14/2017 3:00,19.377,0,
1689,9/14/2017 4:00,19.282,0,
1690,9/14/2017 5:00,19.282,0,
1691,9/14/2017 6:00,19.282,0,
1692,9/14/2017 7:00,19.282,0,
1693,9/14/2017 8:00,19.282,419.8,
1694,9/14/2017 9:00,19.758,2755.6,
1695,9/14/2017 10:00,20.519,5166.7,
1696,9/14/2017 11:00,21.282,8611.2,
1697,9/14/2017 12:00,22.429,8266.7,346.779
1698,9/14/2017 13:00,24.062,5166.7,
1699,9/14/2017 14:00,23.484,3444.5,
1700,9/14/2017 15:00,23.773,1237.9,
1701,9/14/2017 16:00,24.062,2583.4,
1702,9/14/2017 17:00,22.429,861.1,
1703,9/14/2017 18:00,21.378,161.5,
1704,9/14/2017 19:00,20.615,96.9,
1705,9/14/2017 20:00,20.138,0,
1706,9/14/2017 21:00,19.948,0,
1707,9/14/2017 22:00,19.853,0,
1708,9/14/2017 23:00,19.758,0,
1709,9/15/2017 0:00,19.853,0,
1710,9/15/2017 1:00,20.138,0,
1711,9/15/2017 2:00,20.043,0,
1712,9/15/2017 3:00,20.043,0,
1713,9/15/2017 4:00,19.948,0,
1714,9/15/2017 5:00,19.948,0,
1715,9/15/2017 6:00,19.948,0,
1716,9/15/2017 7:00,19.853,0,
1717,9/15/2017 8:00,19.948,355.2,
1718,9/15/2017 9:00,20.234,1227.1,
1719,9/15/2017 10:00,20.901,5166.7,
1720,9/15/2017 11:00,21.76,6200,
1721,9/15/2017 12:00,22.717,5338.9,349.998
1722,9/15/2017 13:00,23.869,3100,
1723,9/15/2017 14:00,25.028,2927.8,
1724,9/15/2017 15:00,25.222,2669.5,
1725,9/15/2017 16:00,25.028,882.6,
1726,9/15/2017 17:00,24.448,624.3,
1727,9/15/2017 18:00,23.196,376.7,
1728,9/15/2017 19:00,22.046,161.5,
1729,9/15/2017 20:00,20.901,0,
1730,9/15/2017 21:00,20.424,0,
1731,9/15/2017 22:00,20.329,0,
1732,9/15/2017 23:00,20.424,0,
1733,9/16/2017 0:00,20.329,0,
1734,9/16/2017 1:00,20.329,0,
1735,9/16/2017 2:00,20.234,0,
1736,9/16/2017 3:00,20.424,0,
1737,9/16/2017 4:00,20.424,0,
1738,9/16/2017 5:00,20.138,0,
1739,9/16/2017 6:00,20.234,0,
1740,9/16/2017 7:00,20.043,0,
1741,9/16/2017 8:00,19.853,355.2,
1742,9/16/2017 9:00,20.901,2583.4,
1743,9/16/2017 10:00,21.855,4822.3,
1744,9/16/2017 11:00,23.004,7577.8,
1745,9/16/2017 12:00,24.738,6200,353.592
1746,9/16/2017 13:00,25.319,5511.1,
1747,9/16/2017 14:00,25.125,5166.7,
1748,9/16/2017 15:00,25.805,4305.6,
1749,9/16/2017 16:00,26.097,1550,
1750,9/16/2017 17:00,23.196,301.4,
1751,9/16/2017 18:00,22.238,86.1,
1752,9/16/2017 19:00,21.473,43.1,
1753,9/16/2017 20:00,20.234,0,
1754,9/16/2017 21:00,19.853,0,
1755,9/16/2017 22:00,19.472,0,
1756,9/16/2017 23:00,19.282,0,
1757,9/17/2017 0:00,19.758,0,
1758,9/17/2017 1:00,18.901,0,
1759,9/17/2017 2:00,19.092,0,
1760,9/17/2017 3:00,18.616,0,
1761,9/17/2017 4:00,18.236,0,
1762,9/17/2017 5:00,18.14,0,
1763,9/17/2017 6:00,17.76,0,
1764,9/17/2017 7:00,17.665,0,
1765,9/17/2017 8:00,18.806,3444.5,
1766,9/17/2017 9:00,20.234,968.8,
1767,9/17/2017 10:00,22.333,3961.1,
1768,9/17/2017 11:00,24.738,2583.4,
1769,9/17/2017 12:00,24.931,1980.6,359.868
1770,9/17/2017 13:00,27.961,2325,
1771,9/17/2017 14:00,31.064,2927.8,
1772,9/17/2017 15:00,26.781,3961.1,
1773,9/17/2017 16:00,26,1980.6,
1774,9/17/2017 17:00,24.738,893.4,
1775,9/17/2017 18:00,25.125,592,
1776,9/17/2017 19:00,23.869,118.4,
1777,9/17/2017 20:00,21.664,0,
1778,9/17/2017 21:00,20.615,0,
1779,9/17/2017 22:00,20.138,0,
1780,9/17/2017 23:00,20.234,0,
1781,9/18/2017 0:00,20.234,0,
1782,9/18/2017 1:00,20.043,0,
1783,9/18/2017 2:00,19.662,0,
1784,9/18/2017 3:00,19.662,0,
1785,9/18/2017 4:00,19.377,0,
1786,9/18/2017 5:00,20.615,0,
1787,9/18/2017 6:00,20.519,0,
1788,9/18/2017 7:00,20.424,0,
1789,9/18/2017 8:00,20.424,53.8,
1790,9/18/2017 9:00,21.473,441.3,
1791,9/18/2017 10:00,21.187,269.1,
1792,9/18/2017 11:00,19.662,183,
1793,9/18/2017 12:00,20.138,355.2,361.048
1794,9/18/2017 13:00,19.853,624.3,
1795,9/18/2017 14:00,21.378,1463.9,
1796,9/18/2017 15:00,22.429,1636.1,
1797,9/18/2017 16:00,22.812,1377.8,
1798,9/18/2017 17:00,21.569,678.1,
1799,9/18/2017 18:00,20.996,473.6,
1800,9/18/2017 19:00,20.329,753.5,
1801,9/18/2017 20:00,18.996,0,
1802,9/18/2017 21:00,18.236,0,
1803,9/18/2017 22:00,17.57,0,
1804,9/18/2017 23:00,17.284,0,
1805,9/19/2017 0:00,17.094,0,
1806,9/19/2017 1:00,16.999,0,
1807,9/19/2017 2:00,17.57,0,
1808,9/19/2017 3:00,17.855,0,
1809,9/19/2017 4:00,18.045,0,
1810,9/19/2017 5:00,17.95,0,
1811,9/19/2017 6:00,17.95,0,
1812,9/19/2017 7:00,18.045,0,
1813,9/19/2017 8:00,18.045,193.8,
1814,9/19/2017 9:00,18.996,742.7,
1815,9/19/2017 10:00,19.948,1463.9,
1816,9/19/2017 11:00,21.855,1980.6,
1817,9/19/2017 12:00,20.996,1076.4,361.718
1818,9/19/2017 13:00,21.282,592,
1819,9/19/2017 14:00,21.855,1550,
1820,9/19/2017 15:00,21.282,785.8,
1821,9/19/2017 16:00,21.282,688.9,
1822,9/19/2017 17:00,20.901,398.3,
1823,9/19/2017 18:00,21.091,322.9,
1824,9/19/2017 19:00,20.519,64.6,
1825,9/19/2017 20:00,20.234,0,
1826,9/19/2017 21:00,20.234,0,
1827,9/19/2017 22:00,20.234,0,
1828,9/19/2017 23:00,20.138,0,
1829,9/20/2017 0:00,19.948,0,
1830,9/20/2017 1:00,20.138,0,
1831,9/20/2017 2:00,19.948,0,
1832,9/20/2017 3:00,19.187,0,
1833,9/20/2017 4:00,18.236,0,
1834,9/20/2017 5:00,18.616,0,
1835,9/20/2017 6:00,19.282,0,
1836,9/20/2017 7:00,19.472,0,
1837,9/20/2017 8:00,19.472,64.6,
1838,9/20/2017 9:00,20.329,990.3,
1839,9/20/2017 10:00,20.901,1097.9,
1840,9/20/2017 11:00,25.61,5511.1,
1841,9/20/2017 12:00,29.953,8611.2,370.372
1842,9/20/2017 13:00,34.268,15155.7,
1843,9/20/2017 14:00,34.585,11022.3,
1844,9/20/2017 15:00,32.086,9300.1,
1845,9/20/2017 16:00,30.963,4822.3,
1846,9/20/2017 17:00,27.862,2411.1,
1847,9/20/2017 18:00,26.879,1097.9,
1848,9/20/2017 19:00,25.902,861.1,
1849,9/20/2017 20:00,22.812,0,
1850,9/20/2017 21:00,20.71,0,
1851,9/20/2017 22:00,19.662,0,
1852,9/20/2017 23:00,18.901,0,
1853,9/21/2017 0:00,18.236,0,
1854,9/21/2017 1:00,18.045,0,
1855,9/21/2017 2:00,17.57,0,
1856,9/21/2017 3:00,17.76,0,
1857,9/21/2017 4:00,17.665,0,
1858,9/21/2017 5:00,18.521,0,
1859,9/21/2017 6:00,18.331,0,
1860,9/21/2017 7:00,18.901,0,
1861,9/21/2017 8:00,20.519,2927.8,
1862,9/21/2017 9:00,27.272,7233.4,
1863,9/21/2017 10:00,26.39,4822.3,
1864,9/21/2017 11:00,36.403,14466.8,
1865,9/21/2017 12:00,38.938,14466.8,381.327
1866,9/21/2017 13:00,39.843,13089,
1867,9/21/2017 14:00,38.49,11022.3,
1868,9/21/2017 15:00,35.328,8266.7,
1869,9/21/2017 16:00,33.43,4133.4,
1870,9/21/2017 17:00,30.659,1808.3,
1871,9/21/2017 18:00,27.961,775,
1872,9/21/2017 19:00,26.097,172.2,
1873,9/21/2017 20:00,24.448,0,
1874,9/21/2017 21:00,23.484,0,
1875,9/21/2017 22:00,23.388,0,
1876,9/21/2017 23:00,22.046,0,
1877,9/22/2017 0:00,21.473,0,
1878,9/22/2017 1:00,19.662,0,
1879,9/22/2017 2:00,18.996,0,
1880,9/22/2017 3:00,19.567,0,
1881,9/22/2017 4:00,18.426,0,
1882,9/22/2017 5:00,18.711,0,
1883,9/22/2017 6:00,18.616,0,
1884,9/22/2017 7:00,18.616,0,
1885,9/22/2017 8:00,19.567,688.9,
1886,9/22/2017 9:00,35.649,13089,
1887,9/22/2017 10:00,35.649,14466.8,
1888,9/22/2017 11:00,41.225,15155.7,
1889,9/22/2017 12:00,41.108,15155.7,393.488
1890,9/22/2017 13:00,44.089,13777.9,
1891,9/22/2017 14:00,39.843,10677.8,
1892,9/22/2017 15:00,36.728,7577.8,
1893,9/22/2017 16:00,34.479,3961.1,
1894,9/22/2017 17:00,31.37,1894.5,
1895,9/22/2017 18:00,30.054,1065.6,
1896,9/22/2017 19:00,28.953,1722.2,
1897,9/22/2017 20:00,24.545,0,
1898,9/22/2017 21:00,22.908,0,
1899,9/22/2017 22:00,22.238,0,
1900,9/22/2017 23:00,20.901,0,
1901,9/23/2017 0:00,20.519,0,
1902,9/23/2017 1:00,19.853,0,
1903,9/23/2017 2:00,19.377,0,
1904,9/23/2017 3:00,18.996,0,
1905,9/23/2017 4:00,18.521,0,
1906,9/23/2017 5:00,18.236,0,
1907,9/23/2017 6:00,19.567,0,
1908,9/23/2017 7:00,18.996,0,
1909,9/23/2017 8:00,19.662,979.5,
1910,9/23/2017 9:00,33.014,12400.1,
1911,9/23/2017 10:00,43.118,14466.8,
1912,9/23/2017 11:00,47.892,15844.5,
1913,9/23/2017 12:00,45.452,15155.7,406.495
1914,9/23/2017 13:00,50.456,13777.9,
1915,9/23/2017 14:00,44.089,10677.8,
1916,9/23/2017 15:00,39.843,7577.8,
1917,9/23/2017 16:00,37.274,3961.1,
1918,9/23/2017 17:00,33.743,2927.8,
1919,9/23/2017 18:00,31.064,979.5,
1920,9/23/2017 19:00,30.76,2497.2,
1921,9/23/2017 20:00,24.738,0,
1922,9/23/2017 21:00,23.004,0,
1923,9/23/2017 22:00,21.76,0,
1924,9/23/2017 23:00,20.901,0,
1925,9/24/2017 0:00,20.043,0,
1926,9/24/2017 1:00,19.853,0,
1927,9/24/2017 2:00,19.187,0,
1928,9/24/2017 3:00,19.092,0,
1929,9/24/2017 4:00,18.14,0,
1930,9/24/2017 5:00,18.331,0,
1931,9/24/2017 6:00,17.76,0,
1932,9/24/2017 7:00,17.379,0,
1933,9/24/2017 8:00,18.236,893.4,
1934,9/24/2017 9:00,31.88,8611.2,
1935,9/24/2017 10:00,37.494,15844.5,
1936,9/24/2017 11:00,40.071,16533.4,
1937,9/24/2017 12:00,40.185,15844.5,418.015
1938,9/24/2017 13:00,42.282,14466.8,
1939,9/24/2017 14:00,39.615,11022.3,
1940,9/24/2017 15:00,37.165,7577.8,
1941,9/24/2017 16:00,34.374,4133.4,
1942,9/24/2017 17:00,33.639,3272.2,
1943,9/24/2017 18:00,30.054,958,
1944,9/24/2017 19:00,30.356,2755.6,
1945,9/24/2017 20:00,23.869,0,
1946,9/24/2017 21:00,23.196,0,
1947,9/24/2017 22:00,21.282,0,
1948,9/24/2017 23:00,20.519,0,
1949,9/25/2017 0:00,19.472,0,
1950,9/25/2017 1:00,19.377,0,
1951,9/25/2017 2:00,18.616,0,
1952,9/25/2017 3:00,18.521,0,
1953,9/25/2017 4:00,18.616,0,
1954,9/25/2017 5:00,18.331,0,
1955,9/25/2017 6:00,18.711,0,
1956,9/25/2017 7:00,18.616,0,
1957,9/25/2017 8:00,18.996,904.2,
1958,9/25/2017 9:00,25.902,4822.3,
1959,9/25/2017 10:00,37.604,10333.4,
1960,9/25/2017 11:00,40.992,16533.4,
1961,9/25/2017 12:00,43.118,16533.4,429.968
1962,9/25/2017 13:00,42.164,10677.8,
1963,9/25/2017 14:00,40.53,10333.4,
1964,9/25/2017 15:00,32.291,1808.3,
1965,9/25/2017 16:00,31.37,1808.3,
1966,9/25/2017 17:00,30.76,1162.5,
1967,9/25/2017 18:00,29.953,1463.9,
1968,9/25/2017 19:00,28.853,1001,
1969,9/25/2017 20:00,24.158,0,
1970,9/25/2017 21:00,23.677,0,
1971,9/25/2017 22:00,21.951,0,
1972,9/25/2017 23:00,20.71,0,
1973,9/26/2017 0:00,20.138,0,
1974,9/26/2017 1:00,20.615,0,
1975,9/26/2017 2:00,20.138,0,
1976,9/26/2017 3:00,19.948,0,
1977,9/26/2017 4:00,19.472,0,
1978,9/26/2017 5:00,19.472,0,
1979,9/26/2017 6:00,19.853,0,
1980,9/26/2017 7:00,18.806,0,
1981,9/26/2017 8:00,18.901,807.3,
1982,9/26/2017 9:00,23.292,1980.6,
1983,9/26/2017 10:00,35.328,14466.8,
1984,9/26/2017 11:00,43.359,15844.5,
1985,9/26/2017 12:00,39.389,11022.3,442.101
1986,9/26/2017 13:00,41.575,13777.9,
1987,9/26/2017 14:00,40.415,10677.8,
1988,9/26/2017 15:00,36.295,7577.8,
1989,9/26/2017 16:00,35.756,4650,
1990,9/26/2017 17:00,32.704,2927.8,
1991,9/26/2017 18:00,30.963,1054.9,
1992,9/26/2017 19:00,29.452,1377.8,
1993,9/26/2017 20:00,25.319,0,
1994,9/26/2017 21:00,22.908,0,
1995,9/26/2017 22:00,22.621,0,
1996,9/26/2017 23:00,21.76,0,
1997,9/27/2017 0:00,21.282,0,
1998,9/27/2017 1:00,20.234,0,
1999,9/27/2017 2:00,19.662,0,
2000,9/27/2017 3:00,19.853,0,
2001,9/27/2017 4:00,20.043,0,
2002,9/27/2017 5:00,21.951,0,
2003,9/27/2017 6:00,22.621,0,
2004,9/27/2017 7:00,22.333,0,
2005,9/27/2017 8:00,21.855,516.7,
2006,9/27/2017 9:00,23.677,4477.8,
2007,9/27/2017 10:00,21.569,796.5,
2008,9/27/2017 11:00,21.569,1722.2,
2009,9/27/2017 12:00,25.319,4994.5,446.993
2010,9/27/2017 13:00,26.879,6200,
2011,9/27/2017 14:00,29.152,5166.7,
2012,9/27/2017 15:00,26.097,3788.9,
2013,9/27/2017 16:00,29.452,7233.4,
2014,9/27/2017 17:00,24.641,2066.7,
2015,9/27/2017 18:00,23.196,1636.1,
2016,9/27/2017 19:00,21.091,247.6,
2017,9/27/2017 20:00,19.758,0,
2018,9/27/2017 21:00,19.377,0,
2019,9/27/2017 22:00,17.855,0,
2020,9/27/2017 23:00,16.618,0,
2021,9/28/2017 0:00,15.951,0,
2022,9/28/2017 1:00,15.282,0,
2023,9/28/2017 2:00,14.038,0,
2024,9/28/2017 3:00,13.461,0,
2025,9/28/2017 4:00,12.883,0,
2026,9/28/2017 5:00,12.207,0,
2027,9/28/2017 6:00,11.916,0,
2028,9/28/2017 7:00,11.722,0,
2029,9/28/2017 8:00,11.041,430.6,
2030,9/28/2017 9:00,14.709,3788.9,
2031,9/28/2017 10:00,15.855,2497.2,
2032,9/28/2017 11:00,17.189,3100,
2033,9/28/2017 12:00,16.999,1463.9,451.364
2034,9/28/2017 13:00,20.138,3616.7,
2035,9/28/2017 14:00,20.138,5166.7,
2036,9/28/2017 15:00,22.333,2755.6,
2037,9/28/2017 16:00,30.255,11711.2,
2038,9/28/2017 17:00,20.138,1894.5,
2039,9/28/2017 18:00,19.187,1302.4,
2040,9/28/2017 19:00,25.319,6544.5,
2041,9/28/2017 20:00,12.497,0,
2042,9/28/2017 21:00,11.236,0,
2043,9/28/2017 22:00,10.259,0,
2044,9/28/2017 23:00,9.472,0,
2045,9/29/2017 0:00,9.176,0,
2046,9/29/2017 1:00,8.879,0,
2047,9/29/2017 2:00,8.481,0,
2048,9/29/2017 3:00,10.063,0,
2049,9/29/2017 4:00,10.553,0,
2050,9/29/2017 5:00,12.497,0,
2051,9/29/2017 6:00,13.846,0,
2052,9/29/2017 7:00,13.654,0,
2053,9/29/2017 8:00,12.787,53.8,
2054,9/29/2017 9:00,14.613,1270.1,
2055,9/29/2017 10:00,19.948,14466.8,
2056,9/29/2017 11:00,22.333,11711.2,
2057,9/29/2017 12:00,21.091,8611.2,454.708
2058,9/29/2017 13:00,19.758,6200,
2059,9/29/2017 14:00,20.234,2066.7,
2060,9/29/2017 15:00,18.711,2583.4,
2061,9/29/2017 16:00,28.456,7577.8,
2062,9/29/2017 17:00,18.521,2152.8,
2063,9/29/2017 18:00,18.331,936.5,
2064,9/29/2017 19:00,15.378,139.9,
2065,9/29/2017 20:00,14.23,0,
2066,9/29/2017 21:00,13.461,0,
2067,9/29/2017 22:00,13.173,0,
2068,9/29/2017 23:00,12.69,0,
2069,9/30/2017 0:00,12.207,0,
2070,9/30/2017 1:00,11.528,0,
2071,9/30/2017 2:00,11.236,0,
2072,9/30/2017 3:00,11.041,0,
2073,9/30/2017 4:00,10.748,0,
2074,9/30/2017 5:00,10.063,0,
2075,9/30/2017 6:00,9.669,0,
2076,9/30/2017 7:00,8.879,0,
2077,9/30/2017 8:00,9.176,549,
2078,9/30/2017 9:00,11.139,2411.1,
2079,9/30/2017 10:00,19.758,21355.7,
2080,9/30/2017 11:00,22.238,12400.1,
2081,9/30/2017 12:00,22.908,8611.2,461.616
2082,9/30/2017 13:00,22.429,7233.4,
2083,9/30/2017 14:00,27.37,6544.5,
2084,9/30/2017 15:00,30.862,10677.8,
2085,9/30/2017 16:00,35.222,11022.3,
2086,9/30/2017 17:00,18.901,2238.9,
2087,9/30/2017 18:00,18.14,1302.4,
2088,9/30/2017 19:00,24.062,7233.4,
2089,9/30/2017 20:00,12.304,0,
2090,9/30/2017 21:00,10.846,0,
2091,9/30/2017 22:00,9.472,0,
2092,9/30/2017 23:00,7.682,0,
2093,10/1/2017 0:00,7.28,0,
2094,10/1/2017 1:00,6.775,0,
2095,10/1/2017 2:00,6.166,0,
2096,10/1/2017 3:00,5.757,0,
2097,10/1/2017 4:00,5.552,0,
2098,10/1/2017 5:00,5.45,0,
2099,10/1/2017 6:00,7.179,0,
2100,10/1/2017 7:00,4.623,0,
2101,10/1/2017 8:00,6.268,1463.9,
2102,10/1/2017 9:00,9.571,2411.1,
2103,10/1/2017 10:00,25.708,20666.8,
2104,10/1/2017 11:00,22.142,12400.1,
2105,10/1/2017 12:00,22.717,7577.8,467.28
2106,10/1/2017 13:00,23.677,5511.1,
2107,10/1/2017 14:00,27.272,5511.1,
2108,10/1/2017 15:00,28.06,4994.5,
2109,10/1/2017 16:00,33.535,10677.8,
2110,10/1/2017 17:00,20.234,2238.9,
2111,10/1/2017 18:00,18.045,753.5,
2112,10/1/2017 19:00,15.569,312.2,
2113,10/1/2017 20:00,12.304,0,
2114,10/1/2017 21:00,10.259,0,
2115,10/1/2017 22:00,9.965,0,
2116,10/1/2017 23:00,8.978,0,
2117,10/2/2017 0:00,9.275,0,
2118,10/2/2017 1:00,8.879,0,
2119,10/2/2017 2:00,9.965,0,
2120,10/2/2017 3:00,9.866,0,
2121,10/2/2017 4:00,9.077,0,
2122,10/2/2017 5:00,8.779,0,
2123,10/2/2017 6:00,8.68,0,
2124,10/2/2017 7:00,6.674,0,
2125,10/2/2017 8:00,8.282,1194.8,
2126,10/2/2017 9:00,11.334,2927.8,
2127,10/2/2017 10:00,24.835,18600.1,
2128,10/2/2017 11:00,24.835,12400.1,
2129,10/2/2017 12:00,25.708,7577.8,473.575
2130,10/2/2017 13:00,26.879,6200,
2131,10/2/2017 14:00,30.255,6544.5,
2132,10/2/2017 15:00,34.268,8611.2,
2133,10/2/2017 16:00,33.953,9300.1,
2134,10/2/2017 17:00,24.641,2411.1,
2135,10/2/2017 18:00,23.581,1377.8,
2136,10/2/2017 19:00,19.853,387.5,
2137,10/2/2017 20:00,16.523,0,
2138,10/2/2017 21:00,14.23,0,
2139,10/2/2017 22:00,14.134,0,
2140,10/2/2017 23:00,12.207,0,
2141,10/3/2017 0:00,11.334,0,
2142,10/3/2017 1:00,10.944,0,
2143,10/3/2017 2:00,11.431,0,
2144,10/3/2017 3:00,10.063,0,
2145,10/3/2017 4:00,10.455,0,
2146,10/3/2017 5:00,9.472,0,
2147,10/3/2017 6:00,10.553,0,
2148,10/3/2017 7:00,9.373,0,
2149,10/3/2017 8:00,9.472,527.4,
2150,10/3/2017 9:00,13.846,1980.6,
2151,10/3/2017 10:00,23.004,18600.1,
2152,10/3/2017 11:00,23.677,9300.1,
2153,10/3/2017 12:00,26.781,7233.4,481.968
2154,10/3/2017 13:00,29.853,5166.7,
2155,10/3/2017 14:00,32.188,7233.4,
2156,10/3/2017 15:00,35.222,8266.7,
2157,10/3/2017 16:00,37.494,9644.5,
2158,10/3/2017 17:00,28.357,2152.8,
2159,10/3/2017 18:00,27.961,1550,
2160,10/3/2017 19:00,25.61,226,
2161,10/3/2017 20:00,23.388,0,
2162,10/3/2017 21:00,22.525,0,
2163,10/3/2017 22:00,23.004,0,
2164,10/3/2017 23:00,22.429,0,
2165,10/4/2017 0:00,21.187,0,
2166,10/4/2017 1:00,21.187,0,
2167,10/4/2017 2:00,21.76,0,
2168,10/4/2017 3:00,22.046,0,
2169,10/4/2017 4:00,22.046,0,
2170,10/4/2017 5:00,21.664,0,
2171,10/4/2017 6:00,20.996,0,
2172,10/4/2017 7:00,20.615,0,
2173,10/4/2017 8:00,20.71,409,
2174,10/4/2017 9:00,21.187,1636.1,
2175,10/4/2017 10:00,21.76,990.3,
2176,10/4/2017 11:00,22.908,1463.9,
2177,10/4/2017 12:00,24.351,3444.5,484.094
2178,10/4/2017 13:00,23.773,2411.1,
2179,10/4/2017 14:00,22.333,3272.2,
2180,10/4/2017 15:00,23.869,3444.5,
2181,10/4/2017 16:00,23.869,2927.8,
2182,10/4/2017 17:00,23.388,796.5,
2183,10/4/2017 18:00,22.621,236.8,
2184,10/4/2017 19:00,22.333,215.3,
2185,10/4/2017 20:00,20.805,0,
2186,10/4/2017 21:00,19.948,0,
2187,10/4/2017 22:00,19.377,0,
2188,10/4/2017 23:00,18.521,0,
2189,10/5/2017 0:00,17.57,0,
2190,10/5/2017 1:00,16.332,0,
2191,10/5/2017 2:00,15.091,0,
2192,10/5/2017 3:00,11.139,0,
2193,10/5/2017 4:00,11.041,0,
2194,10/5/2017 5:00,9.965,0,
2195,10/5/2017 6:00,8.779,0,
2196,10/5/2017 7:00,8.182,0,
2197,10/5/2017 8:00,8.382,516.7,
2198,10/5/2017 9:00,12.787,5166.7,
2199,10/5/2017 10:00,23.004,33066.9,
2200,10/5/2017 11:00,23.292,27555.7,
2201,10/5/2017 12:00,24.545,16533.4,486.145
2202,10/5/2017 13:00,25.222,10333.4,
2203,10/5/2017 14:00,25.902,5166.7,
2204,10/5/2017 15:00,22.238,0,
2205,10/5/2017 16:00,24.351,0,
2206,10/5/2017 17:00,24.062,0,
2207,10/5/2017 18:00,22.621,0,
2208,10/5/2017 19:00,21.951,0,
2209,10/5/2017 20:00,19.948,172.2,
2210,10/5/2017 21:00,19.282,10.8,
2211,10/5/2017 22:00,19.758,10.8,
2212,10/5/2017 23:00,20.043,10.8,
2213,10/6/2017 0:00,20.043,10.8,
2214,10/6/2017 1:00,20.234,0,
2215,10/6/2017 2:00,21.569,0,
2216,10/6/2017 3:00,22.429,0,
2217,10/6/2017 4:00,22.621,0,
2218,10/6/2017 5:00,22.621,0,
2219,10/6/2017 6:00,22.429,0,
2220,10/6/2017 7:00,22.333,0,
2221,10/6/2017 8:00,22.238,0,
2222,10/6/2017 9:00,22.142,0,
2223,10/6/2017 10:00,22.046,0,
2224,10/6/2017 11:00,22.046,0,
2225,10/6/2017 12:00,20.901,0,487.774
2226,10/6/2017 13:00,21.378,0,
2227,10/6/2017 14:00,21.282,0,
2228,10/6/2017 15:00,20.996,0,
2229,10/6/2017 16:00,20.805,0,
2230,10/6/2017 17:00,21.473,0,
2231,10/6/2017 18:00,21.282,0,
2232,10/6/2017 19:00,21.187,0,
2233,10/6/2017 20:00,20.996,0,
2234,10/6/2017 21:00,20.615,0,
2235,10/6/2017 22:00,20.519,0,
2236,10/6/2017 23:00,20.71,0,
2237,10/7/2017 0:00,20.615,0,
2238,10/7/2017 1:00,20.234,0,
2239,10/7/2017 2:00,20.519,0,
2240,10/7/2017 3:00,20.519,0,
2241,10/7/2017 4:00,20.519,0,
2242,10/7/2017 5:00,20.519,0,
2243,10/7/2017 6:00,20.424,0,
2244,10/7/2017 7:00,20.519,0,
2245,10/7/2017 8:00,20.424,0,
2246,10/7/2017 9:00,20.901,0,
2247,10/7/2017 10:00,20.424,0,
2248,10/7/2017 11:00,20.519,0,
2249,10/7/2017 12:00,20.424,0,490.513
2250,10/7/2017 13:00,20.234,0,
2251,10/7/2017 14:00,23.484,0,
2252,10/7/2017 15:00,23.773,0,
2253,10/7/2017 16:00,24.255,0,
2254,10/7/2017 17:00,23.869,0,
2255,10/7/2017 18:00,23.196,0,
2256,10/7/2017 19:00,21.569,0,
2257,10/7/2017 20:00,20.329,0,
2258,10/7/2017 21:00,20.901,0,
2259,10/7/2017 22:00,20.996,0,
2260,10/7/2017 23:00,20.805,0,
2261,10/8/2017 0:00,20.615,0,
2262,10/8/2017 1:00,20.71,0,
2263,10/8/2017 2:00,20.71,0,
2264,10/8/2017 3:00,20.71,0,
2265,10/8/2017 4:00,20.71,0,
2266,10/8/2017 5:00,20.71,0,
2267,10/8/2017 6:00,20.615,0,
2268,10/8/2017 7:00,20.615,0,
2269,10/8/2017 8:00,20.615,0,
2270,10/8/2017 9:00,20.519,0,
2271,10/8/2017 10:00,20.615,0,
2272,10/8/2017 11:00,20.996,0,
2273,10/8/2017 12:00,20.901,43.1,492.62
2274,10/8/2017 13:00,21.664,0,
2275,10/8/2017 14:00,23.1,0,
2276,10/8/2017 15:00,21.855,0,
2277,10/8/2017 16:00,22.717,0,
2278,10/8/2017 17:00,22.717,0,
2279,10/8/2017 18:00,21.569,0,
2280,10/8/2017 19:00,21.76,0,
2281,10/8/2017 20:00,21.855,0,
2282,10/8/2017 21:00,21.473,0,
2283,10/8/2017 22:00,21.378,0,
2284,10/8/2017 23:00,21.569,0,
2285,10/9/2017 0:00,21.76,0,
2286,10/9/2017 1:00,21.76,0,
2287,10/9/2017 2:00,21.76,0,
2288,10/9/2017 3:00,21.76,0,
2289,10/9/2017 4:00,21.664,0,
2290,10/9/2017 5:00,21.569,0,
2291,10/9/2017 6:00,21.378,0,
2292,10/9/2017 7:00,21.282,0,
2293,10/9/2017 8:00,21.187,0,
2294,10/9/2017 9:00,20.234,0,
2295,10/9/2017 10:00,20.138,0,
2296,10/9/2017 11:00,19.948,0,
2297,10/9/2017 12:00,20.996,0,495.995
2298,10/9/2017 13:00,21.187,0,
2299,10/9/2017 14:00,23.196,0,
2300,10/9/2017 15:00,25.416,10.8,
2301,10/9/2017 16:00,23.869,32.3,
2302,10/9/2017 17:00,24.062,118.4,
2303,10/9/2017 18:00,24.158,0,
2304,10/9/2017 19:00,23.196,0,
2305,10/9/2017 20:00,22.333,0,
2306,10/9/2017 21:00,20.996,0,
2307,10/9/2017 22:00,20.424,0,
2308,10/9/2017 23:00,20.805,0,
2309,10/10/2017 0:00,21.378,0,
2310,10/10/2017 1:00,21.855,0,
2311,10/10/2017 2:00,21.951,0,
2312,10/10/2017 3:00,21.951,0,
2313,10/10/2017 4:00,21.951,0,
2314,10/10/2017 5:00,21.855,0,
2315,10/10/2017 6:00,21.76,0,
2316,10/10/2017 7:00,21.76,0,
2317,10/10/2017 8:00,21.76,0,
2318,10/10/2017 9:00,21.664,0,
2319,10/10/2017 10:00,21.187,0,
2320,10/10/2017 11:00,20.805,0,
2321,10/10/2017 12:00,20.71,0,497.034
2322,10/10/2017 13:00,20.71,0,
2323,10/10/2017 14:00,20.71,0,
2324,10/10/2017 15:00,20.615,0,
2325,10/10/2017 16:00,20.519,0,
2326,10/10/2017 17:00,20.519,0,
2327,10/10/2017 18:00,20.519,0,
2328,10/10/2017 19:00,20.424,0,
2329,10/10/2017 20:00,19.472,0,
2330,10/10/2017 21:00,21.187,0,
2331,10/10/2017 22:00,21.664,0,
2332,10/10/2017 23:00,21.855,0,
2333,10/11/2017 0:00,21.855,0,
2334,10/11/2017 1:00,21.855,0,
2335,10/11/2017 2:00,21.855,0,
2336,10/11/2017 3:00,21.76,0,
2337,10/11/2017 4:00,22.429,0,
2338,10/11/2017 5:00,21.664,0,
2339,10/11/2017 6:00,21.378,0,
2340,10/11/2017 7:00,21.091,0,
2341,10/11/2017 8:00,20.901,0,
2342,10/11/2017 9:00,20.71,10.8,
2343,10/11/2017 10:00,20.519,10.8,
2344,10/11/2017 11:00,20.424,64.6,
2345,10/11/2017 12:00,20.234,53.8,498.61
2346,10/11/2017 13:00,20.424,21.5,
2347,10/11/2017 14:00,21.091,32.3,
2348,10/11/2017 15:00,21.378,32.3,
2349,10/11/2017 16:00,21.473,10.8,
2350,10/11/2017 17:00,21.473,10.8,
2351,10/11/2017 18:00,21.473,0,
2352,10/11/2017 19:00,21.378,0,
2353,10/11/2017 20:00,21.378,0,
2354,10/11/2017 21:00,21.282,0,
2355,10/11/2017 22:00,21.282,0,
2356,10/11/2017 23:00,21.282,0,
2357,10/12/2017 0:00,21.282,0,
2358,10/12/2017 1:00,21.187,0,
2359,10/12/2017 2:00,20.996,0,
2360,10/12/2017 3:00,20.519,0,
2361,10/12/2017 4:00,20.043,0,
2362,10/12/2017 5:00,19.758,0,
2363,10/12/2017 6:00,19.567,0,
2364,10/12/2017 7:00,19.472,0,
2365,10/12/2017 8:00,19.377,0,
2366,10/12/2017 9:00,19.282,10.8,
2367,10/12/2017 10:00,19.282,32.3,
2368,10/12/2017 11:00,19.662,21.5,
2369,10/12/2017 12:00,19.948,53.8,499.207
2370,10/12/2017 13:00,19.662,96.9,
2371,10/12/2017 14:00,19.567,86.1,
2372,10/12/2017 15:00,19.567,21.5,
2373,10/12/2017 16:00,19.567,21.5,
2374,10/12/2017 17:00,19.567,0,
2375,10/12/2017 18:00,19.567,0,
2376,10/12/2017 19:00,19.567,0,
2377,10/12/2017 20:00,19.948,0,
2378,10/12/2017 21:00,20.138,0,
2379,10/12/2017 22:00,19.853,0,
2380,10/12/2017 23:00,19.948,0,
2381,10/13/2017 0:00,20.043,0,
2382,10/13/2017 1:00,19.948,0,
2383,10/13/2017 2:00,19.948,0,
2384,10/13/2017 3:00,19.948,0,
2385,10/13/2017 4:00,19.948,0,
2386,10/13/2017 5:00,19.948,0,
2387,10/13/2017 6:00,19.853,0,
2388,10/13/2017 7:00,19.853,0,
2389,10/13/2017 8:00,19.758,0,
2390,10/13/2017 9:00,19.853,0,
2391,10/13/2017 10:00,20.71,21.5,
2392,10/13/2017 11:00,20.424,32.3,
2393,10/13/2017 12:00,20.424,64.6,501.84
2394,10/13/2017 13:00,21.569,193.8,
2395,10/13/2017 14:00,22.621,355.2,
2396,10/13/2017 15:00,23.581,96.9,
2397,10/13/2017 16:00,23.869,355.2,
2398,10/13/2017 17:00,24.351,204.5,
2399,10/13/2017 18:00,24.062,0,
2400,10/13/2017 19:00,23.869,0,
2401,10/13/2017 20:00,23.677,0,
2402,10/13/2017 21:00,23.581,0,
2403,10/13/2017 22:00,23.484,0,
2404,10/13/2017 23:00,23.484,0,
2405,10/14/2017 0:00,23.388,0,
2406,10/14/2017 1:00,23.388,0,
2407,10/14/2017 2:00,23.292,0,
2408,10/14/2017 3:00,22.908,0,
2409,10/14/2017 4:00,22.525,0,
2410,10/14/2017 5:00,22.333,0,
2411,10/14/2017 6:00,22.046,0,
2412,10/14/2017 7:00,21.855,0,
2413,10/14/2017 8:00,21.76,0,
2414,10/14/2017 9:00,21.569,0,
2415,10/14/2017 10:00,21.473,0,
2416,10/14/2017 11:00,21.282,10.8,
2417,10/14/2017 12:00,21.187,10.8,504.13
2418,10/14/2017 13:00,21.091,0,
2419,10/14/2017 14:00,21.091,0,
2420,10/14/2017 15:00,21.091,0,
2421,10/14/2017 16:00,20.996,0,
2422,10/14/2017 17:00,20.996,0,
2423,10/14/2017 18:00,20.901,0,
2424,10/14/2017 19:00,20.805,0,
2425,10/14/2017 20:00,20.805,0,
2426,10/14/2017 21:00,20.71,0,
2427,10/14/2017 22:00,20.615,0,
2428,10/14/2017 23:00,20.615,0,
2429,10/15/2017 0:00,20.519,0,
2430,10/15/2017 1:00,20.519,0,
2431,10/15/2017 2:00,20.424,0,
2432,10/15/2017 3:00,20.424,0,
2433,10/15/2017 4:00,20.805,0,
2434,10/15/2017 5:00,21.187,0,
2435,10/15/2017 6:00,21.378,0,
2436,10/15/2017 7:00,21.187,0,
2437,10/15/2017 8:00,20.996,0,
2438,10/15/2017 9:00,21.091,0,
2439,10/15/2017 10:00,21.282,10.8,
2440,10/15/2017 11:00,21.473,10.8,
2441,10/15/2017 12:00,22.238,21.5,505.897
2442,10/15/2017 13:00,22.621,53.8,
2443,10/15/2017 14:00,22.333,21.5,
2444,10/15/2017 15:00,22.238,10.8,
2445,10/15/2017 16:00,22.525,64.6,
2446,10/15/2017 17:00,22.525,279.9,
2447,10/15/2017 18:00,21.951,10.8,
2448,10/15/2017 19:00,21.473,0,
2449,10/15/2017 20:00,20.996,0,
2450,10/15/2017 21:00,21.187,0,
2451,10/15/2017 22:00,21.187,0,
2452,10/15/2017 23:00,20.519,0,
2453,10/16/2017 0:00,20.805,0,
2454,10/16/2017 1:00,20.424,0,
2455,10/16/2017 2:00,20.138,0,
2456,10/16/2017 3:00,19.472,0,
2457,10/16/2017 4:00,18.996,0,
2458,10/16/2017 5:00,18.616,0,
2459,10/16/2017 6:00,18.426,0,
2460,10/16/2017 7:00,18.14,0,
2461,10/16/2017 8:00,18.426,0,
2462,10/16/2017 9:00,18.14,21.5,
2463,10/16/2017 10:00,18.045,43.1,
2464,10/16/2017 11:00,17.95,21.5,
2465,10/16/2017 12:00,19.377,538.2,506.701
2466,10/16/2017 13:00,20.805,376.7,
2467,10/16/2017 14:00,21.282,355.2,
2468,10/16/2017 15:00,21.951,452.1,
2469,10/16/2017 16:00,21.664,441.3,
2470,10/16/2017 17:00,21.473,21.5,
2471,10/16/2017 18:00,20.71,0,
2472,10/16/2017 19:00,20.234,0,
2473,10/16/2017 20:00,20.424,0,
2474,10/16/2017 21:00,20.138,0,
2475,10/16/2017 22:00,20.043,0,
2476,10/16/2017 23:00,19.853,0,
2477,10/17/2017 0:00,19.187,0,
2478,10/17/2017 1:00,18.711,0,
2479,10/17/2017 2:00,18.426,0,
2480,10/17/2017 3:00,18.14,0,
2481,10/17/2017 4:00,17.855,0,
2482,10/17/2017 5:00,17.665,0,
2483,10/17/2017 6:00,17.475,0,
2484,10/17/2017 7:00,17.284,0,
2485,10/17/2017 8:00,17.189,0,
2486,10/17/2017 9:00,17.094,10.8,
2487,10/17/2017 10:00,17.094,10.8,
2488,10/17/2017 11:00,18.14,43.1,
2489,10/17/2017 12:00,19.662,549,507.623
2490,10/17/2017 13:00,20.615,215.3,
2491,10/17/2017 14:00,20.805,398.3,
2492,10/17/2017 15:00,21.855,355.2,
2493,10/17/2017 16:00,22.333,376.7,
2494,10/17/2017 17:00,22.046,215.3,
2495,10/17/2017 18:00,21.187,0,
2496,10/17/2017 19:00,20.71,0,
2497,10/17/2017 20:00,20.424,0,
2498,10/17/2017 21:00,20.424,0,
2499,10/17/2017 22:00,20.805,0,
2500,10/17/2017 23:00,20.901,0,
2501,10/18/2017 0:00,20.71,0,
2502,10/18/2017 1:00,20.424,0,
2503,10/18/2017 2:00,19.948,0,
2504,10/18/2017 3:00,19.662,0,
2505,10/18/2017 4:00,19.377,0,
2506,10/18/2017 5:00,19.187,0,
2507,10/18/2017 6:00,18.806,0,
2508,10/18/2017 7:00,18.521,0,
2509,10/18/2017 8:00,18.236,0,
2510,10/18/2017 9:00,18.14,10.8,
2511,10/18/2017 10:00,18.236,53.8,
2512,10/18/2017 11:00,18.045,32.3,
2513,10/18/2017 12:00,19.758,592,
2514,10/18/2017 13:00,21.664,409,
2515,10/18/2017 14:00,21.855,419.8,
2516,10/18/2017 15:00,23.292,602.8,
2517,10/18/2017 16:00,24.062,731.9,
