"","LK_CODE","Mo","Date","Month","day","year","doy","OP","NOX","NH3","TP","TKN","TNTP","X16SRNA","CYANA","MCYE","CyrA","SxtA","Nodul","D_Asp3_RR","MC_RR","MC_YR","MC_HTyR","MC_LR","D_Asp3_LR","MC_HiLR","MC_WR","MC_LA","MC_LY","MC_LW","MC_LF","SUM","ELISA","Sensored","PPIA","Sensored_1","Anatoxin","Cylindro","S_D_Asp3_RR","S_MC_RR","S_Nodul","S_MC_YR","S_MC_HtyR","S_MC_LR","S_D_Asp3LR","S_MC_HilR","S_MC_WR","S_MC_LA","S_MC_LY","S_MC_LW","S_MC_LF","S_SUM","S_ELISA","S_EL_CENS","wtemp","pH","do","conduc","turb","chloro","phyco","Dates","TIN","month","fiveday","threeday","sevenday","Lat","Long","Network","Max_Depth","Open_clos","Present_Absent_Zebra","Lake_Area_sqKm","Watershed_Area_sqKm","Lake Area_Watershed Ratio","Water","Developed","Barren","Forest","Shrubs","Herbaceous","Agriculture","Wetlands","Low","Moderate","Medium","High","ecoregion","precip3","temp3ambient","precip5","temp5ambient","precip7","temp7ambient","hobotemp","hobolight","network","open"
"1","BEA",NA,20170854.25,8.5,4.25,NA,231.5,0.00385,0.03925,0.010875,0.0285,0.2665,10.49992657375,43703.363265,79.7508712266667,25.1092208226667,0,0,0,0,0,0,0,0.003844,0,0,0,0.00573525,0,0,0,0.00957925,0,0,0,0,0,0,0,0,0,0,0,12.84875,0,0,0,66.32875,0,0,0,79.1775,181.575,1,21.7175,8.4925,10.8575,167.25,1.335,0.135,0.05,2017-08-19,0.050125,NA,2017-08-14,2017-08-16,2017-08-12,44.73095,-84.94995,1,16,NA,NA,1.29089536176236,3.014285396667,0.428259169881441,0.435332252836305,0.0829821717990275,0,0.406482982171799,0.0217179902755267,0.0353322528363047,0,0.0181523500810373,24,2,0,NA,NA,4.978125,13.2450892857143,4.07666666666667,12.5159722222222,4.07666666666667,12.5159722222222,21.856118545,374.442518575,NA,NA
"2","BEL",NA,20170855.75,8.5,5.75,NA,233,0.0124,0.5465,0.07275,0.04825,0.87625,19.709952205,2419125.9539775,689.85324884,19844.0206834967,0,0,0,0,0.42514175,0.12345225,0,0.244388,0.03053975,0.00793375,0.00906,0.01885425,0.0026875,0,0,0.86205425,1.306375,0.5,0.2935,0.5,0,0,0,59.58,0,51.0825,0,90.6525,15.3525,0,0,69.6,0,0,0,270.915,1170,1,25.26,8.4475,36.9975,883.5,16.675,1.0625,0.2175,2017-08-21,0.61925,NA,2017-08-16,2017-08-18,2017-08-14,42.21442,-83.50166,3,9,NA,NA,1.8058932980475,46.397636409058,0.0389220968526523,0.107933036089846,0.70995625473206,0.000757129637419029,0.0798982081265248,0.000420627576343905,0.00811811222343737,0.0416421300580466,0.051274501556322,1248,863,658,560,NA,1.1125,NA,1.63611111111111,NA,1.47115384615385,NA,24.0316405525,5.11897277,NA,NA
"3","BOG",NA,20170855.5,8.5,5.5,NA,232.75,0.016475,0.046,0.1337,0.04,0.7385,21.1889803925,304882.64143,871.199344176667,141.346252651333,0,0,0,0.0080905,0.00274,0,0,0.0048625,0.00503425,0,0,0.04446575,0,0,0,0.065191,0.1045,0.5,0,0,0,0,0,0,0,0,0,41.555,0,0,0,116.015,0,0,0,157.57,370.6125,1,23.7475,8.39,7.2875,673.25,10.935,0.315,0.0225,2017-08-20,0.1797,NA,2017-08-15,2017-08-17,2017-08-13,42.61582,-83.50474,1,12,NA,NA,0.300444340688008,2.299314681763,0.130666908305757,0.126061120543294,0.442275042444822,0.0169779286926995,0.292020373514431,0.000424448217317487,0.0140067911714771,0,0.108234295415959,63,30,6,1,NA,9.4,NA,5.35,NA,2.21666666666667,NA,23.4595765625,52.05297715,NA,NA
"4","BRI",NA,20170855.25,8.5,5.25,NA,232.5,0.079525,0.16425,0.065675,0.07375,2.53975,40.8486110425,631048.157545,106.6502601,3365.2082690035,0,0,0,0.07532725,2.46738125,0.4727,0.02667,0.76654375,0.3857485,0.03874,0.08002625,0.004696,0,0,0.00131,4.32166575,5.543125,1,0.4335,0.5,0.69975,0,0,139.765,53.5,19.37,0,77,504.225,0,0,14.945,0,0,0,304.58,1539.15,0,23.6025,8.555,9.0325,690.5,66.8,1.905,1.7525,2017-08-20,0.229925,NA,2017-08-15,2017-08-17,2017-08-13,42.52092,-83.79456,3,7,NA,NA,0.638164380391381,45.296999996582,0.0140884469267178,0.0548387791586792,0.518189846425571,0.00336011372692614,0.193271156869925,0.00056001895448769,0.0108557520408383,0.0833351282658798,0.135589204557693,1438,616,228,149,NA,2.32604166666667,16.3125,1.71469696969697,16.8491666666667,1.50067765567766,16.4271428571429,23.751816495,72.3757330625,NA,NA
"5","CAD",NA,20170856.25,8.5,6.25,NA,233.5,0.0145,0.08375,0.006,0.06075,0.4845,9.120930622,619651.5272425,593.198879433333,5217.3699899775,0,0,0,0.045993,1.041782,0.12878025,0.03073325,0.24934975,0.00681975,0.01732825,0.0194505,0.0509385,0,0,0,1.59117325,2.437,1,1.129,1,0,0,0,3759.59,0,92.79,5.905,1067.24,16.275,8.675,0,464.215,0,0,0,5398.415,9056.25,-1,20.1125,8.0525,7.9775,123.5,10.185,1.15,0.433333333333333,2017-08-21,0.08975,NA,2017-08-16,2017-08-18,2017-08-14,44.24239,-85.40419,3,8,NA,NA,4.55048601228075,161.496492746582,0.0281769958894482,0.138266255241349,0.138266255241349,0.00126150139451902,0.349343235166699,0.0327206380463686,0.0584923276845758,0.10855326458243,0.173096522642709,1149,456,223,86,NA,5.55,13.403125,5.12361111111111,13.7645833333333,4.85729166666667,13.4902529761905,21.998651135,1016.686954525,NA,NA
"6","COL",NA,20170856.25,8.5,6.25,NA,233.5,0.009425,0.1675,0.07095,0.05325,0.69075,14.16109706875,293459.7640125,360.271682666667,266.86156044175,0,0,0,0,0,0,0,0.019986,0,0,0,0.00802225,0,0,0,0.028007,0,0,0.22825,0.5,0,0,0,10.7,0,0,0,393.155,0,0,0,1401.25,0,0,0,1805.105,276.45,1,21.5125,8.645,8.5675,316.25,3.7275,1.17666666666667,0.12,2017-08-21,0.23845,NA,2017-08-16,2017-08-18,2017-08-14,43.66486,-84.95386,3,28,NA,NA,1.15051423974358,145.687999999878,0.00789711053583373,0.0221494181255402,0.0748028594590611,0.000803971619801821,0.358142557567718,0.0187392385048808,0.0681901928861911,0.30008240709103,0.157089354745777,885,193,20,6,NA,2.41875,15.025,1.97708333333333,14.8520833333333,1.8062996031746,14.6800595238095,22.8931152725,943.8265418,NA,NA
"7","DEE",NA,20170855.25,8.5,5.25,NA,232.5,0.011625,0.04275,0.02345,0.0425,0.5495,16.90061630025,96182.45235,215.5340102,43.707127571,0,0,0,0,0.001205,0,0,0.297129,0.141133,0,0,0.191675,0,0,0,0.6311425,0.931125,1,0.85325,1,0,0,0,0,0,0,0,225.35,0,0,0,189.19,0,0,0,414.54,1087.575,1,21.3025,8.7,9.325,206.25,10.0025,0.39,0.0466666666666667,2017-08-20,0.0662,NA,2017-08-15,2017-08-17,2017-08-13,45.16184,-84.98026,1,7,NA,NA,1.84730167555512,8.953421035583,0.206323557019547,0.22312969617772,0.119677665251007,0.00250462811717304,0.368724817597735,0.00566263748230426,0.0435587498638789,0.127300446477186,0.109441359032996,81,24,2,0,NA,4.47708333333333,23.3166666666667,3.69791666666667,23.53125,3.46636904761905,23.3800595238095,22.5750220325,1421.9603174,NA,NA
"8","ERI",NA,20170854.75,8.5,4.75,NA,232,0.028475,0.118,0.0145,0.057,0.31575,5.55459271275,412023.15473,124.069962192,182.397661853333,0,0,0,0,0.00174,0,0,0.0243725,0,0,0,0.03928275,0,0.0106375,0,0.076035,0.097375,0.5,0,0,0,0,0,0,2.695,0,0,18.02,0,0,0,122.075,0,0,0,142.79,247.725,1,22.335,8.7,9.39,379.3,2.0725,2.0225,0.4405,2017-08-20,0.1325,NA,2017-08-15,2017-08-17,2017-08-13,42.0724,-83.191579,NA,NA,NA,NA,NA,NA,NA,NA,NA,NA,NA,NA,NA,NA,NA,NA,NA,NA,NA,NA,NA,NA,NA,NA,NA,NA,22.56328137,964.860951625,NA,NA
"9","FOR",NA,20170855.25,8.5,5.25,NA,232.5,0.01405,0.5805,0.164725,0.03975,0.76875,24.9868174615,745218.96652,618.262711076667,1765.6488444,0,0,0,0.0037125,0.321721,0.1182675,0,0.23930625,0.00643325,0.0047175,0.0087975,0.10232325,0,0,0,0.8052795,1.51575,0.75,0.41675,1,0,0,0,50.975,0,27.625,0,79.535,0,0,2.475,35.55,0,0,0,196.16,434.7,1,24.7825,8.46,38.245,868.25,11.4275,0.8625,0.225,2017-08-20,0.745225,NA,2017-08-15,2017-08-17,2017-08-13,42.20675,-83.97195,3,9,NA,NA,3.85036687650628,50.737437928101,0.0758880825232555,0.100415672388577,0.495785543838042,0.00186667693018243,0.146293587868524,0.00115464552382419,0.00946809329535832,0.204372257716881,0.0406435224386113,776,770,656,354,NA,1.2421875,17.778125,1.21354166666667,18.3208333333333,1.00026041666667,18.2229166666667,23.99895285,25.20035887175,NA,NA
"10","HOU",NA,20170855.25,8.5,5.25,NA,232.5,0.013875,0.07425,0.028725,0.07,0.85225,12.99969099375,162550.73423475,56.75514883,5714.689832381,0,0,0,0,0.0032625,0,0,0.065641,0,0,0,0.50796925,0.001565,0,0,0.578436,0.460625,1,0.20475,0.5,0,0,0,0,0,0,0,0,0,0,0,133.195,0,0,0,133.195,459.1125,1,21.89,8.6525,10.9025,204,11.0675,1.13333333333333,0.276666666666667,2017-08-20,0.102975,NA,2017-08-15,2017-08-17,2017-08-13,44.37367,-84.80032,3,6,NA,NA,66.9879522185823,576.154400002319,0.116267362044467,0.22755231511205,0.0927721885021099,0.00136198008866423,0.35346940711516,0.0410677652854314,0.0470543792572465,0.00589513769720337,0.230826826942134,3662,1360,340,135,NA,3.6625,14.1229166666667,3.43654829545455,13.8602777777778,3.19923328488372,13.5665277777778,21.2625413925,1324.736596375,NA,NA
"11","HUD",NA,20170855.25,8.5,5.25,NA,232.5,0.015275,0.063,0.14205,0.059,1.10425,21.5355569825,999046.4359775,262.652906044,2968.89539336,0,0,0.00533825,0.020005,0.48786275,0.215155,0,0.280166,0.040115,0.0111425,0.0156125,0.152943,0.0058975,0,0.003085,1.2373215,1.741625,0.75,0.45425,1,0,0,0,80.25,0,54.105,0,129.07,56.085,0,0,45.52,0,0,0,308.945,1582.05,0,23.07,8.4375,7.7175,382.75,29.825,1.2475,0.72,2017-08-20,0.20505,NA,2017-08-15,2017-08-17,2017-08-13,41.83611,-84.24632,3,8,NA,NA,2.07744103703331,27.774400000488,0.0747969726437585,0.0662242354015239,0.0429439235928228,0.00495101653850205,0.177148074019453,0.0161873661294287,0.00832192141578005,0.568348607746058,0.115874855156431,88,26,2,1,NA,0.68270202020202,12.6958333333333,1.12480158730159,12.7875,1.05277777777778,12.7875,24.07062111,132.01546893,NA,NA
"12","INT",NA,20170856,8.5,6,NA,233.25,0.00715,0.61775,0.0884,0.0325,0.33125,12.23210416675,146154.27303625,85.4815137663333,1290.66707995,0,0,0,0,0,0,0,0.0308275,0,0,0,0.03607925,0,0,0,0.066906,0.11775,0.5,0,0,0,0,0,0,0,31.565,0,685.385,44.43,17.795,0,4849.83,33.635,0,5.995,5624.205,1395.45,0,21.8725,8.65,9.825,266.25,3.105,0.53,0.0633333333333333,2017-08-21,0.70615,NA,2017-08-16,2017-08-18,2017-08-14,45.02323,-85.2361,3,6,NA,NA,5.98479706973595,67.040182634216,0.0892717894637928,0.0984799953409819,0.0768883582784928,0.00112107623318386,0.519815386407315,0.00930347679226603,0.0578300623143672,0.181890978976181,0.0546706656572127,363,131,25,4,NA,5.31611111111111,20.5625,5.15069444444444,21.21875,4.57209150326797,21.7395833333333,22.439775715,1236.77933355,NA,NA
"13","LGL",NA,20170855.5,8.5,5.5,NA,232.75,0.0082,0.04725,0.063325,0.044,0.47325,15.55649242425,232660.0071675,6.74370386533333,16929.6162508,0,0,0,0,0.0044365,0,0,0.08350925,0,0,0,0.1192555,0,0,0,0.207202,0.371,0.75,0.133,0.5,0,0,0,0,0,0,0,471.86,20.065,0,0,467.215,0,0,0,939.075,424.125,1,22.42,8.71,9.36,242.25,11.66,1.48,0.48,2017-08-20,0.110575,NA,2017-08-15,2017-08-17,2017-08-13,44.86364,-85.99722,3,38,NA,NA,19.6513155253704,108.089690589294,0.181805641391269,0.240403201040519,0.0484401250067742,0.0268349079610528,0.52807233050924,0.00903228137362935,0.0890131329371173,0.0338529905883628,0.0243510305833047,395,123,19,3,NA,2.95,18.7125,2.97791666666667,18.6558333333333,2.36333333333333,18.6558333333333,22.1466040475,2614.87118895,NA,NA
"14","LIM",NA,20170855.25,8.5,5.25,NA,232.5,0.01165,1.04225,0.3218,0.0695,1.29375,20.556861325,895926.43913,1926.24138079,0,0,0,0,0,0,0,0,0,0,0,0,0.00814675,0,0,0,0.00814675,0.039875,0.25,0,0,0,0,0,0,0,0,0,0,0,0,0,4.515,0,0,0,4.515,523.65,1,21.8125,8.725,8.9675,333,11.5975,1.31125,0.14,2017-08-20,1.36405,NA,2017-08-15,2017-08-17,2017-08-13,41.78902,-84.37453,3,21,NA,NA,0.28970139145348,1.477200000366,0.19611521214575,0.114417989417989,0.101190476190476,0,0.0529100529100529,0.00198412698412698,0.00793650793650794,0.637566137566138,0.083994708994709,9,5,NA,NA,NA,0.175,13.4145833333333,1.0375,13.0475,1.0375,13.0475,23.9260786825,65.798300075,NA,NA
"15","LRO",NA,20170856.25,8.5,6.25,NA,233.5,0.005525,0.28475,0.07505,0.05925,0.92775,15.9213367,228398.5209425,190.589275266667,59.043134399,0,0,0,0,0,0,0,0,0,0,0,0.075257,0,0,0,0.07525575,0.139625,0.75,0,0,0,0,0,0,0,0,0,10.45,0,0,0,133.185,0,0,0,143.635,365.025,1,23.8525,8.64,8.13,434.25,19.2275,1.24,0.1275,2017-08-21,0.3598,NA,2017-08-16,2017-08-18,2017-08-14,41.90823,-84.35094,1,NA,NA,NA,0.11903201687361,1.420892209167,0.0837727282236228,0.0844200411805079,0.0734385724090597,0.00480439258750858,0.12079615648593,0,0,0.60398078242965,0.112560054907344,7,3,NA,NA,NA,1.43125,NA,1.07833333333333,NA,0.884375,NA,24.1619018775,107.2877878325,NA,NA
"16","MAN",NA,20170856.75,8.5,6.75,NA,234,0.013125,0.08325,0.031825,0.08325,0.6775,8.08571979875,565594.2123,695.048478456667,230.36190279075,0,0,0,0,0.00368325,0,0,0.027055,0,0,0,0.30001225,0,0,0,0.3307505,0.988875,0.75,0,0,0,0,0,0,2.765,0,0,21.195,0,0,0,239.53,0,0,0,263.49,315.1875,1,22.16,8.375,8.95,380.75,11.45,1,0.3625,2017-08-22,0.115075,NA,2017-08-17,2017-08-19,2017-08-15,42.9232,-84.19924,3,NA,NA,NA,0.305469537508335,9.930299997803,0.0307613604398576,0.0700236034618411,0.0790715971675846,0,0.147128245476003,0.000491738788355625,0.00422895357985838,0.621557828481511,0.0774980330448466,58,21,1,0,NA,5.1375,NA,3.79666666666667,NA,3.08169642857143,NA,23.1983763275,78.9709984375,NA,NA
"17","MAR",NA,20170854.75,8.5,4.75,NA,232,0.01085,0.04125,0.029875,0.047,0.34325,9.5819425435,63701.8961573333,29.403431215,162.56824877,0,0,0,0,0,0,0,0.04730175,0.0080725,0,0,0.1016905,0,0,0,0.1570645,0.2705,0.75,0.2795,1,0,0,0,0,0,0,0,181.17,0,0,0,295.135,0,0,0,476.305,1206.0375,1,22.1575,8.54,10.5225,236.75,3.6025,0.433333333333333,0.05,2017-08-20,0.071125,NA,2017-08-15,2017-08-17,2017-08-13,44.66172,-84.79524,4,19,NA,NA,7.7256025398854,43.161499999146,0.178992911275981,0.182459791435745,0.118374917999412,0.0114913927658516,0.410251770081661,0.0553758454543398,0.079648019544416,0.00665053045897709,0.135747732259597,372,86,49,18,NA,4.2,14.8125,2.9875,14.2525,2.9875,14.2525,21.570987025,988.533071475,NA,NA
"18","NEP",NA,20170855.25,8.5,5.25,NA,232.5,0.01215,0.072,0.2138,0.0275,0.4435,17.258513735,113417.078685,229.169267713333,156112.272176,0,0,0,0,0.0007625,0.00337,0,0.0351855,0,0,0,0.074306,0,0,0,0.11362375,0.2185,0.5,0.17675,0.5,0,0,0,0,0,0,0,50.735,0,0,0,221.12,0,0,0,271.855,119.6625,1,22.6775,9.025,7.6125,417.025,2.645,0.4745,0.05,2017-08-20,0.2858,NA,2017-08-15,2017-08-17,2017-08-13,43.01302,-83.3649,1,6,NA,NA,1.71153867615746,12.052020969727,0.142012586972476,0.147161253745849,0.201182473475338,0.000404956669636349,0.201182473475338,0.000728922005345428,0.0119057260873087,0.285251478091844,0.15218271644934,184,47,10,1,NA,1.02291666666667,16.9375,0.966666666666667,17.5833333333333,0.860416666666667,17.4041666666667,23.15724429,244.528643475,NA,NA
"19","ORE",NA,20170854.75,8.5,4.75,NA,232,0.0103,0.507,0.062725,0.0355,0.88325,27.9015232625,148397.1671425,292.75064921,820.145420577333,0,0,0,0,0.0153345,0,0,0.015596,0.01536675,0,0,0.00273,0,0,0,0.0490295,0.213125,0.75,0,0,0,0,0,0,0,0,0,46.125,47.295,0,0,153.0525,0,0,0,199.1775,352.5,1,22.7575,8.385,8.035,678.75,27.415,0.605,0.1275,2017-08-20,0.569725,NA,2017-08-15,2017-08-17,2017-08-13,42.47948,-83.80124,3,25,NA,NA,0.90322628446161,10.267400001709,0.0879703025411759,0.0744721323949021,0.699258132014457,0.0036142286475176,0.0657218946167016,0.000570667681186989,0.0015217804831653,0.0278676050979646,0.126973559064105,408,221,74,18,NA,0.714236111111111,13.55625,0.667083333333333,13.2541666666667,0.593571428571429,13.1321428571429,23.3964363775,57.8872998875,NA,NA
"20","PAR",NA,20170859.5,8.5,9.5,NA,236.75,0.0086,0.064,0.052575,0.045,0.58825,13.47325558125,234264.4063725,76.6440922563333,2001.4324646,0,0,0,0,0.00455125,0,0,0.062104,0,0.001085,0,0.16199125,0,0,0,0.2297305,0.506,0.5,0.3775,1,0,0,0,0,0,0,0,2995.3,0,0,0,5244.41,0,0,0,8239.71,9056.25,-1,22.02,9.06,9.51333333333333,231.7,1.59666666666667,0.651666666666667,0.199333333333333,2017-08-24,0.116575,NA,2017-08-19,2017-08-21,2017-08-17,45.69658,-84.74617,3,6,NA,NA,7.68896661863025,77.59889999707,0.0990860259477978,0.0988210425657737,0.0655661386313021,0.00169860462775394,0.211482567283617,0.0114498534167118,0.0644589000591366,0.108056418838154,0.438466474577551,351,130,35,1,NA,2.55916666666667,14.93125,1.86331699346405,14.5166666666667,2.379944828722,14.353125,20.2895355666667,1135.8268705,NA,NA
"21","PLA",NA,20170856,8.5,6,NA,233.25,0.0093,0.024,0.01825,0.04575,0.3305,11.15962694475,80218.219271,66.9720933596667,296.629625313333,0,0,0,0,0,0,0,0.0155805,0,0,0,0.02220075,0,0,0,0.03777975,0.061,0.25,0,0,0,0,0,0,0,0,0,251.64,0,0,0,380.3,0,0,0,631.94,1346.625,1,21.465,8.735,10.3525,212,2.8525,0.296666666666667,0.02,2017-08-21,0.04225,NA,2017-08-16,2017-08-18,2017-08-14,44.69286,-86.07597,3,27,NA,NA,10.0818401361383,468.898485661072,0.0215011147283286,0.0754683990649712,0.0671734528416175,0.00262690643259029,0.549013036699673,0.0219248854631328,0.126643117484331,0.097060237753766,0.060089964259918,2281,818,143,21,NA,3.17093822843823,17.4158333333333,2.9315882034632,17.5602430555556,2.44601946185998,17.3795454545455,21.7670735375,466.26218055,NA,NA
"22","PON",NA,20170854.75,8.5,4.75,NA,232,0.01215,0.05775,0.0563,0.07425,0.89325,13.89163575,346350.83043125,108.342352451,564.2088097075,0,0,0,0.01706325,0.33487575,0.0572175,0.0010925,0.2435045,0.080754,0.00410475,0.0041195,0.1743735,0,0,0,0.9171055,1.94025,1,1.295,1,0,0,0,56.265,0,0,0,77.79,0,0,0,55.3125,0,0,0,189.3675,836.55,1,23.935,8.3075,33.79,357.75,25.7,1.0725,0.1575,2017-08-20,0.11405,NA,2017-08-15,2017-08-17,2017-08-13,42.66647,-83.44554,3,9,NA,NA,2.31460822981577,54.511600008301,0.0424608382337577,0.0706229860365199,0.201772287862513,0.00393841747225206,0.366004296455424,0.00302542069459363,0.0449874686716792,0.100751879699248,0.208897243107769,854,190,46,20,NA,0.728421052631579,14.3625,0.802333333333333,14.3783333333333,0.775451612903226,14.3378571428571,23.218881215,65.9326404825,NA,NA
"23","POS",NA,20170856,8.5,6,NA,233.25,0.005075,0.138,0.056375,0.09525,0.757,9.66970870725,302732.62248,444.499669802667,3719.27953404367,0,0,0.001661,0,0,0.0008725,0,0.0024225,0,0,0,0.0034615,0,0,0,0.0084175,0.04975,0.25,0.14025,0.5,0,0,0,0,0,0,0,0,0,0,0,44.705,0,0,0,44.705,103.35,1,23.7575,8.345,42.5233333333333,440.5,11.16,1.0825,0.0625,2017-08-21,0.194375,NA,2017-08-16,2017-08-18,2017-08-14,41.89637,-84.30748,3,14,NA,NA,0.524415419024873,20.727500001343,0.0253004664812879,0.0323840903742057,0.0557778300776653,0.000235349493998588,0.162767710049423,0.00367145210637797,0.00527182866556837,0.600564838785597,0.139326900447164,79,33,2,0,NA,1.49375,NA,1.07833333333333,NA,0.9375,NA,24.0238423775,75.827145215,NA,NA
"24","ROU",NA,20170856.25,8.5,6.25,NA,233.5,0.0054,0.009,0.0901,0.122,1.331,13.95280120675,100923.1255885,35.9590112766667,6304.07226666667,0,0,0.0006875,0,0,0,0,0,0,0,0,0,0,0,0,0.00068725,0,0,0,0,0,0,0,0,0,0,0,0,0,0,0,24.795,0,0,0,24.795,13.875,0.5,23.64,8.135,7.94333333333333,467.25,22.55,0.46,0.0925,2017-08-21,0.0991,NA,2017-08-16,2017-08-18,2017-08-14,42.06897,-84.13289,4,NA,NA,NA,0.252108217560799,1.697487833374,0.148518423875651,0.09164265129683,0.09164265129683,0.0167146974063401,0.505475504322767,0,0.00288184438040346,0.00864553314121038,0.28299711815562,11,3,1,0,NA,10.95,14.0875,7.26,14.2875,5.42142857142857,12.65625,NA,NA,NA,NA
"25","SAN",NA,20170855.25,8.5,5.25,NA,232.5,0.0132666666666667,0,0.090125,0.0675,0.7005,11.56373737325,433725.3981575,1554.51766292567,1463.87711217333,0,0,0,0,0.035885,0.0366675,0,0.262255,0.0072525,0.0085825,0,0.04249125,0,0,0,0.3931305,0.429375,0.75,0.53,1,0,0,0,22.71,0,43.64,0,328.505,0,0,0,68.975,0,0,0,463.83,727.1625,1,22.815,8.2675,9.5975,314.25,20.2075,2.24666666666667,0.136666666666667,2017-08-20,0.090125,NA,2017-08-15,2017-08-17,2017-08-13,43.6978,-84.38123,3,6,NA,NA,4.97245517174063,87.861048395752,0.0565945349222699,0.0679477462214098,0.083463373311338,0.00293147264701948,0.312809309376254,0.0262494984172277,0.0404275714476793,0.151243925275313,0.314927103303759,491,212,35,7,NA,2.51041666666667,14.86875,1.87458333333333,14.5108333333333,1.64697916666667,13.9910416666667,23.2451199525,271.32860832,NA,NA
"26","SIL",NA,20170855,8.5,5,NA,232.25,0.001475,0,0.5872,0.03425,0.48375,17.977132175,89995.165983,14.3219696273333,2173.49400323333,0,0,0,0,0.00212625,0,0,0.06833125,0,0,0,0.17872775,0,0,0,0.24918625,0.535,0.75,0,0,0,0,0,0,0,0,0,41.98,0,0,0,83.685,0,0,0,125.665,165.075,1,21.915,8.5125,9.72,221.25,1.2675,0.31,0.0433333333333333,2017-08-20,0.5872,NA,2017-08-15,2017-08-17,2017-08-13,44.68697,-85.67697,1,27,NA,NA,2.31015775992183,22.271241593506,0.103728287900906,0.11904970632068,0.278600859121592,0.00999386341719996,0.105110896817743,0.00626808100289296,0.087095643026212,0.369159288156395,0.0247216621372841,332,200,73,16,NA,6.79791666666667,15.1541666666667,6.290625,14.8666666666667,6.07782738095238,14.6369047619048,22.5219390625,1334.108326575,NA,NA
"27","STC",NA,20170854.75,8.5,4.75,NA,232,0.004225,0.022,0.094475,0.06025,0.314,7.47603047875,819620.774093333,4.8003426605,189.271308004667,0,0,0,0.03620325,0.03164375,0,0,0.010384,0,0,0,0.021453,0.001298,0,0,0.10098,0.06725,0.25,0,0,0,0,0,6.91,0,0,0,632.915,5.11,0,0,788.705,0,0,0,1428.53,9056.25,-1,22.4175,9.4975,10.725,213.625,1.4525,0.994,0.26175,2017-08-20,0.116475,NA,2017-08-15,2017-08-17,2017-08-13,42.565421,-82.783125,NA,NA,NA,NA,NA,NA,NA,NA,NA,NA,NA,NA,NA,NA,NA,NA,NA,NA,NA,NA,NA,NA,NA,NA,NA,NA,22.85632952,558.97108419,NA,NA
"28","STO",NA,20170855,8.5,5,NA,232.25,0.066275,0.74625,0.0465,0.03025,0.54575,15.21021428575,194475.769953,637.621834233333,1251.577881,0,0,0,0,0.0061035,0,0,0.00309,0.00635225,0,0,0.006804,0,0,0,0.02234975,0,0,0.29625,1,0,0,0,0,0,0,0,6.295,0,0,0,62.5,0,0,0,68.795,121.9125,1,23.08,9.22,9.7625,511.5,1.9675,1.6275,0.0985,2017-08-20,0.79275,NA,2017-08-15,2017-08-17,2017-08-13,42.718047,-83.085909,3,7,NA,NA,1.91859244269785,176.101799995605,0.0108947917780837,0.0546529540190396,0.184317267518535,0.0169450201145922,0.342917779526337,0.00211120100185076,0.0249077388538561,0.214311837132756,0.159836201833032,2477,595,179,47,NA,0.33125,NA,0.434375,NA,0.374375,NA,21.2405011125,1307.498866925,NA,NA
"29","SUG",NA,20170907,9,7,NA,249.666666666667,0.00983333333333333,0.128333333333333,0.119366666666667,0.06,1.4555,12.129166665,10768.032723,2.6636171405,19898.13007861,0,0,0,0,0,0,0,0.0789673333333333,0.000768,0,0,0.0865843333333333,0,0,0,0.166319,0.209333333333333,0.666666666666667,NA,NA,0,0,0,0,0,0,0,16.3253025,0,0,0,47.8234725,0,0,0,64.148775,718.875,1,22.4766666666667,8.39333333333333,8.24666666666667,604,16.5233333333333,0.136666666666667,0.02,2017-09-06,0.2477,NA,2017-09-01,2017-09-03,2017-08-30,42.61488,-83.49445,1,13,NA,NA,0.271585937026954,0.919129894165,0.295481562237382,0.274364406779661,0.311440677966102,0.00635593220338983,0.228813559322034,0.00741525423728814,0,0.0561440677966102,0.115466101694915,19,8,1,NA,NA,0,NA,0,NA,0,NA,21.196596745,46.523366015,NA,NA
"30","SUP",NA,20170859,8.5,9,NA,236.25,0.0059,0.04925,0.177075,0.04825,0.41575,12.60130080225,196711.95907,3.54585595666667,61998.4168326667,0,0,0,0,0.002048,0,0,0,0,0,0,0.00285,0,0,0,0.004898,0,0,0.336,1,0,0,0,0,0,0,0,50.215,0,0,0,127.975,0,0,0,178.19,346.575,1,18.5433333333333,8.35666666666667,7.63,98.8,1.69666666666667,0.524333333333333,0.143333333333333,2017-08-24,0.226325,NA,2017-08-19,2017-08-21,2017-08-17,46.421102,-84.598673,NA,NA,NA,NA,NA,NA,NA,NA,NA,NA,NA,NA,NA,NA,NA,NA,NA,NA,NA,NA,NA,NA,NA,NA,NA,NA,22.74585374,1071.7696176,NA,NA
"31","WIX",NA,20170855.75,8.5,5.75,NA,233,0.011425,0.09575,0.358575,0.05,0.71325,21.6972067455,101986.3061625,54.453493296,7269.33950909667,0,0,0,0.0088825,0.1123475,0.1552325,0.00132275,0.89804375,0.02562,0.028155,0.006565,0.02499,0,0,0,1.26115825,1.364125,0,0.33625,0.5,0,0,0,828.5,0,0,0,2747.405,0,0,0,246.115,0,0,0,3822.02,541.5375,1,21.625,8.29,8.34,181.4025,10.2125,0.746666666666667,0.0566666666666667,2017-08-21,0.454325,NA,2017-08-16,2017-08-18,2017-08-14,43.87968,-84.31687,3,12,NA,NA,2.0664203391819,1174.45150001001,0.00175947694661234,0.0195472900480102,0.0618214939578006,0.000860974979369012,0.377128648443804,0.0504509730430064,0.0691032147775219,0.137239910345578,0.283847494404909,5147,1938,207,24,NA,3.52770161290323,14.9402777777778,3.14869318181818,15.2261111111111,2.89236950549451,14.5310218253968,22.9660533225,375.535584805,NA,NA
"32","WTL",NA,20170854.5,8.5,4.5,NA,231.75,0.007525,0,0.1676,0.04925,0.42,11.7279281045,802098.8720375,154.805408372,18.1421799683333,0,0,0,0,0,0,0,0.0120336666666667,0,0,0,0.0182533333333333,0,0,0,0.030285,0.047,0.25,1.2325,0.5,0,0,0,0,0,0,0,41.78,0,0,0,127.795,0,0,0,169.575,7927.125,0,21.77,8.4625,10.0175,243.75,9.635,2.40333333333333,0.29,2017-08-19,0.1676,NA,2017-08-14,2017-08-16,2017-08-12,44.87898,-84.32854,4,8,NA,NA,5.27847972534345,29.063475356567,0.181619013575772,0.312714199314562,0.151233116054029,0.000537598279685505,0.405046703850548,0.019924736240844,0.0822525367918823,0.00799677441032189,0.0202943350581278,253,141,32,13,NA,3.74375,13.18125,2.99791666666667,12.9708333333333,2.99791666666667,12.9708333333333,20.4873576133333,638.227541433333,NA,NA
