"","Mo","LK_CODE","Date","Month","day","year","doy","OP","NOX","NH3","TP","TKN","TNTP","X16SRNA","CYANA","MCYE","CyrA","SxtA","Nodul","D_Asp3_RR","MC_RR","MC_YR","MC_HTyR","MC_LR","D_Asp3_LR","MC_HiLR","MC_WR","MC_LA","MC_LY","MC_LW","MC_LF","SUM","ELISA","Sensored","PPIA","Sensored_1","Anatoxin","Cylindro","S_D_Asp3_RR","S_MC_RR","S_Nodul","S_MC_YR","S_MC_HtyR","S_MC_LR","S_D_Asp3LR","S_MC_HilR","S_MC_WR","S_MC_LA","S_MC_LY","S_MC_LW","S_MC_LF","S_SUM","S_ELISA","S_EL_CENS","wtemp","pH","do","conduc","turb","chloro","phyco","Dates","TIN","month","fiveday","threeday","sevenday","Lat","Long","Network","Max_Depth","Open_clos","Present_Absent_Zebra","Lake_Area_sqKm","Watershed_Area_sqKm","Lake Area_Watershed Ratio","Water","Developed","Barren","Forest","Shrubs","Herbaceous","Agriculture","Wetlands","Low","Moderate","Medium","High","ecoregion","precip3","temp3ambient","precip5","temp5ambient","precip7","temp7ambient","hobotemp","hobolight","network","open"
"1","July","BEA",20170705,7,5,"2017",186,0.005,0.031,0,0.023,0.322,14,12448.19183,191.7989741,NA,NA,NA,0,0,0,0,0,0,0,0,0,0.015631,0,0,0,0.015631,0,0,0,0,0,0,NA,NA,NA,NA,NA,NA,NA,NA,NA,NA,NA,NA,NA,NA,NA,NA,22.67,8.41,10.56,162,2.44,NA,NA,2017-07-05,0.031,"July",2017-06-30,2017-07-02,2017-06-28,44.73095,-84.94995,1,16,"Closed","Present",1.29089536176236,3.014285396667,0.428259169881441,43.5332252836305,8.29821717990276,0,40.6482982171799,2.17179902755267,3.53322528363047,0,1.81523500810373,24,2,0,NA,"Northern Lakes and Forests",2.925,13.7428571428571,2.39,14.0222222222222,2.39,14.0222222222222,23.89038344,830.2607362,"1","Closed"
"2","July","BEL",20170706,7,6,"2017",187,0.012,0.279,0.052,0.041,0.721,17.585,46427.79991,1828.357088,NA,NA,NA,0,0,0.036487,0,0,0,0.058596,0,0,0.012448,0,0,0,0.107531,0,0,0.587,1,0,0,NA,NA,NA,NA,NA,NA,NA,NA,NA,NA,NA,NA,NA,NA,NA,NA,28.82,8.5,7.55,739,14.1,1.3,0.26,2017-07-06,0.331,"July",2017-07-01,2017-07-03,2017-06-29,42.21442,-83.50166,3,9,"Open","Absent",1.8058932980475,46.397636409058,0.0389220968526523,10.7933036089846,70.995625473206,0.0757129637419029,7.98982081265248,0.0420627576343905,0.811811222343737,4.16421300580466,5.1274501556322,1248,863,658,560,"Huron/Erie Lake Plains",1.15,NA,2.9,NA,2.9,NA,27.18238667,7.529141104,"3","Open"
"3","July","BOG",20170705,7,5,"2017",186,0.012,0.033,0.407,0.024,0.865,36.042,48464.39382,2489.380258,NA,NA,NA,0,0.032362,0.01096,0,0,0,0,0,0,0.018256,0,0,0,0.061578,0,0,0,0,0,0,NA,NA,NA,NA,NA,NA,NA,NA,NA,NA,NA,NA,NA,NA,NA,NA,27.21,8.37,7.1,755,12,0.49,0.05,2017-07-05,0.44,"July",2017-06-30,2017-07-02,2017-06-28,42.61582,-83.50474,1,12,"Closed","Present",0.300444340688008,2.299314681763,0.130666908305757,12.6061120543294,44.2275042444822,1.69779286926995,29.2020373514431,0.0424448217317487,1.40067911714771,0,10.8234295415959,63,30,6,1,"Southern Michigan/Northern Indiana Drift Plains",NA,NA,1.3,NA,1.3,NA,26.95841087,100.0582822,"1","Closed"
"4","July","BRI",20170705,7,5,"2017",186,0.018,0.481,0.077,0.049,1.359,27.735,3500.44218,221.9987471,0.742195544,0,0,0,0.046189,0.163577,0.00742,0,0.043381,0.195391,0.005,0,0.007654,0,0,0,0.468612,0.4245,1,0.867,1,0,0,NA,NA,NA,NA,NA,NA,NA,NA,NA,NA,NA,NA,NA,NA,NA,NA,26.52,8.41,8.3,782,21.7,2.6,0.42,2017-07-05,0.558,"July",2017-06-30,2017-07-02,2017-06-28,42.52092,-83.79456,3,7,"Open","Present",0.638164380391381,45.296999996582,0.0140884469267178,5.48387791586792,51.8189846425571,0.336011372692614,19.3271156869925,0.056001895448769,1.08557520408383,8.33351282658798,13.5589204557693,1438,616,228,149,"Southern Michigan/Northern Indiana Drift Plains",0,18.05,0.3,17.88,0.3,17.88,27.0532788,71.20245399,"3","Open"
"5","July","CAD",20170707,7,7,"2017",188,0.013,0.029,0.024,0.037,0.652,17.622,38652.00747,1578.575024,22.67356591,0,0,0,0.075652,0.405118,0.007487,0.009389,0.035276,0,0,0,0.028893,0,0,0,0.561815,1.1785,1,1.091,1,0,0,NA,NA,NA,NA,NA,NA,NA,NA,NA,NA,NA,NA,NA,NA,NA,NA,24.09,8.88,8.32,101,6.49,NA,NA,2017-07-07,0.053,"July",2017-07-02,2017-07-04,2017-06-30,44.24239,-85.40419,3,8,"Open","Present",4.55048601228075,161.496492746582,0.0281769958894482,13.8266255241349,13.8266255241349,0.126150139451902,34.9343235166699,3.27206380463686,5.84923276845758,10.855326458243,17.3096522642709,1149,456,223,86,"Northern Lakes and Forests",1.20833333333333,17.2875,1.4,16.9,1.2,16.8714285714286,24.90223926,1141.605521,"3","Open"
"6","July","COL",20170707,7,7,"2017",188,0.014,0.348,0.241,0.063,1.181,18.746,22392.95253,1037.970439,687.9411844,0,0,0,0,0,0,0,0,0,0,0,0.005239,0,0,0,0.005239,0,0,0.4565,1,0,0,NA,NA,NA,NA,NA,NA,NA,NA,NA,NA,NA,NA,NA,NA,NA,NA,24.96,8.67,8.79,253,1.78,NA,NA,2017-07-07,0.589,"July",2017-07-02,2017-07-04,2017-06-30,43.66486,-84.95386,3,28,"Open","Present",1.15051423974358,145.687999999878,0.00789711053583373,2.21494181255402,7.48028594590611,0.0803971619801821,35.8142557567718,1.87392385048808,6.81901928861911,30.008240709103,15.7089354745777,885,193,20,6,"Northern Lakes and Forests",0.766666666666667,16.95,0.65,16.4833333333333,0.557142857142857,16.8285714285714,25.68826994,1320.220092,"3","Open"
"7","July","DEE",20170707,7,7,"2017",188,0.012,0.013,0.058,0.025,1.033,41.32,11823.22615,357.6969004,NA,NA,NA,0,0,0,0,0,0.392104,0.534952,0,0,0.160271,0,0,0,1.087327,0.8085,1,1.2015,1,0,0,NA,NA,NA,NA,NA,NA,NA,NA,NA,NA,NA,NA,NA,NA,NA,NA,24.44,8.41,10.17,206,7.19,NA,NA,2017-07-07,0.071,"July",2017-07-02,2017-07-04,2017-06-30,45.16184,-84.98026,1,7,"Closed","Present",1.84730167555512,8.953421035583,0.206323557019547,22.312969617772,11.9677665251007,0.250462811717304,36.8724817597735,0.566263748230426,4.35587498638789,12.7300446477186,10.9441359032996,81,24,2,0,"North Central Hardwood Forests",0,27.225,0.0833333333333333,26.2166666666667,0.0714285714285714,25.2428571428571,25.23696933,2232.15138,"1","Closed"
"8","July","ERI",20170705,7,5,"2017",186,0.012,0.181,0.023,0.035,0.244,6.971,NA,NA,NA,NA,NA,0,0,0,0,0,0,0,0,0,0.047291,0,0,0,0.047291,0,0,0,0,0,0,NA,NA,NA,NA,NA,NA,NA,NA,NA,NA,NA,NA,NA,NA,NA,NA,24.9,8.99,12.57,337.7,3.07,1.152,0.162,2017-07-05,0.204,"July",2017-06-30,2017-07-02,2017-06-28,42.0724,-83.191579,NA,NA,NA,"Present",NA,NA,NA,NA,NA,NA,NA,NA,NA,NA,NA,NA,NA,NA,NA,NA,NA,NA,NA,NA,NA,NA,25.2243328,324.9933121,NA,NA
"9","July","FOR",20170706,7,6,"2017",187,0.008,0.599,0.326,0.031,1.455,46.935,40115.36335,1794.498256,NA,NA,NA,0,0,0,0,0,0,0,0,0,0.024313,0,0,0,0.024313,0,0,0.486,1,0,0,NA,NA,NA,NA,NA,NA,NA,NA,NA,NA,NA,NA,NA,NA,NA,NA,28.26,8.52,8.51,711,8.1,0.78,0.3,2017-07-06,0.925,"July",2017-07-01,2017-07-03,2017-06-29,42.20675,-83.97195,3,9,"Open","Present",3.85036687650628,50.737437928101,0.0758880825232555,10.0415672388577,49.5785543838042,0.186667693018243,14.6293587868524,0.115464552382419,0.946809329535833,20.4372257716881,4.06435224386113,776,770,656,354,"Huron/Erie Lake Plains",1.19166666666667,21.6,1.58333333333333,21.9916666666667,1.58333333333333,21.9916666666667,27.11225801,28.65337423,"3","Open"
"10","July","FOR",20170706,7,6,"2017",187,0.008,0.599,0.326,0.031,1.455,46.935,40115.36335,1794.498256,NA,NA,NA,0,0,0,0,0,0,0,0,0,0.024313,0,0,0,0.024313,0,0,0.486,1,0,0,NA,NA,NA,NA,NA,NA,NA,NA,NA,NA,NA,NA,NA,NA,NA,NA,28.26,8.52,8.51,711,8.1,0.78,0.3,2017-07-06,0.925,"July",2017-07-01,2017-07-03,2017-06-29,42.20675,-83.97195,3,9,"Open","Present",3.85036687650628,50.737437928101,0.0758880825232555,10.0415672388577,49.5785543838042,0.186667693018243,14.6293587868524,0.115464552382419,0.946809329535833,20.4372257716881,4.06435224386113,776,770,656,354,"Huron/Erie Lake Plains",1.19166666666667,21.6,1.58333333333333,21.9916666666667,1.58333333333333,21.9916666666667,27.11225801,28.65337423,"3","Open"
"11","July","HOU",20170705,7,5,"2017",186,0.016,0.015,0.035,0.095,1.573,16.558,3042.458439,39.00219563,0.742195544,0,0,0,0,0,0,0,0.009082,0,0,0,0.13752,0,0,0,0.146602,1.166,1,0.4095,1,0,0,NA,NA,NA,NA,NA,NA,NA,NA,NA,NA,NA,NA,NA,NA,NA,NA,24.58,8.71,11.17,187,21,NA,NA,2017-07-05,0.05,"July",2017-06-30,2017-07-02,2017-06-28,44.37367,-84.80032,3,6,"Open","Absent",66.9879522185823,576.154400002319,0.116267362044467,22.755231511205,9.27721885021099,0.136198008866423,35.346940711516,4.10677652854314,4.70543792572465,0.589513769720337,23.0826826942134,3662,1360,340,135,"Northern Lakes and Forests",0.25,16.375,0.2,16.66,0.2,16.66,24.19131135,1646.784969,"3","Open"
"12","July","HUD",20170706,7,6,"2017",187,0.012,0,0.312,0.034,1.361,40.029,36794.49391,703.2420474,NA,NA,NA,0.021353,0,0.047488,0,0,0,0,0,0,0.019212,0,0,0,0.088053,0,0,0.3765,1,0,0,NA,NA,NA,NA,NA,NA,NA,NA,NA,NA,NA,NA,NA,NA,NA,NA,25.34,8.76,8.19,349,11.5,1.02,0.12,2017-07-06,0.312,"July",2017-07-01,2017-07-03,2017-06-29,41.83611,-84.24632,3,8,"Open","Present",2.07744103703331,27.774400000488,0.0747969726437585,6.62242354015239,4.29439235928228,0.495101653850205,17.7148074019453,1.61873661294287,0.832192141578005,56.8348607746058,11.5874855156431,88,26,2,1,"Eastern Corn Belt Plains",0.7,NA,1.1,NA,1.1,NA,27.54399625,191.5506135,"3","Open"
"13","July","INT",20170706,7,6,"2017",187,0.014,0.212,0.236,0.021,0.655,31.19,4914.845945,245.9788046,NA,NA,NA,0,0,0,0,0,0,0,0,0,0.032052,0,0,0,0.032052,0,0,0,0,0,0,NA,NA,NA,NA,NA,NA,NA,NA,NA,NA,NA,NA,NA,NA,NA,NA,24.23,8.48,9.9,260,2.33,NA,NA,2017-07-06,0.448,"July",2017-07-01,2017-07-03,2017-06-29,45.02323,-85.2361,3,6,"Open","Absent",5.98479706973595,67.040182634216,0.0892717894637928,9.84799953409819,7.68883582784928,0.112107623318386,51.9815386407315,0.930347679226603,5.78300623143673,18.1890978976181,5.46706656572128,363,131,25,4,"North Central Hardwood Forests",0.0666666666666667,25.3333333333333,0.1,25.3333333333333,0.1,25.3333333333333,24.96560276,464.5006135,"3","Open"
"14","July","LGL",20170706,7,6,"2017",187,0.012,0,0.241,0.023,1.021,44.391,1820.11658,13.54681512,NA,NA,NA,0,0,0.017746,0,0,0,0,0,0,0.105699,0,0,0,0.123445,0,0,0,0,0,0,NA,NA,NA,NA,NA,NA,NA,NA,NA,NA,NA,NA,NA,NA,NA,NA,25.33,8.51,9.08,173,3.9,NA,NA,2017-07-06,0.241,"July",2017-07-01,2017-07-03,2017-06-29,44.86364,-85.99722,3,38,"Open","Present",19.6513155253704,108.089690589294,0.181805641391269,24.0403201040519,4.84401250067742,2.68349079610528,52.807233050924,0.903228137362935,8.90131329371173,3.38529905883628,2.43510305833047,395,123,19,3,"North Central Hardwood Forests",NA,NA,NA,NA,NA,NA,25.15755061,2874.372853,"3","Open"
"15","July","LIM",20170706,7,6,"2017",187,0.016,1.193,1.245,0.055,1.719,31.255,52132.70942,5726.762724,NA,NA,NA,0,0,0,0,0,0,0,0,0,0.032587,0,0,0,0.032587,0,0,0,0,0,0,NA,NA,NA,NA,NA,NA,NA,NA,NA,NA,NA,NA,NA,NA,NA,NA,25.34,8.57,8.15,399,14.6,3.335,0.29,2017-07-06,2.438,"July",2017-07-01,2017-07-03,2017-06-29,41.78902,-84.37453,3,21,"Open","Present",0.28970139145348,1.477200000366,0.19611521214575,11.4417989417989,10.1190476190476,0,5.29100529100529,0.198412698412698,0.793650793650794,63.7566137566138,8.3994708994709,9,5,NA,NA,"Eastern Corn Belt Plains",0.075,17.25,3.65,17.6166666666667,3.65,17.6166666666667,27.10327539,62.7898773,"3","Open"
"16","July","LRO",20170706,7,6,"2017",187,0.007,0.565,0.139,0.071,0.835,11.761,14206.47637,231.8660265,6.183284986,0,0,0,0,0,0,0,0,0,0,0,0.14648,0,0,0,0.14648,0.175,1,0,0,0,0,NA,NA,NA,NA,NA,NA,NA,NA,NA,NA,NA,NA,NA,NA,NA,NA,27.04,8.76,8.05,357,17.2,1.61,0.04,2017-07-06,0.704,"July",2017-07-01,2017-07-03,2017-06-29,41.90823,-84.35094,1,NA,"Closed","Present",0.11903201687361,1.420892209167,0.0837727282236228,8.44200411805079,7.34385724090597,0.480439258750858,12.079615648593,0,0,60.398078242965,11.2560054907344,7,3,NA,NA,"Eastern Corn Belt Plains",1.275,NA,0.85,NA,0.85,NA,27.51099267,143.2546012,"1","Closed"
"17","July","MAN",20170707,7,7,"2017",188,0.014,0.143,0.087,0.077,0.907,11.779,53103.314,2055.940346,7.421955443,0,0,0,0,0.014733,0,0,0,0,0,0,0.011604,0,0,0,0.026337,0,0,0,0,0,0,NA,NA,NA,NA,NA,NA,NA,NA,NA,NA,NA,NA,NA,NA,NA,NA,26.18,8.24,7.02,430,6.5,1.03,0.09,2017-07-07,0.23,"July",2017-07-02,2017-07-04,2017-06-30,42.9232,-84.19924,3,NA,"Open","Present",0.305469537508335,9.930299997803,0.0307613604398576,7.00236034618411,7.90715971675846,0,14.7128245476003,0.0491738788355625,0.422895357985838,62.1557828481511,7.74980330448466,58,21,1,0,"Southern Michigan/Northern Indiana Drift Plains",8.2,NA,4.92,NA,4.1,NA,26.72943405,95.49018405,"3","Open"
"18","July","MAR",20170705,7,5,"2017",186,0.008,0,0.095,0.022,0.482,21.909,3423.487562,46.89547643,NA,NA,NA,0,0,0,0,0,0.024352,0.03229,0,0,0.144144,0,0,0,0.200786,0.2935,1,0.2935,1,0,0,NA,NA,NA,NA,NA,NA,NA,NA,NA,NA,NA,NA,NA,NA,NA,NA,25.36,8.53,10.53,231,3.92,NA,NA,2017-07-05,0.095,"July",2017-06-30,2017-07-02,2017-06-28,44.66172,-84.79524,4,19,"Open","Present",7.7256025398854,43.161499999146,0.178992911275981,18.2459791435745,11.8374917999412,1.14913927658516,41.0251770081661,5.53758454543398,7.9648019544416,0.665053045897709,13.5747732259597,372,86,49,18,"Northern Lakes and Forests",NA,NA,NA,NA,NA,NA,24.33179908,1144.759202,"4","Open"
"19","July","NEP",20170706,7,6,"2017",187,0.013,0.059,0.788,0.022,0.727,33.045,22450.38264,519.8582061,NA,NA,NA,0,0,0,0,0,0,0,0,0,0.037635,0,0,0,0.037635,0,0,0.3535,1,0,0,NA,NA,NA,NA,NA,NA,NA,NA,NA,NA,NA,NA,NA,NA,NA,NA,27.3,9.12,11.02,413.9,1.86,0.664,0.088,2017-07-06,0.847,"July",2017-07-01,2017-07-03,2017-06-29,43.01302,-83.3649,1,6,"Closed","Present",1.71153867615746,12.052020969727,0.142012586972476,14.7161253745849,20.1182473475338,0.0404956669636349,20.1182473475338,0.0728922005345428,1.19057260873087,28.5251478091844,15.218271644934,184,47,10,1,"Southern Michigan/Northern Indiana Drift Plains",0,21.525,0.3,22.2166666666667,0.3,22.2166666666667,26.19140764,435.7697452,"1","Closed"
"20","July","ORE",20170705,7,5,"2017",186,0.008,0.606,0.04,0.022,0.799,36.318,24253.79069,665.849647,NA,NA,NA,0,0,0.016504,0,0,0,0,0,0,0,0,0,0,0.016504,0,0,0,0,0,0,NA,NA,NA,NA,NA,NA,NA,NA,NA,NA,NA,NA,NA,NA,NA,NA,25.17,8.42,8.61,767,9.11,0.76,0,2017-07-05,0.646,"July",2017-06-30,2017-07-02,2017-06-28,42.47948,-83.80124,3,25,"Open","Present",0.90322628446161,10.267400001709,0.0879703025411759,7.44721323949021,69.9258132014457,0.36142286475176,6.57218946167016,0.0570667681186989,0.15217804831653,2.78676050979646,12.6973559064105,408,221,74,18,"Southern Michigan/Northern Indiana Drift Plains",0,16.4,0.36,17,0.36,17,26.36835975,30.09202454,"3","Open"
"21","July","PAR",20170706,7,6,"2017",187,0.009,0,0.057,0.042,0.679,16.167,10618.20169,221.8162179,NA,NA,NA,0,0,0.018205,0,0,0,0,0,0,0,0,0,0,0.018205,0,0,0.3775,1,0,0,NA,NA,NA,NA,NA,NA,NA,NA,NA,NA,NA,NA,NA,NA,NA,NA,25.3,8.22,9.51,232,2.13,1.085,0.203,2017-07-06,0.057,"July",2017-07-01,2017-07-03,2017-06-29,45.69658,-84.74617,3,6,"Open","Present",7.68896661863025,77.59889999707,0.0990860259477978,9.88210425657737,6.55661386313021,0.169860462775394,21.1482567283617,1.14498534167118,6.44589000591366,10.8056418838154,43.8466474577551,351,130,35,1,"Northern Lakes and Forests",1.16666666666667,19.3,0.933333333333333,18.25,0.933333333333333,18.25,22.14805691,1296.505203,"3","Open"
"22","July","PLA",20170706,7,6,"2017",187,0.013,0.033,0.073,0.023,0.69,30,5128.658314,109.9137255,NA,NA,NA,0,0,0,0,0,0,0,0,0,0.014758,0,0,0,0.014758,0,0,0,0,0,0,NA,NA,NA,NA,NA,NA,NA,NA,NA,NA,NA,NA,NA,NA,NA,NA,26.31,8.52,9.98,206,1.92,NA,NA,2017-07-06,0.106,"July",2017-07-01,2017-07-03,2017-06-29,44.69286,-86.07597,3,27,"Open","Present",10.0818401361383,468.898485661072,0.0215011147283286,7.54683990649712,6.71734528416175,0.262690643259029,54.9013036699673,2.19248854631328,12.6643117484331,9.7060237753766,6.0089964259918,2281,818,143,21,"North Central Hardwood Forests",0.05,19.2583333333333,0.195833333333333,19.0722222222222,0.195833333333333,19.0722222222222,24.65068558,585.7280675,"3","Open"
"23","July","PON",20170705,7,5,"2017",186,0.012,0.172,0.151,0.055,1.012,18.4,6889.376425,259.8750831,49.10550293,0,0,0,0.068253,0.385203,0.007854,0,0.344657,0.307812,0.010009,0,0.365724,0,0,0,1.489512,2.3,1,2.2025,1,0,0,NA,NA,NA,NA,NA,NA,NA,NA,NA,NA,NA,NA,NA,NA,NA,NA,27.44,8.44,7.88,417,12.3,1.63,0.2,2017-07-05,0.323,"July",2017-06-30,2017-07-02,2017-06-28,42.66647,-83.44554,3,9,"Open","Present",2.31460822981577,54.511600008301,0.0424608382337577,7.06229860365199,20.1772287862513,0.393841747225206,36.6004296455424,0.302542069459363,4.49874686716792,10.0751879699248,20.8897243107769,854,190,46,20,"Southern Michigan/Northern Indiana Drift Plains",0.625,15.275,0.908,15.34,0.908,15.34,26.71455862,116.006135,"3","Open"
"24","July","POS",20170706,7,6,"2017",187,0.007,0.345,0.045,0.086,1.003,11.663,60438.24392,1324.280016,NA,NA,NA,0.006644,0,0,0,0,0,0,0,0,0.005906,0,0,0,0.01255,0,0,0.2805,1,0,0,NA,NA,NA,NA,NA,NA,NA,NA,NA,NA,NA,NA,NA,NA,NA,NA,26.35,8.47,NA,388,7.2,1.24,0.09,2017-07-06,0.39,"July",2017-07-01,2017-07-03,2017-06-29,41.89637,-84.30748,3,14,"Open","Absent",0.524415419024873,20.727500001343,0.0253004664812879,3.23840903742057,5.57778300776653,0.0235349493998588,16.2767710049423,0.367145210637797,0.527182866556837,60.0564838785597,13.9326900447164,79,33,2,0,"Eastern Corn Belt Plains",NA,NA,NA,NA,NA,NA,27.02124489,72.30828221,"3","Open"
"25","July","ROU",20170706,7,6,"2017",187,0.012,0.036,0.173,0.09,0.874,9.711,6659.709354,92.61637074,NA,NA,NA,0,0,0,0,0,0,0,0,0,0,0,0,0,0,0,0,0,0,0,0,NA,NA,NA,NA,NA,NA,NA,NA,NA,NA,NA,NA,NA,NA,NA,NA,26.94,8.41,NA,380,10.6,0.57,0.1,2017-07-06,0.209,"July",2017-07-01,2017-07-03,2017-06-29,42.06897,-84.13289,4,NA,"Open","Present",0.252108217560799,1.697487833374,0.148518423875651,9.164265129683,9.164265129683,1.67146974063401,50.5475504322767,0,0.288184438040346,0.864553314121038,28.299711815562,11,3,1,0,"Southern Michigan/Northern Indiana Drift Plains",NA,NA,NA,NA,NA,NA,NA,NA,"4","Open"
"26","July","SAN",20170705,7,5,"2017",186,0.019,0,0.097,0.052,1.087,20.904,70519.83483,4526.777469,NA,NA,NA,0,0,0,0,0,0,0,0,0,0.045345,0,0,0,0.045345,0,0,0.4335,1,0,0,NA,NA,NA,NA,NA,NA,NA,NA,NA,NA,NA,NA,NA,NA,NA,NA,24.88,8.42,11.4,232,46.6,NA,NA,2017-07-05,0.097,"July",2017-06-30,2017-07-02,2017-06-28,43.6978,-84.38123,3,6,"Open","Absent",4.97245517174063,87.861048395752,0.0565945349222699,6.79477462214098,8.3463373311338,0.293147264701948,31.2809309376254,2.62494984172277,4.04275714476793,15.1243925275313,31.4927103303759,491,212,35,7,"Huron/Erie Lake Plains",0.0666666666666667,15.25,0.273333333333333,15.86,0.273333333333333,15.86,26.38069785,520.3849693,"3","Open"
"27","July","SIL",20170706,7,6,"2017",187,0.004,0,2.338,0.021,0.94,44.762,2757.148352,34.20054768,NA,NA,NA,0,0,0.008505,0,0,0,0,0,0,0.057503,0,0,0,0.066008,0,0,0,0,0,0,NA,NA,NA,NA,NA,NA,NA,NA,NA,NA,NA,NA,NA,NA,NA,NA,25.48,8.45,10.34,213,0.95,NA,NA,2017-07-06,2.338,"July",2017-07-01,2017-07-03,2017-06-29,44.68697,-85.67697,1,27,"Closed","Present",2.31015775992183,22.271241593506,0.103728287900906,11.904970632068,27.8600859121592,0.999386341719996,10.5110896817743,0.626808100289296,8.7095643026212,36.9159288156395,2.47216621372841,332,200,73,16,"North Central Hardwood Forests",0.575,NA,0.55,NA,0.55,NA,25.26736656,876.4207055,"1","Closed"
"28","July","STC",20170705,7,5,"2017",186,0.008,0.088,0.279,0.031,0.673,21.71,NA,NA,NA,NA,NA,0,0.144813,0.126575,0,0,0,0,0,0,0.017664,0.005192,0,0,0.294244,0,0,0,0,0,0,NA,NA,NA,NA,NA,NA,NA,NA,NA,NA,NA,NA,NA,NA,NA,NA,24.86,9.61,11.91,198.4,1.96,0.529,0.1,2017-07-05,0.367,"July",2017-06-30,2017-07-02,2017-06-28,42.565421,-82.783125,NA,NA,NA,"Present",NA,NA,NA,NA,NA,NA,NA,NA,NA,NA,NA,NA,NA,NA,NA,NA,NA,NA,NA,NA,NA,NA,25.31211306,1065.992994,NA,NA
"29","July","STO",20170706,7,6,"2017",187,0.023,0.158,0,0.038,0.943,24.816,45949.34872,1629.466541,NA,NA,NA,0,0,0.024414,0,0,0,0.025409,0,0,0.015306,0,0,0,0.065129,0,0,0.3315,1,0,0,NA,NA,NA,NA,NA,NA,NA,NA,NA,NA,NA,NA,NA,NA,NA,NA,25.8,8.81,10.25,528,4.86,0.463,0.089,2017-07-06,0.158,"July",2017-07-01,2017-07-03,2017-06-29,42.718047,-83.085909,3,7,"Open","Absent",1.91859244269785,176.101799995605,0.0108947917780837,5.46529540190396,18.4317267518535,1.69450201145922,34.2917779526337,0.211120100185076,2.49077388538561,21.4311837132756,15.9836201833032,2477,595,179,47,"Southern Michigan/Northern Indiana Drift Plains",0,NA,0.5375,NA,0.5375,NA,23.68122222,1512.688235,"3","Open"
"30","July","SUP",20170706,7,6,"2017",187,0.008,0.074,0.33,0.032,0.677,21.156,14705.71715,0,NA,NA,NA,0,0,0.008192,0,0,0,0,0,0,0.0114,0,0,0,0.019592,0,0,0.336,1,0,0,NA,NA,NA,NA,NA,NA,NA,NA,NA,NA,NA,NA,NA,NA,NA,NA,18.13,8.14,8.98,101.3,3.06,0.576,0.103,2017-07-06,0.404,"July",2017-07-01,2017-07-03,2017-06-29,46.421102,-84.598673,NA,NA,NA,"Absent",NA,NA,NA,NA,NA,NA,NA,NA,NA,NA,NA,NA,NA,NA,NA,NA,NA,NA,NA,NA,NA,NA,26.32113854,660.0644904,NA,NA
"31","July","WIX",20170705,7,5,"2017",186,0.021,0.308,0.023,0.036,0.974,27.056,0,0,NA,NA,NA,0,0,0,0,0.005291,0,0,0,0,0.02004,0,0,0,0.025331,0,0,0.6725,1,0,0,NA,NA,NA,NA,NA,NA,NA,NA,NA,NA,NA,NA,NA,NA,NA,NA,25.54,7.64,9.32,257,27.5,NA,NA,2017-07-05,0.331,"July",2017-06-30,2017-07-02,2017-06-28,43.87968,-84.31687,3,12,"Open","Present",2.0664203391819,1174.45150001001,0.00175947694661234,1.95472900480102,6.18214939578006,0.0860974979369012,37.7128648443804,5.04509730430064,6.91032147775219,13.7239910345578,28.3847494404909,5147,1938,207,24,"Northern Lakes and Forests",0,16.875,0,17.61,0,17.61,25.93790798,767.8239264,"3","Open"
"32","July","WTL",20170706,7,6,"2017",187,0.008,0,0.371,0.025,0.601,24.04,14705.71715,427.7610012,NA,NA,NA,NA,NA,NA,NA,NA,NA,NA,NA,NA,NA,NA,NA,NA,NA,0,0,0,0,0,0,NA,NA,NA,NA,NA,NA,NA,NA,NA,NA,NA,NA,NA,NA,NA,NA,23.52,8.52,8.57,165,2.41,NA,NA,2017-07-06,0.371,"July",2017-07-01,2017-07-03,2017-06-29,44.87898,-84.32854,4,8,"Open","Present",5.27847972534345,29.063475356567,0.181619013575772,31.2714199314562,15.1233116054029,0.0537598279685505,40.5046703850548,1.9924736240844,8.22525367918823,0.799677441032189,2.02943350581278,253,141,32,13,"Northern Lakes and Forests",0,13.75,0,14.1666666666667,0,14.1666666666667,NA,NA,"4","Open"
"33","August","BEA",20170802,8,2,"2017",214,0.0081,0.068,0,0.017,0.165,9.706,47187.51465,36.240216,0,0,0,0,0,0,0,0,0.00761,0,0,0,0,0,0,0,0.00761,0,0,0,0,0,0,0,0,0,0,0,13.00125,0,0,0,37.91625,0,0,0,50.9175,210.6,1,24.68,8.34,11.44,176,1.48,0.14,0.11,2017-08-02,0.068,"August",2017-07-28,2017-07-30,2017-07-26,44.73095,-84.94995,1,16,"Closed","Present",1.29089536176236,3.014285396667,0.428259169881441,43.5332252836305,8.29821717990276,0,40.6482982171799,2.17179902755267,3.53322528363047,0,1.81523500810373,24,2,0,NA,"Northern Lakes and Forests",3.875,16.8,3.875,16.8,3.875,16.8,22.73396237,243.7827957,"1","Closed"
"34","August","BEL",20170803,8,3,"2017",215,0.0081,0.068,0,0.035,0.802,22.914,1224671.953,176.50968,22.02494049,0,0,0,0,0.03075,0,0,0.02877,0,0,0,0.01178,0,0,0,0.0713,0,0,0,0,0,0,0,28.59,0,34.875,0,74.565,0,0,0,93.69,0,0,0,231.72,1170,1,29.28,8.57,124.8,684,21.6,1.84,0.28,2017-08-03,0.068,"August",2017-07-29,2017-07-31,2017-07-27,42.21442,-83.50166,3,9,"Open","Absent",1.8058932980475,46.397636409058,0.0389220968526523,10.7933036089846,70.995625473206,0.0757129637419029,7.98982081265248,0.0420627576343905,0.811811222343737,4.16421300580466,5.1274501556322,1248,863,658,560,"Huron/Erie Lake Plains",0,NA,0,NA,0,NA,25.33620445,5.254032258,"3","Open"
"35","August","BOG",20170802,8,2,"2017",214,0.0117,0.085,0,0.053,0.724,13.66,425582.3828,65.66088,0.837090194,0,0,0,0,0,0,0,0.01103,0,0,0,0,0,0,0,0.01103,0,0,0,0,0,0,0,0,0,0,0,0,0,0,0,102.42,0,0,0,102.42,110.55,1,27.48,8.4,8.13,627,6.3,0.42,0,2017-08-02,0.085,"August",2017-07-28,2017-07-30,2017-07-26,42.61582,-83.50474,1,12,"Closed","Present",0.300444340688008,2.299314681763,0.130666908305757,12.6061120543294,44.2275042444822,1.69779286926995,29.2020373514431,0.0424448217317487,1.40067911714771,0,10.8234295415959,63,30,6,1,"Southern Michigan/Northern Indiana Drift Plains",NA,NA,NA,NA,NA,NA,24.96158079,50.73924731,"1","Closed"
"36","August","BRI",20170802,8,2,"2017",214,0.2372,0.084,0.0784,0.054,4.555,84.352,17200,0,0,0,0,0,0.25512,8.55174,1.79853,0.10668,2.76396,0.90225,0.14996,0.30221,0.01113,0,0,0.00524,14.85692,15.32,1,0,0,2.799,0,0,66.855,160.5,0,0,56.205,77.91,0,0,0,0,0,0,283.56,715.8,1,27.94,8.44,11.58,615,82.4,2.3,2.2,2017-08-02,0.1624,"August",2017-07-28,2017-07-30,2017-07-26,42.52092,-83.79456,3,7,"Open","Present",0.638164380391381,45.296999996582,0.0140884469267178,5.48387791586792,51.8189846425571,0.336011372692614,19.3271156869925,0.056001895448769,1.08557520408383,8.33351282658798,13.5589204557693,1438,616,228,149,"Southern Michigan/Northern Indiana Drift Plains",1,21.1,1,21.1,1,21.1,25.28398297,44.59408602,"3","Open"
"37","August","CAD",20170804,8,4,"2017",216,0.0139,0.258,0,0.045,0.288,6.4,1044880.703,152.64096,2504.531494,0,0,0,0.06292,1.24486,0.13392,0.06146,0.33741,0,0.02969,0.0265,0.04906,0,0,0,1.94582,2.146,1,1.167,1,0,0,0,10380,0,0,0,1774.5,0,0,0,0,0,0,0,12154.5,15750,-1,22.39,7.44,7.13,153,14.5,0.94,0,2017-08-04,0.258,"August",2017-07-30,2017-08-01,2017-07-28,44.24239,-85.40419,3,8,"Open","Present",4.55048601228075,161.496492746582,0.0281769958894482,13.8266255241349,13.8266255241349,0.126150139451902,34.9343235166699,3.27206380463686,5.84923276845758,10.855326458243,17.3096522642709,1149,456,223,86,"Northern Lakes and Forests",13.2166666666667,17.225,13.2166666666667,17.225,13.2166666666667,17.225,22.61735081,904.5051075,"3","Open"
"38","August","COL",20170804,8,4,"2017",216,0.0114,0.221,0,0.023,0.388,16.87,91776.72852,5.2143756,360.4152222,0,0,0,0,0,0,0,0.05465,0,0,0,0.02153,0,0,0,0.07618,0,0,0,0,0,0,0,32.1,0,0,0,995.64,0,0,0,3501.39,0,0,0,4529.13,131.7,1,24.06,8.79,9,393,3.98,1.31,0.13,2017-08-04,0.221,"August",2017-07-30,2017-08-01,2017-07-28,43.66486,-84.95386,3,28,"Open","Present",1.15051423974358,145.687999999878,0.00789711053583373,2.21494181255402,7.48028594590611,0.0803971619801821,35.8142557567718,1.87392385048808,6.81901928861911,30.008240709103,15.7089354745777,885,193,20,6,"Northern Lakes and Forests",3.30833333333333,18.875,3.30833333333333,18.875,3.30833333333333,18.875,23.67487097,952.4517473,"3","Open"
"39","August","DEE",20170803,8,3,"2017",215,0.0089,0.077,0.008,0.032,0.361,11.281,161862.2266,73.37112,9.457101822,0,0,0,0,0.00482,0,0,0.67949,0.02958,0,0,0.36987,0,0,0,1.08376,1.878,1,0.505,1,0,0,0,0,0,0,0,395.7,0,0,0,278.82,0,0,0,674.52,1101.9,1,24.74,8.99,9.6,223,29.4,0.36,0.02,2017-08-03,0.085,"August",2017-07-29,2017-07-31,2017-07-27,45.16184,-84.98026,1,7,"Closed","Present",1.84730167555512,8.953421035583,0.206323557019547,22.312969617772,11.9677665251007,0.250462811717304,36.8724817597735,0.566263748230426,4.35587498638789,12.7300446477186,10.9441359032996,81,24,2,0,"North Central Hardwood Forests",3.53333333333333,26.8666666666667,3.53333333333333,26.8666666666667,3.53333333333333,26.8666666666667,23.53405242,1191.544086,"1","Closed"
"40","August","ERI",20170802,8,2,"2017",214,0.0176,0.103,0,0.053,0.18,3.396,938789.2969,247.64604,461.410553,0,0,0,0,0.00696,0,0,0.01582,0,0,0,0,0,0,0,0.02278,0,0,0,0,0,0,0,0,0,0,0,0,0,0,0,255.405,0,0,0,255.405,266.55,1,25.7,8.33,10.24,338.5,2.3,0.658,0.05,2017-08-02,0.103,"August",2017-07-28,2017-07-30,2017-07-26,42.0724,-83.191579,NA,NA,NA,"Present",NA,NA,NA,NA,NA,NA,NA,NA,NA,NA,NA,NA,NA,NA,NA,NA,NA,NA,NA,NA,NA,NA,23.41770027,517.9436828,NA,NA
"41","August","FOR",20170803,8,3,"2017",215,0.005,0.54,0.0195,0.019,0.559,29.421,51083.62793,21.00972,0,0,0,0,0,0.02188,0,0,0.12905,0,0,0,0.05887,0,0,0,0.2098,0.34,1,0.3475,1,0,0,0,0,0,0,0,40.74,0,0,0,15.96,0,0,0,56.7,137.25,1,27.7,8.51,128.3,673,8.19,1.49,0.26,2017-08-03,0.5595,"August",2017-07-29,2017-07-31,2017-07-27,42.20675,-83.97195,3,9,"Open","Present",3.85036687650628,50.737437928101,0.0758880825232555,10.0415672388577,49.5785543838042,0.186667693018243,14.6293587868524,0.115464552382419,0.946809329535833,20.4372257716881,4.06435224386113,776,770,656,354,"Huron/Erie Lake Plains",0,21.4,0,21.4,0,21.4,25.35311231,34.83467742,"3","Open"
"42","August","FOR",20170803,8,3,"2017",215,0.005,0.54,0.0195,0.019,0.559,29.421,51083.62793,21.00972,0,0,0,0,0,0.02188,0,0,0.12905,0,0,0,0.05887,0,0,0,0.2098,0.34,1,0.3475,1,0,0,0,0,0,0,0,40.74,0,0,0,15.96,0,0,0,56.7,137.25,1,27.7,8.51,128.3,673,8.19,1.49,0.26,2017-08-03,0.5595,"August",2017-07-29,2017-07-31,2017-07-27,42.20675,-83.97195,3,9,"Open","Present",3.85036687650628,50.737437928101,0.0758880825232555,10.0415672388577,49.5785543838042,0.186667693018243,14.6293587868524,0.115464552382419,0.946809329535833,20.4372257716881,4.06435224386113,776,770,656,354,"Huron/Erie Lake Plains",0,21.4,0,21.4,0,21.4,25.35311231,34.83467742,"3","Open"
"43","August","HOU",20170802,8,2,"2017",214,0.0113,0.074,0,0.03,0.553,18.433,192944.2578,114.38412,12.91701794,0,0,0,0,0.01305,0,0,0.22491,0,0,0,1.72862,0.00626,0,0,1.97284,0.1615,1,0,0,0,0,0,0,0,0,0,0,0,0,0,220.2,0,0,0,220.2,754.2,1,26.11,8.8,11.38,210,9.12,0.86,0.17,2017-08-02,0.074,"August",2017-07-28,2017-07-30,2017-07-26,44.37367,-84.80032,3,6,"Open","Absent",66.9879522185823,576.154400002319,0.116267362044467,22.755231511205,9.27721885021099,0.136198008866423,35.346940711516,4.10677652854314,4.70543792572465,0.589513769720337,23.0826826942134,3662,1360,340,135,"Northern Lakes and Forests",2.15,18.05,2.15,18.05,2.15,18.05,21.65105108,1237.234677,"3","Open"
"44","August","HUD",20170803,8,3,"2017",215,0.0145,0.167,0.0682,0.052,0.696,13.385,1740000,76.61442,373.105957,0,0,0,0.08002,1.83026,0.86062,0,1.08087,0.07089,0.04457,0.06245,0.58295,0.02359,0,0.01234,4.64856,4.83,1,0.532,1,0,0,0,92.4,0,82.455,0,151.425,0,0,0,55.965,0,0,0,382.245,801.6,1,27.34,8.89,8.75,294,57,2.36,1.13,2017-08-03,0.2352,"August",2017-07-29,2017-07-31,2017-07-27,41.83611,-84.24632,3,8,"Open","Present",2.07744103703331,27.774400000488,0.0747969726437585,6.62242354015239,4.29439235928228,0.495101653850205,17.7148074019453,1.61873661294287,0.832192141578005,56.8348607746058,11.5874855156431,88,26,2,1,"Eastern Corn Belt Plains",2.13333333333333,NA,2.13333333333333,NA,2.13333333333333,NA,25.73542189,153.5456989,"3","Open"
"45","August","INT",20170803,8,3,"2017",215,0.0048,2.145,0,0.029,0.119,4.103,207662.4219,9.651564,64.58310699,0,0,0,0,0,0,0,0.08293,0,0,0,0.05532,0,0,0,0.13825,0.2255,1,0,0,0,0,0,0,0,0,0,100.455,0,0,0,240.645,0,0,0,341.1,428.4,1,24.64,8.8,10.77,283,3.82,0.49,0.05,2017-08-03,2.145,"August",2017-07-29,2017-07-31,2017-07-27,45.02323,-85.2361,3,6,"Open","Absent",5.98479706973595,67.040182634216,0.0892717894637928,9.84799953409819,7.68883582784928,0.112107623318386,51.9815386407315,0.930347679226603,5.78300623143673,18.1890978976181,5.46706656572128,363,131,25,4,"North Central Hardwood Forests",8.17777777777778,25,8.17777777777778,25,8.17777777777778,25,23.22341801,276.5077957,"3","Open"
"46","August","LGL",20170803,8,3,"2017",215,0.0138,0.097,0,0.034,0.139,4.088,712116.875,6.203718,0,0,0,0,0,0,0,0,0.106,0,0,0,0.14481,0,0,0,0.25081,0.264,1,0.266,1,0,0,0,0,0,0,0,101.55,0,0,0,380.175,0,0,0,481.725,103.95,1,27.19,8.89,10.23,313,21.5,3.23,0.89,2017-08-03,0.097,"August",2017-07-29,2017-07-31,2017-07-27,44.86364,-85.99722,3,38,"Open","Present",19.6513155253704,108.089690589294,0.181805641391269,24.0403201040519,4.84401250067742,2.68349079610528,52.807233050924,0.903228137362935,8.90131329371173,3.38529905883628,2.43510305833047,395,123,19,3,"North Central Hardwood Forests",NA,NA,NA,NA,NA,NA,22.88379167,4729.892473,"3","Open"
"47","August","LIM",20170803,8,3,"2017",215,0.0079,2.161,0.0163,0.054,1.314,24.333,1691036.406,0.39447696,0,0,0,0,0,0,0,0,0,0,0,0,0,0,0,0,0,0,0,0,0,0,0,0,0,0,0,0,0,0,0,0,0,0,0,0,0,354.3,1,24.03,9.16,10.14,179,2.46,0.12,0.04,2017-08-03,2.1773,"August",2017-07-29,2017-07-31,2017-07-27,41.78902,-84.37453,3,21,"Open","Present",0.28970139145348,1.477200000366,0.19611521214575,11.4417989417989,10.1190476190476,0,5.29100529100529,0.198412698412698,0.793650793650794,63.7566137566138,8.3994708994709,9,5,NA,NA,"Eastern Corn Belt Plains",0,16.3333333333333,0,16.3333333333333,0,16.3333333333333,25.49520535,101.6518817,"3","Open"
"48","August","LRO",20170803,8,3,"2017",215,0.005,0.475,0.0257,0.048,0.779,16.229,375670.4297,317.09952,90.27617645,0,0,0,0,0,0,0,0,0,0,0,0.12733,0,0,0,0.12733,0.1765,1,0,0,0,0,0,0,0,0,0,0,0,0,0,187.155,0,0,0,187.155,331.95,1,27.3,8.5,8.68,352,24.2,2.15,0.39,2017-08-03,0.5007,"August",2017-07-29,2017-07-31,2017-07-27,41.90823,-84.35094,1,NA,"Closed","Present",0.11903201687361,1.420892209167,0.0837727282236228,8.44200411805079,7.34385724090597,0.480439258750858,12.079615648593,0,0,60.398078242965,11.2560054907344,7,3,NA,NA,"Eastern Corn Belt Plains",0.5,NA,0.5,NA,0.5,NA,25.55786664,123.9784946,"1","Closed"
"49","August","MAN",20170804,8,4,"2017",216,0.0127,0.116,0,0.051,0.263,5.157,846430.7813,9.966438,98.92003632,0,0,0,0,0,0,0,0.021,0,0,0,0.02929,0,0,0,0.05029,0.1575,1,0,0,0,0,0,0,0,0,0,0,0,0,0,82.74,0,0,0,82.74,243.15,1,24.68,8.46,9.94,434,10.3,1.17,0.17,2017-08-04,0.116,"August",2017-07-30,2017-08-01,2017-07-28,42.9232,-84.19924,3,NA,"Open","Present",0.305469537508335,9.930299997803,0.0307613604398576,7.00236034618411,7.90715971675846,0,14.7128245476003,0.0491738788355625,0.422895357985838,62.1557828481511,7.74980330448466,58,21,1,0,"Southern Michigan/Northern Indiana Drift Plains",2.85,NA,2.85,NA,2.85,NA,24.19594355,117.6212366,"3","Open"
"50","August","MAR",20170802,8,2,"2017",214,0.0081,0.06,0,0.033,0.145,4.394,18128.62671,11.911386,45.70168304,0,0,0,0,0,0,0,0.09739,0,0,0,0.10254,0,0,0,0.19993,0.39,1,0.2655,1,0,0,0,0,0,0,0,213.195,0,0,0,415.56,0,0,0,628.755,1407,1,25.08,8.34,11.39,246,5.52,0.58,0.15,2017-08-02,0.06,"August",2017-07-28,2017-07-30,2017-07-26,44.66172,-84.79524,4,19,"Open","Present",7.7256025398854,43.161499999146,0.178992911275981,18.2459791435745,11.8374917999412,1.14913927658516,41.0251770081661,5.53758454543398,7.9648019544416,0.665053045897709,13.5747732259597,372,86,49,18,"Northern Lakes and Forests",NA,NA,NA,NA,NA,NA,22.21547446,1201.859005,"4","Open"
"51","August","NEP",20170803,8,3,"2017",215,0.0149,0.07,0,0.034,0.384,11.294,36430.3833,155.47188,0,0,0,0,0,0,0,0,0.0095,0,0,0,0.02192,0,0,0,0.03142,0,0,0,0,0,0,0,0,0,0,0,99.54,0,0,0,425.55,0,0,0,525.09,187.8,1,26.7,8.16,3.21,425.5,5.66,0.301,0.02,2017-08-03,0.07,"August",2017-07-29,2017-07-31,2017-07-27,43.01302,-83.3649,1,6,"Closed","Present",1.71153867615746,12.052020969727,0.142012586972476,14.7161253745849,20.1182473475338,0.0404956669636349,20.1182473475338,0.0728922005345428,1.19057260873087,28.5251478091844,15.218271644934,184,47,10,1,"Southern Michigan/Northern Indiana Drift Plains",1.86666666666667,22.2,1.86666666666667,22.2,1.86666666666667,22.2,24.30558468,114.2807796,"1","Closed"
"52","August","ORE",20170802,8,2,"2017",214,0.0099,0.507,0.0361,0.022,0.744,33.818,176158.3203,174.47316,143.5538788,0,0,0,0,0.00599,0,0,0,0,0,0,0.00474,0,0,0,0.01073,0.166,1,0,0,0,0,NA,NA,NA,NA,NA,NA,NA,NA,NA,NA,NA,NA,NA,NA,NA,NA,25.73,8.43,9.17,629,15.7,0.65,0.03,2017-08-02,0.5431,"August",2017-07-28,2017-07-30,2017-07-26,42.47948,-83.80124,3,25,"Open","Present",0.90322628446161,10.267400001709,0.0879703025411759,7.44721323949021,69.9258132014457,0.36142286475176,6.57218946167016,0.0570667681186989,0.15217804831653,2.78676050979646,12.6973559064105,408,221,74,18,"Southern Michigan/Northern Indiana Drift Plains",0,16.1,0,16.1,0,16.1,24.71978943,39.93413978,"3","Open"
"53","August","PAR",20170811,8,11,"2017",223,0.0069,0.093,0.1252,0.037,0.596,16.108,515687.4219,3.3418284,273.7331848,0,0,0,0,0,0,0,0.08527,0,0,0,0.104828,0,0,0,0.190098,0.3745,1,NA,NA,NA,NA,0,0,0,0,0,8146.5,0,0,0,13977,0,0,0,22123.5,15750,-1,22.4,9.07,9.03,232.8,1.91,0.735,0.083,2017-08-11,0.2182,"August",2017-08-06,2017-08-08,2017-08-04,45.69658,-84.74617,3,6,"Open","Present",7.68896661863025,77.59889999707,0.0990860259477978,9.88210425657737,6.55661386313021,0.169860462775394,21.1482567283617,1.14498534167118,6.44589000591366,10.8056418838154,43.8466474577551,351,130,35,1,"Northern Lakes and Forests",1.95,17.225,1.36111111111111,16.5833333333333,4.42083333333333,16.6,NA,NA,"3","Open"
"54","August","PLA",20170803,8,3,"2017",215,0.0069,0.063,0,0.024,0.141,5.875,187088.9844,89.88558,94.51795959,0,0,0,0,0,0,0,0.02329,0,0,0,0.03949,0,0,0,0.06278,0,0,0,0,0,0,0,0,0,0,0,240.72,0,0,0,420.75,0,0,0,661.47,1018.8,1,23.57,8.9,10.77,215,1.78,0.33,0.03,2017-08-03,0.063,"August",2017-07-29,2017-07-31,2017-07-27,44.69286,-86.07597,3,27,"Open","Present",10.0818401361383,468.898485661072,0.0215011147283286,7.54683990649712,6.71734528416175,0.262690643259029,54.9013036699673,2.19248854631328,12.6643117484331,9.7060237753766,6.0089964259918,2281,818,143,21,"North Central Hardwood Forests",2.37272727272727,20.95,2.37272727272727,20.95,2.37272727272727,20.95,22.59599866,465.165457,"3","Open"
"55","August","PON",20170802,8,2,"2017",214,0.0058,0.059,0,0.039,0.615,15.769,431863.5156,60.23424,364.1808472,0,0,0,0,0.12634,0.02958,0,0.11614,0,0,0,0.12104,0,0,0,0.3931,0.5465,1,0.3875,1,0,0,NA,NA,NA,NA,NA,NA,NA,NA,NA,NA,NA,NA,NA,NA,NA,NA,27.7,8.29,113.2,314,7,1.01,0.08,2017-08-02,0.059,"August",2017-07-28,2017-07-30,2017-07-26,42.66647,-83.44554,3,9,"Open","Present",2.31460822981577,54.511600008301,0.0424608382337577,7.06229860365199,20.1772287862513,0.393841747225206,36.6004296455424,0.302542069459363,4.49874686716792,10.0751879699248,20.8897243107769,854,190,46,20,"Southern Michigan/Northern Indiana Drift Plains",1.22,18.3,1.22,18.3,1.22,18.3,24.54322581,21.86021505,"3","Open"
"56","August","POS",20170803,8,3,"2017",215,0.0063,0.118,0.0348,0.037,0.504,13.622,416748.7109,0,0,0,0,0,0,0,0,0,0,0,0,0,0,0,0,0,0,0,0,0,0,0,0,0,0,0,0,0,0,0,0,0,60.12,0,0,0,60.12,119.55,1,27.63,8.57,113.8,351,16.3,1.98,0.07,2017-08-03,0.1528,"August",2017-07-29,2017-07-31,2017-07-27,41.89637,-84.30748,3,14,"Open","Absent",0.524415419024873,20.727500001343,0.0253004664812879,3.23840903742057,5.57778300776653,0.0235349493998588,16.2767710049423,0.367145210637797,0.527182866556837,60.0564838785597,13.9326900447164,79,33,2,0,"Eastern Corn Belt Plains",NA,NA,NA,NA,NA,NA,25.40532781,23.22715054,"3","Open"
"57","August","ROU",20170803,8,3,"2017",215,0.0052,0,0.052,0.028,0.738,26.357,125376.2402,0,0,0,0,0,0,0,0,0,0,0,0,0,0,0,0,0,0,0,0,0,0,0,0,0,0,0,0,0,0,0,0,0,0,0,0,0,0,0,0,27.33,8.31,8.9,358,15.4,0.84,0.15,2017-08-03,0.052,"August",2017-07-29,2017-07-31,2017-07-27,42.06897,-84.13289,4,NA,"Open","Present",0.252108217560799,1.697487833374,0.148518423875651,9.164265129683,9.164265129683,1.67146974063401,50.5475504322767,0,0.288184438040346,0.864553314121038,28.299711815562,11,3,1,0,"Southern Michigan/Northern Indiana Drift Plains",NA,NA,NA,NA,NA,NA,NA,NA,"4","Open"
"58","August","SAN",20170802,8,2,"2017",214,NA,0,0.143,0.064,0.618,9.656,931669.6094,135.91728,597.8717041,0,0,0,0,0.07197,0.09693,0,0.47418,0.02261,0.02142,0,0.06283,0,0,0,0.74994,0.6335,1,0.6265,1,0,0,0,34.755,0,0,0,332.085,0,0,0,109.365,0,0,0,476.205,782.25,1,25.92,8.56,11.01,324,13.5,2.6,0.18,2017-08-02,0.143,"August",2017-07-28,2017-07-30,2017-07-26,43.6978,-84.38123,3,6,"Open","Absent",4.97245517174063,87.861048395752,0.0565945349222699,6.79477462214098,8.3463373311338,0.293147264701948,31.2809309376254,2.62494984172277,4.04275714476793,15.1243925275313,31.4927103303759,491,212,35,7,"Huron/Erie Lake Plains",1.725,16.15,1.725,16.15,1.725,16.15,24.46938978,385.5491935,"3","Open"
"59","August","SIL",20170803,8,3,"2017",215,0.0019,0,0.0108,0.026,0.241,9.269,115642.9492,7.772604,197.2713165,0,0,0,0,0,0,0,0.13522,0,0,0,0.27714,0,0,0,0.41236,0.5775,1,0,0,0,0,0,0,0,0,0,36.225,0,0,0,99.375,0,0,0,135.6,185.25,1,24.29,8.66,10.22,235,1.62,0.43,0.05,2017-08-03,0.0108,"August",2017-07-29,2017-07-31,2017-07-27,44.68697,-85.67697,1,27,"Closed","Present",2.31015775992183,22.271241593506,0.103728287900906,11.904970632068,27.8600859121592,0.999386341719996,10.5110896817743,0.626808100289296,8.7095643026212,36.9159288156395,2.47216621372841,332,200,73,16,"North Central Hardwood Forests",25.9,NA,25.9,NA,25.9,NA,23.40395833,569.4061828,"1","Closed"
"60","August","STC",20170802,8,2,"2017",214,0.0071,0,0.056,0.052,0.104,2,2200230.938,7.290756,0.436787814,0,0,0,0,0,0,0,0,0,0,0,0,0,0,0,0,0,0,0,0,0,0,0,0,0,0,0,1173,0,0,0,672.75,0,0,0,1845.75,15750,-1,26.1,9.5,10.49,207.8,1.75,1.709,0.677,2017-08-02,0.056,"August",2017-07-28,2017-07-30,2017-07-26,42.565421,-82.783125,NA,NA,NA,"Present",NA,NA,NA,NA,NA,NA,NA,NA,NA,NA,NA,NA,NA,NA,NA,NA,NA,NA,NA,NA,NA,NA,24.10212097,707.3837366,NA,NA
"61","August","STO",20170802,8,2,"2017",214,0.0092,0,0,0.022,0.103,4.682,473824.1406,269.91222,0,0,0,0,0,0,0,0,0.01236,0,0,0,0.01191,0,0,0,0.02427,0,0,0.261,1,0,0,0,0,0,0,0,0,0,0,0,48.24,0,0,0,48.24,167.7,1,26.8,8.8,10.46,502,2,0.751,0.084,2017-08-02,0,"August",2017-07-28,2017-07-30,2017-07-26,42.718047,-83.085909,3,7,"Open","Absent",1.91859244269785,176.101799995605,0.0108947917780837,5.46529540190396,18.4317267518535,1.69450201145922,34.2917779526337,0.211120100185076,2.49077388538561,21.4311837132756,15.9836201833032,2477,595,179,47,"Southern Michigan/Northern Indiana Drift Plains",0,NA,0,NA,0,NA,22.38527285,1412.551478,"3","Open"
"62","August","SUG",20170809,8,9,"2017",221,0.0084,0.096,0.1248,0,0,0,20265.8667,5.181321,10.76796722,0,0,0,0,0,0,0,0.170624,0.002304,0,0,0.162397,0,0,0,0.335325,0,0,NA,NA,NA,NA,NA,NA,NA,NA,NA,NA,NA,NA,NA,NA,NA,NA,NA,NA,NA,NA,25.97,8.41,10.25,618,31.5,0.16,0.01,2017-08-09,0.2208,"August",2017-08-04,2017-08-06,2017-08-02,42.61488,-83.49445,1,13,"Closed","Absent",0.271585937026954,0.919129894165,0.295481562237382,27.4364406779661,31.1440677966102,0.635593220338983,22.8813559322034,0.741525423728814,0,5.61440677966102,11.5466101694915,19,8,1,NA,"Southern Michigan/Northern Indiana Drift Plains",NA,NA,NA,NA,NA,NA,NA,NA,"1","Closed"
"63","August","SUP",20170811,8,11,"2017",223,0.0071,0.123,0.1432,0.026,0.453,17.423,529407.6172,0,198.203598,0,0,0,0,0,0,0,0,0,0,0,0,0,0,0,0,0,0,NA,NA,NA,NA,0,0,0,0,0,0,0,0,0,0,0,0,0,0,60.45,1,20.9,7.71,6.29,99.1,1.93,0.655,0.058,2017-08-11,0.2662,"August",2017-08-06,2017-08-08,2017-08-04,46.421102,-84.598673,NA,NA,NA,"Absent",NA,NA,NA,NA,NA,NA,NA,NA,NA,NA,NA,NA,NA,NA,NA,NA,NA,NA,NA,NA,NA,NA,NA,NA,NA,NA
"64","August","WIX",20170803,8,3,"2017",215,0.0088,0,0.1088,0.021,0.705,33.571,73189.96582,160.62072,21708.1543,0,0,0,0.03553,0.44939,0.62093,0,3.56973,0.10248,0.11262,0.02626,0.07992,0,0,0,4.99686,5.25,-1,0,0,0,0,0,2485.5,0,0,0,7968,0,0,0,657,0,0,0,11110.5,581.4,1,24.24,8.69,8.57,185,1.35,0.59,0.08,2017-08-03,0.1088,"August",2017-07-29,2017-07-31,2017-07-27,43.87968,-84.31687,3,12,"Open","Present",2.0664203391819,1174.45150001001,0.00175947694661234,1.95472900480102,6.18214939578006,0.0860974979369012,37.7128648443804,5.04509730430064,6.91032147775219,13.7239910345578,28.3847494404909,5147,1938,207,24,"Northern Lakes and Forests",7.5,17.8833333333333,7.5,17.8833333333333,7.5,17.8833333333333,24.18427957,516.0180108,"3","Open"
"65","August","WTL",20170802,8,2,"2017",214,0.0052,0,0.2719,0.042,0.568,13.524,3040180.938,36.210654,4.701702595,0,0,0,0,0,0,0,0.01231,0,0,0,0.01178,0,0,0,0.02409,0,0,2.465,1,0,0,0,0,0,0,0,59.805,0,0,0,291.93,0,0,0,351.735,15750,-1,27.23,8.4,12.35,317,29.6,3.65,0.78,2017-08-02,0.2719,"August",2017-07-28,2017-07-30,2017-07-26,44.87898,-84.32854,4,8,"Open","Present",5.27847972534345,29.063475356567,0.181619013575772,31.2714199314562,15.1233116054029,0.0537598279685505,40.5046703850548,1.9924736240844,8.22525367918823,0.799677441032189,2.02943350581278,253,141,32,13,"Northern Lakes and Forests",0,16.7,0,16.7,0,16.7,22.10761962,966.5875,"4","Open"
"66","September","BEA",20170906,9,6,"2017",249,0.0023,0,0,0.022,0.273,12.40909091,37101.38916,11.21342358,71.92099762,0,0,0,0,0,0,0,0.00532,0,0,0,0.00731,0,0,0,0.01263,0,0,NA,NA,0,0,0,0,0,0,0,25.545,0,0,0,122.58,0,0,0,148.125,152.55,1,19.98,8.71,13.49,182,0.65,0.15,0.01,2017-09-06,0,"September",2017-09-01,2017-09-03,2017-08-30,44.73095,-84.94995,1,16,"Closed","Present",1.29089536176236,3.014285396667,0.428259169881441,43.5332252836305,8.29821717990276,0,40.6482982171799,2.17179902755267,3.53322528363047,0,1.81523500810373,24,2,0,NA,"Northern Lakes and Forests",9.2125,12.5125,6.14166666666667,9.31666666666667,6.14166666666667,9.31666666666667,21.02875556,260.1901389,"1","Closed"
"67","September","BEL",20170908,9,8,"2017",251,0.0158,0,0.1194,0.032,0.771,24.09375,6765631.25,64.69297852,33999.625,0,0,0,0,0.12704,0.03624,0,0.07941,0.00565,0,0.00424,0,0,0,0,0.252568,0.3925,1,NA,NA,0,0,NA,NA,NA,NA,NA,NA,NA,NA,NA,NA,NA,NA,NA,NA,NA,NA,21.26,8.17,7.85,653,16.4,0.52,0.15,2017-09-08,0.1194,"September",2017-09-03,2017-09-05,2017-09-01,42.21442,-83.50166,3,9,"Open","Absent",1.8058932980475,46.397636409058,0.0389220968526523,10.7933036089846,70.995625473206,0.0757129637419029,7.98982081265248,0.0420627576343905,0.811811222343737,4.16421300580466,5.1274501556322,1248,863,658,560,"Huron/Erie Lake Plains",0.942857142857143,NA,2.14444444444444,NA,1.48461538461538,NA,22.71131944,3.530555556,"3","Open"
"68","September","BOG",20170907,9,7,"2017",250,0.0072,0,0.0488,0.032,0.712,22.25,363380.7422,58.55689453,358.1184387,0,0,0,0,0,0,0,0.00842,0,0,0,0.14988,0,0,0,0.158292,0.221,1,NA,NA,0,0,0,0,0,0,0,124.665,0,0,0,199.26,0,0,0,323.925,630.675,1,20.1,8.31,7.41,645,19.2,0.11,0.02,2017-09-07,0.0488,"September",2017-09-02,2017-09-04,2017-08-31,42.61582,-83.50474,1,12,"Closed","Present",0.300444340688008,2.299314681763,0.130666908305757,12.6061120543294,44.2275042444822,1.69779286926995,29.2020373514431,0.0424448217317487,1.40067911714771,0,10.8234295415959,63,30,6,1,"Southern Michigan/Northern Indiana Drift Plains",NA,NA,NA,NA,NA,NA,22.11813812,23.55555556,"1","Closed"
"69","September","BRI",20170907,9,7,"2017",250,0.0527,0,0.0435,0.062,2.211,35.66129032,1553492.188,97.9520332,42.50983047,0,0,0,0,0.30623,0,0,0.07261,0.26338,0,0.00475,0,0,0,0,0.646961,3.303,1,NA,NA,0,0,0,136.56,0,0,0,111.225,1379.115,0,0,34.995,0,0,0,282.78,2362.5,-1,19.74,8.73,9.01,664,83.8,1.41,3.17,2017-09-07,0.0435,"September",2017-09-02,2017-09-04,2017-08-31,42.52092,-83.79456,3,7,"Open","Present",0.638164380391381,45.296999996582,0.0140884469267178,5.48387791586792,51.8189846425571,0.336011372692614,19.3271156869925,0.056001895448769,1.08557520408383,8.33351282658798,13.5589204557693,1438,616,228,149,"Southern Michigan/Northern Indiana Drift Plains",1.4,10.55,1.06666666666667,12.2166666666667,0.914285714285714,11.8142857142857,22.60213272,83.80277778,"3","Open"
"70","September","CAD",20170908,9,8,"2017",251,0.0215,0,0,0.066,0.423,6.409090909,622630.1172,48.3806543,11191.44531,0,0,0,0.0454,1.32379,0.17907,0.02986,0.34809,0.0055,0.01702,0.02949,0.06722,0,0,0,2.045432,2.501,1,NA,NA,0,0,0,431.76,0,133.08,0,221.22,0,0,0,75.945,0,0,0,862.005,2362.5,-1,16.81,8.24,8.38,133,13.8,1.43,0.8,2017-09-08,0,"September",2017-09-03,2017-09-05,2017-09-01,44.24239,-85.40419,3,8,"Open","Present",4.55048601228075,161.496492746582,0.0281769958894482,13.8266255241349,13.8266255241349,0.126150139451902,34.9343235166699,3.27206380463686,5.84923276845758,10.855326458243,17.3096522642709,1149,456,223,86,"Northern Lakes and Forests",4.15,8.0625,3.46111111111111,10.65,2.59583333333333,9.58125,20.7800625,1179.968194,"3","Open"
"71","September","COL",20170908,9,8,"2017",251,0.0123,0,0.0428,0.036,0.471,13.08333333,761640,37.6302334,16.99584198,0,0,0,0,0,0,0,0.01067,0,0,0,0.00532,0,0,0,0.015985,0,0,NA,NA,0,0,0,0,0,0,0,129.21,0,0,0,264.735,0,0,0,393.945,421.2,1,18.64,8.61,8.03,346,5.32,1.32,0.2,2017-09-08,0.0428,"September",2017-09-03,2017-09-05,2017-09-01,43.66486,-84.95386,3,28,"Open","Present",1.15051423974358,145.687999999878,0.00789711053583373,2.21494181255402,7.48028594590611,0.0803971619801821,35.8142557567718,1.87392385048808,6.81901928861911,30.008240709103,15.7089354745777,885,193,20,6,"Northern Lakes and Forests",3.21666666666667,9.975,2.36111111111111,11.9333333333333,1.77083333333333,10.9,21.77116667,1281.075556,"3","Open"
"72","September","DEE",20170907,9,7,"2017",250,0.0125,0,0.0278,0.035,0.298,8.514285714,NA,NA,NA,0,0,0,0,0,0,0,0.06941,0,0,0,0.10666,0,0,0,0.176072,0.3175,1,NA,NA,0,0,0,0,0,0,0,128.145,0,0,0,95.31,0,0,0,223.455,1073.25,1,18.56,8.74,9.4,202,1.95,0.52,0.08,2017-09-07,0.0278,"September",2017-09-02,2017-09-04,2017-08-31,45.16184,-84.98026,1,7,"Closed","Present",1.84730167555512,8.953421035583,0.206323557019547,22.312969617772,11.9677665251007,0.250462811717304,36.8724817597735,0.566263748230426,4.35587498638789,12.7300446477186,10.9441359032996,81,24,2,0,"North Central Hardwood Forests",9.6,16.65,6.4,18.5166666666667,5.48571428571429,18.8857142857143,21.49437778,1590.926944,"1","Closed"
"73","September","ERI",20170907,9,7,"2017",250,0.07,0.123,0,0.063,0.331,5.253968254,18279.07349,0.493884384,0,0,0,0,0,0,0,0,0.08167,0,0,0,0.10984,0,0.04255,0,0.234069,0.1735,1,NA,NA,0,0,0,0,8.085,0,0,37.89,0,0,0,82.305,0,0,0,128.28,228.9,1,18.8,9.17,9,381,1.96,5.25,1.4,2017-09-07,0.123,"September",2017-09-02,2017-09-04,2017-08-31,42.0724,-83.191579,NA,NA,NA,"Present",NA,NA,NA,NA,NA,NA,NA,NA,NA,NA,NA,NA,NA,NA,NA,NA,NA,NA,NA,NA,NA,NA,21.09690417,2492.440694,NA,NA
"74","September","FOR",20170908,9,8,"2017",251,0.0279,0.416,0.1661,0.028,0.449,16.03571429,2504982.031,39.28015723,4438.277832,0,0,0,0.01485,1.13622,0.40686,0,0.69523,0.01593,0.01887,0.03519,0.32611,0,0,0,2.649263,4.745,1,NA,NA,0,0,0,80.37,0,38.34,0,128.355,0,0,0,71.13,0,0,0,318.195,732.15,1,22.02,8.41,9.08,658,21.7,0.41,0.24,2017-09-08,0.5821,"September",2017-09-03,2017-09-05,2017-09-01,42.20675,-83.97195,3,9,"Open","Present",3.85036687650628,50.737437928101,0.0758880825232555,10.0415672388577,49.5785543838042,0.186667693018243,14.6293587868524,0.115464552382419,0.946809329535833,20.4372257716881,4.06435224386113,776,770,656,354,"Huron/Erie Lake Plains",4.41666666666667,12.8375,3.47777777777778,14.6166666666667,2.60833333333333,14.225,22.59492593,30.78611111,"3","Open"
"75","September","FOR",20170908,9,8,"2017",251,0.0279,0.416,0.1661,0.028,0.449,16.03571429,2504982.031,39.28015723,4438.277832,0,0,0,0.01485,1.13622,0.40686,0,0.69523,0.01593,0.01887,0.03519,0.32611,0,0,0,2.649263,4.745,1,NA,NA,0,0,0,80.37,0,38.34,0,128.355,0,0,0,71.13,0,0,0,318.195,732.15,1,22.02,8.41,9.08,658,21.7,0.41,0.24,2017-09-08,0.5821,"September",2017-09-03,2017-09-05,2017-09-01,42.20675,-83.97195,3,9,"Open","Present",3.85036687650628,50.737437928101,0.0758880825232555,10.0415672388577,49.5785543838042,0.186667693018243,14.6293587868524,0.115464552382419,0.946809329535833,20.4372257716881,4.06435224386113,776,770,656,354,"Huron/Erie Lake Plains",4.41666666666667,12.8375,3.47777777777778,14.6166666666667,2.60833333333333,14.225,22.59492593,30.78611111,"3","Open"
"76","September","HOU",20170906,9,6,"2017",249,0.0165,0.157,0.0454,0.063,0.612,9.714285714,139190.5762,16.87913086,22818.31055,0,0,0,0,0,0,0,0.01234,0,0,0,0.09877,0,0,0,0.111103,0.1695,1,NA,NA,0,0,0,0,0,0,0,0,0,0,0,88.335,0,0,0,88.335,164.025,1,17.98,8.82,13.17,231,5.98,1.68,0.38,2017-09-06,0.2024,"September",2017-09-01,2017-09-03,2017-08-30,44.37367,-84.80032,3,6,"Open","Absent",66.9879522185823,576.154400002319,0.116267362044467,22.755231511205,9.27721885021099,0.136198008866423,35.346940711516,4.10677652854314,4.70543792572465,0.589513769720337,23.0826826942134,3662,1360,340,135,"Northern Lakes and Forests",8.2,12.625,5.46666666666667,11.0166666666667,5.46666666666667,11.0166666666667,20.48693472,1833.294722,"3","Open"
"77","September","HUD",20170908,9,8,"2017",251,0.0224,0,0.188,0.049,0.891,18.18367347,1079391.25,8.102250732,8499.390625,0,0,0,0,0.04032,0,0,0.02619,0.08957,0,0,0.00961,0,0,0,0.165686,0.9315,1,NA,NA,0,0,0,102.75,0,0,0,156.855,85.785,0,0,64.26,0,0,0,323.865,2362.5,-1,19.72,8.16,7.36,279,34.4,0.89,1.39,2017-09-08,0.188,"September",2017-09-03,2017-09-05,2017-09-01,41.83611,-84.24632,3,8,"Open","Present",2.07744103703331,27.774400000488,0.0747969726437585,6.62242354015239,4.29439235928228,0.495101653850205,17.7148074019453,1.61873661294287,0.832192141578005,56.8348607746058,11.5874855156431,88,26,2,1,"Eastern Corn Belt Plains",0.45,NA,2.08333333333333,NA,1.625,NA,22.70637886,114.8347222,"3","Open"
"78","September","INT",20170907,9,7,"2017",250,0.0067,0.009,0.0171,0.032,0.207,6.46875,171466.7188,0.814172699,3775.571045,0,0,0,0,0,0,0,0.01838,0,0,0,0.03393,0,0,0,0.052307,0,0,NA,NA,0,0,0,0,0,94.695,0,1837.8,133.29,53.385,0,13868.25,100.905,0,17.985,15973.02,2362.5,-1,19.64,8.67,10.15,258,3.24,0.67,0.08,2017-09-07,0.0261,"September",2017-09-02,2017-09-04,2017-08-31,45.02323,-85.2361,3,6,"Open","Absent",5.98479706973595,67.040182634216,0.0892717894637928,9.84799953409819,7.68883582784928,0.112107623318386,51.9815386407315,0.930347679226603,5.78300623143673,18.1890978976181,5.46706656572128,363,131,25,4,"North Central Hardwood Forests",8.96,15.7666666666667,6.4,15.7666666666667,5.27058823529412,16.825,21.52405139,2218.272083,"3","Open"
"79","September","LGL",20170908,9,8,"2017",251,0,0,0.0123,0.044,0.423,9.613636364,88146.62109,0.480578476,50254.47656,0,0,0,0,0,0,0,0.1247,0,0,0,0.11188,0,0,0,0.236583,0.473,1,NA,NA,0,0,0,0,0,0,0,212.625,13.08,0,0,339.69,0,0,0,552.315,744.3,1,20.12,8.73,8.44,299,15.4,1.12,0.54,2017-09-08,0.0123,"September",2017-09-03,2017-09-05,2017-09-01,44.86364,-85.99722,3,38,"Open","Present",19.6513155253704,108.089690589294,0.181805641391269,24.0403201040519,4.84401250067742,2.68349079610528,52.807233050924,0.903228137362935,8.90131329371173,3.38529905883628,2.43510305833047,395,123,19,3,"North Central Hardwood Forests",NA,NA,NA,NA,NA,NA,21.02817917,2233.2225,"3","Open"
"80","September","LIM",20170907,9,7,"2017",250,0.0112,0.728,0.0259,0.059,0.912,15.45762712,523291.3281,51.56694141,0,0,0,0,0,0,0,0,0,0,0,0,0,0,0,0,0,0,0,NA,NA,0,0,0,0,0,0,0,0,0,0,0,13.545,0,0,0,13.545,693,1,17.34,8.49,9.98,167,1.93,0.21,0.03,2017-09-07,0.7539,"September",2017-09-02,2017-09-04,2017-08-31,41.78902,-84.37453,3,21,"Open","Present",0.28970139145348,1.477200000366,0.19611521214575,11.4417989417989,10.1190476190476,0,5.29100529100529,0.198412698412698,0.793650793650794,63.7566137566138,8.3994708994709,9,5,NA,NA,"Eastern Corn Belt Plains",0,8.7,0,8.7,0,8.7,22.6015625,63.79861111,"3","Open"
"81","September","LRO",20170908,9,8,"2017",251,0.008,0,0.095,0.051,0.939,18.41176471,110043.8574,22.8022793,22.08337646,0,0,0,0,0,0,0,0,0,0,0,0.01838,0,0,0,0.018375,0,0,NA,NA,0,0,0,0,0,0,0,31.35,0,0,0,192.585,0,0,0,223.935,398.1,1,20.2,8.65,8.29,324,33.1,0.67,0.04,2017-09-08,0.095,"September",2017-09-03,2017-09-05,2017-09-01,41.90823,-84.35094,1,NA,"Closed","Present",0.11903201687361,1.420892209167,0.0837727282236228,8.44200411805079,7.34385724090597,0.480439258750858,12.079615648593,0,0,60.398078242965,11.2560054907344,7,3,NA,NA,"Eastern Corn Belt Plains",1.225,NA,0.98,NA,0.7,NA,22.71406713,105.5847222,"1","Closed"
"82","September","MAN",20170908,9,8,"2017",251,0.0044,0,0.0271,0.056,0.455,8.125,1169809.375,19.23865137,350.6672344,0,0,0,0,0,0,0,0.08722,0,0,0,0.85164,0,0,0,0.93886,2.6415,1,NA,NA,0,0,0,0,8.295,0,0,38.85,0,0,0,244.05,0,0,0,291.195,387.225,1,19.1,8.35,8.98,368,16.9,0.9,0.82,2017-09-08,0.0271,"September",2017-09-03,2017-09-05,2017-09-01,42.9232,-84.19924,3,NA,"Open","Present",0.305469537508335,9.930299997803,0.0307613604398576,7.00236034618411,7.90715971675846,0,14.7128245476003,0.0491738788355625,0.422895357985838,62.1557828481511,7.74980330448466,58,21,1,0,"Southern Michigan/Northern Indiana Drift Plains",3,NA,2.21666666666667,NA,1.6625,NA,21.48901806,74.82388889,"3","Open"
"83","September","MAR",20170906,9,6,"2017",249,0.0138,0,0.0245,0.044,0.317,7.204545455,NA,NA,NA,0,0,0,0,0,0,0,0.0424,0,0,0,0.06849,0,0,0,0.110889,0,0,NA,NA,0,0,0,0,0,0,0,166.53,0,0,0,226.125,0,0,0,392.655,1005.075,1,18.61,8.6,12.65,259,2.89,0.42,0,2017-09-06,0.0245,"September",2017-09-01,2017-09-03,2017-08-30,44.66172,-84.79524,4,19,"Open","Present",7.7256025398854,43.161499999146,0.178992911275981,18.2459791435745,11.8374917999412,1.14913927658516,41.0251770081661,5.53758454543398,7.9648019544416,0.665053045897709,13.5747732259597,372,86,49,18,"Northern Lakes and Forests",NA,NA,NA,NA,NA,NA,20.68768333,1213.3075,"4","Open"
"84","September","NEP",20170908,9,8,"2017",251,0.0111,0,0.0254,0.028,0.293,10.46428571,103913.8965,12.17771704,467173.9375,0,0,0,0,0.00305,0.01348,0,0.08527,0,0,0,0.14878,0,0,0,0.250579,0.357,1,NA,NA,0,0,0,0,0,0,0,14.475,0,0,0,69.495,0,0,0,83.97,51.525,1,17.85,9.15,8.41,410.7,0.96,0.401,0.042,2017-09-08,0.0254,"September",2017-09-03,2017-09-05,2017-09-01,43.01302,-83.3649,1,6,"Closed","Present",1.71153867615746,12.052020969727,0.142012586972476,14.7161253745849,20.1182473475338,0.0404956669636349,20.1182473475338,0.0728922005345428,1.19057260873087,28.5251478091844,15.218271644934,184,47,10,1,"Southern Michigan/Northern Indiana Drift Plains",2.225,10.425,1.7,12.3166666666667,1.275,11.6,21.76757778,303.4541667,"1","Closed"
"85","September","ORE",20170907,9,7,"2017",250,0.0155,0.38,0.035,0.037,0.832,22.48648649,333555.8984,37.92914063,2312.569336,0,0,0,0,0.03289,0,0,0.02289,0.03443,0,0,0.00618,0,0,0,0.096399,0.2785,1,NA,NA,0,0,0,0,0,0,0,34.545,69.465,0,0,52.575,0,0,0,87.12,352.5,1,20.28,8.37,8.1,644,9.95,0.45,0.3,2017-09-07,0.415,"September",2017-09-02,2017-09-04,2017-08-31,42.47948,-83.80124,3,25,"Open","Present",0.90322628446161,10.267400001709,0.0879703025411759,7.44721323949021,69.9258132014457,0.36142286475176,6.57218946167016,0.0570667681186989,0.15217804831653,2.78676050979646,12.6973559064105,408,221,74,18,"Southern Michigan/Northern Indiana Drift Plains",2.54444444444444,10.45,2.05833333333333,10.1166666666667,1.76428571428571,9.62857142857143,22.27879552,96.88888889,"3","Open"
"86","September","PAR",20170913,9,13,"2017",256,0.0067,0,0,0.044,0.522,11.86363636,116271.0449,4.774230469,2278.288574,0,0,0,0,0,0,0,0.08893,0,0.00434,0,0.26336,0,0,0,0.356626,0,0,NA,NA,0,0,0,0,0,0,0,540.18,0,0,0,787.89,0,0,0,1328.07,2362.5,-1,NA,NA,NA,NA,NA,NA,NA,2017-09-13,0,"September",2017-09-08,2017-09-10,2017-09-06,45.69658,-84.74617,3,6,"Open","Present",7.68896661863025,77.59889999707,0.0990860259477978,9.88210425657737,6.55661386313021,0.169860462775394,21.1482567283617,1.14498534167118,6.44589000591366,10.8056418838154,43.8466474577551,351,130,35,1,"Northern Lakes and Forests",0,10.975,0.0588235294117647,10.1833333333333,0.456521739130435,10.55,19.68598611,1561.655833,"3","Open"
"87","September","PLA",20170907,9,7,"2017",250,0.0102,0,0,0.035,0.209,5.971428571,33585.37109,1.116974579,779.4345703,0,0,0,0,0,0,0,0.0197,0,0,0,0.022,0,0,0,0.041694,0,0,NA,NA,0,0,0,0,0,0,0,292.65,0,0,0,508.065,0,0,0,800.715,1674.45,1,17.86,8.7,10.74,207,2.66,0.27,0.01,2017-09-07,0,"September",2017-09-02,2017-09-04,2017-08-31,44.69286,-86.07597,3,27,"Open","Present",10.0818401361383,468.898485661072,0.0215011147283286,7.54683990649712,6.71734528416175,0.262690643259029,54.9013036699673,2.19248854631328,12.6643117484331,9.7060237753766,6.0089964259918,2281,818,143,21,"North Central Hardwood Forests",6.15333333333333,14.125,4.78636363636364,13.9625,4.05,13.6777777777778,20.56912083,469.7569444,"3","Open"
"88","September","PON",20170907,9,7,"2017",250,0.0158,0,0.0134,0.055,0.722,13.12727273,446176.5234,4.917734253,616.4282837,0,0,0,0,0.35391,0.05671,0.00437,0.25587,0,0.00641,0.00459,0.10674,0,0,0,0.788601,1.2825,1,NA,NA,0,0,0,70.2,0,0,0,121.74,0,0,0,91.875,0,0,0,283.815,836.55,1,20.23,8.34,8.1,341,12.7,0.6,0.14,2017-09-07,0.0134,"September",2017-09-02,2017-09-04,2017-08-31,42.66647,-83.44554,3,9,"Open","Present",2.31460822981577,54.511600008301,0.0424608382337577,7.06229860365199,20.1772287862513,0.393841747225206,36.6004296455424,0.302542069459363,4.49874686716792,10.0751879699248,20.8897243107769,854,190,46,20,"Southern Michigan/Northern Indiana Drift Plains",0.773684210526316,8.875,0.833333333333333,10.5333333333333,0.725806451612903,10.3714285714286,21.99686188,60.79444444,"3","Open"
"89","September","POS",20170908,9,8,"2017",251,0.0037,0.089,0.0909,0.069,0.581,8.420289855,206367.5195,9.218993408,11148.02734,0,0,0,0,0,0.00349,0,0.00969,0,0,0,0.00794,0,0,0,0.02112,0,0,NA,NA,0,0,0,0,0,0,0,0,0,0,0,61.335,0,0,0,61.335,87.15,1,20.34,8.01,6.85,325,5.14,0.57,0.04,2017-09-08,0.1799,"September",2017-09-03,2017-09-05,2017-09-01,41.89637,-84.30748,3,14,"Open","Absent",0.524415419024873,20.727500001343,0.0253004664812879,3.23840903742057,5.57778300776653,0.0235349493998588,16.2767710049423,0.367145210637797,0.527182866556837,60.0564838785597,13.9326900447164,79,33,2,0,"Eastern Corn Belt Plains",NA,NA,NA,NA,NA,NA,22.65197068,33.73611111,"3","Open"
"90","September","ROU",20170908,9,8,"2017",251,0.0018,0,0.0617,0.131,1.221,9.320610687,161404.834,15.26066309,18912.2168,0,0,0.00275,0,0,0,0,0,0,0,0,0,0,0,0,0.002749,0,0,NA,NA,0,0,0,0,0,0,0,0,0,0,0,49.59,0,0,0,49.59,27.75,1,19.98,7.98,7.88,366,23.5,0.43,0.06,2017-09-08,0.0617,"September",2017-09-03,2017-09-05,2017-09-01,42.06897,-84.13289,4,NA,"Open","Present",0.252108217560799,1.697487833374,0.148518423875651,9.164265129683,9.164265129683,1.67146974063401,50.5475504322767,0,0.288184438040346,0.864553314121038,28.299711815562,11,3,1,0,"Southern Michigan/Northern Indiana Drift Plains",2.1,13.05,1.32,13.875,0.942857142857143,12.2,NA,NA,"4","Open"
"91","September","SAN",20170906,9,6,"2017",249,0.0137,0,0.0627,0.055,0.571,10.38181818,426550,0.858239777,3747.94043,0,0,0,0,0.07157,0.04974,0,0.56148,0.0064,0.01291,0,0.06179,0,0,0,0.763877,0.863,1,NA,NA,0,0,0,27.345,0,130.92,0,565.635,0,0,0,84.075,0,0,0,807.975,672.075,1,20.09,7.89,10.1,389,12.6,3.12,0.19,2017-09-06,0.0627,"September",2017-09-01,2017-09-03,2017-08-30,43.6978,-84.38123,3,6,"Open","Absent",4.97245517174063,87.861048395752,0.0565945349222699,6.79477462214098,8.3463373311338,0.293147264701948,31.2809309376254,2.62494984172277,4.04275714476793,15.1243925275313,31.4927103303759,491,212,35,7,"Huron/Erie Lake Plains",2.7875,12.1,1.85833333333333,9.91666666666667,1.85833333333333,9.91666666666667,22.09615972,166.3026389,"3","Open"
"92","September","SIL",20170907,9,7,"2017",250,0,0,0,0.031,0.333,10.74193548,64754.60938,0.992757202,5952.776367,0,0,0,0,0,0,0,0.10164,0,0,0,0.16865,0,0,0,0.270294,0.5535,1,NA,NA,0,0,0,0,0,0,0,64.17,0,0,0,92.595,0,0,0,156.765,144.9,1,18.92,8.42,9.74,216,1.06,0.37,0.08,2017-09-07,0,"September",2017-09-02,2017-09-04,2017-08-31,44.68697,-85.67697,1,27,"Closed","Present",2.31015775992183,22.271241593506,0.103728287900906,11.904970632068,27.8600859121592,0.999386341719996,10.5110896817743,0.626808100289296,8.7095643026212,36.9159288156395,2.47216621372841,332,200,73,16,"North Central Hardwood Forests",9.65,NA,7.03333333333333,NA,6.02857142857143,NA,21.41355417,2781.258611,"1","Closed"
"93","September","STC",20170907,9,7,"2017",250,0.0018,0,0.0095,0.052,0.171,3.288461538,25910.75928,2.309929321,333.1761169,0,0,0,0,0,0,0,0.01586,0,0,0,0.0389,0,0,0,0.054752,0,0,NA,NA,0,0,0,0,0,0,0,358.965,0,0,0,759.45,0,0,0,1118.415,2362.5,-1,19.56,9.97,11.1,216.3,1.6,0.648,0.11,2017-09-07,0.0095,"September",2017-09-02,2017-09-04,2017-08-31,42.565421,-82.783125,NA,NA,NA,"Present",NA,NA,NA,NA,NA,NA,NA,NA,NA,NA,NA,NA,NA,NA,NA,NA,NA,NA,NA,NA,NA,NA,21.50821111,406.4581944,NA,NA
"94","September","STO",20170908,9,8,"2017",251,0.0097,0,0.0249,0.021,0.129,6.142857143,252346.9141,13.4867417,3754.733643,0,0,0,0,0,0,0,0,0,0,0,0,0,0,0,0,0,0,NA,NA,0,0,0,0,0,0,0,0,0,0,0,48.15,0,0,0,48.15,76.125,1,19.72,9.33,9.77,490,0.21,0.976,0.061,2017-09-08,0.0249,"September",2017-09-03,2017-09-05,2017-09-01,42.718047,-83.085909,3,7,"Open","Absent",1.91859244269785,176.101799995605,0.0108947917780837,5.46529540190396,18.4317267518535,1.69450201145922,34.2917779526337,0.211120100185076,2.49077388538561,21.4311837132756,15.9836201833032,2477,595,179,47,"Southern Michigan/Northern Indiana Drift Plains",1.325,NA,1.2,NA,0.96,NA,20.90882778,1335.135,"3","Open"
"95","September","SUG",20170907,9,7,"2017",250,0.0129,0.289,0.0405,NA,NA,NA,1270.198746,0.145913281,39785.49219,0,0,0,0,0,0,0,0.04458,0,0,0,0.06276,0,0,0,0.107338,0.2445,1,NA,NA,0,0,0,0,0,0,0,0.115605,0,0,0,0.276945,0,0,0,0.39255,718.875,1,20.72,8.36,7.96,589,3.37,0.09,0.02,2017-09-07,0.3295,"September",2017-09-02,2017-09-04,2017-08-31,42.61488,-83.49445,1,13,"Closed","Absent",0.271585937026954,0.919129894165,0.295481562237382,27.4364406779661,31.1440677966102,0.635593220338983,22.8813559322034,0.741525423728814,0,5.61440677966102,11.5466101694915,19,8,1,NA,"Southern Michigan/Northern Indiana Drift Plains",NA,NA,NA,NA,NA,NA,22.12658565,53.50555556,"1","Closed"
"96","September","SUP",20170912,9,12,"2017",255,0.0071,0,0.0066,0.033,0.322,9.757575758,146311.9531,10.63756787,185797.0469,0,0,0,0,0,0,0,0,0,0,0,0,0,0,0,0,0,0,NA,NA,0,0,0,0,0,0,0,150.645,0,0,0,383.925,0,0,0,534.57,632.7,1,NA,NA,NA,NA,NA,NA,NA,2017-09-12,0.0066,"September",2017-09-07,2017-09-09,2017-09-05,46.421102,-84.598673,NA,NA,NA,"Absent",NA,NA,NA,NA,NA,NA,NA,NA,NA,NA,NA,NA,NA,NA,NA,NA,NA,NA,NA,NA,NA,NA,21.68959444,1723.100833,NA,NA
"97","September","WIX",20170907,9,7,"2017",250,0.0078,0.075,0.043,0.029,0.617,21.27586207,50591.78223,2.739759888,99.86422729,0,0,0,0,0,0,0,0.00916,0,0,0,0,0,0,0,0.009157,0,0,NA,NA,0,0,0,0,0,0,0,259.275,0,0,0,67.695,0,0,0,326.97,501.675,1,16.48,8.6,9.01,1.61,1.4,0.32,0.02,2017-09-07,0.118,"September",2017-09-02,2017-09-04,2017-08-31,43.87968,-84.31687,3,12,"Open","Present",2.0664203391819,1174.45150001001,0.00175947694661234,1.95472900480102,6.18214939578006,0.0860974979369012,37.7128648443804,5.04509730430064,6.91032147775219,13.7239910345578,28.3847494404909,5147,1938,207,24,"Northern Lakes and Forests",3.42608695652174,12.3,2.41212121212121,12.275,2.09473684210526,11.3928571428571,21.77845556,194.9784722,"3","Open"
"98","September","WTL",20170906,9,6,"2017",249,0.0073,0,0.0275,0.045,0.319,7.088888889,67700.02441,0.444569916,38.05423737,0,0,0,0,0,0,0,0.01512,0,0,0,0.04298,0,0,0,0.058094,0,0,NA,NA,0,0,0,0,0,0,0,33.015,0,0,0,65.475,0,0,0,98.49,104.25,1,20.01,8.11,10.74,330,4.97,3.29,0.07,2017-09-06,0.0275,"September",2017-09-01,2017-09-03,2017-08-30,44.87898,-84.32854,4,8,"Open","Present",5.27847972534345,29.063475356567,0.181619013575772,31.2714199314562,15.1233116054029,0.0537598279685505,40.5046703850548,1.9924736240844,8.22525367918823,0.799677441032189,2.02943350581278,253,141,32,13,"Northern Lakes and Forests",8.95,10.725,5.96666666666667,9.46666666666667,5.96666666666667,9.46666666666667,20.17261111,632.6815278,"4","Open"
"99","October","BEA",20171004,10,4,"2017",277,0,0.058,0.0435,0.052,0.306,5.884615385,78076.35742,NA,3.406664848,0,0,0,0,0,0,0,0.002446,0,0,0,0,0,0,0,0.002446,0,0,NA,NA,0,0,0,0,0,0,0,0,0,0,0,38.49,0,0,0,38.49,NA,NA,19.54,8.51,7.94,149,0.77,0.115,0.03,2017-10-04,0.1015,"October",2017-09-29,2017-10-01,2017-09-27,44.73095,-84.94995,1,16,"Closed","Present",1.29089536176236,3.014285396667,0.428259169881441,43.5332252836305,8.29821717990276,0,40.6482982171799,2.17179902755267,3.53322528363047,0,1.81523500810373,24,2,0,NA,"Northern Lakes and Forests",3.9,9.925,3.9,9.925,3.9,9.925,19.77137281,163.5364035,"1","Closed"
"100","October","BEL",20171006,10,6,"2017",279,0.0137,1.839,0.1196,0.085,1.211,14.24705882,1639772.813,NA,25510.41211,0,0,0,0,1.50629,0.457569,0,0.869372,0.057913,0.031735,0.032,0.051189,0.01075,0,0,3.016818,4.833,1,NA,NA,0,0,0,90.57,0,67.29,0,106.74,30.705,0,0,45.51,0,0,0,310.11,NA,NA,21.68,8.55,7.79,1458,14.6,0.59,0.18,2017-10-06,1.9586,"October",2017-10-01,2017-10-03,2017-09-29,42.21442,-83.50166,3,9,"Open","Absent",1.8058932980475,46.397636409058,0.0389220968526523,10.7933036089846,70.995625473206,0.0757129637419029,7.98982081265248,0.0420627576343905,0.811811222343737,4.16421300580466,5.1274501556322,1248,863,658,560,"Huron/Erie Lake Plains",2.35714285714286,NA,1.5,NA,1.5,NA,20.89665165,4.162162162,"3","Open"
"101","October","BOG",20171008,10,8,"2017",281,0.035,0.066,0.079,0.051,0.653,12.80392157,382103.0469,NA,65.08322906,0,0,0,0,0,0,0,0,0.020137,0,0,0.009727,0,0,0,0.029864,0.197,1,NA,NA,0,0,0,0,0,0,0,0,0,0,0,46.365,0,0,0,46.365,NA,NA,20.2,8.48,6.51,666,6.24,0.24,0.02,2017-10-08,0.145,"October",2017-10-03,2017-10-05,2017-10-01,42.61582,-83.50474,1,12,"Closed","Present",0.300444340688008,2.299314681763,0.130666908305757,12.6061120543294,44.2275042444822,1.69779286926995,29.2020373514431,0.0424448217317487,1.40067911714771,0,10.8234295415959,63,30,6,1,"Southern Michigan/Northern Indiana Drift Plains",9.4,NA,9.4,NA,3.13333333333333,NA,19.80017647,33.85882353,"1","Closed"
"102","October","BRI",20171007,10,7,"2017",280,0.0102,0.092,0.0638,0.13,2.034,15.64615385,950000,NA,13417.58105,0,0,0,0,0.847978,0.08485,0,0.186224,0.181973,0,0.013145,0,0,0,0,1.31417,3.125,1,NA,NA,0,0,0,215.88,0,58.11,0,63.57,55.65,0,0,9.84,0,0,0,347.4,NA,NA,20.21,8.64,7.24,701,79.3,1.31,1.22,2017-10-07,0.1558,"October",2017-10-02,2017-10-04,2017-09-30,42.52092,-83.79456,3,7,"Open","Present",0.638164380391381,45.296999996582,0.0140884469267178,5.48387791586792,51.8189846425571,0.336011372692614,19.3271156869925,0.056001895448769,1.08557520408383,8.33351282658798,13.5589204557693,1438,616,228,149,"Southern Michigan/Northern Indiana Drift Plains",8.25,15.55,5.5,16.2,4.71428571428571,14.9142857142857,20.06787149,89.90361446,"3","Open"
"103","October","CAD",20171006,10,6,"2017",279,0.0096,0.048,0,0.095,0.575,6.052631579,772443.2813,NA,7150.82959,0,0,0,0,1.19336,0.194644,0.022224,0.276623,0.021779,0.022603,0.021812,0.058581,0,0,0,1.811626,3.9225,1,NA,NA,0,0,0,467.01,0,145.29,17.715,1206,48.825,26.025,0,1316.7,0,0,0,3178.74,NA,NA,17.16,7.65,8.08,107,5.95,1.08,0.5,2017-10-06,0.048,"October",2017-10-01,2017-10-03,2017-09-29,44.24239,-85.40419,3,8,"Open","Present",4.55048601228075,161.496492746582,0.0281769958894482,13.8266255241349,13.8266255241349,0.126150139451902,34.9343235166699,3.27206380463686,5.84923276845758,10.855326458243,17.3096522642709,1149,456,223,86,"Northern Lakes and Forests",3.625,11.0375,2.41666666666667,10.2833333333333,2.41666666666667,10.2833333333333,19.69495197,840.6689956,"3","Open"
"104","October","COL",20171006,10,6,"2017",279,0,0.101,0,0.091,0.723,7.945054945,298029.375,NA,2.093993187,0,0,0,0,0,0,0,0.014624,0,0,0,0,0,0,0,0.014624,0,0,NA,NA,0,0,0,0,0,0,0,54.615,0,0,0,437.625,0,0,0,492.24,NA,NA,18.39,8.51,8.45,273,3.83,0.9,0.03,2017-10-06,0.101,"October",2017-10-01,2017-10-03,2017-09-29,43.66486,-84.95386,3,28,"Open","Present",1.15051423974358,145.687999999878,0.00789711053583373,2.21494181255402,7.48028594590611,0.0803971619801821,35.8142557567718,1.87392385048808,6.81901928861911,30.008240709103,15.7089354745777,885,193,20,6,"Northern Lakes and Forests",2.38333333333333,14.3,1.58888888888889,12.1166666666667,1.58888888888889,12.1166666666667,20.43815351,221.5587719,"3","Open"
"105","October","DEE",20171004,10,4,"2017",277,0.0131,0.081,0,0.078,0.506,6.487179487,114861.9043,NA,77.95715332,0,0,0,0,0,0,0,0.047512,0,0,0,0.129899,0,0,0,0.177411,0.7205,1,NA,NA,0,0,0,0,0,0,0,152.205,0,0,0,193.44,0,0,0,345.645,NA,NA,17.47,8.66,8.13,194,1.47,0.29,0.04,2017-10-04,0.081,"October",2017-09-29,2017-10-01,2017-09-27,45.16184,-84.98026,1,7,"Closed","Present",1.84730167555512,8.953421035583,0.206323557019547,22.312969617772,11.9677665251007,0.250462811717304,36.8724817597735,0.566263748230426,4.35587498638789,12.7300446477186,10.9441359032996,81,24,2,0,"North Central Hardwood Forests",4.775,22.525,4.775,22.525,4.775,22.525,20.0346886,673.2188596,"1","Closed"
"106","October","ERI",20171005,10,5,"2017",278,0.0143,0.065,0.035,0.077,0.508,6.597402597,279001.0938,NA,85.78243256,0,0,0,0,0,0,0,0,0,0,0,0,0,0,0,0,0.216,1,NA,NA,0,0,0,0,0,0,0,16.17,0,0,0,28.515,0,0,0,44.685,NA,NA,19.94,8.31,5.75,460,0.96,1.03,0.15,2017-10-05,0.1,"October",2017-09-30,2017-10-02,2017-09-28,42.0724,-83.191579,NA,NA,NA,"Present",NA,NA,NA,NA,NA,NA,NA,NA,NA,NA,NA,NA,NA,NA,NA,NA,NA,NA,NA,NA,NA,NA,20.51418824,524.0661176,NA,NA
"107","October","FOR",20171004,10,4,"2017",277,0.0153,0.767,0.1473,0.081,0.612,7.555555556,384694.8438,NA,858.6687012,0,0,0,0,0.128784,0.06621,0,0.132945,0.009803,0,0,0,0,0,0,0.337742,0.978,1,NA,NA,0,0,0,72.555,0,44.535,0,69.51,0,0,7.425,19.56,0,0,0,213.585,NA,NA,21.15,8.4,7.09,1431,7.72,0.77,0.1,2017-10-04,0.9143,"October",2017-09-29,2017-10-01,2017-09-27,42.20675,-83.97195,3,9,"Open","Present",3.85036687650628,50.737437928101,0.0758880825232555,10.0415672388577,49.5785543838042,0.186667693018243,14.6293587868524,0.115464552382419,0.946809329535833,20.4372257716881,4.06435224386113,776,770,656,354,"Huron/Erie Lake Plains",0.0416666666666667,15.275,0.0416666666666667,15.275,0.0416666666666667,15.275,20.93551515,6.527272727,"3","Open"
"108","October","FOR",20171004,10,4,"2017",277,0.0153,0.767,0.1473,0.081,0.612,7.555555556,384694.8438,NA,858.6687012,0,0,0,0,0.128784,0.06621,0,0.132945,0.009803,0,0,0,0,0,0,0.337742,0.978,1,NA,NA,0,0,0,72.555,0,44.535,0,69.51,0,0,7.425,19.56,0,0,0,213.585,NA,NA,21.15,8.4,7.09,1431,7.72,0.77,0.1,2017-10-04,0.9143,"October",2017-09-29,2017-10-01,2017-09-27,42.20675,-83.97195,3,9,"Open","Present",3.85036687650628,50.737437928101,0.0758880825232555,10.0415672388577,49.5785543838042,0.186667693018243,14.6293587868524,0.115464552382419,0.946809329535833,20.4372257716881,4.06435224386113,776,770,656,354,"Huron/Erie Lake Plains",0.0416666666666667,15.275,0.0416666666666667,15.275,0.0416666666666667,15.275,20.93551515,6.527272727,"3","Open"
"109","October","HOU",20171008,10,8,"2017",281,0.0117,0.051,0.0345,0.092,0.671,7.293478261,315025.6445,NA,26.78956604,0,0,0,0,0,0,0,0.016232,0,0,0,0.066967,0,0,0,0.083199,0.3455,1,NA,NA,0,0,0,0,0,0,0,0,0,0,0,91.05,0,0,0,91.05,NA,NA,18.89,8.28,7.89,188,8.17,0.86,0.28,2017-10-08,0.0855,"October",2017-10-03,2017-10-05,2017-10-01,44.37367,-84.80032,3,6,"Open","Absent",66.9879522185823,576.154400002319,0.116267362044467,22.755231511205,9.27721885021099,0.136198008866423,35.346940711516,4.10677652854314,4.70543792572465,0.589513769720337,23.0826826942134,3662,1360,340,135,"Northern Lakes and Forests",2.85,11.8,5.45,11.4666666666667,4.0875,10.9625,18.72086842,581.6320175,"3","Open"
"110","October","HUD",20171004,10,4,"2017",277,0.0122,0.085,0,0.101,1.469,14.54455446,1140000,NA,34.18959808,0,0,0,0,0.033383,0,0,0.013604,0,0,0,0,0,0,0,0.046987,1.205,1,NA,NA,0,0,0,45.6,0,79.86,0,78.93,82.47,0,0,16.335,0,0,0,220.725,NA,NA,19.88,7.94,6.57,609,16.4,0.72,0.24,2017-10-04,0.085,"October",2017-09-29,2017-10-01,2017-09-27,41.83611,-84.24632,3,8,"Open","Present",2.07744103703331,27.774400000488,0.0747969726437585,6.62242354015239,4.29439235928228,0.495101653850205,17.7148074019453,1.61873661294287,0.832192141578005,56.8348607746058,11.5874855156431,88,26,2,1,"Eastern Corn Belt Plains",0.75,NA,0.75,NA,0.75,NA,20.29668744,68.13084112,"3","Open"
"111","October","INT",20171008,10,8,"2017",281,0.0031,0.105,0.1005,0.048,0.344,7.166666667,200573.1055,NA,31.84708786,0,0,0,0,0,0,0,0.022,0,0,0,0.023015,0,0,0,0.045015,0.2455,1,NA,NA,0,0,0,0,0,0,0,117.9,0,0,0,440.595,0,0,0,558.495,NA,NA,18.98,8.65,8.48,264,3.03,0.43,0.06,2017-10-08,0.2055,"October",2017-10-03,2017-10-05,2017-10-01,45.02323,-85.2361,3,6,"Open","Absent",5.98479706973595,67.040182634216,0.0892717894637928,9.84799953409819,7.68883582784928,0.112107623318386,51.9815386407315,0.930347679226603,5.78300623143673,18.1890978976181,5.46706656572128,363,131,25,4,"North Central Hardwood Forests",4.06,16.15,5.925,18.775,4.74,19.8,20.0460307,1987.836842,"3","Open"
"112","October","LGL",20171005,10,5,"2017",278,0.007,0.092,0,0.075,0.31,4.133333333,128556.416,NA,534.3721924,0,0,0,0,0,0,0,0.103337,0,0,0,0.114633,0,0,0,0.21797,0.747,1,NA,NA,0,0,0,0,0,0,0,1101.405,47.115,0,0,681.78,0,0,0,1783.185,NA,NA,17.04,8.71,9.69,184,5.84,0.09,0.01,2017-10-05,0.092,"October",2017-09-30,2017-10-02,2017-09-28,44.86364,-85.99722,3,38,"Open","Present",19.6513155253704,108.089690589294,0.181805641391269,24.0403201040519,4.84401250067742,2.68349079610528,52.807233050924,0.903228137362935,8.90131329371173,3.38529905883628,2.43510305833047,395,123,19,3,"North Central Hardwood Forests",NA,NA,NA,NA,NA,NA,19.51689474,621.9969298,"3","Open"
"113","October","LIM",20171005,10,5,"2017",278,0.0115,0.087,0,0.11,1.23,11.18181818,1317245.313,NA,0,0,0,0,0,0,0,0,0,0,0,0,0,0,0,0,0,0.1595,1,NA,NA,0,0,0,0,0,0,0,0,0,0,0,0,0,0,0,0,NA,NA,20.54,8.68,7.6,587,27.4,1.58,0.2,2017-10-05,0.087,"October",2017-09-30,2017-10-02,2017-09-28,41.78902,-84.37453,3,21,"Open","Present",0.28970139145348,1.477200000366,0.19611521214575,11.4417989417989,10.1190476190476,0,5.29100529100529,0.198412698412698,0.793650793650794,63.7566137566138,8.3994708994709,9,5,NA,NA,"Eastern Corn Belt Plains",0.625,11.375,0.5,9.54,0.5,9.54,20.50427149,34.95283019,"3","Open"
"114","October","LRO",20171008,10,8,"2017",281,0.0021,0.099,0.0405,0.067,1.158,17.28358209,413673.3203,NA,117.6296997,0,0,0,0,0,0,0,0,0,0,0,0.008838,0,0,0,0.008838,0.207,1,NA,NA,0,0,0,0,0,0,0,0,0,0,0,19.815,0,0,0,19.815,NA,NA,20.87,8.65,7.5,704,2.41,0.53,0.04,2017-10-08,0.1395,"October",2017-10-03,2017-10-05,2017-10-01,41.90823,-84.35094,1,NA,"Closed","Present",0.11903201687361,1.420892209167,0.0837727282236228,8.44200411805079,7.34385724090597,0.480439258750858,12.079615648593,0,0,60.398078242965,11.2560054907344,7,3,NA,NA,"Eastern Corn Belt Plains",2.725,NA,1.98333333333333,NA,1.4875,NA,20.86468107,56.33333333,"1","Closed"
"115","October","MAN",20171008,10,8,"2017",281,0.0214,0.074,0.0132,0.149,1.085,7.281879195,193033.3789,NA,464.438385,0,0,0,0,0,0,0,0,0,0,0,0.307515,0,0,0,0.307515,1.1565,1,NA,NA,0,0,0,0,0,0,0,24.735,0,0,0,391.8,0,0,0,416.535,NA,NA,18.68,8.45,9.86,291,12.1,0.9,0.37,2017-10-08,0.0872,"October",2017-10-03,2017-10-05,2017-10-01,42.9232,-84.19924,3,NA,"Open","Present",0.305469537508335,9.930299997803,0.0307613604398576,7.00236034618411,7.90715971675846,0,14.7128245476003,0.0491738788355625,0.422895357985838,62.1557828481511,7.74980330448466,58,21,1,0,"Southern Michigan/Northern Indiana Drift Plains",6.5,NA,5.2,NA,3.71428571428571,NA,20.37910965,27.94868421,"3","Open"
"116","October","MAR",20171006,10,6,"2017",279,0.0135,0.105,0,0.089,0.429,4.820224719,169553.5742,NA,279.4348145,0,0,0,0,0,0,0,0.025065,0,0,0,0.091588,0,0,0,0.116653,0.3985,1,NA,NA,0,0,0,0,0,0,0,163.785,0,0,0,243.72,0,0,0,407.505,NA,NA,19.58,8.69,7.52,211,2.08,0.3,0,2017-10-06,0.105,"October",2017-10-01,2017-10-03,2017-09-29,44.66172,-84.79524,4,19,"Open","Present",7.7256025398854,43.161499999146,0.178992911275981,18.2459791435745,11.8374917999412,1.14913927658516,41.0251770081661,5.53758454543398,7.9648019544416,0.665053045897709,13.5747732259597,372,86,49,18,"Northern Lakes and Forests",NA,NA,NA,NA,NA,NA,19.04899123,394.2065789,"4","Open"
"117","October","NEP",20171004,10,4,"2017",277,0.0096,0.159,0.0418,0.026,0.37,14.23076923,290873.6523,NA,1162.879028,0,0,0,0,0,0,0,0.045972,0,0,0,0.088889,0,0,0,0.134861,0.517,1,NA,NA,0,0,0,0,0,0,0,38.19,0,0,0,168.315,0,0,0,206.505,NA,NA,18.86,9.67,7.81,418,2.1,0.532,0.05,2017-10-04,0.2008,"October",2017-09-29,2017-10-01,2017-09-27,43.01302,-83.3649,1,6,"Closed","Present",1.71153867615746,12.052020969727,0.142012586972476,14.7161253745849,20.1182473475338,0.0404956669636349,20.1182473475338,0.0728922005345428,1.19057260873087,28.5251478091844,15.218271644934,184,47,10,1,"Southern Michigan/Northern Indiana Drift Plains",0,13.6,0,13.6,0,13.6,20.36440706,124.6098824,"1","Closed"
"118","October","ORE",20171005,10,5,"2017",278,0.0078,0.535,0.1398,0.061,1.158,18.98360656,59620.65918,NA,4.313046932,0,0,0,0,0.005954,0,0,0.039494,0.027037,0,0,0,0,0,0,0.072485,0.408,1,NA,NA,0,0,0,0,0,0,0,57.705,25.125,0,0,253.53,0,0,0,311.235,NA,NA,19.85,8.32,6.26,675,74.9,0.56,0.18,2017-10-05,0.6748,"October",2017-09-30,2017-10-02,2017-09-28,42.47948,-83.80124,3,25,"Open","Present",0.90322628446161,10.267400001709,0.0879703025411759,7.44721323949021,69.9258132014457,0.36142286475176,6.57218946167016,0.0570667681186989,0.15217804831653,2.78676050979646,12.6973559064105,408,221,74,18,"Southern Michigan/Northern Indiana Drift Plains",0.3125,11.275,0.25,9.8,0.25,9.8,20.21880081,64.63414634,"3","Open"
"119","October","PAR",20171008,10,8,"2017",281,0.0118,0.163,0.0281,0.057,0.556,9.754385965,294480.957,NA,3452.275635,0,0,0,0,0,0,0,0.074216,0,0,0,0.279777,0,0,0,0.353993,1.6495,1,NA,NA,0,0,0,0,0,0,0,299.22,0,0,0,968.34,0,0,0,1267.56,NA,NA,18.36,9.89,10,230.3,0.75,0.135,0.312,2017-10-08,0.1911,"October",2017-10-03,2017-10-05,2017-10-01,45.69658,-84.74617,3,6,"Open","Present",7.68896661863025,77.59889999707,0.0990860259477978,9.88210425657737,6.55661386313021,0.169860462775394,21.1482567283617,1.14498534167118,6.44589000591366,10.8056418838154,43.8466474577551,351,130,35,1,"Northern Lakes and Forests",7.12,12.225,5.1,13.05,3.70909090909091,12.0125,19.03456368,549.3195755,"3","Open"
"120","October","PLA",20171008,10,8,"2017",281,0.0071,0,0,0.101,0.282,2.792079208,95069.86328,NA,15.93634605,0,0,0,0,0,0,0,0.019332,0,0,0,0.012555,0,0,0,0.031887,0.244,1,NA,NA,0,0,0,0,0,0,0,221.55,0,0,0,212.085,0,0,0,433.635,NA,NA,18.12,8.82,9.92,220,5.05,0.29,0.02,2017-10-08,0,"October",2017-10-03,2017-10-05,2017-10-01,44.69286,-86.07597,3,27,"Open","Present",10.0818401361383,468.898485661072,0.0215011147283286,7.54683990649712,6.71734528416175,0.262690643259029,54.9013036699673,2.19248854631328,12.6643117484331,9.7060237753766,6.0089964259918,2281,818,143,21,"North Central Hardwood Forests",4.10769230769231,15.33,4.37142857142857,16.25625,3.16551724137931,15.8181818181818,19.25248908,344.3982533,"3","Open"
"121","October","PON",20171005,10,5,"2017",278,0.015,0,0.0608,0.148,1.224,8.27027027,500473.9063,NA,1227.120605,0,0,0,0,0.47405,0.134726,0,0.257351,0.015204,0,0.011888,0.10399,0,0,0,0.997209,3.632,1,NA,NA,0,0,0,42.33,0,0,0,33.84,0,0,0,18.75,0,0,0,94.92,NA,NA,20.37,8.16,5.98,359,70.8,1.05,0.21,2017-10-05,0.0608,"October",2017-09-30,2017-10-02,2017-09-28,42.66647,-83.44554,3,9,"Open","Present",2.31460822981577,54.511600008301,0.0424608382337577,7.06229860365199,20.1772287862513,0.393841747225206,36.6004296455424,0.302542069459363,4.49874686716792,10.0751879699248,20.8897243107769,854,190,46,20,"Southern Michigan/Northern Indiana Drift Plains",0.295,15,0.248,13.34,0.248,13.34,19.62087855,65.06976744,"3","Open"
"122","October","POS",20171007,10,7,"2017",280,0.0033,0,0.0548,0.189,0.94,4.973544974,527376.0156,NA,9.811262131,0,0,0,0,0,0,0,0,0,0,0,0,0,0,0,0,0.199,1,NA,NA,0,0,0,0,0,0,0,0,0,0,0,12.66,0,0,0,12.66,NA,NA,20.71,8.33,6.92,698,16,0.54,0.05,2017-10-07,0.0548,"October",2017-10-02,2017-10-04,2017-09-30,41.89637,-84.30748,3,14,"Open","Absent",0.524415419024873,20.727500001343,0.0253004664812879,3.23840903742057,5.57778300776653,0.0235349493998588,16.2767710049423,0.367145210637797,0.527182866556837,60.0564838785597,13.9326900447164,79,33,2,0,"Eastern Corn Belt Plains",NA,NA,NA,NA,NA,NA,21.01682613,174.037037,"3","Open"
"123","October","ROU",20171008,10,8,"2017",281,0.0026,0,0.0737,0.239,2.491,10.42259414,110251.7188,NA,0,0,0,0,0,0,0,0,0,0,0,0,0,0,0,0,0,0,0,NA,NA,0,0,NA,NA,NA,NA,NA,NA,NA,NA,NA,NA,NA,NA,NA,NA,NA,NA,20.31,7.84,7.05,765,40.7,0,0.06,2017-10-08,0.0737,"October",2017-10-03,2017-10-05,2017-10-01,42.06897,-84.13289,4,NA,"Open","Present",0.252108217560799,1.697487833374,0.148518423875651,9.164265129683,9.164265129683,1.67146974063401,50.5475504322767,0,0.288184438040346,0.864553314121038,28.299711815562,11,3,1,0,"Southern Michigan/Northern Indiana Drift Plains",19.8,15.125,13.2,14.7,9.9,13.1125,NA,NA,"4","Open"
"124","October","SAN",20171008,10,8,"2017",281,0.0071,0,0.0578,0.099,0.526,5.313131313,306162.1484,NA,45.81920242,0,0,0,0,0,0,0,0.01336,0,0,0,0,0,0,0,0.01336,0.221,1,NA,NA,0,0,0,6.03,0,0,0,87.795,0,0,0,13.485,0,0,0,107.31,NA,NA,20.37,8.2,5.88,312,8.13,1.02,0.04,2017-10-08,0.0578,"October",2017-10-03,2017-10-05,2017-10-01,43.6978,-84.38123,3,6,"Open","Absent",4.97245517174063,87.861048395752,0.0565945349222699,6.79477462214098,8.3463373311338,0.293147264701948,31.2809309376254,2.62494984172277,4.04275714476793,15.1243925275313,31.4927103303759,491,212,35,7,"Huron/Erie Lake Plains",5.4625,15.975,3.64166666666667,16.1166666666667,2.73125,14.0375,20.03423246,13.07763158,"3","Open"
"125","October","SIL",20171004,10,4,"2017",277,0,0,0,0.059,0.421,7.13559322,176825.957,NA,370.4343262,0,0,0,0,0,0,0,0.036465,0,0,0,0.211618,0,0,0,0.248083,1.009,1,NA,NA,0,0,0,0,0,0,0,25.545,0,0,0,59.085,0,0,0,84.63,NA,NA,18.97,8.52,8.58,221,1.44,0.13,0,2017-10-04,0,"October",2017-09-29,2017-10-01,2017-09-27,44.68697,-85.67697,1,27,"Closed","Present",2.31015775992183,22.271241593506,0.103728287900906,11.904970632068,27.8600859121592,0.999386341719996,10.5110896817743,0.626808100289296,8.7095643026212,36.9159288156395,2.47216621372841,332,200,73,16,"North Central Hardwood Forests",3.175,NA,3.175,NA,3.175,NA,20.00287719,1109.347807,"1","Closed"
"126","October","STC",20171005,10,5,"2017",278,0,0,0.0334,0.106,0.308,2.905660377,232720.625,NA,234.2010193,0,0,0,0,0,0,0,0.025676,0,0,0,0.029248,0,0,0,0.054924,0.269,1,NA,NA,0,0,0,20.73,0,0,0,366.78,15.33,0,0,933.915,0,0,0,1321.425,NA,NA,19.15,8.91,9.4,232,0.5,1.09,0.16,2017-10-05,0.0334,"October",2017-09-30,2017-10-02,2017-09-28,42.565421,-82.783125,NA,NA,NA,"Present",NA,NA,NA,NA,NA,NA,NA,NA,NA,NA,NA,NA,NA,NA,NA,NA,NA,NA,NA,NA,NA,NA,20.50287294,56.04941176,NA,NA
"127","October","STO",20171004,10,4,"2017",277,0.2232,2.827,0.1611,0.04,1.008,25.2,5782.676392,NA,0,0,0,0,0,0,0,0,0,0,0,0,0,0,0,0,0,0,0,NA,NA,0,0,0,0,0,0,0,18.885,0,0,0,91.11,0,0,0,109.995,NA,NA,20,9.94,8.57,526,0.8,4.32,0.16,2017-10-04,2.9881,"October",2017-09-29,2017-10-01,2017-09-27,42.718047,-83.085909,3,7,"Open","Absent",1.91859244269785,176.101799995605,0.0108947917780837,5.46529540190396,18.4317267518535,1.69450201145922,34.2917779526337,0.211120100185076,2.49077388538561,21.4311837132756,15.9836201833032,2477,595,179,47,"Southern Michigan/Northern Indiana Drift Plains",0,NA,0,NA,0,NA,17.9866816,969.6207547,"3","Open"
"128","October","SUG",20171005,10,5,"2017",278,0.0082,0,0.1928,0.12,2.911,24.25833333,NA,NA,NA,NA,NA,0,0,0,0,0,0.021698,0,0,0,0.034596,0,0,0,0.056294,0.3835,1,NA,NA,0,0,0,0,0,0,0,32.535,0,0,0,95.37,0,0,0,127.905,NA,NA,20.74,8.41,6.53,605,14.7,0.16,0.03,2017-10-05,0.1928,"October",2017-09-30,2017-10-02,2017-09-28,42.61488,-83.49445,1,13,"Closed","Absent",0.271585937026954,0.919129894165,0.295481562237382,27.4364406779661,31.1440677966102,0.635593220338983,22.8813559322034,0.741525423728814,0,5.61440677966102,11.5466101694915,19,8,1,NA,"Southern Michigan/Northern Indiana Drift Plains",NA,NA,NA,NA,NA,NA,20.26660784,39.54117647,"1","Closed"
"129","October","SUP",20171007,10,7,"2017",280,0.0014,0,0.2285,0.102,0.211,2.068627451,96422.54883,NA,0,0,0,0,0,0,0,0,0,0,0,0,0,0,0,0,0,0,0,NA,NA,0,0,0,0,0,0,0,0,0,0,0,0,0,0,0,0,NA,NA,16.6,9.22,7.62,96,0.1,0.342,0.269,2017-10-07,0.2285,"October",2017-10-02,2017-10-04,2017-09-30,46.421102,-84.598673,NA,NA,NA,"Absent",NA,NA,NA,NA,NA,NA,NA,NA,NA,NA,NA,NA,NA,NA,NA,NA,NA,NA,NA,NA,NA,NA,20.22682824,832.1435294,NA,NA
"130","October","WIX",20171008,10,8,"2017",281,0.0081,0,1.2595,0.114,0.557,4.885964912,284163.4766,NA,0,0,0,0,0,0,0,0,0.013285,0,0,0,0,0,0,0,0.013285,0.2065,1,NA,NA,0,0,0,0,0,0,0,14.94,0,0,0,13.65,0,0,0,28.59,NA,NA,20.24,8.23,6.46,282,10.6,1.33,0.07,2017-10-08,1.2595,"October",2017-10-03,2017-10-05,2017-10-01,43.87968,-84.31687,3,12,"Open","Present",2.0664203391819,1174.45150001001,0.00175947694661234,1.95472900480102,6.18214939578006,0.0860974979369012,37.7128648443804,5.04509730430064,6.91032147775219,13.7239910345578,28.3847494404909,5147,1938,207,24,"Northern Lakes and Forests",3.38636363636364,12.625,3.24375,13.7916666666667,2.6025,11.875,19.96357018,23.32192982,"3","Open"
"131","October","WTL",20171004,10,4,"2017",277,0.0096,0,0,0.085,0.192,2.258823529,85808.80859,NA,11.67059994,0,0,0,0,0,0,0,0.008671,0,0,0,0,0,0,0,0.008671,0.188,1,NA,NA,0,0,0,0,0,0,0,32.52,0,0,0,25.98,0,0,0,58.5,NA,NA,16.32,8.82,8.41,163,1.56,0.27,0.02,2017-10-04,0,"October",2017-09-29,2017-10-01,2017-09-27,44.87898,-84.32854,4,8,"Open","Present",5.27847972534345,29.063475356567,0.181619013575772,31.2714199314562,15.1233116054029,0.0537598279685505,40.5046703850548,1.9924736240844,8.22525367918823,0.799677441032189,2.02943350581278,253,141,32,13,"Northern Lakes and Forests",6.025,11.55,6.025,11.55,6.025,11.55,19.18184211,315.4135965,"4","Open"
"132","October","CUL",20171004,10,4,"2017",277,1.422,0.22,0,0.083,1.78,21.44578313,2043930.781,NA,NA,NA,NA,NA,0.0951,0,2.999,0.23532,6.359,0.432,0.449,0.435,0.453,0.0314,0,0,11.45882,32.12,1,NA,NA,NA,NA,NA,NA,NA,NA,NA,NA,NA,NA,NA,NA,NA,NA,NA,NA,NA,NA,20.6,10.51,10.31,469.1,150,12.5,18.5,2017-10-04,0.22,"October",2017-09-29,2017-10-01,2017-09-27,41.704275,-83.475676,NA,NA,NA,NA,NA,NA,NA,NA,NA,NA,NA,NA,NA,NA,NA,NA,NA,NA,NA,NA,NA,NA,NA,NA,NA,NA,NA,NA,NA,NA
